row_id,split,fold,domain,metal,doi,observed,prediction,absolute_error
MLDB-000001,LOMO,Ru,mono,Ru,10.1002/adhm.202403563,-2.6,-0.6942126976192218,1.9057873023807783
MLDB-000002,LOMO,Ru,mono,Ru,10.1002/adhm.202403563,2.3,1.2178630449273984,1.0821369550726014
MLDB-000003,LOMO,Ru,mono,Ru,10.1002/adhm.202403563,3.0,1.3878745949708218,1.6121254050291782
MLDB-000009,LOMO,Ru,mono,Ru,10.1002/ange.202505689,-0.96,-1.8160858670182058,0.8560858670182059
MLDB-000010,LOMO,Ru,mono,Ru,10.1002/ange.202505689,0.65,0.5844088085390795,0.06559119146092052
MLDB-000011,LOMO,Ru,mono,Ru,10.1002/ange.202505689,0.75,-0.25931442551487277,1.0093144255148727
MLDB-000012,LOMO,Ru,mono,Ru,10.1002/ange.202505689,-0.94,0.6296001191503648,1.5696001191503648
MLDB-000013,LOMO,Ru,mono,Ru,10.1002/ange.202505689,0.85,1.8716215275138115,1.0216215275138114
MLDB-000014,LOMO,Ru,mono,Ru,10.1002/ange.202505689,1.2,1.548120936380037,0.34812093638003705
MLDB-000015,LOMO,Ru,mono,Ru,10.1002/anie.202006089,-2.06,0.21290389448830904,2.272903894488309
MLDB-000016,LOMO,Ru,mono,Ru,10.1002/anie.202006089,-2.15,0.5489722658232394,2.6989722658232393
MLDB-000017,LOMO,Ru,mono,Ru,10.1002/anie.202006089,-0.96,0.747842892985403,1.7078428929854028
MLDB-000018,LOMO,Ru,mono,Ru,10.1002/anie.202006089,-0.62,0.6766549497955427,1.2966549497955429
MLDB-000019,LOMO,Ru,mono,Ru,10.1002/anie.202006089,-0.22,0.6400730035132,0.8600730035131999
MLDB-000020,LOMO,Ru,mono,Ru,10.1002/anie.202006089,0.43,1.3210559908709307,0.8910559908709308
MLDB-000021,LOMO,Ru,mono,Ru,10.1002/anie.202006089,0.92,0.9356893073531706,0.015689307353170534
MLDB-000035,LOMO,Ru,mono,Ru,10.1002/aoc.5896,0.6,0.918172603219096,0.318172603219096
MLDB-000036,LOMO,Ru,mono,Ru,10.1002/aoc.5896,0.5,0.8579589040913981,0.3579589040913981
MLDB-000037,LOMO,Ru,mono,Ru,10.1002/aoc.5896,-2.3,-0.5809585312512136,1.7190414687487863
MLDB-000038,LOMO,Ru,mono,Ru,10.1002/aoc.5896,0.9,-0.14126985318267588,1.0412698531826758
MLDB-000039,LOMO,Ru,mono,Ru,10.1002/aoc.5896,0.9,1.2777624543016515,0.37776245430165145
MLDB-000040,LOMO,Ru,mono,Ru,10.1002/aoc.5896,0.6,1.3219162777178908,0.7219162777178908
MLDB-000041,LOMO,Ru,mono,Ru,10.1002/aoc.5896,-2.4,-0.6212102868345094,1.7787897131654904
MLDB-000042,LOMO,Ru,mono,Ru,10.1002/aoc.5896,0.3,-0.2836298409276799,0.5836298409276799
MLDB-000043,LOMO,Ru,mono,Ru,10.1002/aoc.5896,1.6,1.444309403877871,0.1556905961221291
MLDB-000044,LOMO,Ru,mono,Ru,10.1002/aoc.5896,0.2,1.0946762081000954,0.8946762081000954
MLDB-000045,LOMO,Ru,mono,Ru,10.1002/aoc.5896,-2.4,-0.6255311177356956,1.7744688822643044
MLDB-000046,LOMO,Ru,mono,Ru,10.1002/aoc.5896,0.6,-0.11081823174989722,0.7108182317498972
MLDB-000047,LOMO,Ru,mono,Ru,10.1002/asia.201501048,1.31,0.7174340140125156,0.5925659859874844
MLDB-000051,LOMO,Ru,mono,Ru,10.1002/asia.202100917,-1.5,-0.2310365522384719,1.2689634477615281
MLDB-000052,LOMO,Ru,mono,Ru,10.1002/asia.202100917,-1.0,0.2651298182492885,1.2651298182492885
MLDB-000053,LOMO,Ru,mono,Ru,10.1002/asia.202100917,-0.35,0.4872370479855562,0.8372370479855562
MLDB-000054,LOMO,Ru,mono,Ru,10.1002/asia.202100917,-0.8,-0.04690722754386256,0.7530927724561375
MLDB-000055,LOMO,Ru,mono,Ru,10.1002/asia.202100917,1.11,0.4733163349292307,0.6366836650707695
MLDB-000056,LOMO,Ru,mono,Ru,10.1002/asia.202100917,1.0,0.7279752721367291,0.2720247278632709
MLDB-000057,LOMO,Ru,mono,Ru,10.1002/asia.202100917,1.25,1.1871748569382194,0.06282514306178055
MLDB-000058,LOMO,Ru,mono,Ru,10.1002/asia.202100917,1.64,1.0229988026732317,0.6170011973267682
MLDB-000059,LOMO,Ru,mono,Ru,10.1002/asia.202100917,1.15,1.0930464586261672,0.05695354137383268
MLDB-000060,LOMO,Ru,mono,Ru,10.1002/asia.202300047,-0.85,-1.3935988796119534,0.5435988796119534
MLDB-000061,LOMO,Ru,mono,Ru,10.1002/asia.202300047,-0.17,-0.41809244441453036,0.24809244441453035
MLDB-000062,LOMO,Ru,mono,Ru,10.1002/cbic.201000782,-2.08,-0.250332491515949,1.829667508484051
MLDB-000063,LOMO,Ru,mono,Ru,10.1002/cbic.201000782,-1.24,0.0827713146079017,1.3227713146079016
MLDB-000068,LOMO,Ru,mono,Ru,10.1002/cbic.202000289,1.87,0.2204710903820322,1.649528909617968
MLDB-000069,LOMO,Ru,mono,Ru,10.1002/cbic.202000289,2.27,0.6747459824313646,1.5952540175686354
MLDB-000070,LOMO,Ru,mono,Ru,10.1002/cbic.202000289,3.29,1.029519865868439,2.2604801341315612
MLDB-000071,LOMO,Ru,mono,Ru,10.1002/cbic.202000289,3.34,1.0007825099931735,2.3392174900068263
MLDB-000072,LOMO,Ru,mono,Ru,10.1002/cbic.202000289,3.56,1.1228011518368914,2.4371988481631086
MLDB-000076,LOMO,Ru,mono,Ru,10.1002/cbic.202400734,0.3,0.917517259674473,0.6175172596744729
MLDB-000077,LOMO,Ru,mono,Ru,10.1002/cbic.202400734,0.85,0.8105555173639003,0.039444482636099676
MLDB-000078,LOMO,Ru,mono,Ru,10.1002/cbic.202400734,0.55,1.2283111260545614,0.6783111260545613
MLDB-000079,LOMO,Ru,mono,Ru,10.1002/cbic.202400734,0.7,0.7789004126910664,0.0789004126910664
MLDB-000080,LOMO,Ru,mono,Ru,10.1002/cbic.202400734,1.2,1.2479114205509274,0.04791142055092745
MLDB-000081,LOMO,Ru,mono,Ru,10.1002/cbic.202400734,0.6,1.1963388472857048,0.5963388472857049
MLDB-000087,LOMO,Ru,mono,Ru,10.1002/chem.201402796,-0.27,-0.4333052832473483,0.16330528324734828
MLDB-000088,LOMO,Ru,mono,Ru,10.1002/chem.201402796,-0.42,-0.5171012312655705,0.09710123126557052
MLDB-000089,LOMO,Ru,mono,Ru,10.1002/chem.201402796,-0.74,-0.6505503605218129,0.08944963947818707
MLDB-000090,LOMO,Ru,mono,Ru,10.1002/chem.201402796,-0.45,-0.5550416021044076,0.10504160210440755
MLDB-000091,LOMO,Ru,mono,Ru,10.1002/chem.201402796,-0.62,-0.6425245929132416,0.022524592913241603
MLDB-000092,LOMO,Ru,mono,Ru,10.1002/chem.201402796,-0.36,-0.581248487950706,0.22124848795070606
MLDB-000093,LOMO,Ru,mono,Ru,10.1002/chem.201500561,-3.85,-0.5926088318805337,3.2573911681194665
MLDB-000096,LOMO,Ru,mono,Ru,10.1002/chem.201502154,1.55,0.8113786685541676,0.7386213314458324
MLDB-000097,LOMO,Ru,mono,Ru,10.1002/chem.201502154,0.95,0.8165421166552729,0.13345788334472708
MLDB-000098,LOMO,Ru,mono,Ru,10.1002/chem.201502154,-1.0,0.11132048675678971,1.1113204867567896
MLDB-000099,LOMO,Ru,mono,Ru,10.1002/chem.201502154,-1.4,0.41913052283237584,1.8191305228323758
MLDB-000100,LOMO,Ru,mono,Ru,10.1002/chem.201502154,0.9,0.6417295395721362,0.25827046042786383
MLDB-000101,LOMO,Ru,mono,Ru,10.1002/chem.201502154,0.6,0.9472772658135131,0.34727726581351315
MLDB-000120,LOMO,Ru,mono,Ru,10.1002/chem.201701392,-0.52,-0.5803275180138372,0.06032751801383718
MLDB-000121,LOMO,Ru,mono,Ru,10.1002/chem.201701392,-0.2,-0.5963342817006155,0.3963342817006155
MLDB-000132,LOMO,Ru,mono,Ru,10.1002/chem.202002970,0.92,0.08709738092541094,0.8329026190745891
MLDB-000133,LOMO,Ru,mono,Ru,10.1002/chem.202002970,0.61,0.18954071009038473,0.42045928990961523
MLDB-000134,LOMO,Ru,mono,Ru,10.1002/chem.202003486,0.7,0.8120849003067181,0.11208490030671814
MLDB-000135,LOMO,Ru,mono,Ru,10.1002/chem.202003486,0.6,0.8862660561579786,0.2862660561579786
MLDB-000136,LOMO,Ru,mono,Ru,10.1002/chem.202003486,1.8,1.768448014634747,0.031551985365253055
MLDB-000137,LOMO,Ru,mono,Ru,10.1002/chem.202003486,1.5,2.0497529102932996,0.5497529102932996
MLDB-000141,LOMO,Ru,mono,Ru,10.1002/chem.202202694,1.45,1.1984986944162193,0.2515013055837807
MLDB-000142,LOMO,Ru,mono,Ru,10.1002/chem.202202694,1.47,1.2074309946247987,0.2625690053752012
MLDB-000143,LOMO,Ru,mono,Ru,10.1002/chem.202202694,1.63,1.1488765629814137,0.4811234370185862
MLDB-000149,LOMO,Ru,mono,Ru,10.1002/cmdc.201700240,2.3,1.196858375481818,1.1031416245181818
MLDB-000150,LOMO,Ru,mono,Ru,10.1002/cmdc.201700240,1.9,1.1119808444134263,0.7880191555865736
MLDB-000151,LOMO,Ru,multi,Ru,10.1002/cmdc.201700240,1.7,0.6258122126229163,1.0741877873770838
MLDB-000152,LOMO,Ru,mono,Ru,10.1002/cmdc.201700240,1.6,-0.76059978099108,2.3605997809910804
MLDB-000153,LOMO,Ru,mono,Ru,10.1002/cmdc.201700240,1.5,0.3544737154143532,1.1455262845856469
MLDB-000154,LOMO,Ru,multi,Ru,10.1002/cmdc.201700240,1.0,-0.04059066542316565,1.0405906654231656
MLDB-000155,LOMO,Ru,mono,Ru,10.1002/cmdc.201700240,-0.2,-0.859571663773222,0.6595716637732221
MLDB-000156,LOMO,Ru,mono,Ru,10.1002/cmdc.201700240,-0.2,-0.49394912422102655,0.29394912422102654
MLDB-000157,LOMO,Ru,mono,Ru,10.1002/cmdc.201700240,-0.4,-0.19681745792960628,0.20318254207039374
MLDB-000158,LOMO,Ru,multi,Ru,10.1002/cmdc.201700240,-0.6,0.10848765425884405,0.7084876542588441
MLDB-000159,LOMO,Ru,mono,Ru,10.1002/cmdc.201700240,-1.1,-1.7482991084541746,0.6482991084541745
MLDB-000160,LOMO,Ru,multi,Ru,10.1002/cmdc.201700240,-1.9,-0.10608390036769036,1.7939160996323096
MLDB-000161,LOMO,Ru,mono,Ru,10.1002/cmdc.201700240,1.6,1.3267522304047608,0.27324776959523933
MLDB-000162,LOMO,Ru,mono,Ru,10.1002/cmdc.201700240,1.4,1.228931794180681,0.17106820581931892
MLDB-000163,LOMO,Ru,multi,Ru,10.1002/cmdc.201700240,0.5,0.7193948717141936,0.21939487171419358
MLDB-000164,LOMO,Ru,mono,Ru,10.1002/cmdc.201700240,-0.9,-0.6024153731592692,0.29758462684073084
MLDB-000165,LOMO,Ru,mono,Ru,10.1002/cmdc.201700240,-0.6,0.5848441838123629,1.184844183812363
MLDB-000166,LOMO,Ru,multi,Ru,10.1002/cmdc.201700240,-1.4,0.16061198414614525,1.5606119841461452
MLDB-000167,LOMO,Ru,mono,Ru,10.1002/cmdc.201700240,-1.3,-0.6144389388346265,0.6855610611653735
MLDB-000168,LOMO,Ru,mono,Ru,10.1002/cmdc.201700240,-0.9,-0.25408572630903203,0.645914273690968
MLDB-000169,LOMO,Ru,mono,Ru,10.1002/cmdc.201700240,-1.4,0.04831526700898977,1.4483152670089896
MLDB-000170,LOMO,Ru,multi,Ru,10.1002/cmdc.201700240,-1.0,0.299630398898661,1.299630398898661
MLDB-000171,LOMO,Ru,mono,Ru,10.1002/cmdc.201700240,-1.5,-1.4861557712843534,0.013844228715646612
MLDB-000172,LOMO,Ru,multi,Ru,10.1002/cmdc.201700240,-1.3,0.07978951724552474,1.3797895172455248
MLDB-000173,LOMO,Ru,mono,Ru,10.1002/cptc.202300292,-0.44,0.03412787213063864,0.4741278721306387
MLDB-000174,LOMO,Ru,mono,Ru,10.1002/cptc.202300292,0.51,0.6825916846020732,0.1725916846020732
MLDB-000175,LOMO,Ru,mono,Ru,10.1002/cptc.202300292,-0.5,-0.012244543905540018,0.48775545609445997
MLDB-000176,LOMO,Ru,mono,Ru,10.1002/cptc.202300292,0.46,0.5805457506047758,0.12054575060477574
MLDB-000181,LOMO,Ru,mono,Ru,10.1002/ejic.201500602,-1.13,-0.651878460908696,0.47812153909130395
MLDB-000182,LOMO,Ru,mono,Ru,10.1002/ejic.201500602,-0.85,-0.11566098167828517,0.7343390183217148
MLDB-000183,LOMO,Ru,mono,Ru,10.1002/ejic.201500602,-0.36,-0.31849232483572354,0.04150767516427645
MLDB-000198,LOMO,Ru,mono,Ru,10.1002/ejic.201801339,0.36,0.8418193272034814,0.4818193272034814
MLDB-000199,LOMO,Ru,mono,Ru,10.1002/ejic.201801339,1.41,0.7553378589852929,0.654662141014707
MLDB-000200,LOMO,Ru,mono,Ru,10.1002/ejic.201801339,0.32,0.8744854917978142,0.5544854917978141
MLDB-000201,LOMO,Ru,mono,Ru,10.1002/ejic.202000702,0.56,0.9107656310874733,0.3507656310874733
MLDB-000202,LOMO,Ru,mono,Ru,10.1002/ejic.202100468,-1.1,-0.6602998557887609,0.43970014421123915
MLDB-000203,LOMO,Ru,mono,Ru,10.1002/ejic.202100468,-0.44,-0.5311971317981276,0.09119713179812755
MLDB-000204,LOMO,Ru,mono,Ru,10.1002/ejic.202100468,0.28,0.1791264917136668,0.10087350828633324
MLDB-000205,LOMO,Ru,mono,Ru,10.1002/ejic.202100468,0.75,-0.1167131809574445,0.8667131809574445
MLDB-000206,LOMO,Ru,mono,Ru,10.1002/ejic.202100468,-0.69,-0.19813784484887045,0.4918621551511295
MLDB-000207,LOMO,Ru,mono,Ru,10.1002/ejic.202100468,-0.36,0.06506893233864713,0.4250689323386471
MLDB-000208,LOMO,Ru,mono,Ru,10.1002/ejic.202100468,-0.61,0.024795311863273106,0.6347953118632731
MLDB-000209,LOMO,Ru,mono,Ru,10.1002/ejic.202100468,1.4,0.8045968406485076,0.5954031593514924
MLDB-000210,LOMO,Ru,mono,Ru,10.1002/ejic.202300758,-0.307,-0.16752315628895334,0.13947684371104666
MLDB-000211,LOMO,Ru,mono,Ru,10.1002/ejic.202300758,-0.545,0.12224423340474863,0.6672442334047487
MLDB-000212,LOMO,Ru,mono,Ru,10.1002/ejic.202300758,0.249,-0.6097602689871773,0.8587602689871773
MLDB-000213,LOMO,Ru,mono,Ru,10.1002/elps.201700443,-0.4,-0.457455456841102,0.05745545684110198
MLDB-000214,LOMO,Ru,mono,Ru,10.1002/elps.201700443,-1.36,0.3191375455428753,1.6791375455428754
MLDB-000215,LOMO,Ru,mono,Ru,10.1002/elps.201700443,-1.84,0.154609299294781,1.994609299294781
MLDB-000216,LOMO,Ru,mono,Ru,10.1002/elps.201700443,-1.7,0.049296587919301756,1.7492965879193016
MLDB-000217,LOMO,Ru,mono,Ru,10.1007/s00775-017-1479-7,1.13,0.627685295968745,0.5023147040312549
MLDB-000218,LOMO,Ru,mono,Ru,10.1007/s00775-017-1479-7,-1.14,0.11276545181802496,1.252765451818025
MLDB-000219,LOMO,Ru,mono,Ru,10.1007/s00775-017-1528-2,-1.09,0.47565161839425935,1.5656516183942595
MLDB-000220,LOMO,Ru,mono,Ru,10.1007/s00775-017-1528-2,-0.52,0.28346375028822557,0.8034637502882256
MLDB-000223,LOMO,Ru,mono,Ru,10.1007/s00775-019-01665-2,0.22,0.24544369233857635,0.02544369233857635
MLDB-000226,LOMO,Ru,mono,Ru,10.1007/s00775-019-01743-5,1.41,-0.046319357344797966,1.456319357344798
MLDB-000227,LOMO,Ru,mono,Ru,10.1007/s00775-019-01743-5,1.26,0.16756309968808572,1.0924369003119143
MLDB-000228,LOMO,Ru,mono,Ru,10.1007/s00775-019-01743-5,1.72,0.10403738031117497,1.615962619688825
MLDB-000229,LOMO,Ru,mono,Ru,10.1007/s00775-019-01743-5,1.47,0.08411252023138827,1.3858874797686118
MLDB-000230,LOMO,Ru,mono,Ru,10.1007/s00775-019-01743-5,2.11,0.24879459062394205,1.861205409376058
MLDB-000231,LOMO,Ru,mono,Ru,10.1007/s00775-019-01743-5,1.89,0.469232227698828,1.420767772301172
MLDB-000235,LOMO,Ru,mono,Ru,10.1007/s00775-020-01835-7,-2.95,-0.493518660193729,2.4564813398062713
MLDB-000236,LOMO,Ru,mono,Ru,10.1007/s00775-020-01835-7,-2.08,-0.7931385193822595,1.2868614806177405
MLDB-000237,LOMO,Ru,mono,Ru,10.1007/s00775-020-01835-7,0.42,1.2564421143564521,0.8364421143564522
MLDB-000238,LOMO,Ru,mono,Ru,10.1007/s00775-020-01835-7,-3.1,-0.4232676887174072,2.676732311282593
MLDB-000241,LOMO,Ru,mono,Ru,10.1007/s00775-023-01998-z,1.93,-0.6037537332376255,2.533753733237625
MLDB-000242,LOMO,Ru,mono,Ru,10.1007/s00775-023-01998-z,2.04,-0.14628743911886316,2.186287439118863
MLDB-000243,LOMO,Ru,mono,Ru,10.1007/s10534-017-0008-z,0.14,0.1995905731766531,0.05959057317665309
MLDB-000244,LOMO,Ru,mono,Ru,10.1007/s10534-017-0008-z,0.35,0.8490413148080872,0.4990413148080872
MLDB-000245,LOMO,Ru,mono,Ru,10.1007/s10534-017-0008-z,-0.4,-0.1800883574532965,0.21991164254670353
MLDB-000246,LOMO,Ru,mono,Ru,10.1007/s11243-018-0203-y,-0.42,-0.46648559416889546,0.04648559416889547
MLDB-000247,LOMO,Ru,mono,Ru,10.1007/s11243-018-0203-y,-0.65,-0.0822703760878972,0.5677296239121028
MLDB-000266,LOMO,Ru,mono,Ru,10.1016/j.bioorg.2019.02.010,0.228,-0.2653490668060724,0.4933490668060724
MLDB-000267,LOMO,Ru,mono,Ru,10.1016/j.bioorg.2019.02.010,0.573,0.39525358888219175,0.1777464111178082
MLDB-000268,LOMO,Ru,mono,Ru,10.1016/j.bioorg.2019.02.010,0.437,0.6590538813109597,0.22205388131095966
MLDB-000269,LOMO,Ru,mono,Ru,10.1016/j.bioorg.2019.02.010,0.793,0.6438264357974864,0.1491735642025136
MLDB-000270,LOMO,Ru,mono,Ru,10.1016/j.bioorg.2021.105311,-0.71,0.35219221724733313,1.062192217247333
MLDB-000271,LOMO,Ru,mono,Ru,10.1016/j.bioorg.2021.105311,-0.91,0.43928954398634734,1.3492895439863473
MLDB-000272,LOMO,Ru,mono,Ru,10.1016/j.bioorg.2021.105311,-0.95,0.38757422243566464,1.3375742224356646
MLDB-000273,LOMO,Ru,mono,Ru,10.1016/j.bioorg.2021.105311,-0.88,0.6277834742223788,1.5077834742223788
MLDB-000289,LOMO,Ru,mono,Ru,10.1016/j.cbi.2021.109522,-1.38,0.44604757059172007,1.82604757059172
MLDB-000290,LOMO,Ru,mono,Ru,10.1016/j.cbi.2021.109522,-0.63,0.7327320017197451,1.362732001719745
MLDB-000291,LOMO,Ru,mono,Ru,10.1016/j.cbi.2021.109522,-0.91,0.6509581067225492,1.5609581067225493
MLDB-000292,LOMO,Ru,mono,Ru,10.1016/j.cbi.2021.109522,-0.68,0.6853427604603495,1.3653427604603494
MLDB-000294,LOMO,Ru,mono,Ru,10.1016/j.cbi.2021.109522,0.71,0.6971736903732453,0.012826309626754684
MLDB-000295,LOMO,Ru,mono,Ru,10.1016/j.chphi.2023.100424,1.2,-0.6522282319928121,1.852228231992812
MLDB-000296,LOMO,Ru,mono,Ru,10.1016/j.chphi.2023.100424,1.86,-0.1943322629198647,2.0543322629198646
MLDB-000297,LOMO,Ru,mono,Ru,10.1016/j.dyepig.2016.08.059,0.67,0.8698585606555265,0.19985856065552643
MLDB-000298,LOMO,Ru,mono,Ru,10.1016/j.dyepig.2016.08.059,0.19,0.8262790463444468,0.6362790463444468
MLDB-000303,LOMO,Ru,mono,Ru,10.1016/j.dyepig.2020.108867,0.85,1.3256491599724867,0.4756491599724867
MLDB-000304,LOMO,Ru,mono,Ru,10.1016/j.dyepig.2020.108867,0.75,1.3167226638062672,0.5667226638062672
MLDB-000305,LOMO,Ru,mono,Ru,10.1016/j.dyepig.2020.108867,0.77,1.3469401669548529,0.5769401669548528
MLDB-000308,LOMO,Ru,mono,Ru,10.1016/j.ejmech.2013.12.041,-1.45,-1.0205694719595657,0.42943052804043425
MLDB-000309,LOMO,Ru,mono,Ru,10.1016/j.ejmech.2013.12.041,-1.59,-0.5109631149721785,1.0790368850278216
MLDB-000310,LOMO,Ru,mono,Ru,10.1016/j.ejmech.2013.12.041,-0.74,-0.3668561822052279,0.37314381779477207
MLDB-000311,LOMO,Ru,mono,Ru,10.1016/j.ejmech.2013.12.041,-0.53,0.5753900809383924,1.1053900809383923
MLDB-000312,LOMO,Ru,mono,Ru,10.1016/j.ejmech.2013.12.041,0.2,0.19128551364248947,0.008714486357510542
MLDB-000313,LOMO,Ru,mono,Ru,10.1016/j.ejmech.2013.12.041,0.03,-0.34338863674334635,0.3733886367433463
MLDB-000314,LOMO,Ru,mono,Ru,10.1016/j.ejmech.2013.12.041,-0.75,-0.644719530945182,0.10528046905481803
MLDB-000315,LOMO,Ru,mono,Ru,10.1016/j.ejmech.2013.12.041,-0.09,1.449674412839349,1.5396744128393491
MLDB-000316,LOMO,Ru,mono,Ru,10.1016/j.ejmech.2013.12.041,1.13,0.5378651841126901,0.5921348158873098
MLDB-000334,LOMO,Ru,mono,Ru,10.1016/j.ejmech.2018.12.021,1.3,2.1602702219011203,0.8602702219011202
MLDB-000335,LOMO,Ru,mono,Ru,10.1016/j.ejmech.2018.12.021,1.5,2.4355934595784277,0.9355934595784277
MLDB-000336,LOMO,Ru,mono,Ru,10.1016/j.ejmech.2018.12.021,1.0,2.4722866701887525,1.4722866701887525
MLDB-000346,LOMO,Ru,mono,Ru,10.1016/j.ejmech.2020.112562,1.02,0.8982779405473931,0.12172205945260695
MLDB-000347,LOMO,Ru,mono,Ru,10.1016/j.ejmech.2020.112562,1.12,1.0842782434115321,0.03572175658846799
MLDB-000348,LOMO,Ru,mono,Ru,10.1016/j.ejmech.2020.112562,-1.65,-0.29803329146824853,1.3519667085317515
MLDB-000349,LOMO,Ru,mono,Ru,10.1016/j.ejmech.2020.112562,-1.07,-0.08524325321191731,0.9847567467880828
MLDB-000350,LOMO,Ru,mono,Ru,10.1016/j.ejmech.2020.112605,0.52,-0.09326679298153652,0.6132667929815365
MLDB-000351,LOMO,Ru,mono,Ru,10.1016/j.ejmech.2020.112605,0.51,-0.1697762955940692,0.6797762955940692
MLDB-000352,LOMO,Ru,mono,Ru,10.1016/j.ejmech.2020.112605,0.54,0.02252141999806253,0.5174785800019375
MLDB-000353,LOMO,Ru,mono,Ru,10.1016/j.ejmech.2020.112605,0.83,0.4076949137933611,0.42230508620663887
MLDB-000354,LOMO,Ru,mono,Ru,10.1016/j.ejmech.2020.112605,0.77,-0.1012549590827335,0.8712549590827335
MLDB-000355,LOMO,Ru,mono,Ru,10.1016/j.ejmech.2020.112605,0.92,0.6203956484640849,0.29960435153591514
MLDB-000356,LOMO,Ru,mono,Ru,10.1016/j.ejmech.2022.114312,-0.22,1.2758617392607285,1.4958617392607285
MLDB-000357,LOMO,Ru,mono,Ru,10.1016/j.ejmech.2022.114312,-0.14,0.04151596864401999,0.18151596864402
MLDB-000358,LOMO,Ru,mono,Ru,10.1016/j.ejmech.2022.114312,-0.03,0.6373397998835126,0.6673397998835127
MLDB-000359,LOMO,Ru,mono,Ru,10.1016/j.ejmech.2022.114312,1.4,1.4100755117433414,0.010075511743341536
MLDB-000361,LOMO,Ru,mono,Ru,10.1016/j.ejmech.2022.114772,1.24,0.22343790744442527,1.0165620925555747
MLDB-000362,LOMO,Ru,mono,Ru,10.1016/j.ejmech.2022.114772,0.67,0.20018022965037266,0.4698197703496274
MLDB-000363,LOMO,Ru,mono,Ru,10.1016/j.ejmech.2022.114772,0.93,0.07813743254755759,0.8518625674524425
MLDB-000364,LOMO,Ru,mono,Ru,10.1016/j.ejmech.2022.114772,0.29,0.78799333329195,0.49799333329195
MLDB-000365,LOMO,Ru,mono,Ru,10.1016/j.ejmech.2022.114772,0.78,0.7989895456267071,0.01898954562670707
MLDB-000366,LOMO,Ru,mono,Ru,10.1016/j.ejmech.2022.114772,0.48,0.6970414931262161,0.21704149312621612
MLDB-000367,LOMO,Ru,mono,Ru,10.1016/j.ejmech.2023.115541,0.475,1.1862322344874046,0.7112322344874046
MLDB-000368,LOMO,Ru,mono,Ru,10.1016/j.ejmech.2023.115541,0.328,1.3115079520031911,0.9835079520031911
MLDB-000369,LOMO,Ru,mono,Ru,10.1016/j.ejmech.2023.115985,1.2,-0.6655328491739049,1.865532849173905
MLDB-000370,LOMO,Ru,mono,Ru,10.1016/j.ejmech.2023.115985,1.8,-0.37145498468771027,2.1714549846877103
MLDB-000377,LOMO,Ru,mono,Ru,10.1016/j.ejmech.2025.117470,0.31,0.0818885712349282,0.2281114287650718
MLDB-000378,LOMO,Ru,mono,Ru,10.1016/j.ejmech.2025.117470,-1.1,-0.45615185757411636,0.6438481424258837
MLDB-000379,LOMO,Ru,mono,Ru,10.1016/j.ica.2016.04.011,-0.68,0.7061196846735605,1.3861196846735604
MLDB-000383,LOMO,Ru,mono,Ru,10.1016/j.ica.2016.11.021,0.9,1.2736839485963676,0.37368394859636755
MLDB-000384,LOMO,Ru,mono,Ru,10.1016/j.ica.2017.09.056,-1.1,0.07761554735761067,1.1776155473576106
MLDB-000385,LOMO,Ru,mono,Ru,10.1016/j.ica.2017.09.056,-0.6,-0.10755340969785127,0.4924465903021487
MLDB-000386,LOMO,Ru,mono,Ru,10.1016/j.ica.2022.121241,0.9,0.757129010848292,0.14287098915170804
MLDB-000387,LOMO,Ru,mono,Ru,10.1016/j.ica.2022.121241,0.96,1.096674741044984,0.136674741044984
MLDB-000391,LOMO,Ru,mono,Ru,10.1016/j.jinorgbio.2015.07.016,0.4,-0.0832685966136526,0.4832685966136526
MLDB-000392,LOMO,Ru,mono,Ru,10.1016/j.jinorgbio.2015.07.016,0.5,0.7830679427390118,0.2830679427390118
MLDB-000393,LOMO,Ru,mono,Ru,10.1016/j.jinorgbio.2015.07.016,0.21,-0.4765525207007889,0.6865525207007889
MLDB-000394,LOMO,Ru,mono,Ru,10.1016/j.jinorgbio.2015.07.016,0.1,0.08397415274124874,0.016025847258751266
MLDB-000395,LOMO,Ru,mono,Ru,10.1016/j.jinorgbio.2015.07.016,1.12,0.5079170287903221,0.612082971209678
MLDB-000396,LOMO,Ru,mono,Ru,10.1016/j.jinorgbio.2015.07.016,0.45,0.26808556873516093,0.18191443126483908
MLDB-000397,LOMO,Ru,mono,Ru,10.1016/j.jinorgbio.2015.07.016,1.2,1.1364010524746724,0.06359894752532758
MLDB-000398,LOMO,Ru,mono,Ru,10.1016/j.jinorgbio.2015.07.016,0.35,0.3250955117047478,0.02490448829525216
MLDB-000399,LOMO,Ru,mono,Ru,10.1016/j.jinorgbio.2015.07.016,0.24,0.6339042481285914,0.39390424812859137
MLDB-000400,LOMO,Ru,mono,Ru,10.1016/j.jinorgbio.2015.12.016,-0.47,0.24569738759138554,0.7156973875913855
MLDB-000401,LOMO,Ru,mono,Ru,10.1016/j.jinorgbio.2015.12.016,-0.75,0.3211102095351,1.0711102095351
MLDB-000402,LOMO,Ru,mono,Ru,10.1016/j.jinorgbio.2016.06.023,0.6,0.9284389812465206,0.3284389812465206
MLDB-000403,LOMO,Ru,mono,Ru,10.1016/j.jinorgbio.2016.06.023,0.48,0.6555430883566912,0.1755430883566912
MLDB-000404,LOMO,Ru,mono,Ru,10.1016/j.jinorgbio.2016.10.001,0.27,-0.6270017725253323,0.8970017725253323
MLDB-000405,LOMO,Ru,mono,Ru,10.1016/j.jinorgbio.2016.10.001,0.2,-0.2083601658905688,0.4083601658905688
MLDB-000406,LOMO,Ru,mono,Ru,10.1016/j.jinorgbio.2016.10.001,0.39,0.04851717879212651,0.3414828212078735
MLDB-000417,LOMO,Ru,mono,Ru,10.1016/j.jinorgbio.2019.01.006,-0.43,0.1659283835214204,0.5959283835214204
MLDB-000418,LOMO,Ru,mono,Ru,10.1016/j.jinorgbio.2019.01.006,-0.95,-0.451172615287325,0.49882738471267496
MLDB-000419,LOMO,Ru,mono,Ru,10.1016/j.jinorgbio.2019.01.006,-0.09,0.12133289041298007,0.21133289041298006
MLDB-000420,LOMO,Ru,mono,Ru,10.1016/j.jinorgbio.2019.01.006,-0.06,0.48142196085713185,0.5414219608571318
MLDB-000421,LOMO,Ru,mono,Ru,10.1016/j.jinorgbio.2019.01.006,-0.04,0.29149112252337556,0.33149112252337554
MLDB-000422,LOMO,Ru,mono,Ru,10.1016/j.jinorgbio.2019.01.006,0.51,1.0166140357085958,0.5066140357085958
MLDB-000435,LOMO,Ru,mono,Ru,10.1016/j.jinorgbio.2020.111080,1.95,0.9213397101583877,1.0286602898416124
MLDB-000436,LOMO,Ru,mono,Ru,10.1016/j.jinorgbio.2020.111080,1.18,0.40220264968662595,0.7777973503133739
MLDB-000437,LOMO,Ru,mono,Ru,10.1016/j.jinorgbio.2020.111080,1.0,0.05317957314950033,0.9468204268504997
MLDB-000438,LOMO,Ru,mono,Ru,10.1016/j.jinorgbio.2020.111080,-0.17,0.14993862536887323,0.31993862536887324
MLDB-000439,LOMO,Ru,mono,Ru,10.1016/j.jinorgbio.2020.111080,0.22,0.4143027549007195,0.1943027549007195
MLDB-000440,LOMO,Ru,mono,Ru,10.1016/j.jinorgbio.2020.111080,-0.54,0.4159762230894419,0.955976223089442
MLDB-000441,LOMO,Ru,mono,Ru,10.1016/j.jinorgbio.2020.111080,1.34,1.089272955000425,0.2507270449995751
MLDB-000442,LOMO,Ru,mono,Ru,10.1016/j.jinorgbio.2020.111080,0.83,0.6330468500805961,0.19695314991940382
MLDB-000443,LOMO,Ru,mono,Ru,10.1016/j.jinorgbio.2020.111080,-1.15,-0.7020326747810157,0.4479673252189842
MLDB-000444,LOMO,Ru,mono,Ru,10.1016/j.jinorgbio.2020.111099,0.49,-0.5844276199333056,1.0744276199333056
MLDB-000445,LOMO,Ru,mono,Ru,10.1016/j.jinorgbio.2020.111099,1.2,1.3157025256528432,0.11570252565284322
MLDB-000446,LOMO,Ru,mono,Ru,10.1016/j.jinorgbio.2020.111099,0.3,-0.27847429543558455,0.5784742954355846
MLDB-000447,LOMO,Ru,mono,Ru,10.1016/j.jinorgbio.2020.111099,0.55,-0.7176791828257576,1.2676791828257576
MLDB-000448,LOMO,Ru,mono,Ru,10.1016/j.jinorgbio.2020.111099,1.4,1.4479787846022032,0.047978784602203284
MLDB-000449,LOMO,Ru,mono,Ru,10.1016/j.jinorgbio.2020.111099,0.33,-0.6583913312143329,0.9883913312143329
MLDB-000450,LOMO,Ru,mono,Ru,10.1016/j.jinorgbio.2020.111099,0.48,-0.8286869864315152,1.3086869864315152
MLDB-000451,LOMO,Ru,mono,Ru,10.1016/j.jinorgbio.2020.111099,1.0,1.111166032646964,0.1111660326469639
MLDB-000452,LOMO,Ru,mono,Ru,10.1016/j.jinorgbio.2020.111099,0.5,-0.853823526127977,1.353823526127977
MLDB-000453,LOMO,Ru,mono,Ru,10.1016/j.jinorgbio.2020.111099,1.1,1.2747969861755226,0.17479698617552253
MLDB-000454,LOMO,Ru,mono,Ru,10.1016/j.jinorgbio.2020.111099,0.52,-0.22626253796759976,0.7462625379675998
MLDB-000455,LOMO,Ru,mono,Ru,10.1016/j.jinorgbio.2020.111099,0.63,0.8937772493673466,0.2637772493673466
MLDB-000456,LOMO,Ru,mono,Ru,10.1016/j.jinorgbio.2020.111099,0.59,-0.03783071613383732,0.6278307161338372
MLDB-000457,LOMO,Ru,mono,Ru,10.1016/j.jinorgbio.2020.111099,0.56,-0.17653543715042283,0.7365354371504229
MLDB-000458,LOMO,Ru,mono,Ru,10.1016/j.jinorgbio.2020.111099,0.5,-0.5696304933625777,1.0696304933625775
MLDB-000459,LOMO,Ru,mono,Ru,10.1016/j.jinorgbio.2020.111099,0.65,0.8088274164644642,0.1588274164644642
MLDB-000460,LOMO,Ru,mono,Ru,10.1016/j.jinorgbio.2020.111099,0.6,0.47734195215579006,0.12265804784420992
MLDB-000461,LOMO,Ru,mono,Ru,10.1016/j.jinorgbio.2020.111099,0.54,-1.1710317844820246,1.7110317844820246
MLDB-000462,LOMO,Ru,mono,Ru,10.1016/j.jinorgbio.2020.111099,0.62,0.7792902564501185,0.15929025645011852
MLDB-000463,LOMO,Ru,mono,Ru,10.1016/j.jinorgbio.2020.111099,0.56,-0.7937983679951836,1.3537983679951835
MLDB-000464,LOMO,Ru,mono,Ru,10.1016/j.jinorgbio.2020.111099,0.27,0.7894048770337252,0.5194048770337252
MLDB-000465,LOMO,Ru,mono,Ru,10.1016/j.jinorgbio.2020.111132,-0.17,0.6485864019686378,0.8185864019686379
MLDB-000466,LOMO,Ru,mono,Ru,10.1016/j.jinorgbio.2020.111132,-1.32,-0.6884759280363222,0.6315240719636779
MLDB-000474,LOMO,Ru,mono,Ru,10.1016/j.jinorgbio.2021.111380,1.74,0.7410867509532415,0.9989132490467585
MLDB-000475,LOMO,Ru,mono,Ru,10.1016/j.jinorgbio.2021.111380,1.23,0.7882057120660285,0.44179428793397146
MLDB-000476,LOMO,Ru,mono,Ru,10.1016/j.jinorgbio.2021.111380,1.53,0.6551399992845843,0.8748600007154157
MLDB-000483,LOMO,Ru,mono,Ru,10.1016/j.jinorgbio.2021.111497,0.72,1.4132581414050818,0.6932581414050818
MLDB-000484,LOMO,Ru,mono,Ru,10.1016/j.jinorgbio.2021.111497,0.45,0.6393175101955014,0.18931751019550142
MLDB-000492,LOMO,Ru,mono,Ru,10.1016/j.jinorgbio.2021.111625,0.6,0.05514208021432539,0.5448579197856745
MLDB-000493,LOMO,Ru,mono,Ru,10.1016/j.jinorgbio.2021.111625,0.4,0.2291201330760861,0.1708798669239139
MLDB-000494,LOMO,Ru,mono,Ru,10.1016/j.jinorgbio.2022.111729,-2.95,-0.38110357217557106,2.5688964278244293
MLDB-000495,LOMO,Ru,mono,Ru,10.1016/j.jinorgbio.2022.111729,-2.53,-0.08491414341097181,2.445085856589028
MLDB-000496,LOMO,Ru,mono,Ru,10.1016/j.jinorgbio.2022.111729,2.56,1.6001593755269685,0.9598406244730315
MLDB-000497,LOMO,Ru,mono,Ru,10.1016/j.jinorgbio.2022.111803,-1.87,-0.17110705364568726,1.6988929463543128
MLDB-000498,LOMO,Ru,mono,Ru,10.1016/j.jinorgbio.2022.111803,-1.25,-0.21691842348419804,1.033081576515802
MLDB-000504,LOMO,Ru,mono,Ru,10.1016/j.jinorgbio.2022.112005,0.31,0.8819000010679395,0.5719000010679396
MLDB-000505,LOMO,Ru,mono,Ru,10.1016/j.jinorgbio.2022.112005,0.61,1.583147035097587,0.9731470350975869
MLDB-000506,LOMO,Ru,mono,Ru,10.1016/j.jinorgbio.2022.112058,-1.73,0.3111915518396638,2.0411915518396637
MLDB-000507,LOMO,Ru,mono,Ru,10.1016/j.jinorgbio.2022.112058,1.48,0.42456697027776,1.05543302972224
MLDB-000508,LOMO,Ru,mono,Ru,10.1016/j.jinorgbio.2022.112058,-0.41,0.26333601447303717,0.6733360144730371
MLDB-000509,LOMO,Ru,mono,Ru,10.1016/j.jinorgbio.2022.112058,-0.52,0.3588153466171699,0.87881534661717
MLDB-000510,LOMO,Ru,mono,Ru,10.1016/j.jinorgbio.2022.112058,-1.5,0.24971159206784205,1.749711592067842
MLDB-000511,LOMO,Ru,mono,Ru,10.1016/j.jinorgbio.2022.112058,0.42,0.36901532794803227,0.05098467205196772
MLDB-000512,LOMO,Ru,mono,Ru,10.1016/j.jinorgbio.2022.112058,0.98,0.42456697027776,0.55543302972224
MLDB-000513,LOMO,Ru,mono,Ru,10.1016/j.jinorgbio.2022.112058,-1.25,0.21262435559413367,1.4626243555941336
MLDB-000514,LOMO,Ru,mono,Ru,10.1016/j.jinorgbio.2022.112058,1.27,0.2906001684646606,0.9793998315353394
MLDB-000515,LOMO,Ru,mono,Ru,10.1016/j.jinorgbio.2022.112058,1.42,0.2906001684646606,1.1293998315353393
MLDB-000516,LOMO,Ru,mono,Ru,10.1016/j.jinorgbio.2023.112195,1.28,1.786356763204135,0.506356763204135
MLDB-000517,LOMO,Ru,mono,Ru,10.1016/j.jinorgbio.2023.112295,3.1,1.2110920959367053,1.8889079040632948
MLDB-000518,LOMO,Ru,mono,Ru,10.1016/j.jinorgbio.2023.112310,0.57,1.5103046709946546,0.9403046709946546
MLDB-000519,LOMO,Ru,mono,Ru,10.1016/j.jinorgbio.2023.112310,-0.95,0.9412453416997345,1.8912453416997344
MLDB-000520,LOMO,Ru,mono,Ru,10.1016/j.jinorgbio.2023.112329,-0.078,1.1910887110842845,1.2690887110842846
MLDB-000521,LOMO,Ru,mono,Ru,10.1016/j.jinorgbio.2023.112329,0.229,1.258708746292274,1.0297087462922738
MLDB-000522,LOMO,Ru,mono,Ru,10.1016/j.jinorgbio.2023.112329,0.378,1.2477467706118353,0.8697467706118353
MLDB-000523,LOMO,Ru,mono,Ru,10.1016/j.jinorgbio.2023.112365,0.46,2.039766685165712,1.579766685165712
MLDB-000524,LOMO,Ru,mono,Ru,10.1016/j.jinorgbio.2023.112365,0.24,0.7849732471859945,0.5449732471859945
MLDB-000525,LOMO,Ru,mono,Ru,10.1016/j.jinorgbio.2023.112436,0.56,0.6552462707384649,0.09524627073846481
MLDB-000526,LOMO,Ru,mono,Ru,10.1016/j.jinorgbio.2023.112436,0.7,0.8138644366731055,0.11386443667310553
MLDB-000527,LOMO,Ru,mono,Ru,10.1016/j.jinorgbio.2023.112436,1.19,0.8670238694994242,0.3229761305005757
MLDB-000528,LOMO,Ru,mono,Ru,10.1016/j.jinorgbio.2023.112436,1.32,0.9386720525649539,0.38132794743504617
MLDB-000529,LOMO,Ru,mono,Ru,10.1016/j.jinorgbio.2023.112436,0.33,0.34859257389716236,0.018592573897162346
MLDB-000530,LOMO,Ru,mono,Ru,10.1016/j.jinorgbio.2023.112436,0.39,0.26772250527645947,0.12227749472354055
MLDB-000531,LOMO,Ru,mono,Ru,10.1016/j.jinorgbio.2023.112436,0.45,0.5390621474526153,0.08906214745261526
MLDB-000532,LOMO,Ru,mono,Ru,10.1016/j.jinorgbio.2023.112436,0.89,0.3757291336934849,0.5142708663065152
MLDB-000533,LOMO,Ru,mono,Ru,10.1016/j.jinorgbio.2023.112436,1.17,0.4274046133602544,0.7425953866397454
MLDB-000534,LOMO,Ru,mono,Ru,10.1016/j.jinorgbio.2024.112631,1.11,1.2870974573850626,0.17709745738506255
MLDB-000536,LOMO,Ru,mono,Ru,10.1016/j.jinorgbio.2024.112778,0.92,0.5743003868100105,0.34569961318998954
MLDB-000537,LOMO,Ru,mono,Ru,10.1016/j.jinorgbio.2024.112778,0.88,0.9691375843289654,0.08913758432896535
MLDB-000538,LOMO,Ru,mono,Ru,10.1016/j.jinorgbio.2024.112778,1.96,1.3054034757864867,0.6545965242135132
MLDB-000539,LOMO,Ru,mono,Ru,10.1016/j.jinorgbio.2024.112778,1.99,1.3871043182761853,0.6028956817238147
MLDB-000543,LOMO,Ru,mono,Ru,10.1016/j.jinorgbio.2025.112959,2.84,2.4169279313132295,0.4230720686867704
MLDB-000574,LOMO,Ru,mono,Ru,10.1016/j.jorganchem.2010.09.067,-0.33,-0.15107642256462317,0.17892357743537685
MLDB-000575,LOMO,Ru,mono,Ru,10.1016/j.jorganchem.2010.09.067,-0.27,-0.1328944018764896,0.13710559812351042
MLDB-000576,LOMO,Ru,mono,Ru,10.1016/j.jorganchem.2010.09.067,-0.24,-0.07779150996317113,0.16220849003682886
MLDB-000577,LOMO,Ru,mono,Ru,10.1016/j.jorganchem.2010.09.067,0.22,0.004256447411282491,0.21574355258871752
MLDB-000578,LOMO,Ru,mono,Ru,10.1016/j.jorganchem.2010.09.067,0.06,0.02753787197355869,0.03246212802644131
MLDB-000579,LOMO,Ru,mono,Ru,10.1016/j.jorganchem.2010.09.067,-1.6,-0.0543149736019085,1.5456850263980917
MLDB-000580,LOMO,Ru,mono,Ru,10.1016/j.jorganchem.2010.09.067,-0.93,-0.3288608777833845,0.6011391222166156
MLDB-000581,LOMO,Ru,mono,Ru,10.1016/j.jorganchem.2010.09.067,-0.66,-0.4139083735515992,0.24609162644840082
MLDB-000582,LOMO,Ru,mono,Ru,10.1016/j.jorganchem.2012.06.027,1.25,1.0887803202934225,0.16121967970657747
MLDB-000583,LOMO,Ru,mono,Ru,10.1016/j.jorganchem.2012.06.027,1.14,0.9183721780041124,0.2216278219958875
MLDB-000584,LOMO,Ru,mono,Ru,10.1016/j.jorganchem.2012.06.027,0.14,0.785528082626286,0.645528082626286
MLDB-000585,LOMO,Ru,mono,Ru,10.1016/j.jorganchem.2012.06.027,-0.33,0.5030941096657884,0.8330941096657885
MLDB-000586,LOMO,Ru,mono,Ru,10.1016/j.jorganchem.2012.06.027,-0.68,-0.5125948961639333,0.16740510383606677
MLDB-000587,LOMO,Ru,mono,Ru,10.1016/j.jorganchem.2015.10.008,1.14,0.3563041768288371,0.7836958231711628
MLDB-000588,LOMO,Ru,mono,Ru,10.1016/j.jorganchem.2015.10.008,1.15,1.060801541295936,0.08919845870406395
MLDB-000589,LOMO,Ru,mono,Ru,10.1016/j.jorganchem.2015.10.008,1.17,0.8093212609845669,0.360678739015433
MLDB-000604,LOMO,Ru,mono,Ru,10.1016/j.jorganchem.2018.01.022,0.6,0.6903759529937898,0.09037595299378987
MLDB-000605,LOMO,Ru,mono,Ru,10.1016/j.jorganchem.2018.01.022,0.67,0.8592224516341667,0.18922245163416662
MLDB-000606,LOMO,Ru,mono,Ru,10.1016/j.jorganchem.2018.01.022,0.62,0.9291720821279029,0.3091720821279029
MLDB-000607,LOMO,Ru,mono,Ru,10.1016/j.jorganchem.2018.01.022,1.29,0.8563321558342875,0.4336678441657126
MLDB-000608,LOMO,Ru,mono,Ru,10.1016/j.jorganchem.2018.01.022,1.02,1.126838956125198,0.10683895612519789
MLDB-000609,LOMO,Ru,mono,Ru,10.1016/j.jorganchem.2018.01.022,1.2,1.034341339605482,0.16565866039451804
MLDB-000610,LOMO,Ru,mono,Ru,10.1016/j.jorganchem.2018.01.022,1.14,1.177036383952129,0.03703638395212905
MLDB-000611,LOMO,Ru,mono,Ru,10.1016/j.jorganchem.2018.01.022,1.33,0.9063643943373442,0.4236356056626559
MLDB-000624,LOMO,Ru,mono,Ru,10.1016/j.jorganchem.2019.121094,-1.2,-0.0639849378304244,1.1360150621695755
MLDB-000633,LOMO,Ru,mono,Ru,10.1016/j.jphotobiol.2016.10.039,-0.72,1.1794634095300258,1.8994634095300258
MLDB-000634,LOMO,Ru,mono,Ru,10.1016/j.jphotobiol.2016.10.039,-0.84,1.1614273004871718,2.0014273004871717
MLDB-000635,LOMO,Ru,mono,Ru,10.1016/j.jphotobiol.2016.10.039,-0.69,1.3042389393818887,1.9942389393818887
MLDB-000636,LOMO,Ru,mono,Ru,10.1016/j.lfs.2018.12.010,-1.39,-0.41785929599657984,0.97214070400342
MLDB-000637,LOMO,Ru,mono,Ru,10.1016/j.lfs.2018.12.010,-1.15,-0.4082839809067733,0.7417160190932266
MLDB-000638,LOMO,Ru,mono,Ru,10.1016/j.lfs.2018.12.010,-1.0,-0.3063504353223364,0.6936495646776636
MLDB-000639,LOMO,Ru,mono,Ru,10.1016/j.molstruc.2024.138997,-2.81,-1.0272819288174622,1.7827180711825379
MLDB-000640,LOMO,Ru,mono,Ru,10.1016/j.molstruc.2024.138997,0.25,-0.3765588171106071,0.6265588171106071
MLDB-000641,LOMO,Ru,mono,Ru,10.1016/j.molstruc.2024.138997,0.53,-0.0037128339116209563,0.5337128339116209
MLDB-000642,LOMO,Ru,mono,Ru,10.1016/j.molstruc.2024.140748,2.05,-0.5688918802037903,2.6188918802037904
MLDB-000643,LOMO,Ru,multi,Ru,10.1016/j.molstruc.2024.140748,1.12,0.12599286585658123,0.9940071341434189
MLDB-000644,LOMO,Ru,multi,Ru,10.1016/j.molstruc.2024.140748,0.68,0.417463482566033,0.26253651743396705
MLDB-000645,LOMO,Ru,mono,Ru,10.1016/j.msec.2020.111106,0.45,0.8346671872676213,0.38466718726762134
MLDB-000646,LOMO,Ru,mono,Ru,10.1016/j.msec.2020.111106,0.47,0.7988394525769763,0.32883945257697633
MLDB-000647,LOMO,Ru,mono,Ru,10.1016/j.msec.2020.111106,0.54,0.7389974327379824,0.19899743273798232
MLDB-000648,LOMO,Ru,mono,Ru,10.1016/j.msec.2020.111106,0.48,0.5443933139051722,0.06439331390517222
MLDB-000649,LOMO,Ru,mono,Ru,10.1016/j.msec.2020.111106,0.44,0.5741678707040243,0.1341678707040243
MLDB-000650,LOMO,Ru,mono,Ru,10.1016/j.msec.2020.111106,0.74,0.4809778359551083,0.2590221640448917
MLDB-000652,LOMO,Ru,mono,Ru,10.1016/j.poly.2017.07.025,-0.28,0.08950060464974097,0.369500604649741
MLDB-000654,LOMO,Ru,mono,Ru,10.1016/j.poly.2017.07.025,0.01,-0.08020557493253294,0.09020557493253294
MLDB-000655,LOMO,Ru,mono,Ru,10.1016/j.poly.2017.07.025,-1.9,0.27427304000179387,2.1742730400017938
MLDB-000656,LOMO,Ru,mono,Ru,10.1016/j.poly.2017.07.025,-1.8,-0.5348999441305746,1.2651000558694254
MLDB-000657,LOMO,Ru,mono,Ru,10.1016/j.poly.2017.07.025,1.3,1.7281002183522514,0.4281002183522513
MLDB-000658,LOMO,Ru,mono,Ru,10.1016/j.poly.2017.07.025,0.75,1.192839723923616,0.4428397239236159
MLDB-000659,LOMO,Ru,mono,Ru,10.1016/j.poly.2017.11.035,0.8,0.6573868032046277,0.14261319679537232
MLDB-000660,LOMO,Ru,mono,Ru,10.1016/j.poly.2021.115169,0.203,0.7904016078741288,0.5874016078741289
MLDB-000661,LOMO,Ru,mono,Ru,10.1016/j.poly.2021.115169,0.026,0.8426147393714364,0.8166147393714364
MLDB-000662,LOMO,Ru,mono,Ru,10.1016/j.poly.2023.116780,0.79,0.035672498809683206,0.7543275011903168
MLDB-000663,LOMO,Ru,mono,Ru,10.1016/j.poly.2023.116780,1.43,0.3817380790160053,1.0482619209839945
MLDB-000664,LOMO,Ru,mono,Ru,10.1016/j.poly.2023.116780,1.21,0.0029806348726809147,1.207019365127319
MLDB-000670,LOMO,Ru,mono,Ru,10.1021/acs.inorgchem.0c01433,1.45,1.1914791496899764,0.2585208503100236
MLDB-000671,LOMO,Ru,mono,Ru,10.1021/acs.inorgchem.0c01433,1.26,1.0625620828048083,0.19743791719519166
MLDB-000674,LOMO,Ru,mono,Ru,10.1021/acs.inorgchem.0c01835,1.34,0.46871302078204363,0.8712869792179565
MLDB-000675,LOMO,Ru,mono,Ru,10.1021/acs.inorgchem.0c01835,1.14,0.4754634884361414,0.6645365115638585
MLDB-000676,LOMO,Ru,mono,Ru,10.1021/acs.inorgchem.0c01835,0.88,0.5892166641345993,0.2907833358654007
MLDB-000686,LOMO,Ru,mono,Ru,10.1021/acs.inorgchem.0c03820,1.03,1.4386461847911418,0.4086461847911418
MLDB-000687,LOMO,Ru,mono,Ru,10.1021/acs.inorgchem.0c03820,-0.6,1.6118591344378626,2.2118591344378626
MLDB-000695,LOMO,Ru,mono,Ru,10.1021/acs.inorgchem.1c01482,-0.64,1.081349741596166,1.7213497415961658
MLDB-000696,LOMO,Ru,mono,Ru,10.1021/acs.inorgchem.1c01482,-0.37,1.6167527903836214,1.9867527903836213
MLDB-000697,LOMO,Ru,mono,Ru,10.1021/acs.inorgchem.1c01482,-0.28,1.3601384013201014,1.6401384013201015
MLDB-000698,LOMO,Ru,mono,Ru,10.1021/acs.inorgchem.1c01850,1.45,0.7469305110024144,0.7030694889975856
MLDB-000699,LOMO,Ru,mono,Ru,10.1021/acs.inorgchem.1c01850,2.57,0.9455820593232407,1.6244179406767592
MLDB-000700,LOMO,Ru,mono,Ru,10.1021/acs.inorgchem.1c01850,1.34,0.7624264402925683,0.5775735597074317
MLDB-000701,LOMO,Ru,mono,Ru,10.1021/acs.inorgchem.1c01850,1.73,0.7687225971614381,0.9612774028385619
MLDB-000707,LOMO,Ru,mono,Ru,10.1021/acs.inorgchem.1c02929,1.45,0.9809486972032012,0.46905130279679874
MLDB-000708,LOMO,Ru,mono,Ru,10.1021/acs.inorgchem.1c02929,2.2,1.9552979885488808,0.24470201145111936
MLDB-000709,LOMO,Ru,mono,Ru,10.1021/acs.inorgchem.1c02929,3.21,1.8056521817769227,1.4043478182230773
MLDB-000710,LOMO,Ru,mono,Ru,10.1021/acs.inorgchem.2c00714,0.16,-0.007298205655526,0.167298205655526
MLDB-000711,LOMO,Ru,mono,Ru,10.1021/acs.inorgchem.2c00714,-0.19,1.011365954284399,1.2013659542843989
MLDB-000712,LOMO,Ru,multi,Ru,10.1021/acs.inorgchem.2c00714,-0.85,1.3847940023118526,2.2347940023118524
MLDB-000713,LOMO,Ru,mono,Ru,10.1021/acs.inorgchem.2c03279,1.28,1.3458279544503295,0.06582795445032952
MLDB-000714,LOMO,Ru,mono,Ru,10.1021/acs.inorgchem.2c03279,1.02,1.4564445629619271,0.43644456296192713
MLDB-000715,LOMO,Ru,mono,Ru,10.1021/acs.inorgchem.2c03279,0.78,1.1427686917439075,0.36276869174390747
MLDB-000718,LOMO,Ru,mono,Ru,10.1021/acs.inorgchem.3c00183,0.17,1.1001321307658125,0.9301321307658125
MLDB-000719,LOMO,Ru,mono,Ru,10.1021/acs.inorgchem.3c00183,0.61,2.0930113509205808,1.483011350920581
MLDB-000720,LOMO,Ru,mono,Ru,10.1021/acs.inorgchem.3c00183,0.3,1.6157299659908886,1.3157299659908885
MLDB-000721,LOMO,Ru,mono,Ru,10.1021/acs.inorgchem.3c00585,2.34,1.3467478439958365,0.9932521560041634
MLDB-000722,LOMO,Ru,mono,Ru,10.1021/acs.inorgchem.3c00585,1.47,1.4253176055059071,0.044682394494092836
MLDB-000723,LOMO,Ru,mono,Ru,10.1021/acs.inorgchem.3c00585,1.93,1.4059847008519115,0.5240152991480884
MLDB-000724,LOMO,Ru,mono,Ru,10.1021/acs.inorgchem.3c00757,1.15,1.0318255481609606,0.1181744518390393
MLDB-000725,LOMO,Ru,mono,Ru,10.1021/acs.inorgchem.3c00757,1.45,0.8319410110595856,0.6180589889404143
MLDB-000726,LOMO,Ru,mono,Ru,10.1021/acs.inorgchem.3c00757,1.68,0.9196381771449315,0.7603618228550685
MLDB-000727,LOMO,Ru,mono,Ru,10.1021/acs.inorgchem.3c00757,0.89,0.9110130817547369,0.02101308175473693
MLDB-000728,LOMO,Ru,mono,Ru,10.1021/acs.inorgchem.3c00757,1.24,0.9615027925165455,0.2784972074834545
MLDB-000729,LOMO,Ru,mono,Ru,10.1021/acs.inorgchem.3c00757,1.91,0.9332685864155106,0.9767314135844893
MLDB-000730,LOMO,Ru,mono,Ru,10.1021/acs.inorgchem.3c00757,1.35,0.8428693276018555,0.5071306723981446
MLDB-000731,LOMO,Ru,mono,Ru,10.1021/acs.inorgchem.3c00757,1.89,0.6774806451011004,1.2125193548988995
MLDB-000732,LOMO,Ru,mono,Ru,10.1021/acs.inorgchem.3c00757,2.14,0.8176787162419751,1.3223212837580252
MLDB-000733,LOMO,Ru,mono,Ru,10.1021/acs.inorgchem.3c00757,1.24,0.8323418077523937,0.40765819224760624
MLDB-000734,LOMO,Ru,mono,Ru,10.1021/acs.inorgchem.3c00757,1.4,0.8255900532815157,0.5744099467184842
MLDB-000735,LOMO,Ru,mono,Ru,10.1021/acs.inorgchem.3c00757,2.45,0.9258714117190527,1.5241285882809474
MLDB-000736,LOMO,Ru,mono,Ru,10.1021/acs.inorgchem.3c01125,1.21,0.6761369675420542,0.5338630324579458
MLDB-000737,LOMO,Ru,mono,Ru,10.1021/acs.inorgchem.3c01125,1.34,0.7421707794433062,0.5978292205566939
MLDB-000738,LOMO,Ru,mono,Ru,10.1021/acs.inorgchem.3c01125,1.67,0.5699421734663266,1.1000578265336733
MLDB-000739,LOMO,Ru,mono,Ru,10.1021/acs.inorgchem.3c01125,2.09,0.5777527913179845,1.5122472086820153
MLDB-000740,LOMO,Ru,mono,Ru,10.1021/acs.inorgchem.3c01984,-0.03,1.3115345051374019,1.341534505137402
MLDB-000741,LOMO,Ru,mono,Ru,10.1021/acs.inorgchem.3c01984,0.81,1.1915692858627436,0.3815692858627435
MLDB-000742,LOMO,Ru,mono,Ru,10.1021/acs.inorgchem.3c01984,0.82,0.2650076254888045,0.5549923745111954
MLDB-000745,LOMO,Ru,mono,Ru,10.1021/acs.inorgchem.3c01984,2.4,0.2344674294118787,2.1655325705881214
MLDB-000748,LOMO,Ru,mono,Ru,10.1021/acs.inorgchem.3c01984,2.3,0.2616419049879694,2.0383580950120304
MLDB-000749,LOMO,Ru,mono,Ru,10.1021/acs.inorgchem.3c01984,1.5,1.303967915093798,0.19603208490620205
MLDB-000750,LOMO,Ru,mono,Ru,10.1021/acs.inorgchem.3c01984,2.3,1.1840026958191396,1.1159973041808602
MLDB-000751,LOMO,Ru,mono,Ru,10.1021/acs.inorgchem.3c01984,1.1,0.25744103544520053,0.8425589645547995
MLDB-000752,LOMO,Ru,mono,Ru,10.1021/acs.inorgchem.3c01984,-1.6,-1.4861557712843534,0.1138442287156467
MLDB-000753,LOMO,Ru,mono,Ru,10.1021/acs.inorgchem.3c01984,-1.3,-1.7469706010933785,0.4469706010933785
MLDB-000754,LOMO,Ru,mono,Ru,10.1021/acs.inorgchem.3c01984,-1.5,-1.4926639728948372,0.00733602710516279
MLDB-000758,LOMO,Ru,mono,Ru,10.1021/acs.inorgchem.3c03716,-2.8,-0.7298713627395356,2.0701286372604644
MLDB-000759,LOMO,Ru,mono,Ru,10.1021/acs.inorgchem.3c03716,-0.29,-0.6476934286868378,0.3576934286868378
MLDB-000760,LOMO,Ru,mono,Ru,10.1021/acs.inorgchem.3c03716,-2.3,-0.48895619571549026,1.8110438042845096
MLDB-000761,LOMO,Ru,mono,Ru,10.1021/acs.inorgchem.3c03716,-2.5,-0.7298713627395356,1.7701286372604645
MLDB-000762,LOMO,Ru,mono,Ru,10.1021/acs.inorgchem.3c03716,-1.1,-0.6476934286868378,0.4523065713131623
MLDB-000763,LOMO,Ru,mono,Ru,10.1021/acs.inorgchem.3c03716,-2.5,-0.48895619571549026,2.0110438042845096
MLDB-000764,LOMO,Ru,mono,Ru,10.1021/acs.inorgchem.3c03716,-1.8,-0.7298713627395356,1.0701286372604644
MLDB-000765,LOMO,Ru,mono,Ru,10.1021/acs.inorgchem.3c03716,0.62,-0.6476934286868378,1.2676934286868378
MLDB-000766,LOMO,Ru,mono,Ru,10.1021/acs.inorgchem.3c03716,-2.4,-0.48895619571549026,1.9110438042845097
MLDB-000767,LOMO,Ru,mono,Ru,10.1021/acs.inorgchem.4c00650,1.25,0.0386385326987994,1.2113614673012005
MLDB-000768,LOMO,Ru,mono,Ru,10.1021/acs.inorgchem.4c00650,1.47,0.41056188232457086,1.059438117675429
MLDB-000769,LOMO,Ru,mono,Ru,10.1021/acs.inorgchem.4c00650,2.31,1.7147167793497946,0.5952832206502054
MLDB-000770,LOMO,Ru,mono,Ru,10.1021/acs.inorgchem.4c02235,0.26,0.20016619357011736,0.05983380642988265
MLDB-000771,LOMO,Ru,mono,Ru,10.1021/acs.inorgchem.4c02235,0.048,0.049454820729725985,0.0014548207297259835
MLDB-000772,LOMO,Ru,mono,Ru,10.1021/acs.inorgchem.4c02235,0.31,0.21864328690494098,0.09135671309505902
MLDB-000773,LOMO,Ru,mono,Ru,10.1021/acs.inorgchem.4c02235,-0.018,-0.031847353719965825,0.013847353719965826
MLDB-000788,LOMO,Ru,mono,Ru,10.1021/acs.inorgchem.5c00896,1.014,1.9295195173425974,0.9155195173425974
MLDB-000789,LOMO,Ru,mono,Ru,10.1021/acs.inorgchem.5c00896,1.032,1.937333323373813,0.905333323373813
MLDB-000790,LOMO,Ru,mono,Ru,10.1021/acs.inorgchem.5c00896,1.396,1.8913747528425418,0.49537475284254184
MLDB-000791,LOMO,Ru,mono,Ru,10.1021/acs.inorgchem.5c00896,1.51,1.8913747528425418,0.38137475284254174
MLDB-000792,LOMO,Ru,mono,Ru,10.1021/acs.inorgchem.7b01065,0.76,-0.7650527791829658,1.5250527791829658
MLDB-000793,LOMO,Ru,mono,Ru,10.1021/acs.inorgchem.7b01065,1.5,-0.2872979472629126,1.7872979472629127
MLDB-000794,LOMO,Ru,mono,Ru,10.1021/acs.inorgchem.7b01065,1.2,-0.20714616083162055,1.4071461608316205
MLDB-000795,LOMO,Ru,mono,Ru,10.1021/acs.inorgchem.7b01065,1.4,-0.5357172167172577,1.9357172167172576
MLDB-000811,LOMO,Ru,mono,Ru,10.1021/acs.inorgchem.7b01959,1.36,2.03878669736264,0.67878669736264
MLDB-000813,LOMO,Ru,mono,Ru,10.1021/acs.inorgchem.8b00689,1.5,1.0457208339268824,0.4542791660731176
MLDB-000814,LOMO,Ru,mono,Ru,10.1021/acs.inorgchem.8b00689,2.1,1.214733541645909,0.885266458354091
MLDB-000815,LOMO,Ru,mono,Ru,10.1021/acs.inorgchem.8b00689,2.8,1.527932412817917,1.2720675871820828
MLDB-000816,LOMO,Ru,mono,Ru,10.1021/acs.inorgchem.8b00689,3.1,1.6032481861699577,1.4967518138300424
MLDB-000817,LOMO,Ru,mono,Ru,10.1021/acs.inorgchem.8b00882,-0.78,0.6759087787685285,1.4559087787685285
MLDB-000819,LOMO,Ru,mono,Ru,10.1021/acs.inorgchem.8b00882,-0.91,0.5511615717446552,1.4611615717446553
MLDB-000820,LOMO,Ru,mono,Ru,10.1021/acs.inorgchem.8b00882,-0.64,0.5417402812678422,1.1817402812678424
MLDB-000821,LOMO,Ru,mono,Ru,10.1021/acs.inorgchem.8b00882,-0.26,0.40165694190192297,0.6616569419019229
MLDB-000833,LOMO,Ru,mono,Ru,10.1021/acs.inorgchem.8b02161,1.7,1.7795058805214254,0.07950588052142549
MLDB-000834,LOMO,Ru,mono,Ru,10.1021/acs.inorgchem.8b02161,1.8,2.540821803824961,0.740821803824961
MLDB-000835,LOMO,Ru,mono,Ru,10.1021/acs.inorgchem.8b02161,1.1,1.6623776157969428,0.5623776157969427
MLDB-000836,LOMO,Ru,mono,Ru,10.1021/acs.inorgchem.8b02161,1.2,1.6721339781174864,0.4721339781174865
MLDB-000839,LOMO,Ru,mono,Ru,10.1021/acs.inorgchem.9b00282,0.72,1.3325153201465343,0.6125153201465343
MLDB-000848,LOMO,Ru,mono,Ru,10.1021/acs.jmedchem.0c02257,-0.15,0.11602213416332041,0.26602213416332043
MLDB-000849,LOMO,Ru,mono,Ru,10.1021/acs.jmedchem.0c02257,0.08,0.3459673600054116,0.2659673600054116
MLDB-000850,LOMO,Ru,mono,Ru,10.1021/acs.jmedchem.0c02257,0.28,0.0022105823708230316,0.27778941762917697
MLDB-000852,LOMO,Ru,mono,Ru,10.1021/acs.jmedchem.2c00722,1.18,0.15799079994209317,1.0220092000579069
MLDB-000853,LOMO,Ru,mono,Ru,10.1021/acs.jmedchem.2c00722,-0.33,-0.060374615739486714,0.2696253842605133
MLDB-000854,LOMO,Ru,mono,Ru,10.1021/acs.jmedchem.2c00722,-0.15,-0.2926024176575795,0.1426024176575795
MLDB-000855,LOMO,Ru,mono,Ru,10.1021/acs.jmedchem.2c00722,0.58,0.12023304636783357,0.4597669536321664
MLDB-000856,LOMO,Ru,mono,Ru,10.1021/acs.jmedchem.2c00722,-0.05,-0.12789498660306242,0.07789498660306242
MLDB-000857,LOMO,Ru,mono,Ru,10.1021/acs.jmedchem.2c00722,1.11,0.11987379824664872,0.9901262017533514
MLDB-000858,LOMO,Ru,mono,Ru,10.1021/acs.jmedchem.2c00722,-0.02,-0.018158301303715114,0.0018416986962848866
MLDB-000859,LOMO,Ru,mono,Ru,10.1021/acs.jmedchem.2c00722,0.34,0.435824060180817,0.09582406018081696
MLDB-000860,LOMO,Ru,mono,Ru,10.1021/acs.jmedchem.2c00722,-0.2,-0.15018420347897798,0.04981579652102203
MLDB-000861,LOMO,Ru,mono,Ru,10.1021/acs.jmedchem.3c01156,0.82,0.7975928035881312,0.022407196411868724
MLDB-000862,LOMO,Ru,mono,Ru,10.1021/acs.jmedchem.3c01156,1.13,1.4748711971045836,0.3448711971045837
MLDB-000863,LOMO,Ru,mono,Ru,10.1021/acs.jmedchem.3c01156,1.22,1.732654618786261,0.5126546187862611
MLDB-000867,LOMO,Ru,mono,Ru,10.1021/acs.jmedchem.4c01467,0.59,2.5353797187173437,1.9453797187173438
MLDB-000868,LOMO,Ru,mono,Ru,10.1021/acs.jmedchem.4c01467,1.03,1.0151712398964845,0.014828760103515526
MLDB-000869,LOMO,Ru,mono,Ru,10.1021/acs.jmedchem.4c01908,0.91,-0.009916306953136785,0.9199163069531369
MLDB-000870,LOMO,Ru,multi,Ru,10.1021/acs.jmedchem.4c01908,1.63,0.4922042003110829,1.137795799688917
MLDB-000871,LOMO,Ru,multi,Ru,10.1021/acs.jmedchem.4c01908,2.06,0.8451310859699539,1.2148689140300462
MLDB-000872,LOMO,Ru,multi,Ru,10.1021/acs.jmedchem.4c01908,2.01,0.9512428499508667,1.058757150049133
MLDB-000873,LOMO,Ru,multi,Ru,10.1021/acs.jmedchem.4c01908,2.44,0.41270607413511196,2.027293925864888
MLDB-000882,LOMO,Ru,mono,Ru,10.1021/acs.molpharmaceut.4c01046,-2.31,-1.3935988796119534,0.9164011203880467
MLDB-000883,LOMO,Ru,mono,Ru,10.1021/acs.molpharmaceut.4c01046,-0.978,0.5574628848246637,1.5354628848246636
MLDB-000884,LOMO,Ru,mono,Ru,10.1021/acs.molpharmaceut.4c01046,-1.43,1.108451285180395,2.538451285180395
MLDB-000885,LOMO,Ru,mono,Ru,10.1021/acs.molpharmaceut.5b00417,-0.03,1.5332240339577077,1.5632240339577077
MLDB-000886,LOMO,Ru,mono,Ru,10.1021/acs.molpharmaceut.5b00417,0.07,1.64087472391466,1.5708747239146599
MLDB-000887,LOMO,Ru,mono,Ru,10.1021/acs.molpharmaceut.6b00348,-2.32,-0.41692286429134495,1.9030771357086549
MLDB-000888,LOMO,Ru,mono,Ru,10.1021/acs.molpharmaceut.6b00348,-2.01,-0.05054604641942731,1.9594539535805724
MLDB-000889,LOMO,Ru,mono,Ru,10.1021/acs.molpharmaceut.6b00348,-1.58,0.23636415379949036,1.8163641537994903
MLDB-000890,LOMO,Ru,mono,Ru,10.1021/acs.molpharmaceut.6b00348,-1.07,0.004586602372004706,1.0745866023720048
MLDB-000891,LOMO,Ru,mono,Ru,10.1021/acs.organomet.0c00092,1.68,1.2877022246645748,0.3922977753354251
MLDB-000892,LOMO,Ru,mono,Ru,10.1021/acs.organomet.0c00092,1.94,1.0970676759774873,0.8429323240225126
MLDB-000893,LOMO,Ru,mono,Ru,10.1021/acs.organomet.0c00092,1.48,1.0783086896795018,0.4016913103204982
MLDB-000894,LOMO,Ru,mono,Ru,10.1021/acs.organomet.0c00092,1.28,1.3516558244724124,0.07165582447241237
MLDB-000895,LOMO,Ru,mono,Ru,10.1021/acs.organomet.0c00092,1.31,1.251618429860085,0.05838157013991507
MLDB-000896,LOMO,Ru,mono,Ru,10.1021/acs.organomet.0c00092,1.19,1.2220074689522102,0.032007468952210294
MLDB-000903,LOMO,Ru,mono,Ru,10.1021/acs.organomet.1c00572,0.91,1.3519838798643915,0.44198387986439147
MLDB-000904,LOMO,Ru,mono,Ru,10.1021/acs.organomet.2c00604,1.53,0.08467746817910522,1.4453225318208949
MLDB-000905,LOMO,Ru,mono,Ru,10.1021/acs.organomet.2c00604,0.449,-0.03364028801997045,0.48264028801997044
MLDB-000906,LOMO,Ru,mono,Ru,10.1021/acs.organomet.2c00604,0.922,-0.140040055198041,1.0620400551980411
MLDB-000907,LOMO,Ru,mono,Ru,10.1021/acs.organomet.2c00604,0.447,0.18234817752796298,0.264651822472037
MLDB-000908,LOMO,Ru,mono,Ru,10.1021/acs.organomet.2c00604,0.315,0.14492046770276332,0.17007953229723669
MLDB-000909,LOMO,Ru,mono,Ru,10.1021/acs.organomet.2c00604,0.296,-0.0027496072329806455,0.2987496072329806
MLDB-000910,LOMO,Ru,mono,Ru,10.1021/acs.organomet.2c00604,0.652,0.10067457269195415,0.5513254273080459
MLDB-000917,LOMO,Ru,mono,Ru,10.1021/acs.organomet.5b00868,0.46,0.68021692400676,0.22021692400676002
MLDB-000918,LOMO,Ru,mono,Ru,10.1021/acs.organomet.5b00868,0.43,0.6351777470605249,0.20517774706052488
MLDB-000919,LOMO,Ru,mono,Ru,10.1021/acs.organomet.5b00868,0.61,1.163128359841204,0.5531283598412041
MLDB-000920,LOMO,Ru,mono,Ru,10.1021/acs.organomet.5b00868,0.85,1.1409376831511175,0.29093768315111757
MLDB-000921,LOMO,Ru,mono,Ru,10.1021/acs.organomet.5b00868,0.24,1.0247454259516449,0.7847454259516449
MLDB-000923,LOMO,Ru,mono,Ru,10.1021/acsabm.1c00284,-2.52,-1.025066694849969,1.494933305150031
MLDB-000924,LOMO,Ru,mono,Ru,10.1021/acsabm.1c00284,-1.4,-0.3738666161896316,1.0261333838103683
MLDB-000925,LOMO,Ru,mono,Ru,10.1021/acsabm.1c00284,-2.76,-0.39066974967762697,2.3693302503223728
MLDB-000926,LOMO,Ru,mono,Ru,10.1021/acsabm.1c00284,-1.97,-0.048464349261400766,1.9215356507385992
MLDB-000951,LOMO,Ru,mono,Ru,10.1021/ic302196v,1.27,0.7643414001960084,0.5056585998039916
MLDB-000952,LOMO,Ru,mono,Ru,10.1021/ic302196v,1.28,1.2514207845743175,0.028579215425682536
MLDB-000956,LOMO,Ru,mono,Ru,10.1021/ja307288s,-1.81,-1.0016946696982703,0.8083053303017298
MLDB-000957,LOMO,Ru,mono,Ru,10.1021/ja307288s,-1.58,-0.6629240083636972,0.9170759916363028
MLDB-000958,LOMO,Ru,mono,Ru,10.1021/ja307288s,-0.21,0.35011843264734704,0.5601184326473471
MLDB-000959,LOMO,Ru,mono,Ru,10.1021/ja307288s,-0.05,0.5062214100279894,0.5562214100279894
MLDB-000962,LOMO,Ru,mono,Ru,10.1021/jacs.4c15036,-1.05,0.6389211669746315,1.6889211669746316
MLDB-000963,LOMO,Ru,mono,Ru,10.1021/jacs.4c15036,-0.81,0.5510283551509135,1.3610283551509137
MLDB-000964,LOMO,Ru,mono,Ru,10.1021/jacs.4c15036,-0.88,0.5695223075696838,1.449522307569684
MLDB-000965,LOMO,Ru,mono,Ru,10.1021/jacs.4c15036,-1.42,-1.3935988796119534,0.02640112038804654
MLDB-000970,LOMO,Ru,mono,Ru,10.1021/jacs.9b13620,0.2,-0.608479315193139,0.8084793151931391
MLDB-000971,LOMO,Ru,mono,Ru,10.1021/jacs.9b13620,0.3,-0.20668463554062208,0.506684635540622
MLDB-000972,LOMO,Ru,mono,Ru,10.1021/jacs.9b13620,0.4,-0.04533866130329822,0.44533866130329824
MLDB-000973,LOMO,Ru,mono,Ru,10.1021/jacs.9b13620,0.2,-0.486030813088022,0.6860308130880219
MLDB-000974,LOMO,Ru,mono,Ru,10.1021/jacs.9b13620,0.7,-0.1475809594576774,0.8475809594576773
MLDB-000975,LOMO,Ru,mono,Ru,10.1021/jacs.9b13620,1.4,1.5853588747954064,0.18535887479540647
MLDB-000976,LOMO,Ru,mono,Ru,10.1021/jacs.9b13620,1.7,1.6103882586409135,0.08961174135908645
MLDB-000983,LOMO,Ru,mono,Ru,10.1021/jm500455p,-1.78,-0.2778260834163788,1.5021739165836212
MLDB-000984,LOMO,Ru,mono,Ru,10.1021/jm500455p,-1.92,-0.04331384016124849,1.8766861598387514
MLDB-000985,LOMO,Ru,mono,Ru,10.1021/jm500455p,-0.81,0.6516349402634164,1.4616349402634166
MLDB-000986,LOMO,Ru,mono,Ru,10.1021/jm500455p,-0.79,0.3689721725797495,1.1589721725797495
MLDB-000987,LOMO,Ru,mono,Ru,10.1021/jm500455p,-1.03,0.004586602372004706,1.0345866023720047
MLDB-000988,LOMO,Ru,mono,Ru,10.1021/jm500455p,0.57,1.6186888142715181,1.048688814271518
MLDB-000994,LOMO,Ru,mono,Ru,10.1021/om800774t,0.98,0.6921003654990239,0.2878996345009761
MLDB-000995,LOMO,Ru,mono,Ru,10.1021/om800774t,1.79,0.887469010916292,0.902530989083708
MLDB-001004,LOMO,Ru,mono,Ru,10.1038/s41467-020-16993-0,2.6,1.415188953809824,1.1848110461901762
MLDB-001005,LOMO,Ru,mono,Ru,10.1038/s41467-020-16993-0,2.7,1.340143562910217,1.3598564370897832
MLDB-001006,LOMO,Ru,mono,Ru,10.1038/s41467-020-16993-0,2.3,1.2830090284050508,1.016990971594949
MLDB-001007,LOMO,Ru,mono,Ru,10.1038/s41467-020-16993-0,1.7,1.238181087558834,0.461818912441166
MLDB-001008,LOMO,Ru,mono,Ru,10.1038/s41467-020-16993-0,1.4,1.1765821843154685,0.22341781568453145
MLDB-001009,LOMO,Ru,mono,Ru,10.1038/s41467-020-16993-0,0.7,0.48172680995449607,0.21827319004550388
MLDB-001010,LOMO,Ru,mono,Ru,10.1038/s41467-020-16993-0,0.5,0.9483184815796634,0.44831848157966336
MLDB-001011,LOMO,Ru,mono,Ru,10.1038/srep31973,0.403,0.28902750165862007,0.11397249834137996
MLDB-001012,LOMO,Ru,mono,Ru,10.1038/srep31973,0.076,0.2759885175654038,0.1999885175654038
MLDB-001039,LOMO,Ru,mono,Ru,10.1039/c2dt12136k,-0.962,0.24997925343407662,1.2119792534340765
MLDB-001040,LOMO,Ru,mono,Ru,10.1039/c2dt12136k,-1.01,0.24997925343407662,1.2599792534340766
MLDB-001068,LOMO,Ru,mono,Ru,10.1039/c4dt02748e,0.57,1.0115910105227053,0.44159101052270533
MLDB-001069,LOMO,Ru,mono,Ru,10.1039/c4dt02748e,0.63,0.8999548417325374,0.26995484173253737
MLDB-001077,LOMO,Ru,mono,Ru,10.1039/c5dt00169b,0.91,1.057985006413936,0.14798500641393597
MLDB-001078,LOMO,Ru,mono,Ru,10.1039/c5dt00169b,0.88,0.5364389830136063,0.34356101698639374
MLDB-001079,LOMO,Ru,mono,Ru,10.1039/c5dt00169b,1.36,0.8245275166129183,0.5354724833870818
MLDB-001080,LOMO,Ru,mono,Ru,10.1039/c5dt00169b,1.85,0.9759128915297909,0.8740871084702092
MLDB-001081,LOMO,Ru,mono,Ru,10.1039/c5dt00169b,2.62,0.6415784325607804,1.9784215674392196
MLDB-001090,LOMO,Ru,mono,Ru,10.1039/c5dt02081f,-0.7,0.243127008109865,0.9431270081098649
MLDB-001091,LOMO,Ru,mono,Ru,10.1039/c5dt02081f,-1.1,0.030927947189459216,1.1309279471894593
MLDB-001092,LOMO,Ru,mono,Ru,10.1039/c5dt02081f,-1.4,0.1799387341711444,1.5799387341711444
MLDB-001093,LOMO,Ru,mono,Ru,10.1039/c5dt02446c,-1.1,-0.6521517625988138,0.4478482374011863
MLDB-001094,LOMO,Ru,mono,Ru,10.1039/c5dt02446c,-0.35,0.3340611146007479,0.6840611146007478
MLDB-001095,LOMO,Ru,mono,Ru,10.1039/c5dt02446c,0.63,0.8988038006439726,0.2688038006439726
MLDB-001096,LOMO,Ru,mono,Ru,10.1039/c5dt04132e,-1.33,-0.7686236996908001,0.5613763003091999
MLDB-001097,LOMO,Ru,mono,Ru,10.1039/c5dt04132e,-1.45,-0.6266262014333676,0.8233737985666324
MLDB-001111,LOMO,Ru,mono,Ru,10.1039/c6dt01270a,-1.6,-0.8124383773142119,0.7875616226857882
MLDB-001112,LOMO,Ru,mono,Ru,10.1039/c6dt01270a,0.5,0.28316970434293687,0.21683029565706313
MLDB-001113,LOMO,Ru,mono,Ru,10.1039/c6dt01270a,0.9,0.07529124022506299,0.8247087597749371
MLDB-001114,LOMO,Ru,mono,Ru,10.1039/c6dt01270a,1.2,0.12388686754787961,1.0761131324521203
MLDB-001122,LOMO,Ru,mono,Ru,10.1039/c6nj01936f,2.59,0.502117779963382,2.087882220036618
MLDB-001123,LOMO,Ru,mono,Ru,10.1039/c6nj01936f,2.72,0.5230374567571411,2.1969625432428592
MLDB-001124,LOMO,Ru,mono,Ru,10.1039/c6nj01936f,2.48,0.5688117320293327,1.9111882679706673
MLDB-001125,LOMO,Ru,mono,Ru,10.1039/c6nj01936f,2.23,0.9206525927367171,1.309347407263283
MLDB-001126,LOMO,Ru,mono,Ru,10.1039/c6nj01936f,2.35,0.9239641859443819,1.4260358140556182
MLDB-001127,LOMO,Ru,mono,Ru,10.1039/c6nj01936f,1.99,0.9159490988961452,1.0740509011038548
MLDB-001128,LOMO,Ru,mono,Ru,10.1039/c6qi00197a,2.49,1.4071081476160208,1.0828918523839794
MLDB-001129,LOMO,Ru,mono,Ru,10.1039/c6qi00197a,2.55,1.328225730893832,1.221774269106168
MLDB-001130,LOMO,Ru,mono,Ru,10.1039/c6qi00197a,2.36,1.223687853225108,1.1363121467748918
MLDB-001131,LOMO,Ru,mono,Ru,10.1039/c6qi00197a,2.18,1.44379985377684,0.7362001462231602
MLDB-001132,LOMO,Ru,mono,Ru,10.1039/c6qi00197a,2.23,1.5239413371777386,0.7060586628222614
MLDB-001133,LOMO,Ru,mono,Ru,10.1039/c6qi00197a,1.82,1.3832591431368972,0.4367408568631028
MLDB-001134,LOMO,Ru,mono,Ru,10.1039/c6sc00268d,-1.4,-0.06424903621479454,1.3357509637852054
MLDB-001135,LOMO,Ru,mono,Ru,10.1039/c6sc00268d,-0.85,0.3689721725797495,1.2189721725797495
MLDB-001140,LOMO,Ru,mono,Ru,10.1039/c7cc07776a,-2.23,-0.998701125365247,1.2312988746347528
MLDB-001142,LOMO,Ru,mono,Ru,10.1039/c7dt00439g,0.78,0.7434131749242819,0.03658682507571809
MLDB-001143,LOMO,Ru,mono,Ru,10.1039/c7dt00439g,-0.59,-0.21674308702753733,0.37325691297246266
MLDB-001144,LOMO,Ru,mono,Ru,10.1039/c7dt00439g,0.54,0.8012332405013532,0.2612332405013532
MLDB-001145,LOMO,Ru,mono,Ru,10.1039/c7dt00439g,-0.78,-0.06280055309780164,0.7171994469021984
MLDB-001146,LOMO,Ru,mono,Ru,10.1039/c7dt00439g,0.1,0.6796711261153926,0.5796711261153926
MLDB-001147,LOMO,Ru,mono,Ru,10.1039/c7dt00439g,-1.05,-0.12687017968360798,0.923129820316392
MLDB-001163,LOMO,Ru,mono,Ru,10.1039/c7dt02051a,-2.19,-0.39238364161968736,1.7976163583803126
MLDB-001164,LOMO,Ru,mono,Ru,10.1039/c7dt02051a,-2.2,-0.8364671558545025,1.3635328441454977
MLDB-001165,LOMO,Ru,mono,Ru,10.1039/c7dt02051a,-2.17,-0.34908423014586654,1.8209157698541334
MLDB-001166,LOMO,Ru,mono,Ru,10.1039/c7dt02051a,-2.2,-0.9751008992348864,1.2248991007651138
MLDB-001174,LOMO,Ru,mono,Ru,10.1039/c7dt04451h,-1.33,1.0285117765765668,2.3585117765765666
MLDB-001175,LOMO,Ru,mono,Ru,10.1039/c7dt04451h,-0.43,0.9344352817263433,1.3644352817263432
MLDB-001176,LOMO,Ru,mono,Ru,10.1039/c7dt04451h,-0.2,1.15570151092346,1.35570151092346
MLDB-001177,LOMO,Ru,mono,Ru,10.1039/c7dt04451h,-0.15,1.191056550024863,1.341056550024863
MLDB-001178,LOMO,Ru,mono,Ru,10.1039/c7dt04451h,-0.47,1.2147879836141635,1.6847879836141635
MLDB-001191,LOMO,Ru,mono,Ru,10.1039/c8dt02947d,0.9,0.07142063540123146,0.8285793645987686
MLDB-001192,LOMO,Ru,mono,Ru,10.1039/c8dt02947d,0.84,0.8746538676267854,0.03465386762678546
MLDB-001193,LOMO,Ru,mono,Ru,10.1039/c8dt02947d,0.77,0.298002977295895,0.47199702270410504
MLDB-001194,LOMO,Ru,mono,Ru,10.1039/c8dt02947d,0.69,1.0591428972807495,0.36914289728074956
MLDB-001195,LOMO,Ru,mono,Ru,10.1039/c8dt03266a,1.15,0.6562877590873432,0.49371224091265675
MLDB-001196,LOMO,Ru,mono,Ru,10.1039/c8qi00941d,0.2,-0.05335088503503027,0.2533508850350303
MLDB-001197,LOMO,Ru,mono,Ru,10.1039/c8qi00941d,1.3,0.20575453965305676,1.0942454603469434
MLDB-001198,LOMO,Ru,mono,Ru,10.1039/c8qi00941d,1.3,0.0900958819289873,1.2099041180710128
MLDB-001208,LOMO,Ru,mono,Ru,10.1039/c9cc05826e,1.6,1.0143647274373349,0.5856352725626652
MLDB-001209,LOMO,Ru,mono,Ru,10.1039/c9cc05826e,1.77,0.9865812192575718,0.7834187807424282
MLDB-001212,LOMO,Ru,mono,Ru,10.1039/c9dt00921c,0.89,0.9117787424442781,0.021778742444278132
MLDB-001213,LOMO,Ru,mono,Ru,10.1039/c9dt00921c,1.1,1.2201450113426222,0.12014501134262212
MLDB-001214,LOMO,Ru,mono,Ru,10.1039/c9dt00921c,0.92,1.6703784706140565,0.7503784706140565
MLDB-001215,LOMO,Ru,mono,Ru,10.1039/c9dt00921c,0.94,1.4211704462231134,0.48117044622311345
MLDB-001216,LOMO,Ru,mono,Ru,10.1039/c9dt00921c,0.88,1.1953321708349716,0.31533217083497156
MLDB-001217,LOMO,Ru,mono,Ru,10.1039/c9dt00921c,0.82,1.156670578868695,0.3366705788686951
MLDB-001218,LOMO,Ru,mono,Ru,10.1039/c9dt00921c,0.49,0.47772843033072077,0.012271569669279225
MLDB-001219,LOMO,Ru,mono,Ru,10.1039/c9dt00921c,0.79,0.677463856320057,0.11253614367994302
MLDB-001220,LOMO,Ru,mono,Ru,10.1039/c9dt00921c,0.78,0.7747797528365877,0.005220247163412295
MLDB-001221,LOMO,Ru,mono,Ru,10.1039/c9dt01594a,-1.09,-1.1901311346880943,0.1001311346880942
MLDB-001222,LOMO,Ru,mono,Ru,10.1039/c9dt01594a,-1.07,-1.0155719204435232,0.05442807955647688
MLDB-001223,LOMO,Ru,mono,Ru,10.1039/c9dt01594a,-1.15,-0.983235836795535,0.16676416320446497
MLDB-001224,LOMO,Ru,mono,Ru,10.1039/c9dt01594a,-1.14,-0.6556239225932227,0.48437607740677724
MLDB-001225,LOMO,Ru,mono,Ru,10.1039/c9dt01905g,0.17,0.22632032507124794,0.05632032507124793
MLDB-001226,LOMO,Ru,mono,Ru,10.1039/c9dt01905g,0.18,0.3032093445325983,0.1232093445325983
MLDB-001227,LOMO,Ru,mono,Ru,10.1039/c9dt01905g,0.15,0.5178051618699079,0.36780516186990786
MLDB-001228,LOMO,Ru,mono,Ru,10.1039/c9dt01905g,0.71,0.20960529275531295,0.500394707244687
MLDB-001229,LOMO,Ru,mono,Ru,10.1039/c9dt01905g,0.64,0.5291460451476637,0.11085395485233629
MLDB-001242,LOMO,Ru,mono,Ru,10.1039/c9nj03663f,-0.7,1.1193163463442186,1.8193163463442186
MLDB-001243,LOMO,Ru,mono,Ru,10.1039/c9nj03663f,-1.429,0.8433043976096981,2.272304397609698
MLDB-001244,LOMO,Ru,mono,Ru,10.1039/c9nj03663f,-1.002,0.8620699231081134,1.8640699231081133
MLDB-001250,LOMO,Ru,mono,Ru,10.1039/d0cc02417a,2.02,1.34359650312738,0.67640349687262
MLDB-001251,LOMO,Ru,mono,Ru,10.1039/d0cc02417a,1.84,0.9260458311769484,0.9139541688230517
MLDB-001252,LOMO,Ru,mono,Ru,10.1039/d0cc02417a,1.64,1.2656738475245701,0.3743261524754298
MLDB-001253,LOMO,Ru,mono,Ru,10.1039/d0cc02417a,1.59,0.9063107088110592,0.6836892911889408
MLDB-001254,LOMO,Ru,mono,Ru,10.1039/d0cc02417a,2.06,1.12759079124619,0.9324092087538101
MLDB-001256,LOMO,Ru,mono,Ru,10.1039/d0dt01040e,0.75,-0.032387527600813884,0.7823875276008139
MLDB-001257,LOMO,Ru,mono,Ru,10.1039/d0dt01040e,1.06,0.9590093400854973,0.10099065991450273
MLDB-001258,LOMO,Ru,mono,Ru,10.1039/d0dt01256d,-0.75,0.13605881317854604,0.8860588131785461
MLDB-001259,LOMO,Ru,mono,Ru,10.1039/d0dt01256d,-0.35,0.08515521532852503,0.435155215328525
MLDB-001261,LOMO,Ru,mono,Ru,10.1039/d0dt01256d,-0.8,0.1774073221773412,0.9774073221773413
MLDB-001262,LOMO,Ru,mono,Ru,10.1039/d0dt01256d,0.05,0.11277029320892623,0.06277029320892623
MLDB-001264,LOMO,Ru,mono,Ru,10.1039/d0dt01256d,-0.6,0.1934019451359392,0.7934019451359392
MLDB-001265,LOMO,Ru,mono,Ru,10.1039/d0dt01256d,0.43,0.1497668837046505,0.2802331162953495
MLDB-001267,LOMO,Ru,mono,Ru,10.1039/d0dt01412e,1.04,1.0149593636271073,0.025040636372892777
MLDB-001268,LOMO,Ru,mono,Ru,10.1039/d0dt01412e,2.14,0.98432507962099,1.1556749203790102
MLDB-001269,LOMO,Ru,mono,Ru,10.1039/d0dt01412e,1.23,1.0618708526131544,0.1681291473868456
MLDB-001270,LOMO,Ru,mono,Ru,10.1039/d0dt01412e,0.41,1.036371530357708,0.626371530357708
MLDB-001271,LOMO,Ru,mono,Ru,10.1039/d0dt01412e,0.79,1.159295581453128,0.369295581453128
MLDB-001272,LOMO,Ru,mono,Ru,10.1039/d0dt01412e,0.44,1.1527295636293844,0.7127295636293844
MLDB-001273,LOMO,Ru,mono,Ru,10.1039/d0dt01412e,0.05,1.3494549756018865,1.2994549756018865
MLDB-001274,LOMO,Ru,mono,Ru,10.1039/d0dt01476a,1.1,1.4135187596068874,0.31351875960688735
MLDB-001275,LOMO,Ru,mono,Ru,10.1039/d0dt01476a,1.3,1.383884298234585,0.08388429823458488
MLDB-001276,LOMO,Ru,mono,Ru,10.1039/d0dt01476a,1.7,1.2091169224818785,0.49088307751812144
MLDB-001280,LOMO,Ru,mono,Ru,10.1039/d0dt02069a,1.01,1.1403371674281524,0.13033716742815238
MLDB-001281,LOMO,Ru,mono,Ru,10.1039/d0dt02069a,0.72,0.6698392904102339,0.05016070958976604
MLDB-001282,LOMO,Ru,mono,Ru,10.1039/d0dt02069a,0.42,0.831020781198514,0.411020781198514
MLDB-001283,LOMO,Ru,mono,Ru,10.1039/d0dt02069a,0.99,0.8955602262001137,0.09443977379988633
MLDB-001284,LOMO,Ru,mono,Ru,10.1039/d0dt02967j,-0.06,0.8645362264595261,0.924536226459526
MLDB-001285,LOMO,Ru,mono,Ru,10.1039/d0dt02967j,-0.71,0.27159963125481057,0.9815996312548105
MLDB-001293,LOMO,Ru,mono,Ru,10.1039/d0dt03974h,0.05,-0.021243499556830074,0.07124349955683007
MLDB-001294,LOMO,Ru,mono,Ru,10.1039/d0dt03974h,0.16,0.29954456583527034,0.13954456583527033
MLDB-001295,LOMO,Ru,mono,Ru,10.1039/d0dt03974h,0.27,0.6692167452127923,0.39921674521279227
MLDB-001296,LOMO,Ru,mono,Ru,10.1039/d0dt03974h,-2.31,-0.9214510469228158,1.3885489530771844
MLDB-001297,LOMO,Ru,mono,Ru,10.1039/d0mt00019a,-1.54,-0.23734453683165202,1.302655463168348
MLDB-001298,LOMO,Ru,mono,Ru,10.1039/d0mt00019a,-0.86,0.06519659303390404,0.925196593033904
MLDB-001299,LOMO,Ru,mono,Ru,10.1039/d0mt00019a,-0.11,0.9000253885533892,1.0100253885533892
MLDB-001300,LOMO,Ru,mono,Ru,10.1039/d0mt00019a,0.36,1.4251305720443275,1.0651305720443274
MLDB-001301,LOMO,Ru,mono,Ru,10.1039/d0mt00019a,-0.9,-0.4274024881305005,0.4725975118694995
MLDB-001308,LOMO,Ru,mono,Ru,10.1039/d0nj04137h,0.61,0.7069274674797055,0.09692746747970549
MLDB-001309,LOMO,Ru,mono,Ru,10.1039/d0nj04137h,0.81,0.6454117564219672,0.1645882435780328
MLDB-001310,LOMO,Ru,mono,Ru,10.1039/d0nj04137h,0.92,0.8201517934207571,0.09984820657924298
MLDB-001311,LOMO,Ru,mono,Ru,10.1039/d0nj04137h,0.78,0.5409772311697618,0.2390227688302382
MLDB-001312,LOMO,Ru,mono,Ru,10.1039/d0nj04137h,0.7,0.6241267489912569,0.07587325100874309
MLDB-001326,LOMO,Ru,mono,Ru,10.1039/d1dt01556g,0.98,0.2496722610010518,0.7303277389989482
MLDB-001328,LOMO,Ru,multi,Ru,10.1039/d1dt01556g,1.39,0.69296209142956,0.6970379085704399
MLDB-001331,LOMO,Ru,mono,Ru,10.1039/d1dt02083h,1.08,0.9483184815796634,0.1316815184203367
MLDB-001332,LOMO,Ru,mono,Ru,10.1039/d1dt02083h,1.56,0.6437865576701428,0.9162134423298572
MLDB-001333,LOMO,Ru,mono,Ru,10.1039/d1dt02083h,1.4,0.6444348418496431,0.7555651581503569
MLDB-001334,LOMO,Ru,mono,Ru,10.1039/d1dt02083h,0.92,0.6912327286352793,0.22876727136472075
MLDB-001335,LOMO,Ru,mono,Ru,10.1039/d1dt02083h,0.35,0.6522042663847285,0.3022042663847285
MLDB-001336,LOMO,Ru,mono,Ru,10.1039/d1dt02083h,1.77,0.7740930997347336,0.9959069002652664
MLDB-001337,LOMO,Ru,mono,Ru,10.1039/d1dt02083h,1.56,0.6635039683493272,0.8964960316506728
MLDB-001339,LOMO,Ru,mono,Ru,10.1039/d1dt03274g,0.25,0.18769103571210222,0.06230896428789778
MLDB-001340,LOMO,Ru,mono,Ru,10.1039/d1dt03274g,-0.26,0.2499211424263718,0.5099211424263719
MLDB-001341,LOMO,Ru,mono,Ru,10.1039/d1dt03274g,-0.1,-0.011325728440824365,0.08867427155917564
MLDB-001346,LOMO,Ru,mono,Ru,10.1039/d2dt01137a,0.7,0.947437894775793,0.24743789477579303
MLDB-001347,LOMO,Ru,mono,Ru,10.1039/d2dt03009h,-0.04,-0.21110016069265355,0.17110016069265355
MLDB-001348,LOMO,Ru,mono,Ru,10.1039/d2dt03009h,-0.25,-0.12341244437585232,0.1265875556241477
MLDB-001349,LOMO,Ru,mono,Ru,10.1039/d2dt03009h,0.46,0.9835690336157311,0.523569033615731
MLDB-001353,LOMO,Ru,mono,Ru,10.1039/d2dt03405k,0.65,-0.4260536025432403,1.0760536025432403
MLDB-001354,LOMO,Ru,mono,Ru,10.1039/d2dt03405k,-0.26,-0.15060880212297661,0.1093911978770234
MLDB-001355,LOMO,Ru,mono,Ru,10.1039/d2dt03405k,0.86,0.28301844359458217,0.5769815564054178
MLDB-001356,LOMO,Ru,mono,Ru,10.1039/d2dt03405k,1.02,0.6035406174427923,0.4164593825572077
MLDB-001362,LOMO,Ru,mono,Ru,10.1039/d2ra02677e,0.49,-0.18914678748427444,0.6791467874842745
MLDB-001363,LOMO,Ru,mono,Ru,10.1039/d2ra02677e,1.2,-0.2619808476645611,1.461980847664561
MLDB-001364,LOMO,Ru,mono,Ru,10.1039/d2ra02677e,0.3,-0.25395805812404626,0.5539580581240462
MLDB-001365,LOMO,Ru,mono,Ru,10.1039/d2ra02677e,0.55,0.2181155168773587,0.33188448312264135
MLDB-001366,LOMO,Ru,mono,Ru,10.1039/d2ra02677e,1.4,-0.40530879276936876,1.8053087927693687
MLDB-001367,LOMO,Ru,mono,Ru,10.1039/d2ra02677e,0.33,-0.5644562782152325,0.8944562782152325
MLDB-001368,LOMO,Ru,mono,Ru,10.1039/d2ra02677e,0.48,-0.22748275305035703,0.707482753050357
MLDB-001369,LOMO,Ru,mono,Ru,10.1039/d2ra02677e,1.0,0.7746329394025935,0.22536706059740652
MLDB-001378,LOMO,Ru,mono,Ru,10.1039/d3dt00537b,0.81,1.6711416979824696,0.8611416979824695
MLDB-001379,LOMO,Ru,mono,Ru,10.1039/d3dt00537b,1.37,1.5402054768652353,0.17020547686523524
MLDB-001380,LOMO,Ru,mono,Ru,10.1039/d3dt00537b,0.97,1.4051695734938683,0.4351695734938683
MLDB-001381,LOMO,Ru,mono,Ru,10.1039/d3dt00537b,0.95,1.7180432628633728,0.7680432628633729
MLDB-001382,LOMO,Ru,mono,Ru,10.1039/d3dt01348k,0.15,0.614565801615123,0.46456580161512295
MLDB-001383,LOMO,Ru,mono,Ru,10.1039/d3dt02037a,1.48,0.7364585026634437,0.7435414973365563
MLDB-001384,LOMO,Ru,mono,Ru,10.1039/d3dt02037a,1.57,0.7225862562044842,0.8474137437955158
MLDB-001385,LOMO,Ru,mono,Ru,10.1039/d3dt02037a,1.6,0.5932698295376019,1.006730170462398
MLDB-001386,LOMO,Ru,mono,Ru,10.1039/d3dt02037a,1.75,0.48079087159571593,1.2692091284042841
MLDB-001387,LOMO,Ru,mono,Ru,10.1039/d3dt02037a,1.91,0.5704795010354984,1.3395204989645015
MLDB-001388,LOMO,Ru,mono,Ru,10.1039/d3dt02037a,2.01,0.35369656359547036,1.6563034364045295
MLDB-001390,LOMO,Ru,mono,Ru,10.1039/d3dt02941g,0.79,0.8352118457217028,0.04521184572170278
MLDB-001391,LOMO,Ru,mono,Ru,10.1039/d3dt02941g,1.85,0.8081283189412171,1.0418716810587831
MLDB-001392,LOMO,Ru,mono,Ru,10.1039/d4cc04126g,0.6,0.6125073200520361,0.012507320052036142
MLDB-001393,LOMO,Ru,mono,Ru,10.1039/d4dt00497c,0.43,0.28808621199598283,0.14191378800401716
MLDB-001394,LOMO,Ru,mono,Ru,10.1039/d4dt00497c,0.25,0.7712481004739111,0.5212481004739111
MLDB-001395,LOMO,Ru,mono,Ru,10.1039/d4dt00497c,1.55,0.48458234861606597,1.065417651383934
MLDB-001396,LOMO,Ru,mono,Ru,10.1039/d4dt00497c,0.83,0.8668782998534125,0.03687829985341251
MLDB-001397,LOMO,Ru,mono,Ru,10.1039/d4dt01191k,0.89,1.043876272765265,0.15387627276526505
MLDB-001398,LOMO,Ru,mono,Ru,10.1039/d4dt01191k,1.0,1.3057228445721667,0.3057228445721667
MLDB-001399,LOMO,Ru,mono,Ru,10.1039/d4dt01845a,1.23,0.8386570941617167,0.39134290583828324
MLDB-001400,LOMO,Ru,mono,Ru,10.1039/d4dt01845a,1.86,1.0015569960223356,0.8584430039776645
MLDB-001401,LOMO,Ru,mono,Ru,10.1039/d4dt01845a,1.69,0.9117218989554389,0.7782781010445611
MLDB-001402,LOMO,Ru,mono,Ru,10.1039/d4dt02562h,-0.11,0.3307380124330599,0.4407380124330599
MLDB-001403,LOMO,Ru,mono,Ru,10.1039/d4dt02562h,-0.23,0.45644265041013793,0.686442650410138
MLDB-001404,LOMO,Ru,mono,Ru,10.1039/d4dt02562h,-0.41,0.6161789814929799,1.0261789814929798
MLDB-001405,LOMO,Ru,mono,Ru,10.1039/d4dt02562h,-0.17,0.7907094992975412,0.9607094992975412
MLDB-001406,LOMO,Ru,mono,Ru,10.1039/d4dt03456b,0.09,0.8605415270753191,0.7705415270753191
MLDB-001407,LOMO,Ru,mono,Ru,10.1039/d4dt03456b,0.28,-0.23093868791492758,0.5109386879149276
MLDB-001408,LOMO,Ru,mono,Ru,10.1039/d5qi00546a,1.22,0.5948668390283778,0.6251331609716222
MLDB-001409,LOMO,Ru,mono,Ru,10.1039/d5qi00546a,0.91,0.49806187692187176,0.41193812307812827
MLDB-001410,LOMO,Ru,mono,Ru,10.1039/d5qi00546a,0.98,0.8129901642662495,0.1670098357337505
MLDB-001414,LOMO,Ru,mono,Ru,10.1080/00958972.2019.1630614,-1.27,-0.407214371484419,0.862785628515581
MLDB-001415,LOMO,Ru,mono,Ru,10.1080/00958972.2019.1630614,-0.53,0.017548018164336647,0.5475480181643366
MLDB-001419,LOMO,Ru,mono,Ru,10.1093/mtomcs/mfac072,-0.98109,1.825314485448125,2.806404485448125
MLDB-001420,LOMO,Ru,mono,Ru,10.1093/mtomcs/mfac072,0.428897,1.6151562146642213,1.1862592146642212
MLDB-001421,LOMO,Ru,mono,Ru,10.1093/mtomcs/mfac072,1.49152,1.7840527887695632,0.29253278876956323
MLDB-001425,LOMO,Ru,mono,Ru,10.1155/2020/8890950,1.4,1.513427566860234,0.11342756686023403
MLDB-001426,LOMO,Ru,mono,Ru,10.1155/2020/8890950,0.9,0.8241625148625212,0.07583748513747879
MLDB-001427,LOMO,Ru,mono,Ru,10.1371/journal.pone.0183275,-0.4,-0.1800883574532965,0.21991164254670353
MLDB-001428,LOMO,Ru,mono,Ru,10.1371/journal.pone.0183275,0.26,0.188525766097679,0.07147423390232102
MLDB-001429,LOMO,Ru,mono,Ru,10.1371/journal.pone.0183275,0.55,0.2667863976837696,0.28321360231623044
MLDB-001430,LOMO,Ru,mono,Ru,10.1371/journal.pone.0183275,0.06,-0.10891813795137627,0.16891813795137628
MLDB-001431,LOMO,Ru,mono,Ru,10.1371/journal.pone.0183275,0.77,-0.027643343468905998,0.797643343468906
MLDB-001434,LOMO,Ru,mono,Ru,10.21577/0103-5053.20190214,0.34,0.7083624132274563,0.3683624132274563
MLDB-001435,LOMO,Ru,mono,Ru,10.21577/0103-5053.20190214,0.41,0.2706709422332944,0.13932905776670557
MLDB-001436,LOMO,Ru,mono,Ru,10.21577/0103-5053.20190214,0.4,0.508567042604702,0.10856704260470196
MLDB-001437,LOMO,Ru,mono,Ru,10.21577/0103-5053.20190214,0.66,0.5340461250083094,0.12595387499169064
MLDB-001438,LOMO,Ru,mono,Ru,10.21577/0103-5053.20200020,0.95,0.11033591345545919,0.8396640865445407
MLDB-001439,LOMO,Ru,mono,Ru,10.21577/0103-5053.20200020,1.22,-0.023617941633193928,1.2436179416331938
MLDB-001440,LOMO,Ru,mono,Ru,10.21577/0103-5053.20200020,1.31,0.09462717940296815,1.215372820597032
MLDB-001448,LOMO,Ru,mono,Ru,10.3389/fchem.2023.1086267,2.21,1.945299388562663,0.2647006114373369
MLDB-001455,LOMO,Ru,mono,Ru,10.3389/fmolb.2023.1252285,-0.874,-0.8959248907582112,0.021924890758211246
MLDB-001456,LOMO,Ru,mono,Ru,10.3389/fmolb.2023.1252285,0.014,-0.23309238423381823,0.24709238423381824
MLDB-001457,LOMO,Ru,mono,Ru,10.3389/fmolb.2023.1252285,0.077,-0.34330218212354874,0.42030218212354875
MLDB-001458,LOMO,Ru,mono,Ru,10.3389/fonc.2021.682968,0.617,1.5368019415220955,0.9198019415220955
MLDB-001459,LOMO,Ru,mono,Ru,10.3389/fonc.2021.682968,0.839,1.5631442987445683,0.7241442987445683
MLDB-001463,LOMO,Ru,mono,Ru,10.3390/ijms221910454,2.85,2.1493460535724256,0.7006539464275745
MLDB-001464,LOMO,Ru,mono,Ru,10.3390/ijms221910454,2.41,2.4485324348532496,0.03853243485324942
MLDB-001465,LOMO,Ru,mono,Ru,10.3390/ijms221910454,2.04,2.070291696769516,0.03029169676951593
MLDB-001466,LOMO,Ru,mono,Ru,10.3390/ijms221910454,2.44,2.4485324348532496,0.008532434853249615
MLDB-001467,LOMO,Ru,mono,Ru,10.3390/ijms221910454,0.44,-0.2269959098066924,0.6669959098066924
MLDB-001468,LOMO,Ru,mono,Ru,10.3390/ijms221910454,1.63,0.7299117892751756,0.9000882107248243
MLDB-001469,LOMO,Ru,mono,Ru,10.3390/ijms23020813,2.79,2.557068894431584,0.232931105568416
MLDB-001470,LOMO,Ru,mono,Ru,10.3390/ijms23020813,-0.96,-0.16358881128299155,0.7964111887170084
MLDB-001491,LOMO,Ru,mono,Ru,10.3390/ijms241511896,2.75,0.8565149640077468,1.8934850359922533
MLDB-001492,LOMO,Ru,mono,Ru,10.3390/ijms241511896,-1.65,-0.2044835128409076,1.4455164871590922
MLDB-001493,LOMO,Ru,mono,Ru,10.3390/ijms241511896,0.0,0.2534716317445496,0.2534716317445496
MLDB-001494,LOMO,Ru,mono,Ru,10.3390/ijms241511896,0.88,0.4462058707187023,0.4337941292812977
MLDB-001495,LOMO,Ru,mono,Ru,10.3390/ijms241511896,2.45,0.3283111550812755,2.1216888449187246
MLDB-001496,LOMO,Ru,mono,Ru,10.3390/ijms241511896,-1.12,-0.12995229367485375,0.9900477063251464
MLDB-001497,LOMO,Ru,mono,Ru,10.3390/ijms241511896,-0.14,0.20953553195273714,0.3495355319527371
MLDB-001498,LOMO,Ru,mono,Ru,10.3390/inorganics11040142,-0.88,0.37068778299201594,1.250687782992016
MLDB-001499,LOMO,Ru,mono,Ru,10.3390/inorganics11040142,0.57,2.128602359271453,1.558602359271453
MLDB-001513,LOMO,Ru,mono,Ru,10.3390/molecules28010040,0.525,0.44579732397216326,0.07920267602783676
MLDB-001514,LOMO,Ru,mono,Ru,10.3390/molecules28010040,0.497,0.6438921050075778,0.14689210500757777
MLDB-001519,LOMO,Ru,mono,Ru,10.3390/ph14060518,-0.43,0.3957457953187962,0.8257457953187962
MLDB-001520,LOMO,Ru,mono,Ru,10.3390/ph14060518,-0.1,0.45224632981673407,0.552246329816734
MLDB-001521,LOMO,Ru,mono,Ru,10.3390/ph14060518,0.31,0.5411503045689433,0.2311503045689433
MLDB-001522,LOMO,Ru,mono,Ru,10.3390/ph14060518,0.92,0.8645619945061054,0.05543800549389466
MLDB-001523,LOMO,Ru,mono,Ru,10.3390/ph14060518,1.22,1.0198276203096948,0.2001723796903052
MLDB-001524,LOMO,Ru,mono,Ru,10.3390/ph14060518,1.37,1.0771536670038087,0.29284633299619145
MLDB-001533,LOMO,Ru,mono,Ru,10.1021/jm501095r,-2.5,-0.7254396147345508,1.7745603852654492
MLDB-001534,LOMO,Ru,mono,Ru,10.1021/jm501095r,-0.76,-0.25548980955177397,0.5045101904482261
MLDB-001535,LOMO,Ru,mono,Ru,10.1021/jm501095r,-0.43,0.4559841559021686,0.8859841559021686
MLDB-001536,LOMO,Ru,mono,Ru,10.1021/jm501095r,-1.48,0.6767333460015298,2.1567333460015297
MLDB-001537,LOMO,Ru,mono,Ru,10.1021/jm501095r,1.36,1.278808314569111,0.08119168543088917
MLDB-001538,LOMO,Ru,mono,Ru,10.1021/jm501095r,-0.21,0.49475176500069096,0.7047517650006909
MLDB-001539,LOMO,Ru,mono,Ru,10.1021/jm501095r,1.0,0.801607199008255,0.19839280099174506
MLDB-001540,LOMO,Ru,mono,Ru,10.1039/d0cc04397d,1.07,0.5242027458367804,0.5457972541632197
MLDB-001541,LOMO,Ru,mono,Ru,10.1039/d0cc04397d,0.49,0.7046607642379008,0.21466076423790081
MLDB-001542,LOMO,Ru,mono,Ru,10.1039/d0cc04397d,-2.28,-1.4861557712843534,0.7938442287156464
MLDB-001543,LOMO,Ru,mono,Ru,10.1039/d0cc04397d,-2.76,-1.086787436728375,1.6732125632716248
MLDB-001546,LOMO,Ru,mono,Ru,10.1039/c4sc00116h,-1.57,-0.19945712991517114,1.370542870084829
MLDB-001547,LOMO,Ru,multi,Ru,10.1039/c4sc00116h,-1.26,-0.20501414564494852,1.0549858543550514
MLDB-001548,LOMO,Ru,multi,Ru,10.1039/c4sc00116h,-1.38,0.573852193095448,1.953852193095448
MLDB-001549,LOMO,Ru,multi,Ru,10.1039/c4sc00116h,-1.41,0.573852193095448,1.9838521930954478
MLDB-001550,LOMO,Ru,multi,Ru,10.1039/c4sc00116h,-1.36,0.573852193095448,1.933852193095448
MLDB-001551,LOMO,Ru,mono,Ru,10.1039/c4mt00044g,-0.41,-0.971322784391741,0.561322784391741
MLDB-001552,LOMO,Ru,mono,Ru,10.1039/c4mt00044g,-0.33,-0.6225939839913325,0.29259398399133246
MLDB-001553,LOMO,Ru,mono,Ru,10.1039/c4mt00044g,0.42,-0.11846183012604417,0.5384618301260442
MLDB-001554,LOMO,Ru,mono,Ru,10.1039/c4mt00044g,2.67,0.8787998240168237,1.7912001759831764
MLDB-001555,LOMO,Ru,mono,Ru,10.1007/s00775-014-1187-5,0.328,1.1760123938728666,0.8480123938728665
MLDB-001556,LOMO,Ru,mono,Ru,10.1007/s00775-014-1187-5,0.484,1.3115345051374019,0.8275345051374019
MLDB-001557,LOMO,Ru,mono,Ru,10.1007/s00775-014-1187-5,1.857,1.3114404665863912,0.5455595334136087
MLDB-001558,LOMO,Ru,mono,Ru,10.1007/s00775-014-1187-5,1.114,1.579642643675012,0.46564264367501185
MLDB-001559,LOMO,Ru,mono,Ru,10.1007/s00775-014-1187-5,0.413,1.644512295480343,1.231512295480343
MLDB-001560,LOMO,Ru,mono,Ru,10.1002/cbic.200900013,-1.21,-1.3748335362268853,0.16483353622688535
MLDB-001561,LOMO,Ru,mono,Ru,10.1002/cbic.200900013,0.55,0.047678125368798105,0.5023218746312019
MLDB-001562,LOMO,Ru,mono,Ru,10.1002/cbic.200900013,-0.28,-0.33952658594686624,0.05952658594686622
MLDB-001563,LOMO,Ru,mono,Ru,10.1002/cbic.200900013,-0.37,-0.8914998106192421,0.5214998106192421
MLDB-001564,LOMO,Ru,mono,Ru,10.1002/cbic.200900013,-0.99,-0.559899754697149,0.43010024530285096
MLDB-001580,LOMO,Ru,mono,Ru,10.1016/j.jphotochem.2025.116793,2.4,1.295996001090303,1.1040039989096968
MLDB-001663,LOMO,Ru,mono,Ru,10.1016/j.ejps.2025.107259,2.07,2.2366584045484,0.16665840454840009
MLDB-001667,LOMO,Ru,mono,Ru,10.1016/j.ejps.2025.107259,2.13,2.6009193168147786,0.4709193168147787
MLDB-001671,LOMO,Ru,mono,Ru,10.1016/j.ejps.2025.107259,1.72,1.7419175377993068,0.02191753779930683
MLDB-001675,LOMO,Ru,mono,Ru,10.1016/j.ejps.2025.107259,2.04,2.0417708538308124,0.0017708538308123245
MLDB-001679,LOMO,Ru,mono,Ru,10.3389/fchem.2025.1619991,-2.13,0.1344623812323659,2.2644623812323657
MLDB-001681,LOMO,Ru,mono,Ru,10.3389/fchem.2025.1619991,-1.15,0.17757187584302633,1.3275718758430262
MLDB-001683,LOMO,Ru,mono,Ru,10.3389/fchem.2025.1619991,-1.96,-0.9507072399493595,1.0092927600506405
MLDB-001685,LOMO,Ru,mono,Ru,10.3389/fchem.2025.1619991,1.88,2.1493460535724256,0.2693460535724257
MLDB-001689,LOMO,Ru,mono,Ru,10.3389/fchem.2025.1619991,1.61,1.945299388562663,0.33529938856266295
MLDB-001700,LOMO,Ru,mono,Ru,10.1016/j.jinorgbio.2024.112790,3.25,1.5821561589693134,1.6678438410306866
MLDB-001743,LOMO,Ru,mono,Ru,10.3390/molecules28073058,2.72,2.1765921831997606,0.5434078168002396
MLDB-001747,LOMO,Ru,mono,Ru,10.3390/molecules28073058,2.06,2.169961421071744,0.10996142107174389
MLDB-001749,LOMO,Ru,mono,Ru,10.3390/molecules28073058,-1.91,-0.40527562340263473,1.5047243765973652
MLDB-001750,LOMO,Ru,mono,Ru,10.3390/molecules28073058,1.15,1.8090965750782089,0.659096575078209
MLDB-001754,LOMO,Ru,mono,Ru,10.3390/molecules28073058,1.39,1.6941014902014824,0.30410149020148247
MLDB-001758,LOMO,Ru,mono,Ru,10.3390/molecules28073058,1.31,1.54940044303029,0.23940044303028984
MLDB-001762,LOMO,Ru,mono,Ru,10.3390/molecules28073058,1.26,1.6814783636511244,0.42147836365112434
MLDB-001766,LOMO,Ru,mono,Ru,10.3390/molecules28073058,2.22,2.143479485828849,0.07652051417115135
MLDB-002073,LOMO,Ru,mono,Ru,10.1002/chem.201803630,0.63,1.0409211204467115,0.4109211204467115
MLDB-002309,LOMO,Ru,mono,Ru,10.1021/acs.jmedchem.2c01174,1.0,0.3559596991442471,0.6440403008557529
MLDB-002311,LOMO,Ru,mono,Ru,10.1021/acs.jmedchem.2c01174,1.1,0.1634584370173955,0.9365415629826046
MLDB-002312,LOMO,Ru,mono,Ru,10.1021/acs.jmedchem.2c01174,1.2,0.26762250089117734,0.9323774991088226
MLDB-002410,LOMO,Ru,multi,Ru,10.1016/j.ejmech.2019.06.061,-0.68,1.1420658815947018,1.822065881594702
MLDB-002411,LOMO,Ru,multi,Ru,10.1016/j.ejmech.2019.06.061,0.53,1.1180789150589643,0.5880789150589643
MLDB-002671,LOMO,Ru,mono,Ru,10.1021/acs.inorgchem.5c04198,-0.99,-0.6083241146419978,0.38167588535800223
MLDB-002672,LOMO,Ru,mono,Ru,10.1021/acs.inorgchem.5c04198,0.42,0.0003337718512032616,0.4196662281487967
MLDB-002673,LOMO,Ru,mono,Ru,10.1021/acs.inorgchem.5c04198,-1.15,-0.20668484389438338,0.9433151561056166
MLDB-002674,LOMO,Ru,mono,Ru,10.1021/acs.inorgchem.5c04198,-0.73,0.02302349125016573,0.7530234912501657
MLDB-002675,LOMO,Ru,mono,Ru,10.1021/acs.inorgchem.5c04198,-0.32,0.04314165979658667,0.3631416597965867
MLDB-002676,LOMO,Ru,mono,Ru,10.1021/acs.inorgchem.5c04198,-1.11,0.1442415978935426,1.2542415978935426
MLDB-002677,LOMO,Ru,mono,Ru,10.1021/acs.inorgchem.5c04198,-1.07,0.3653585301130407,1.4353585301130407
MLDB-002678,LOMO,Ru,mono,Ru,10.1021/acs.inorgchem.5c04198,-1.5,0.33558404439201445,1.8355840443920144
MLDB-002679,LOMO,Ru,mono,Ru,10.1021/acs.inorgchem.5c04198,-1.8,-0.003236966462953586,1.7967630335370464
MLDB-002686,LOMO,Ru,multi,Ru,10.1021/acs.jmedchem.5c00523,0.819,1.4448923581305673,0.6258923581305673
MLDB-002689,LOMO,Ru,multi,Ru,10.1021/acs.jmedchem.5c00523,1.117,1.7012092237489638,0.5842092237489638
MLDB-002714,LOMO,Ru,multi,Ru,10.1021/acs.jmedchem.4c00406,0.91,1.5893780145889265,0.6793780145889264
MLDB-002717,LOMO,Ru,multi,Ru,10.1021/acs.jmedchem.4c00406,0.362,1.3445605012278958,0.9825605012278958
MLDB-002814,LOMO,Ru,mono,Ru,10.1016/j.jinorgbio.2021.111467,-1.8,-0.9212147212577463,0.8787852787422538
MLDB-002816,LOMO,Ru,mono,Ru,10.1016/j.jinorgbio.2021.111467,-1.4,-1.2090530305755973,0.1909469694244026
MLDB-002943,LOMO,Ru,multi,Ru,10.1039/c8dt02965b,0.92,0.6964727267193431,0.2235272732806569
MLDB-002944,LOMO,Ru,multi,Ru,10.1039/c8dt02965b,0.9,0.8162735913951752,0.08372640860482483
MLDB-002945,LOMO,Ru,multi,Ru,10.1039/c8dt02965b,0.78,-0.6014278375232269,1.381427837523227
MLDB-002946,LOMO,Ru,multi,Ru,10.1039/c8dt02965b,1.4,1.1618508730312387,0.23814912696876123
MLDB-003096,LOMO,Ru,mono,Ru,10.1016/j.jinorgbio.2023.112284,-0.41,0.9024746707951495,1.3124746707951496
MLDB-003097,LOMO,Ru,mono,Ru,10.1016/j.jinorgbio.2023.112284,-0.61,-0.10536700977034993,0.50463299022965
MLDB-003098,LOMO,Ru,mono,Ru,10.1016/j.jinorgbio.2023.112284,-0.74,0.37959625082227805,1.119596250822278
MLDB-003215,LOMO,Ru,mono,Ru,10.3390/ph15020169,3.1,2.0450250822750125,1.0549749177249876
MLDB-003216,LOMO,Ru,mono,Ru,10.3390/ph15020169,3.84,2.197465004829792,1.642534995170208
MLDB-003218,LOMO,Ru,mono,Ru,10.3390/ijms24010593,-1.28,-0.14342968058678254,1.1365703194132175
MLDB-003220,LOMO,Ru,mono,Ru,10.3390/ijms24010593,-0.29,-0.11581460270638128,0.1741853972936187
MLDB-003222,LOMO,Ru,mono,Ru,10.3390/ijms24010593,0.06,-0.05223094193431698,0.11223094193431699
MLDB-003224,LOMO,Ru,mono,Ru,10.3390/ijms24010593,-0.01,-0.05223094193431698,0.04223094193431698
MLDB-003225,LOMO,Ru,mono,Ru,10.3390/pharmaceutics14122583,2.6,0.489821239801741,2.110178760198259
MLDB-003226,LOMO,Ru,mono,Ru,10.3390/pharmaceutics14122583,2.5,0.529710968927656,1.970289031072344
MLDB-003250,LOMO,Ru,mono,Ru,10.1021/acs.organomet.6c00115,0.52,0.7513649950356235,0.23136499503562347
MLDB-003280,LOMO,Ru,multi,Ru,10.1021/acs.inorgchem.4c01119,1.28,-0.25264906737147225,1.5326490673714723
MLDB-003281,LOMO,Ru,multi,Ru,10.1021/acs.inorgchem.4c01119,1.2,-0.21740260683502266,1.4174026068350227
MLDB-003336,LOMO,Ru,multi,Ru,10.1039/d4qi00096j,-1.07,-0.8760607044742191,0.19393929552578093
MLDB-003337,LOMO,Ru,multi,Ru,10.1039/d4qi00096j,0.06,-0.4686828283964231,0.5286828283964231
MLDB-003338,LOMO,Ru,multi,Ru,10.1039/d4qi00096j,0.05,-0.07938066104626738,0.1293806610462674
MLDB-003339,LOMO,Ru,multi,Ru,10.1039/d4qi00096j,0.1,-0.004012835943373836,0.10401283594337384
MLDB-003340,LOMO,Ru,multi,Ru,10.1039/d4qi00096j,0.74,0.24013926672072117,0.4998607332792788
MLDB-003341,LOMO,Ru,multi,Ru,10.1039/d4qi00096j,0.11,-0.31437544044383253,0.4243754404438325
MLDB-003345,LOMO,Ru,multi,Ru,10.1021/acs.inorgchem.3c01731,-0.54,-0.5763750239126197,0.03637502391261971
MLDB-003346,LOMO,Ru,multi,Ru,10.1021/acs.inorgchem.3c01731,1.24,0.885635970015633,0.354364029984367
MLDB-003347,LOMO,Ru,multi,Ru,10.1021/acs.inorgchem.3c01731,0.89,1.0891728431603662,0.1991728431603662
MLDB-003348,LOMO,Ru,multi,Ru,10.1021/acs.inorgchem.3c01644,1.24,1.0368640118819163,0.20313598811808364
MLDB-003351,LOMO,Ru,multi,Ru,10.1021/acs.inorgchem.3c01644,-0.37,0.6591393252686014,1.0291393252686014
MLDB-003369,LOMO,Ru,mono,Ru,10.1016/j.jinorgbio.2022.111930,-1.05,-1.3935988796119534,0.34359887961195335
MLDB-003370,LOMO,Ru,mono,Ru,10.1016/j.jinorgbio.2022.111930,-1.24,0.10480450329406568,1.3448045032940656
MLDB-003371,LOMO,Ru,mono,Ru,10.1016/j.jinorgbio.2022.111930,-1.95,-1.1464992034743036,0.8035007965256964
MLDB-003372,LOMO,Ru,mono,Ru,10.1016/j.jinorgbio.2022.111930,-0.81,-1.0881058118510876,0.2781058118510875
MLDB-003373,LOMO,Ru,mono,Ru,10.1016/j.jinorgbio.2022.111930,-1.01,-0.4092985773663451,0.6007014226336549
MLDB-003374,LOMO,Ru,mono,Ru,10.1016/j.jinorgbio.2022.111930,-0.69,-0.9035000346716666,0.21350003467166667
MLDB-003375,LOMO,Ru,mono,Ru,10.1016/j.jinorgbio.2022.111930,-1.78,-0.7437423298604358,1.0362576701395643
MLDB-003376,LOMO,Ru,mono,Ru,10.1002/chem.201404922,-1.27,-1.1901728054936476,0.07982719450635245
MLDB-003377,LOMO,Ru,mono,Ru,10.1002/chem.201404922,-0.85,-0.8361972416107678,0.013802758389232173
MLDB-003378,LOMO,Ru,mono,Ru,10.1002/chem.201404922,-1.66,-0.9747384556348551,0.6852615443651449
MLDB-003379,LOMO,Ru,mono,Ru,10.1002/chem.201404922,-0.63,-0.3091574282033582,0.32084257179664183
MLDB-003380,LOMO,Ru,mono,Ru,10.1002/chem.201404922,0.45,1.0020843010584564,0.5520843010584564
MLDB-003381,LOMO,Ru,mono,Ru,10.1002/chem.201404922,0.66,1.207649609584857,0.547649609584857
MLDB-003382,LOMO,Ru,mono,Ru,10.1002/chem.201404922,0.5,0.7317402513246233,0.23174025132462328
MLDB-003383,LOMO,Ru,mono,Ru,10.1002/chem.201404922,0.95,1.2786059759498623,0.3286059759498623
MLDB-003385,LOMO,Ru,mono,Ru,10.1021/acs.inorgchem.6b00359,0.38,-0.8608839163419074,1.2408839163419074
MLDB-003386,LOMO,Ru,mono,Ru,10.1021/acs.inorgchem.6b00359,0.27,-0.7430375648258623,1.0130375648258623
MLDB-003387,LOMO,Ru,mono,Ru,10.1021/acs.inorgchem.6b00359,-0.59,-1.3099579739668952,0.7199579739668952
MLDB-003388,LOMO,Ru,mono,Ru,10.1021/acs.inorgchem.6b00359,-1.12,-1.3346659874122409,0.21466598741224074
MLDB-003389,LOMO,Ru,mono,Ru,10.1021/acs.inorgchem.6b00359,-1.28,-1.625877416804421,0.34587741680442097
MLDB-003390,LOMO,Ru,mono,Ru,10.1002/ejic.201500097,0.4,0.6494329457015927,0.2494329457015927
MLDB-003391,LOMO,Ru,mono,Ru,10.1002/ejic.201500097,-0.14,0.6406902621013434,0.7806902621013434
MLDB-003392,LOMO,Ru,mono,Ru,10.1021/acs.inorgchem.0c03706,0.06,0.7459198102978418,0.6859198102978419
MLDB-003393,LOMO,Ru,mono,Ru,10.1021/acs.inorgchem.0c03706,0.93,0.8635822523102967,0.06641774768970332
MLDB-003394,LOMO,Ru,mono,Ru,10.1021/acs.inorgchem.0c03706,-1.33,0.41364463614177577,1.743644636141776
MLDB-003395,LOMO,Ru,mono,Ru,10.1021/acs.inorgchem.0c03706,-0.54,0.5647567262760809,1.104756726276081
MLDB-003396,LOMO,Ru,mono,Ru,10.1021/acs.inorgchem.0c03706,-1.19,0.6621190864750045,1.8521190864750046
MLDB-003402,LOMO,Ru,mono,Ru,10.1016/j.ejmech.2017.11.059,0.25,0.6928241957921645,0.4428241957921645
MLDB-003403,LOMO,Ru,mono,Ru,10.1002/cbic.202200398,1.29,1.4232123152198304,0.13321231521983035
MLDB-003404,LOMO,Ru,mono,Ru,10.1002/cbic.202200398,1.35,1.5275282092951532,0.17752820929515312
MLDB-003405,LOMO,Ru,mono,Ru,10.1002/cbic.202200398,1.24,1.3954172686285027,0.1554172686285027
MLDB-003406,LOMO,Ru,mono,Ru,10.1002/cbic.202200398,0.46,0.41686480655612945,0.04313519344387057
MLDB-003407,LOMO,Ru,mono,Ru,10.1002/cbic.202200398,0.68,-0.3883177327612897,1.0683177327612898
MLDB-003408,LOMO,Ru,mono,Ru,10.1021/acs.inorgchem.1c02979,0.44,0.22383728413481915,0.21616271586518085
MLDB-003409,LOMO,Ru,mono,Ru,10.1021/acs.inorgchem.1c02979,0.6,0.582532586934219,0.017467413065780923
MLDB-003410,LOMO,Ru,mono,Ru,10.1021/acs.inorgchem.1c02979,0.98,0.5958596721776197,0.3841403278223803
MLDB-003411,LOMO,Ru,mono,Ru,10.1021/acs.inorgchem.1c02979,1.08,0.7884799923988864,0.29152000760111363
MLDB-003412,LOMO,Ru,mono,Ru,10.1021/acs.inorgchem.1c02979,1.1,0.19837278142515313,0.901627218574847
MLDB-003413,LOMO,Ru,mono,Ru,10.1021/acs.inorgchem.1c02979,1.42,0.4204078717397044,0.9995921282602955
MLDB-003414,LOMO,Ru,mono,Ru,10.1021/acs.inorgchem.1c02979,1.8,0.4622595181879576,1.3377404818120424
MLDB-003415,LOMO,Ru,mono,Ru,10.1021/acs.inorgchem.1c02979,2.64,0.7717312252529959,1.8682687747470044
MLDB-003416,LOMO,Ru,mono,Ru,10.1021/acs.inorgchem.1c01539,0.26,0.622798691300553,0.362798691300553
MLDB-003417,LOMO,Ru,mono,Ru,10.1021/acs.inorgchem.1c01539,0.31,0.6253738105993867,0.3153738105993867
MLDB-003418,LOMO,Ru,mono,Ru,10.1021/acs.inorgchem.1c01539,0.24,0.9482356114383169,0.7082356114383169
MLDB-003419,LOMO,Ru,mono,Ru,10.1021/acs.inorgchem.1c01539,0.44,0.4531159291192152,0.01311592911921522
MLDB-003420,LOMO,Ru,mono,Ru,10.1021/acs.inorgchem.1c01539,0.36,0.7880748640615778,0.4280748640615778
MLDB-003421,LOMO,Ru,mono,Ru,10.1021/acs.inorgchem.1c01363,2.09,1.7317682336988616,0.3582317663011383
MLDB-003422,LOMO,Ru,mono,Ru,10.1021/acs.inorgchem.1c01363,2.66,1.4442419822422043,1.2157580177577958
MLDB-003423,LOMO,Ru,mono,Ru,10.1021/acs.inorgchem.1c01363,0.63,1.3670758174500341,0.7370758174500341
MLDB-003424,LOMO,Ru,mono,Ru,10.1021/acs.inorgchem.1c01363,0.89,1.1215712981301824,0.2315712981301824
MLDB-003425,LOMO,Ru,mono,Ru,10.1021/acs.inorgchem.1c01363,1.29,1.2529690660873325,0.03703093391266754
MLDB-003426,LOMO,Ru,mono,Ru,10.1021/acs.inorgchem.1c01363,2.18,1.8077570189189232,0.372242981081077
MLDB-003430,LOMO,Ru,mono,Ru,10.1021/acs.inorgchem.0c00694,-0.49,0.712296941719444,1.202296941719444
MLDB-003431,LOMO,Ru,mono,Ru,10.1021/acs.inorgchem.0c00694,0.26,1.0044097818903468,0.7444097818903468
MLDB-003432,LOMO,Ru,mono,Ru,10.1021/acs.inorgchem.0c00694,1.44,1.53622637572066,0.09622637572066006
MLDB-003433,LOMO,Ru,mono,Ru,10.1021/acs.inorgchem.0c00694,2.17,1.6191776705179899,0.55082232948201
MLDB-003434,LOMO,Ru,mono,Ru,10.1016/j.jorganchem.2014.09.005,-1.38,0.016969134838569006,1.3969691348385689
MLDB-003435,LOMO,Ru,mono,Ru,10.1016/j.jorganchem.2014.09.005,-0.83,-0.3794765000769394,0.45052349992306057
MLDB-003436,LOMO,Ru,mono,Ru,10.1016/j.jorganchem.2014.09.005,-1.3,0.06937617138167952,1.3693761713816797
MLDB-003437,LOMO,Ru,mono,Ru,10.1016/j.jorganchem.2014.09.005,-0.99,-0.41785929599657984,0.5721407040034201
MLDB-003438,LOMO,Ru,mono,Ru,10.1016/j.jorganchem.2014.09.005,-0.93,-0.06268545169578962,0.8673145483042104
MLDB-003439,LOMO,Ru,mono,Ru,10.1016/j.bioadv.2022.213016,0.7,-0.1307694769185494,0.8307694769185494
MLDB-003440,LOMO,Ru,mono,Ru,10.1016/j.bioadv.2022.213016,0.78,0.8043315039158426,0.0243315039158426
MLDB-003441,LOMO,Ru,mono,Ru,10.1016/j.bioadv.2022.213016,0.78,0.8425465249876865,0.06254652498768642
MLDB-003442,LOMO,Ru,mono,Ru,10.1016/j.bioadv.2022.213016,0.78,0.6136992372682255,0.16630076273177452
MLDB-003443,LOMO,Ru,mono,Ru,10.1016/j.bioadv.2022.213016,0.78,0.5508680244991934,0.22913197550080666
MLDB-003444,LOMO,Ru,mono,Ru,10.1016/j.bioadv.2022.213016,-1.7,-0.9221297404469856,0.7778702595530144
MLDB-003445,LOMO,Ru,mono,Ru,10.1039/d0dt03490h,-0.638,0.24185145196534036,0.8798514519653404
MLDB-003446,LOMO,Ru,mono,Ru,10.1039/d0dt03490h,0.324,0.2034485118453591,0.12055148815464092
MLDB-003447,LOMO,Ru,mono,Ru,10.1039/d0dt03490h,-0.656,0.08081063725327375,0.7368106372532738
MLDB-003448,LOMO,Ru,mono,Ru,10.1016/j.jinorgbio.2019.03.024,-0.46,-0.0710843356552685,0.3889156643447315
MLDB-003449,LOMO,Ru,mono,Ru,10.1016/j.jinorgbio.2019.03.024,-0.28,0.1967411920739112,0.4767411920739112
MLDB-003450,LOMO,Ru,mono,Ru,10.1016/j.jinorgbio.2019.03.024,-0.19,1.0776469866029352,1.2676469866029352
MLDB-003456,LOMO,Ru,mono,Ru,10.1016/j.jorganchem.2018.03.013,-0.67,1.1236499773970567,1.793649977397057
MLDB-003457,LOMO,Ru,mono,Ru,10.1016/j.jorganchem.2018.03.013,-1.45,1.1476153546849606,2.5976153546849607
MLDB-003458,LOMO,Ru,mono,Ru,10.1016/j.jorganchem.2018.03.013,-1.34,1.011966859350735,2.351966859350735
MLDB-003459,LOMO,Ru,mono,Ru,10.1016/j.jorganchem.2018.03.013,-0.37,1.3729296272242941,1.742929627224294
MLDB-003460,LOMO,Ru,mono,Ru,10.1016/j.jorganchem.2018.03.013,-1.36,1.404736345819364,2.7647363458193643
MLDB-003461,LOMO,Ru,mono,Ru,10.1016/j.jorganchem.2018.03.013,-1.28,1.3330948399591633,2.6130948399591634
MLDB-003472,LOMO,Ru,mono,Ru,10.1039/d3sc03932c,2.64,2.2617372831764104,0.3782627168235897
MLDB-003473,LOMO,Ru,mono,Ru,10.1039/d3sc03932c,2.66,1.8004625061008996,0.8595374938991005
MLDB-003476,LOMO,Ru,mono,Ru,10.1007/s10534-018-0160-0,0.2133,0.5010373299196191,0.28773732991961914
MLDB-003477,LOMO,Ru,mono,Ru,10.1007/s10534-018-0160-0,0.1866,0.5906320263270372,0.40403202632703716
MLDB-003478,LOMO,Ru,mono,Ru,10.1007/s10534-018-0160-0,0.2733,0.4641382107441709,0.1908382107441709
MLDB-003479,LOMO,Ru,mono,Ru,10.1002/cbic.202300467,2.39,1.430310311089673,0.959689688910327
MLDB-003496,LOMO,Ru,multi,Ru,10.1021/acs.inorgchem.0c02928,0.2,0.5429909048948892,0.3429909048948892
MLDB-003497,LOMO,Ru,multi,Ru,10.1021/acs.inorgchem.0c02928,0.45,0.5209719012145658,0.07097190121456581
MLDB-003501,LOMO,Ru,mono,Ru,10.1021/acs.inorgchem.9b00853,0.3,1.4154279334841802,1.1154279334841801
MLDB-003502,LOMO,Ru,mono,Ru,10.1021/acs.inorgchem.9b00853,0.28,1.2857660814625058,1.0057660814625058
MLDB-003503,LOMO,Ru,mono,Ru,10.1021/acs.inorgchem.9b00853,0.42,0.7204203348576569,0.3004203348576569
MLDB-003504,LOMO,Ru,mono,Ru,10.1021/acs.inorgchem.9b00853,0.19,1.1827472308834166,0.9927472308834167
MLDB-003505,LOMO,Ru,mono,Ru,10.1016/j.ejmech.2017.09.007,1.38,1.3324700454038918,0.04752995459610809
MLDB-003506,LOMO,Ru,mono,Ru,10.1016/j.ejmech.2017.09.007,1.22,1.0342655478465856,0.18573445215341433
MLDB-003507,LOMO,Ru,mono,Ru,10.1021/acs.jmedchem.4c02089,1.93,1.2318111824242897,0.6981888175757103
MLDB-003509,LOMO,Ru,multi,Ru,10.1021/acs.inorgchem.7b01082,1.3,1.6302971065447485,0.3302971065447484
MLDB-003510,LOMO,Ru,multi,Ru,10.1021/acs.inorgchem.7b01082,1.3,1.6547261227025645,0.35472612270256443
MLDB-003511,LOMO,Ru,multi,Ru,10.1021/acs.inorgchem.7b01082,1.6,1.6703741209824523,0.07037412098245222
MLDB-003512,LOMO,Ru,multi,Ru,10.1021/acs.inorgchem.7b01082,1.8,1.596846051410335,0.20315394858966496
MLDB-003513,LOMO,Ru,multi,Ru,10.1021/acs.inorgchem.7b01082,1.4,1.1427044104117279,0.25729558958827203
MLDB-003514,LOMO,Ru,multi,Ru,10.1021/acs.inorgchem.7b01082,1.4,1.1817674186712444,0.21823258132875556
MLDB-003515,LOMO,Ru,multi,Ru,10.1021/acs.inorgchem.7b01082,1.5,1.1359783951581144,0.3640216048418856
MLDB-003531,LOMO,Ru,mono,Ru,10.1021/jacs.4c11820,-1.56,-0.7306093635444234,0.8293906364555766
MLDB-003532,LOMO,Ru,mono,Ru,10.1021/jacs.4c11820,-1.26,-0.4317928380125117,0.8282071619874882
MLDB-003543,LOMO,Ru,mono,Ru,10.1021/acsami.7b02977,0.34,0.7310759238761039,0.39107592387610385
MLDB-003544,LOMO,Ru,mono,Ru,10.1021/acsami.7b02977,0.18,0.7880849046767531,0.6080849046767531
MLDB-003545,LOMO,Ru,mono,Ru,10.1021/acsami.7b02977,0.46,0.7557521410391195,0.29575214103911945
MLDB-003546,LOMO,Ru,mono,Ru,10.1021/acsami.7b02977,0.19,0.9264115137671504,0.7364115137671503
MLDB-003547,LOMO,Ru,mono,Ru,10.1021/acsami.7b02977,0.26,0.954906278424568,0.694906278424568
MLDB-003548,LOMO,Ru,mono,Ru,10.1016/j.jinorgbio.2019.01.011,0.74,-0.02636234954909284,0.7663623495490929
MLDB-003549,LOMO,Ru,mono,Ru,10.1016/j.jinorgbio.2019.01.011,0.66,0.4278703996863071,0.23212960031369295
MLDB-003550,LOMO,Ru,mono,Ru,10.1016/j.jinorgbio.2019.01.011,0.41,-0.4578674766032022,0.8678674766032022
MLDB-003551,LOMO,Ru,mono,Ru,10.1016/j.jinorgbio.2019.110752,-1.49,-0.3568171574565631,1.133182842543437
MLDB-003552,LOMO,Ru,mono,Ru,10.1016/j.jinorgbio.2019.110752,-1.33,-0.15994634704183538,1.1700536529581647
MLDB-003553,LOMO,Ru,mono,Ru,10.1016/j.jinorgbio.2019.110752,-0.95,-0.14181385729692994,0.80818614270307
MLDB-003554,LOMO,Ru,mono,Ru,10.1016/j.jinorgbio.2019.110752,-1.25,-0.26581905477444295,0.984180945225557
MLDB-003555,LOMO,Ru,mono,Ru,10.1016/j.jinorgbio.2019.110752,-1.68,-1.1865724496440822,0.4934275503559178
MLDB-003556,LOMO,Ru,mono,Ru,10.1016/j.jinorgbio.2019.110752,-1.34,-0.43674897046692657,0.9032510295330736
MLDB-003557,LOMO,Ru,mono,Ru,10.1016/j.jinorgbio.2019.110752,-1.21,-0.15295157818809088,1.0570484218119092
MLDB-003558,LOMO,Ru,mono,Ru,10.1021/acs.molpharmaceut.8b00003,-0.62,0.2808208910239814,0.9008208910239814
MLDB-003559,LOMO,Ru,mono,Ru,10.1021/acs.molpharmaceut.8b00003,-0.55,0.47321716659405183,1.023217166594052
MLDB-003560,LOMO,Ru,mono,Ru,10.1021/acs.molpharmaceut.8b00003,-0.31,0.5497593396404434,0.8597593396404435
MLDB-003561,LOMO,Ru,mono,Ru,10.1002/ejic.202200487,-1.01,-0.06349052724074512,0.9465094727592549
MLDB-003562,LOMO,Ru,mono,Ru,10.1002/ejic.202200487,0.69,1.0521644864848119,0.3621644864848119
MLDB-003563,LOMO,Ru,mono,Ru,10.1016/j.ica.2016.03.003,1.24,0.9873774761784594,0.2526225238215406
MLDB-003564,LOMO,Ru,mono,Ru,10.1016/j.ica.2016.03.003,1.26,0.9769193345922202,0.28308066540777976
MLDB-003565,LOMO,Ru,mono,Ru,10.1016/j.ica.2016.03.003,1.42,1.0485723878748512,0.37142761212514874
MLDB-003566,LOMO,Ru,mono,Ru,10.1016/j.ica.2016.03.003,1.45,0.8378746269201647,0.6121253730798353
MLDB-003567,LOMO,Ru,mono,Ru,10.1021/ic4031359,-2.04,-1.8725181601050551,0.16748183989494492
MLDB-003568,LOMO,Ru,mono,Ru,10.1021/ic4031359,-1.63,-1.5670664171021298,0.0629335828978701
MLDB-003569,LOMO,Ru,mono,Ru,10.1021/ic4031359,-1.13,-0.8457707753853176,0.28422922461468225
MLDB-003570,LOMO,Ru,mono,Ru,10.1021/ic4031359,-1.55,-1.1192088163384273,0.43079118366157276
MLDB-003571,LOMO,Ru,mono,Ru,10.1021/ic4031359,-1.43,-1.1192088163384273,0.31079118366157266
MLDB-003572,LOMO,Ru,mono,Ru,10.1021/ic4031359,-1.77,-1.6334061695032087,0.1365938304967913
MLDB-003573,LOMO,Ru,mono,Ru,10.1021/ic4031359,-1.75,-1.130491467653253,0.6195085323467471
MLDB-003574,LOMO,Ru,mono,Ru,10.1021/ic4031359,-1.16,-1.0543942593788398,0.10560574062116013
MLDB-003575,LOMO,Ru,mono,Ru,10.1021/ic4031359,-1.47,-1.6161774663804123,0.1461774663804123
MLDB-003576,LOMO,Ru,mono,Ru,10.1021/ic4031359,-1.31,-0.8853336589316961,0.4246663410683039
MLDB-003577,LOMO,Ru,mono,Ru,10.1039/c9ra02615k,-1.57,-0.06556532498843369,1.5044346750115665
MLDB-003578,LOMO,Ru,mono,Ru,10.1039/c9ra02615k,-2.82,-1.4426236059039697,1.3773763940960302
MLDB-003581,LOMO,Ru,mono,Ru,10.1002/anie.201507800,-3.54,-0.46098712425914956,3.0790128757408506
MLDB-003582,LOMO,Ru,mono,Ru,10.1002/anie.201507800,-3.05,0.7817534810171103,3.83175348101711
MLDB-003583,LOMO,Ru,mono,Ru,10.1002/anie.201507800,-1.55,1.0309745678131295,2.5809745678131293
MLDB-003584,LOMO,Ru,mono,Ru,10.1039/c7ra00658f,-0.35,-0.9770349213727386,0.6270349213727386
MLDB-003585,LOMO,Ru,mono,Ru,10.1039/c7ra00658f,0.05,-0.127760715302157,0.17776071530215698
MLDB-003586,LOMO,Ru,mono,Ru,10.1039/c7ra00658f,-0.23,-0.28649475400903224,0.05649475400903223
MLDB-003587,LOMO,Ru,mono,Ru,10.1039/c7ra00658f,-0.12,-0.09564367183461797,0.024356328165382024
MLDB-003588,LOMO,Ru,mono,Ru,10.1007/s00775-021-01901-8,-1.71,-0.91972618953273,0.79027381046727
MLDB-003589,LOMO,Ru,mono,Ru,10.1007/s00775-021-01901-8,-1.44,-0.4960561617264818,0.9439438382735181
MLDB-003590,LOMO,Ru,mono,Ru,10.1007/s00775-021-01901-8,-1.43,-0.42013071639255406,1.0098692836074459
MLDB-003591,LOMO,Ru,mono,Ru,10.1007/s00775-021-01901-8,-1.28,-0.04279324768579772,1.2372067523142023
MLDB-003592,LOMO,Ru,mono,Ru,10.1007/s00775-021-01901-8,-1.26,1.1207741516759486,2.380774151675949
MLDB-003593,LOMO,Ru,mono,Ru,10.1007/s00775-021-01901-8,-1.03,1.044760669337829,2.074760669337829
MLDB-003594,LOMO,Ru,mono,Ru,10.1007/s00775-021-01901-8,-0.43,1.1684603166801513,1.5984603166801512
MLDB-003595,LOMO,Ru,mono,Ru,10.1007/s00775-021-01901-8,-0.06,1.5412618018087625,1.6012618018087625
MLDB-003596,LOMO,Ru,mono,Ru,10.1007/s00775-021-01901-8,1.17,1.674113862702018,0.5041138627020181
MLDB-003597,LOMO,Ru,mono,Ru,10.1007/s00775-021-01901-8,1.47,1.6084712289690621,0.13847122896906217
MLDB-003598,LOMO,Ru,mono,Ru,10.1007/s00775-021-01901-8,2.72,2.142351867719148,0.577648132280852
MLDB-003599,LOMO,Ru,mono,Ru,10.1007/s00775-021-01901-8,3.21,2.018181758730837,1.191818241269163
MLDB-003600,LOMO,Ru,mono,Ru,10.1021/acs.molpharmaceut.8b01154,0.277,0.7729268555618232,0.49592685556182314
MLDB-003601,LOMO,Ru,mono,Ru,10.1021/acs.organomet.2c00290,1.06,0.7509545718706723,0.3090454281293278
MLDB-003602,LOMO,Ru,mono,Ru,10.1021/acs.organomet.2c00290,1.55,0.5265425667753302,1.02345743322467
MLDB-003603,LOMO,Ru,mono,Ru,10.1021/acs.organomet.2c00290,1.38,0.6200891331547047,0.7599108668452952
MLDB-003604,LOMO,Ru,mono,Ru,10.1021/acs.organomet.2c00290,1.27,1.030176701213575,0.23982329878642505
MLDB-003605,LOMO,Ru,mono,Ru,10.1021/acs.organomet.2c00290,1.92,0.862981302943461,1.057018697056539
MLDB-003606,LOMO,Ru,mono,Ru,10.1021/acs.organomet.2c00290,1.69,0.9421545451819154,0.7478454548180845
MLDB-003607,LOMO,Ru,mono,Ru,10.1039/c5dt04781a,0.42,-0.18070715222023848,0.6007071522202385
MLDB-003608,LOMO,Ru,mono,Ru,10.1039/c5dt04781a,0.66,0.6989141604242687,0.03891416042426865
MLDB-003609,LOMO,Ru,mono,Ru,10.1039/c5dt04781a,3.2,1.1412584425805212,2.058741557419479
MLDB-003612,LOMO,Ru,mono,Ru,10.1039/c7nj03267f,2.15,0.1459164238043133,2.0040835761956868
MLDB-003613,LOMO,Ru,mono,Ru,10.1039/c7nj03267f,-0.006,0.5439496981900557,0.5499496981900557
MLDB-003614,LOMO,Ru,mono,Ru,10.1039/c7nj03267f,-2.09,0.7522677483022528,2.8422677483022527
MLDB-003615,LOMO,Ru,mono,Ru,10.1039/c7nj03267f,0.0087,0.9557051417738993,0.9470051417738993
MLDB-003616,LOMO,Ru,mono,Ru,10.1039/c2dt32216a,1.21,0.11263192138045233,1.0973680786195477
MLDB-003617,LOMO,Ru,mono,Ru,10.1039/c2dt32216a,1.29,0.23064609881475126,1.0593539011852489
MLDB-003619,LOMO,Ru,mono,Ru,10.1039/c8dt04687e,2.58,1.2776283572066789,1.3023716427933212
MLDB-003620,LOMO,Ru,mono,Ru,10.1039/c8dt04687e,2.2,1.3689726375528048,0.8310273624471953
MLDB-003621,LOMO,Ru,mono,Ru,10.1039/c8dt04687e,2.51,1.4796434283610729,1.030356571638927
MLDB-003622,LOMO,Ru,mono,Ru,10.1039/c4dt01392a,2.26,1.241063061185361,1.0189369388146388
MLDB-003623,LOMO,Ru,mono,Ru,10.1039/c4dt01392a,0.58,1.149591572577443,0.5695915725774431
MLDB-003624,LOMO,Ru,mono,Ru,10.1039/c4dt01392a,1.31,1.19261773697782,0.11738226302218013
MLDB-003625,LOMO,Ru,mono,Ru,10.1039/c4dt01392a,1.88,1.2504485582562883,0.6295514417437116
MLDB-003626,LOMO,Ru,mono,Ru,10.1038/srep19449,-1.66,-0.13426891691264092,1.525731083087359
MLDB-003627,LOMO,Ru,mono,Ru,10.1038/srep19449,0.26,0.26926573332785936,0.009265733327859349
MLDB-003628,LOMO,Ru,mono,Ru,10.1038/srep19449,0.67,0.947949699266211,0.27794969926621094
MLDB-003629,LOMO,Ru,mono,Ru,10.1038/srep19449,1.32,1.3386600649219582,0.018660064921958153
MLDB-003630,LOMO,Ru,mono,Ru,10.1039/d0cc00472c,-0.15,-0.1264604896658708,0.023539510334129182
MLDB-003631,LOMO,Ru,mono,Ru,10.1039/d0cc00472c,0.3,0.3216924582981398,0.021692458298139816
MLDB-003632,LOMO,Ru,mono,Ru,10.1039/d0cc00472c,0.62,0.44643676012061023,0.17356323987938976
MLDB-003633,LOMO,Ru,mono,Ru,10.1039/d0cc00472c,-0.17,-0.119556278725696,0.05044372127430401
MLDB-003634,LOMO,Ru,mono,Ru,10.1039/d0cc00472c,0.17,0.448726530380184,0.278726530380184
MLDB-003635,LOMO,Ru,mono,Ru,10.1039/d0cc00472c,0.51,0.5385194843693522,0.028519484369352144
MLDB-003641,LOMO,Ru,mono,Ru,10.1039/c7nj01828b,-0.82,1.2215618819436238,2.0415618819436236
MLDB-003642,LOMO,Ru,mono,Ru,10.1039/c7nj01828b,-1.23,1.4501366574893455,2.6801366574893457
MLDB-003643,LOMO,Ru,mono,Ru,10.1039/c9dt00441f,-2.19,-0.8364730410824319,1.353526958917568
MLDB-003644,LOMO,Ru,mono,Ru,10.1039/c9dt00441f,-1.58,-0.1246854195880636,1.4553145804119365
MLDB-003645,LOMO,Ru,mono,Ru,10.1039/c9dt00441f,-1.08,-0.08330330311163017,0.9966966968883699
MLDB-003646,LOMO,Ru,mono,Ru,10.1039/c9dt00441f,1.1,1.0578756814762686,0.04212431852373144
MLDB-003647,LOMO,Ru,mono,Ru,10.1039/d2dt00666a,0.45,0.1347872890517225,0.3152127109482775
MLDB-003648,LOMO,Ru,mono,Ru,10.1039/d2dt00666a,0.69,-0.1376709499920314,0.8276709499920314
MLDB-003649,LOMO,Ru,mono,Ru,10.1039/d2dt00666a,0.87,0.33741846185430385,0.5325815381456962
MLDB-003650,LOMO,Ru,mono,Ru,10.1039/d2dt00666a,1.1,-0.017193657843658904,1.117193657843659
MLDB-003651,LOMO,Ru,mono,Ru,10.1039/d2dt00666a,0.94,0.2786910648977087,0.6613089351022913
MLDB-003652,LOMO,Ru,mono,Ru,10.1039/d0ra09418h,-0.928,1.2606132924505873,2.1886132924505874
MLDB-003653,LOMO,Ru,mono,Ru,10.1039/d0ra09418h,-0.506,1.5113323817138273,2.0173323817138273
MLDB-003654,LOMO,Ru,mono,Ru,10.1039/c9cc05962h,-3.06,-0.7567523642396184,2.3032476357603815
MLDB-003655,LOMO,Ru,mono,Ru,10.1039/c9cc05962h,-1.47,-0.5261440555893053,0.9438559444106946
MLDB-003656,LOMO,Ru,mono,Ru,10.1039/c9cc05962h,-1.12,-0.5246541495322221,0.595345850467778
MLDB-003657,LOMO,Ru,mono,Ru,10.1039/c9cc05962h,-0.33,1.2099917836826288,1.539991783682629
MLDB-003658,LOMO,Ru,mono,Ru,10.1039/d4tb02559h,0.17,0.9094308096329214,0.7394308096329214
MLDB-003659,LOMO,Ru,mono,Ru,10.1039/d4tb02559h,0.34,0.8415296036837123,0.5015296036837122
MLDB-003660,LOMO,Ru,mono,Ru,10.1039/d4tb02559h,0.3,0.9068606258706925,0.6068606258706926
MLDB-003661,LOMO,Ru,mono,Ru,10.1039/d4tb02559h,1.3,1.0108878972186195,0.28911210278138055
MLDB-003662,LOMO,Ru,mono,Ru,10.1039/d4dt03536d,0.17,0.8340310122959443,0.6640310122959443
MLDB-003663,LOMO,Ru,mono,Ru,10.1039/d4dt03536d,0.54,1.3670163377926245,0.8270163377926245
MLDB-003664,LOMO,Ru,mono,Ru,10.1039/d4dt03536d,0.11,0.18959402081937082,0.07959402081937082
MLDB-003665,LOMO,Ru,mono,Ru,10.1039/d4dt02992e,-1.5,-1.2473617582642222,0.25263824173577776
MLDB-003672,LOMO,Ru,mono,Ru,10.1039/d0dt03107k,0.69,1.018362349617496,0.3283623496174961
MLDB-003673,LOMO,Ru,mono,Ru,10.1039/d0dt03107k,0.86,1.3530534385217778,0.49305343852177785
MLDB-003674,LOMO,Ru,mono,Ru,10.1039/d0dt03107k,0.9,1.3741190179834766,0.47411901798347655
MLDB-003675,LOMO,Ru,mono,Ru,10.1039/d0dt03107k,1.4,1.3743464570531683,0.025653542946831642
MLDB-003676,LOMO,Ru,mono,Ru,10.1039/d0dt03107k,1.29,1.388705315347225,0.09870531534722504
MLDB-003677,LOMO,Ru,mono,Ru,10.1039/d0dt03107k,1.34,1.4233335415435031,0.08333354154350303
MLDB-003678,LOMO,Ru,mono,Ru,10.1039/d0dt03107k,1.32,1.4268027548087499,0.10680275480874979
MLDB-003679,LOMO,Ru,mono,Ru,10.1039/d0dt03107k,0.66,1.5739247427465133,0.9139247427465133
MLDB-003680,LOMO,Ru,mono,Ru,10.1039/d0dt03107k,0.68,1.5707297810234624,0.8907297810234623
MLDB-003681,LOMO,Ru,mono,Ru,10.1039/d0dt03107k,1.14,1.8266399657452297,0.6866399657452298
MLDB-003682,LOMO,Ru,mono,Ru,10.1039/d0dt03107k,1.07,1.8279450554338355,0.7579450554338354
MLDB-003683,LOMO,Ru,mono,Ru,10.1039/d0dt03107k,0.79,0.898180927880096,0.10818092788009592
MLDB-003684,LOMO,Ru,mono,Ru,10.1039/d0dt03107k,0.92,1.0450597353385676,0.1250597353385675
MLDB-003685,LOMO,Ru,mono,Ru,10.1039/d0dt03107k,0.93,1.6457643564789122,0.7157643564789121
MLDB-003686,LOMO,Ru,mono,Ru,10.1039/d0dt03107k,0.95,1.4116925707730303,0.4616925707730304
MLDB-003687,LOMO,Ru,mono,Ru,10.1039/d0dt03107k,0.96,1.6911958781170557,0.7311958781170558
MLDB-003688,LOMO,Ru,mono,Ru,10.1039/d0dt03107k,0.97,1.4938798659227552,0.5238798659227553
MLDB-003689,LOMO,Ru,mono,Ru,10.1039/d0dt03107k,0.99,1.606119548235236,0.616119548235236
MLDB-003690,LOMO,Ru,mono,Ru,10.1039/d0dt03107k,1.17,1.7153975605558072,0.5453975605558072
MLDB-003691,LOMO,Ru,mono,Ru,10.1039/d0dt03107k,1.19,1.4948177445494186,0.3048177445494187
MLDB-003692,LOMO,Ru,mono,Ru,10.1039/d0dt03107k,1.21,1.4812214017285474,0.2712214017285475
MLDB-003693,LOMO,Ru,mono,Ru,10.1039/d0dt03107k,1.23,1.7950320705211602,0.5650320705211602
MLDB-003694,LOMO,Ru,mono,Ru,10.1039/d0dt03107k,1.19,1.59245565914204,0.40245565914204007
MLDB-003695,LOMO,Ru,mono,Ru,10.1039/d0dt03107k,1.2,1.528654527444996,0.3286545274449961
MLDB-003696,LOMO,Ru,mono,Ru,10.1039/d0dt03107k,0.99,1.6340650475833935,0.6440650475833936
MLDB-003697,LOMO,Ru,mono,Ru,10.1039/d0dt03107k,0.92,1.5841307497887227,0.6641307497887227
MLDB-003698,LOMO,Ru,mono,Ru,10.1039/d0dt03107k,1.3,1.7551156023592391,0.4551156023592391
MLDB-003699,LOMO,Ru,mono,Ru,10.1039/d0dt03107k,1.4,1.7727158188386032,0.3727158188386033
MLDB-003700,LOMO,Ru,mono,Ru,10.1039/d0dt03107k,1.45,1.9031635562732803,0.4531635562732803
MLDB-003701,LOMO,Ru,mono,Ru,10.1039/d0dt03107k,1.34,1.9016754180709279,0.5616754180709278
MLDB-003702,LOMO,Ru,mono,Ru,10.1039/d0dt03107k,1.2,1.9174770800691143,0.7174770800691144
MLDB-003703,LOMO,Ru,mono,Ru,10.1039/d0dt03107k,1.1,1.9093247668784643,0.8093247668784642
MLDB-003704,LOMO,Ru,mono,Ru,10.1039/d0dt03107k,0.97,2.4373151515307114,1.4673151515307115
MLDB-003705,LOMO,Ru,mono,Ru,10.1039/d0dt03107k,0.92,2.4327358623239714,1.5127358623239715
MLDB-003706,LOMO,Ru,mono,Ru,10.1039/d0dt03107k,0.97,1.632001654193952,0.662001654193952
MLDB-003707,LOMO,Ru,mono,Ru,10.1039/d0dt03107k,1.17,1.7936349191281433,0.6236349191281434
MLDB-003708,LOMO,Ru,mono,Ru,10.1039/d0dt03107k,1.3,1.7381140476083132,0.4381140476083132
MLDB-003709,LOMO,Ru,mono,Ru,10.1039/d0dt03107k,1.35,1.7789664186516851,0.42896641865168506
MLDB-003710,LOMO,Ru,mono,Ru,10.1039/d0dt03107k,1.34,1.7810566403528885,0.4410566403528884
MLDB-003711,LOMO,Ru,mono,Ru,10.1039/d0dt03107k,1.07,1.7597933628292446,0.6897933628292445
MLDB-003712,LOMO,Ru,mono,Ru,10.1039/d0dt03107k,1.04,1.7245075846195148,0.6845075846195148
MLDB-003713,LOMO,Ru,mono,Ru,10.1039/d0dt03107k,0.97,1.340649840945704,0.37064984094570397
MLDB-003714,LOMO,Ru,mono,Ru,10.1039/d0dt03107k,0.99,1.7153499820731208,0.7253499820731208
MLDB-003718,LOMO,Ru,mono,Ru,10.1016/j.jinorgbio.2017.12.017,-2.4,0.12370297295944244,2.5237029729594425
MLDB-003719,LOMO,Ru,mono,Ru,10.1016/j.jinorgbio.2017.12.017,-1.4,0.36580371650690524,1.7658037165069052
MLDB-003720,LOMO,Ru,mono,Ru,10.1016/j.jinorgbio.2017.12.017,-1.6,0.164101066879336,1.764101066879336
MLDB-003721,LOMO,Ru,mono,Ru,10.1016/j.jinorgbio.2017.12.017,-1.16,0.41945889227770067,1.5794588922777006
MLDB-003722,LOMO,Ru,mono,Ru,10.1016/j.jinorgbio.2017.12.017,-1.16,0.1873198531696449,1.3473198531696449
MLDB-003723,LOMO,Ru,mono,Ru,10.1016/j.jinorgbio.2017.12.017,-0.97,0.4241959566547205,1.3941959566547204
MLDB-003748,LOMO,Ru,mono,Ru,10.1021/acs.jmedchem.4c00545,1.22,0.7292233809017755,0.49077661909822445
MLDB-003775,LOMO,Ru,mono,Ru,10.1021/acs.inorgchem.5c01556,1.46,1.0282901112260112,0.43170988877398875
MLDB-003776,LOMO,Ru,mono,Ru,10.1021/acs.inorgchem.5c01556,1.97,1.315018556040242,0.6549814439597579
MLDB-003777,LOMO,Ru,mono,Ru,10.1021/acs.inorgchem.5c01556,2.48,1.484856643951103,0.9951433560488969
MLDB-003781,LOMO,Ru,mono,Ru,10.1021/acs.inorgchem.5c01556,-0.55,-0.027844435254445764,0.5221555647455542
MLDB-003782,LOMO,Ru,mono,Ru,10.1021/acs.inorgchem.5c01556,0.04,0.14082809801850707,0.10082809801850706
MLDB-003783,LOMO,Ru,mono,Ru,10.1021/acs.inorgchem.5c01556,0.35,0.3221508464523789,0.027849153547621075
MLDB-003788,LOMO,Ru,mono,Ru,10.1021/acs.inorgchem.5c03505,0.8,1.4172899301162138,0.6172899301162138
MLDB-003789,LOMO,Ru,mono,Ru,10.1021/acs.inorgchem.5c03505,0.91,1.4039527127356088,0.4939527127356088
MLDB-003790,LOMO,Ru,mono,Ru,10.1021/acs.inorgchem.5c03505,0.57,1.109605135601907,0.539605135601907
MLDB-003791,LOMO,Ru,mono,Ru,10.1021/acs.inorgchem.5c03505,-0.66,0.29053963481494866,0.9505396348149486
MLDB-003792,LOMO,Ru,mono,Ru,10.1021/acs.inorgchem.5c03505,-0.63,-0.010614928278086785,0.6193850717219133
MLDB-003797,LOMO,Ru,mono,Ru,10.1021/acs.inorgchem.4c03975,1.28,1.1237625189032365,0.1562374810967635
MLDB-003798,LOMO,Ru,mono,Ru,10.1021/acs.inorgchem.4c03975,0.68,0.8327477993791073,0.1527477993791072
MLDB-003801,LOMO,Ru,mono,Ru,10.1016/j.jinorgbio.2023.112421,1.57,0.5755501224217401,0.99444987757826
MLDB-003802,LOMO,Ru,mono,Ru,10.1016/j.jinorgbio.2023.112421,2.63,1.3515691556797322,1.2784308443202677
MLDB-003803,LOMO,Ru,mono,Ru,10.1016/j.jinorgbio.2023.112421,2.05,1.3239626725885647,0.7260373274114351
MLDB-003804,LOMO,Ru,mono,Ru,10.1016/j.jinorgbio.2023.112421,2.03,1.0068281701458721,1.0231718298541277
MLDB-003805,LOMO,Ru,mono,Ru,10.1016/j.jinorgbio.2023.112421,1.93,0.5187468999429594,1.4112531000570405
MLDB-003806,LOMO,Ru,mono,Ru,10.1016/j.ejmech.2024.116909,-1.91,-0.6908291877676559,1.2191708122323441
MLDB-003807,LOMO,Ru,mono,Ru,10.1016/j.ejmech.2024.116909,0.35,0.9564425377296574,0.6064425377296574
MLDB-003808,LOMO,Ru,mono,Ru,10.1016/j.ejmech.2024.116909,-2.51,0.7795640144422424,3.2895640144422424
MLDB-003809,LOMO,Ru,mono,Ru,10.1016/j.ejmech.2024.116909,-1.33,0.5000076003275746,1.8300076003275747
MLDB-003810,LOMO,Ru,mono,Ru,10.1016/j.ejmech.2024.116909,0.04,0.24675420264614584,0.20675420264614583
MLDB-003811,LOMO,Ru,mono,Ru,10.1016/j.ejmech.2024.116909,0.5,0.30371443946669846,0.19628556053330154
MLDB-003812,LOMO,Ru,mono,Ru,10.1016/j.jinorgbio.2025.112960,1.79,0.9854978578614721,0.8045021421385279
MLDB-003816,LOMO,Ru,mono,Ru,10.1016/j.jinorgbio.2022.112057,2.48,2.4460369525737238,0.033963047426276205
MLDB-003817,LOMO,Ru,mono,Ru,10.1016/j.jinorgbio.2025.112873,-0.41,0.7041970044286867,1.1141970044286866
MLDB-003818,LOMO,Ru,mono,Ru,10.1016/j.jinorgbio.2025.112873,-0.11,0.480898153875306,0.590898153875306
MLDB-003819,LOMO,Ru,mono,Ru,10.1016/j.jinorgbio.2025.112873,-0.37,1.0518890779023373,1.4218890779023372
MLDB-003820,LOMO,Ru,mono,Ru,10.1016/j.jinorgbio.2025.112873,-0.06,0.7703434820479362,0.8303434820479363
MLDB-003821,LOMO,Ru,mono,Ru,10.1016/j.jinorgbio.2025.112873,-1.96,-0.7827754782031169,1.177224521796883
MLDB-003822,LOMO,Ru,mono,Ru,10.1039/d1dt01604k,0.0327,0.9611670937504104,0.9284670937504105
MLDB-003823,LOMO,Ru,mono,Ru,10.1039/d1dt01604k,-0.1001,1.0872169243646013,1.1873169243646013
MLDB-003824,LOMO,Ru,mono,Ru,10.1039/d1dt01604k,0.2105,0.677463856320057,0.466963856320057
MLDB-003825,LOMO,Ru,mono,Ru,10.1039/d1dt01604k,-0.3494,0.47772843033072077,0.8271284303307207
MLDB-003826,LOMO,Ru,mono,Ru,10.1039/d1dt01604k,0.9452,0.7925206453496678,0.15267935465033222
MLDB-003827,LOMO,Ru,mono,Ru,10.1039/d1dt01604k,0.2795,0.9686902038196881,0.689190203819688
MLDB-003828,LOMO,Ru,mono,Ru,10.1039/d1dt01604k,-0.1643,0.7382473605419035,0.9025473605419035
MLDB-003831,LOMO,Ru,mono,Ru,10.1021/acs.inorgchem.4c02583,-0.45,0.3313147274821297,0.7813147274821297
MLDB-003832,LOMO,Ru,mono,Ru,10.1021/acs.inorgchem.4c02583,-1.1,0.09729637489538427,1.1972963748953844
MLDB-003842,LOMO,Ru,mono,Ru,10.1021/acs.inorgchem.3c03471,1.23,0.6773941074315923,0.5526058925684076
MLDB-003843,LOMO,Ru,mono,Ru,10.1021/acs.inorgchem.3c03471,1.33,0.7965786629164395,0.5334213370835605
MLDB-003877,LOMO,Ru,mono,Ru,10.1002/cmdc.202300347,-2.6,-1.3935988796119534,1.2064011203880467
MLDB-003878,LOMO,Ru,mono,Ru,10.1002/cmdc.202300347,-0.3,-0.02531908937348339,0.2746809106265166
MLDB-003879,LOMO,Ru,mono,Ru,10.1002/cmdc.202300347,-1.1,0.018783353221434318,1.1187833532214344
MLDB-003880,LOMO,Ru,mono,Ru,10.1002/cmdc.202300347,0.1,1.1760123938728666,1.0760123938728665
MLDB-003881,LOMO,Ru,mono,Ru,10.1002/cmdc.202300347,0.3,1.0753295462949894,0.7753295462949894
MLDB-003882,LOMO,Ru,mono,Ru,10.1002/cmdc.202300347,-2.1,-1.3748335362268853,0.7251664637731148
MLDB-003883,LOMO,Ru,mono,Ru,10.1002/cmdc.202300347,0.6,-0.07160161190665933,0.6716016119066593
MLDB-003884,LOMO,Ru,mono,Ru,10.1002/cmdc.202300347,1.2,-0.11315293134401622,1.3131529313440162
MLDB-003885,LOMO,Ru,mono,Ru,10.1002/cmdc.202300347,0.9,1.1133014275440007,0.21330142754400072
MLDB-003886,LOMO,Ru,mono,Ru,10.1002/cmdc.202300347,1.6,1.0115296672751912,0.5884703327248089
MLDB-003896,LOMO,Ru,mono,Ru,10.1021/acsomega.3c01639,0.9268,0.7668124117740377,0.15998758822596226
MLDB-003945,LOMO,Ru,mono,Ru,10.3390/ijms222011281,0.35,0.2340265078873863,0.11597349211261368
MLDB-003946,LOMO,Ru,mono,Ru,10.3390/ijms222011281,0.45,0.2616415857677876,0.1883584142322124
MLDB-003947,LOMO,Ru,mono,Ru,10.3390/ijms222011281,0.61,0.2750214695440295,0.3349785304559705
MLDB-003948,LOMO,Ru,mono,Ru,10.3390/ijms222011281,0.61,0.36592565281104933,0.24407434718895066
MLDB-003949,LOMO,Ru,mono,Ru,10.3390/ijms222011281,0.73,0.3896199108893761,0.3403800891106239
MLDB-003950,LOMO,Ru,mono,Ru,10.3390/ijms222011281,0.78,0.4120876441853156,0.3679123558146844
MLDB-003961,LOMO,Ru,mono,Ru,10.1002/ejic.202400402,0.73,0.7614775996401237,0.031477599640123755
MLDB-003962,LOMO,Ru,mono,Ru,10.1002/ejic.202400402,-0.11,0.5951725924669208,0.7051725924669208
MLDB-003963,LOMO,Ru,mono,Ru,10.3390/molecules28104051,0.95,1.515522755882176,0.565522755882176
MLDB-003964,LOMO,Ru,mono,Ru,10.3390/molecules28104051,0.71,1.515522755882176,0.805522755882176
MLDB-003965,LOMO,Ru,mono,Ru,10.3390/molecules28104051,0.85,1.515522755882176,0.665522755882176
MLDB-003966,LOMO,Ru,mono,Ru,10.1002/chem.202301742,-0.37,0.23885048705467204,0.608850487054672
MLDB-003967,LOMO,Ru,mono,Ru,10.1002/chem.202301742,0.03,0.5110426916676668,0.4810426916676668
MLDB-003968,LOMO,Ru,mono,Ru,10.1002/chem.202301742,0.35,0.5942270517733016,0.24422705177330162
MLDB-003969,LOMO,Ru,mono,Ru,10.31635/ccschem.022.202202074,-0.24,-0.6596865791753933,0.4196865791753933
MLDB-003970,LOMO,Ru,mono,Ru,10.31635/ccschem.022.202202074,-1.3,-0.2699639839980455,1.0300360160019546
MLDB-003971,LOMO,Ru,mono,Ru,10.31635/ccschem.022.202202074,-1.5,-0.5807427450460209,0.9192572549539791
MLDB-003975,LOMO,Ru,mono,Ru,10.1002/aoc.6512,0.92,0.5904583989436721,0.3295416010563279
MLDB-003976,LOMO,Ru,mono,Ru,10.1002/aoc.6512,1.1,0.6333109333160587,0.4666890666839414
MLDB-003977,LOMO,Ru,mono,Ru,10.1002/aoc.6512,1.45,0.6639738229058241,0.7860261770941759
MLDB-003978,LOMO,Ru,mono,Ru,10.1002/aoc.6512,1.21,0.8893423618544977,0.3206576381455023
MLDB-003979,LOMO,Ru,mono,Ru,10.1002/aoc.6512,1.63,0.8027645674484076,0.8272354325515923
MLDB-003980,LOMO,Ru,mono,Ru,10.1002/aoc.6512,1.87,0.8442251400319618,1.0257748599680383
MLDB-004055,LOMO,Ru,mono,Ru,10.1021/acs.jmedchem.5c02400,-0.5197,0.5993278882712039,1.119027888271204
MLDB-004077,LOMO,Ru,mono,Ru,10.1021/acs.jmedchem.4c00624,-1.12,-0.18759848528079218,0.932401514719208
MLDB-004078,LOMO,Ru,multi,Ru,10.1021/acs.jmedchem.4c00624,0.2,0.0003855505315185515,0.19961444946848145
MLDB-004099,LOMO,Ru,mono,Ru,10.1039/d3dt01696j,-0.96,0.3284136388759587,1.2884136388759586
MLDB-004101,LOMO,Ru,mono,Ru,10.1039/d3dt01696j,-0.03,0.45329039638934165,0.4832903963893417
MLDB-004103,LOMO,Ru,mono,Ru,10.1039/d3dt01667f,0.0629,0.9041697902056972,0.8412697902056973
MLDB-004109,LOMO,Ru,mono,Ru,10.1039/d3dt02940a,0.3,1.1774978731398102,0.8774978731398102
MLDB-004110,LOMO,Ru,mono,Ru,10.1021/acs.inorgchem.3c03216,-1.853,-1.4926639728948372,0.36033602710516277
MLDB-004111,LOMO,Ru,mono,Ru,10.1021/acs.inorgchem.3c03216,-1.524,-1.7124377374137432,0.18843773741374314
MLDB-004112,LOMO,Ru,mono,Ru,10.1021/acs.inorgchem.3c03216,-0.81,-0.6319522890912314,0.1780477109087687
MLDB-004113,LOMO,Ru,mono,Ru,10.1021/acs.inorgchem.3c03216,-0.212,-0.10434992497541667,0.10765007502458332
MLDB-004114,LOMO,Ru,mono,Ru,10.1021/acs.inorgchem.3c03216,0.772,0.801578691861741,0.029578691861741002
MLDB-004115,LOMO,Ru,mono,Ru,10.1093/nsr/nwae234,-2.01,0.5245670958369673,2.534567095836967
MLDB-004116,LOMO,Ru,mono,Ru,10.1093/nsr/nwae234,-0.36,0.6801610288506428,1.0401610288506427
MLDB-004117,LOMO,Ru,mono,Ru,10.1093/nsr/nwae234,1.96,1.53097190720792,0.42902809279208
MLDB-004118,LOMO,Ru,mono,Ru,10.1093/nsr/nwae234,-0.1,0.24633873220547292,0.34633873220547295
MLDB-004119,LOMO,Ru,mono,Ru,10.1093/nsr/nwae234,0.74,0.48044119437350596,0.259558805626494
MLDB-004120,LOMO,Ru,mono,Ru,10.1093/nsr/nwae234,3.17,1.5559544424252691,1.6140455575747308
MLDB-004121,LOMO,Ru,mono,Ru,10.1093/nsr/nwae234,0.41,0.4529088976572219,0.042908897657221945
MLDB-004122,LOMO,Ru,mono,Ru,10.1093/nsr/nwae234,3.43,0.9374876505637151,2.492512349436285
MLDB-004123,LOMO,Ru,mono,Ru,10.1093/nsr/nwae234,3.59,1.5107032644839318,2.079296735516068
MLDB-004124,LOMO,Ru,mono,Ru,10.1021/acs.inorgchem.3c00736,-0.7,-0.06280992780893789,0.637190072191062
MLDB-004125,LOMO,Ru,mono,Ru,10.1021/acs.inorgchem.3c00736,-0.7,0.3654152651865011,1.065415265186501
MLDB-004126,LOMO,Ru,mono,Ru,10.1021/acs.inorgchem.3c00736,0.1,0.7337652950129209,0.6337652950129209
MLDB-004127,LOMO,Ru,mono,Ru,10.1021/acs.inorgchem.3c00736,0.2,1.2535197839593488,1.0535197839593489
MLDB-004139,LOMO,Ru,mono,Ru,10.1039/d0cc01148g,1.36,1.0598368578441482,0.30016314215585194
MLDB-004140,LOMO,Ru,mono,Ru,10.1039/d0cc01148g,0.95,1.386527941207798,0.43652794120779803
MLDB-004141,LOMO,Ru,mono,Ru,10.1039/d0cc01148g,-0.2,1.2926918953391897,1.4926918953391897
MLDB-004142,LOMO,Ru,mono,Ru,10.1039/d0cc01148g,0.03,1.2526763246009551,1.222676324600955
MLDB-004149,LOMO,Ru,mono,Ru,10.1134/s1070363220120385,1.01,0.0015076483513973686,1.0084923516486026
MLDB-004150,LOMO,Ru,mono,Ru,10.1134/s1070363220120385,0.88,-0.6159704993436879,1.495970499343688
MLDB-004151,LOMO,Ru,mono,Ru,10.1134/s1070363220120385,0.98,0.3537023981855872,0.6262976018144129
MLDB-004162,LOMO,Ru,mono,Ru,10.1021/acs.inorgchem.2c02214,2.52,1.8272728451833098,0.6927271548166902
MLDB-004163,LOMO,Ru,mono,Ru,10.1021/acs.inorgchem.2c02214,0.06,0.42080082091051824,0.36080082091051824
MLDB-004164,LOMO,Ru,mono,Ru,10.1021/acs.inorgchem.2c02214,2.1,1.139916916587362,0.9600830834126381
MLDB-004165,LOMO,Ru,mono,Ru,10.1021/acs.inorgchem.2c02214,1.54,0.4821178271517154,1.0578821728482846
MLDB-004166,LOMO,Ru,mono,Ru,10.1021/acs.inorgchem.2c02214,-0.78,1.6810481850677743,2.4610481850677743
MLDB-004167,LOMO,Ru,mono,Ru,10.1021/acs.inorgchem.2c02214,-1.08,0.2532296556385755,1.3332296556385757
MLDB-004168,LOMO,Ru,mono,Ru,10.1021/acs.inorgchem.2c02214,-0.25,1.0341641513214206,1.2841641513214206
MLDB-004169,LOMO,Ru,mono,Ru,10.1021/acs.inorgchem.2c02214,-0.88,0.3603530491204878,1.240353049120488
MLDB-004312,LOMO,Ru,mono,Ru,10.1039/d5sc05555e,2.7,1.0268383027001573,1.6731616972998429
MLDB-004313,LOMO,Ru,mono,Ru,10.1039/d5sc05555e,2.2,1.5140731431727352,0.685926856827265
MLDB-004314,LOMO,Ru,mono,Ru,10.1039/d5sc05555e,2.4,1.4962012245458614,0.9037987754541386
MLDB-004320,LOMO,Ru,mono,Ru,10.1155/bca/8899727,0.06,0.36916252617077866,0.30916252617077866
MLDB-004360,LOMO,Ru,mono,Ru,10.1007/s10534-019-00210-7,-2.1,-0.7775261513568753,1.3224738486431247
MLDB-004361,LOMO,Ru,mono,Ru,10.1007/s10534-019-00210-7,-0.6,-0.457455456841102,0.14254454315889797
MLDB-004368,LOMO,Ru,mono,Ru,10.1016/j.jinorgbio.2022.112110,-0.8,-0.28791130527099945,0.5120886947290006
MLDB-004369,LOMO,Ru,mono,Ru,10.1016/j.jinorgbio.2022.112110,-0.05,-0.3442659279445464,0.2942659279445464
MLDB-004370,LOMO,Ru,mono,Ru,10.1016/j.jinorgbio.2022.112110,0.7,-0.03981945157048742,0.7398194515704873
MLDB-004371,LOMO,Ru,mono,Ru,10.1016/j.jinorgbio.2022.112110,0.5,0.12197885649331892,0.3780211435066811
MLDB-004372,LOMO,Ru,mono,Ru,10.1016/j.jinorgbio.2022.112110,1.3,0.44777627664128955,0.8522237233587104
MLDB-004374,LOMO,Ru,mono,Ru,10.1016/j.jphotochem.2025.116897,1.21,1.3093016821704087,0.09930168217040869
MLDB-004375,LOMO,Ru,mono,Ru,10.1016/j.jphotochem.2025.116897,0.32,1.1089160439973769,0.7889160439973768
MLDB-004376,LOMO,Ru,mono,Ru,10.1002/chem.202501492,0.07,0.5873725723709772,0.5173725723709772
MLDB-004377,LOMO,Ru,mono,Ru,10.1002/chem.202501492,0.34,0.5087889474307223,0.1687889474307223
MLDB-004378,LOMO,Ru,mono,Ru,10.1002/chem.202501492,-0.66,0.21475499423378355,0.8747549942337836
MLDB-004379,LOMO,Ru,mono,Ru,10.1002/chem.202501492,-0.72,0.24563414313587748,0.9656341431358775
MLDB-004384,LOMO,Ru,mono,Ru,10.1039/d6dt00689b,-0.1,1.5501064196766203,1.6501064196766204
MLDB-004385,LOMO,Ru,mono,Ru,10.1039/d6dt00689b,-0.01,1.536905961798201,1.546905961798201
MLDB-004386,LOMO,Ru,mono,Ru,10.1039/d6dt00689b,1.04,1.0753295462949894,0.03532954629498941
MLDB-004387,LOMO,Ru,mono,Ru,10.1016/j.cbi.2025.111842,-1.5,0.28600779234708235,1.7860077923470823
MLDB-004388,LOMO,Ru,mono,Ru,10.1016/j.cbi.2025.111842,0.13,-0.08201292609347813,0.21201292609347813
MLDB-004389,LOMO,Ru,mono,Ru,10.1016/j.cbi.2025.111842,1.39,0.4815135391827352,0.9084864608172647
MLDB-004390,LOMO,Ru,mono,Ru,10.1039/d5ra05336f,-0.93,-0.18798735591728163,0.7420126440827184
MLDB-004391,LOMO,Ru,mono,Ru,10.1039/d5ra05336f,-0.77,0.17916920679770737,0.9491692067977073
MLDB-004392,LOMO,Ru,mono,Ru,10.1039/d5ra05336f,-0.96,0.4279033866355895,1.3879033866355894
MLDB-004393,LOMO,Ru,mono,Ru,10.1039/d5ra05336f,-1.2,0.042060489468712915,1.2420604894687128
MLDB-004394,LOMO,Ru,mono,Ru,10.1039/d5ra08313c,-0.78,0.34301968881712336,1.1230196888171233
MLDB-004395,LOMO,Ru,mono,Ru,10.1039/d5ra08313c,-0.06,0.2158268958440119,0.2758268958440119
MLDB-004396,LOMO,Ru,mono,Ru,10.1039/d5ra08313c,0.36,0.5594001571063923,0.19940015710639236
MLDB-004397,LOMO,Ru,mono,Ru,10.1039/d5ra08313c,1.76,1.399619317153766,0.3603806828462339
MLDB-004398,LOMO,Ru,mono,Ru,10.1039/d5ra08313c,1.03,1.1066580769616072,0.0766580769616072
MLDB-004399,LOMO,Ru,mono,Ru,10.1007/s00775-025-02122-z,-0.439,0.2662554962551448,0.7052554962551447
MLDB-004400,LOMO,Ru,mono,Ru,10.1007/s00775-025-02122-z,-0.733,-0.257443392452704,0.475556607547296
MLDB-004401,LOMO,Ru,mono,Ru,10.1021/acs.inorgchem.5c03244,-2.0,-1.4586019077209993,0.5413980922790007
MLDB-004402,LOMO,Ru,mono,Ru,10.1021/acs.inorgchem.5c03244,-1.35,-1.023722669169474,0.326277330830526
MLDB-004403,LOMO,Ru,mono,Ru,10.1021/acs.inorgchem.5c03244,-0.36,-0.11266152454215794,0.24733847545784204
MLDB-004404,LOMO,Ru,mono,Ru,10.1021/acs.inorgchem.5c03244,-0.18,-0.08016734613071727,0.09983265386928272
MLDB-004405,LOMO,Ru,mono,Ru,10.1021/acs.inorgchem.5c03244,0.36,0.2438671132730654,0.11613288672693459
MLDB-004406,LOMO,Ru,mono,Ru,10.1021/acs.inorgchem.5c03244,0.77,1.5362422089855674,0.7662422089855674
MLDB-004407,LOMO,Ru,mono,Ru,10.1021/acs.inorgchem.5c03244,1.69,1.5624225166020287,0.12757748339797126
MLDB-004408,LOMO,Ru,mono,Ru,10.1021/acs.inorgchem.5c03244,1.67,1.9187978398690684,0.24879783986906845
MLDB-004409,LOMO,Ru,mono,Ru,10.1016/j.jinorgbio.2016.02.020,1.3,1.448777501420831,0.14877750142083102
MLDB-004410,LOMO,Ru,mono,Ru,10.1016/j.jinorgbio.2016.02.020,1.33,1.395849796639612,0.06584979663961188
MLDB-004411,LOMO,Ru,mono,Ru,10.1016/j.jinorgbio.2016.02.020,1.14,1.1731187259109583,0.033118725910958435
MLDB-004412,LOMO,Ru,mono,Ru,10.1016/j.jinorgbio.2016.02.020,1.23,1.0670293013523637,0.16297069864763625
MLDB-004413,LOMO,Ru,mono,Ru,10.1016/j.jinorgbio.2016.02.020,1.06,1.091949095029087,0.03194909502908705
MLDB-004414,LOMO,Ru,mono,Ru,10.1016/j.jinorgbio.2016.02.020,1.32,1.1830768921392512,0.1369231078607489
MLDB-004415,LOMO,Ru,mono,Ru,10.1016/j.jinorgbio.2016.02.020,1.45,1.1116857622423777,0.33831423775762226
MLDB-004416,LOMO,Ru,mono,Ru,10.1016/j.jinorgbio.2016.02.020,1.08,0.5929676066207351,0.48703239337926496
MLDB-004417,LOMO,Ru,mono,Ru,10.1016/j.jinorgbio.2016.02.020,1.2,0.7505176342891501,0.4494823657108499
MLDB-004418,LOMO,Ru,mono,Ru,10.1016/j.jinorgbio.2016.02.020,1.11,0.7217382973647736,0.3882617026352265
MLDB-004419,LOMO,Ru,mono,Ru,10.1016/j.jinorgbio.2016.02.020,0.98,1.2213618546014877,0.24136185460148774
MLDB-004420,LOMO,Ru,mono,Ru,10.1016/j.jinorgbio.2016.02.020,1.04,0.921053765780037,0.11894623421996309
MLDB-004421,LOMO,Ru,mono,Ru,10.1016/j.jinorgbio.2016.02.020,1.02,0.7199039554760008,0.3000960445239992
MLDB-004422,LOMO,Ru,mono,Ru,10.1016/j.jinorgbio.2016.02.020,1.18,0.7886449888296926,0.39135501117030735
MLDB-004423,LOMO,Ru,mono,Ru,10.1016/j.jinorgbio.2016.02.020,0.87,0.8276772878650995,0.042322712134900464
MLDB-004424,LOMO,Ru,mono,Ru,10.1016/j.jinorgbio.2016.02.020,1.1,0.9850460064259475,0.11495399357405256
MLDB-004425,LOMO,Ru,mono,Ru,10.1016/j.jinorgbio.2016.02.020,1.15,0.8799766321984794,0.2700233678015205
MLDB-004426,LOMO,Ru,mono,Ru,10.1016/j.jinorgbio.2016.02.020,0.89,0.7858188216639964,0.1041811783360036
MLDB-004427,LOMO,Ru,mono,Ru,10.1016/j.jinorgbio.2016.02.020,0.95,0.7684890284114878,0.18151097158851215
MLDB-004428,LOMO,Ru,mono,Ru,10.1016/j.jinorgbio.2016.02.020,1.01,1.080044688644925,0.07004468864492508
MLDB-004429,LOMO,Ru,mono,Ru,10.1016/j.jinorgbio.2016.02.020,0.99,0.988015477424206,0.0019845225757939566
MLDB-004430,LOMO,Ru,mono,Ru,10.1016/j.jinorgbio.2016.02.020,0.81,0.8817400217414202,0.07174002174142013
MLDB-004431,LOMO,Ru,mono,Ru,10.1016/j.jinorgbio.2016.02.020,0.83,0.778232364569275,0.051767635430724934
MLDB-004432,LOMO,Ru,mono,Ru,10.1021/acs.jmedchem.5c01371,0.82,0.4547492868879548,0.36525071311204516
MLDB-004433,LOMO,Ru,mono,Ru,10.1021/acs.jmedchem.5c01371,1.27,0.8529928515288859,0.4170071484711141
MLDB-004434,LOMO,Ru,mono,Ru,10.1021/acs.jmedchem.5c01371,1.0,0.2814106359974638,0.7185893640025363
MLDB-004435,LOMO,Ru,mono,Ru,10.1021/acs.jmedchem.5c01371,1.13,0.1570404852635682,0.9729595147364317
MLDB-004436,LOMO,Ru,mono,Ru,10.1021/acs.jmedchem.5c01371,1.42,0.5877120529867884,0.8322879470132115
MLDB-004437,LOMO,Ru,mono,Ru,10.1021/acs.jmedchem.5c01371,1.82,1.3553866163295913,0.4646133836704087
MLDB-004438,LOMO,Ru,mono,Ru,10.1021/acs.jmedchem.5c01371,2.21,1.2457852591914975,0.9642147408085024
MLDB-004439,LOMO,Ru,mono,Ru,10.1021/acs.jmedchem.5c01371,1.61,1.0746723892099233,0.5353276107900768
MLDB-004440,LOMO,Ru,mono,Ru,10.1021/acs.jmedchem.5c01371,1.89,0.9821415857716479,0.907858414228352
MLDB-004441,LOMO,Ru,mono,Ru,10.1016/j.jinorgbio.2025.113080,1.02,0.4664745489418893,0.5535254510581107
MLDB-004442,LOMO,Ru,mono,Ru,10.1016/j.jinorgbio.2025.113080,1.21,0.6196921104604259,0.590307889539574
MLDB-004443,LOMO,Ru,mono,Ru,10.1002/smll.202503986,0.2759,1.0625385440718642,0.7866385440718642
MLDB-004444,LOMO,Ru,mono,Ru,10.1002/smll.202503986,-0.02381,1.0133093373261237,1.0371193373261238
MLDB-004445,LOMO,Ru,mono,Ru,10.1002/smll.202503986,-0.61603,1.0829822238160154,1.6990122238160152
MLDB-004446,LOMO,Ru,mono,Ru,10.1002/smll.202503986,-0.46199,1.0625385440718642,1.5245285440718641
MLDB-004447,LOMO,Ru,mono,Ru,10.1002/smll.202503986,-0.567,1.0140988509860502,1.5810988509860502
MLDB-004448,LOMO,Ru,mono,Ru,10.1002/smll.202503986,-0.81574,1.1294870438124518,1.945227043812452
MLDB-004449,LOMO,Ru,mono,Ru,10.1002/smll.202503986,-0.2077,1.122407494731715,1.330107494731715
MLDB-004450,LOMO,Ru,mono,Ru,10.1002/smll.202503986,-0.43192,1.1689565046591208,1.600876504659121
MLDB-004451,LOMO,Ru,mono,Ru,10.1002/smll.202503986,-0.71609,1.3044597585682647,2.0205497585682646
MLDB-004452,LOMO,Ru,mono,Ru,10.1002/smll.202503986,-0.20022,1.0490059513033692,1.2492259513033692
MLDB-004453,LOMO,Ru,mono,Ru,10.1002/smll.202503986,0.267763,1.7453821300501817,1.4776191300501818
MLDB-004454,LOMO,Ru,mono,Ru,10.1016/j.jinorgbio.2026.113247,1.63,0.8917553117018979,0.738244688298102
MLDB-004455,LOMO,Ru,mono,Ru,10.1016/j.jinorgbio.2026.113247,1.48,1.0193666426233219,0.4606333573766781
MLDB-004456,LOMO,Ru,mono,Ru,10.3390/biom15040475,-1.9,-0.37104180329382763,1.5289581967061723
MLDB-004457,LOMO,Ru,mono,Ru,10.3390/biom15040475,-0.99,0.26844756866810915,1.2584475686681091
MLDB-004458,LOMO,Ru,mono,Ru,10.3390/biom15040475,-0.74,0.2379829991630846,0.9779829991630846
MLDB-004459,LOMO,Ru,mono,Ru,10.3390/biom15040475,-0.55,0.11299648963141078,0.6629964896314108
MLDB-004460,LOMO,Ru,mono,Ru,10.3390/biom15040475,0.84,0.9217627712367096,0.08176277123670961
MLDB-004461,LOMO,Ru,mono,Ru,10.1039/d5dt00256g,1.67,-0.059773253615066683,1.7297732536150665
MLDB-004462,LOMO,Ru,mono,Ru,10.1021/acs.jmedchem.5c02644,0.62,-1.1411821058828258,1.7611821058828259
MLDB-004463,LOMO,Ru,mono,Ru,10.1021/acs.jmedchem.5c02644,0.69,-0.26295114725801605,0.952951147258016
MLDB-004464,LOMO,Ru,mono,Ru,10.1021/acs.jmedchem.5c02644,0.51,-0.5286031297471985,1.0386031297471985
MLDB-004465,LOMO,Ru,mono,Ru,10.1021/acs.jmedchem.5c02644,0.82,0.4187249692036117,0.40127503079638827
MLDB-004466,LOMO,Ru,mono,Ru,10.1016/j.jinorgbio.2025.113044,2.42,1.3923696100093472,1.0276303899906527
MLDB-004467,LOMO,Ru,mono,Ru,10.1016/j.jinorgbio.2025.113044,2.07,1.656756471146004,0.41324352885399573
MLDB-004468,LOMO,Ru,multi,Ru,10.1021/acsomega.5c07975,0.603,1.8963905332003403,1.2933905332003404
MLDB-004469,LOMO,Ru,multi,Ru,10.1021/acsomega.5c07975,1.133,1.3837755948137045,0.2507755948137045
MLDB-004470,LOMO,Ru,mono,Ru,10.1021/acs.jmedchem.5c00790,0.15,0.7787973973508203,0.6287973973508203
MLDB-004471,LOMO,Ru,mono,Ru,10.1021/acs.jmedchem.5c00790,-0.33,0.8765285566846723,1.2065285566846724
MLDB-004472,LOMO,Ru,mono,Ru,10.1021/acs.jmedchem.5c00790,-0.11,1.180975678448595,1.290975678448595
MLDB-004473,LOMO,Ru,mono,Ru,10.1021/acs.jmedchem.5c00790,0.09,1.133731179030199,1.0437311790301989
MLDB-004474,LOMO,Ru,mono,Ru,10.1021/acs.jmedchem.5c00790,0.048,0.877660111764807,0.8296601117648069
MLDB-004475,LOMO,Ru,mono,Ru,10.1021/acs.jmedchem.5c00790,0.16,1.001535994191016,0.841535994191016
MLDB-004476,LOMO,Ru,mono,Ru,10.1021/acs.jmedchem.5c00790,-0.68,0.7175602821078775,1.3975602821078774
MLDB-004477,LOMO,Ru,mono,Ru,10.1021/acs.jmedchem.5c00790,-0.37,0.8390734642552291,1.209073464255229
MLDB-004478,LOMO,Ru,mono,Ru,10.1021/acs.jmedchem.5c00790,-1.63,0.9538801235369928,2.583880123536993
MLDB-004479,LOMO,Ru,mono,Ru,10.1021/acs.jmedchem.5c00790,-0.48,0.8917350499770396,1.3717350499770395
MLDB-004480,LOMO,Ru,mono,Ru,10.1021/acs.jmedchem.5c00790,-0.36,1.0924577512177818,1.4524577512177816
MLDB-004481,LOMO,Ru,mono,Ru,10.1021/acs.jmedchem.5c00790,-1.48,1.0389342028422097,2.5189342028422095
MLDB-004482,LOMO,Ru,mono,Ru,10.1021/acs.jmedchem.5c00790,-0.34,1.4478960363229727,1.7878960363229728
MLDB-004483,LOMO,Ru,mono,Ru,10.1021/acs.jmedchem.5c00790,-1.26,1.4924360583677394,2.7524360583677394
MLDB-004484,LOMO,Ru,mono,Ru,10.1021/acs.jmedchem.5c00790,-0.55,1.142442867619796,1.692442867619796
MLDB-004485,LOMO,Ru,mono,Ru,10.1021/acs.jmedchem.5c00790,-1.33,1.124472930159228,2.454472930159228
MLDB-004486,LOMO,Ru,mono,Ru,10.1021/acs.jmedchem.5c00790,-1.02,1.029478733486826,2.049478733486826
MLDB-004487,LOMO,Ru,mono,Ru,10.1021/acs.jmedchem.5c00790,-1.35,1.1029382474855367,2.4529382474855366
MLDB-004488,LOMO,Ru,mono,Ru,10.1021/acs.jmedchem.5c00790,-1.02,1.280216694872072,2.3002166948720717
MLDB-004489,LOMO,Ru,mono,Ru,10.1021/acs.jmedchem.5c00790,-3.06,1.3025027958550188,4.362502795855018
MLDB-004490,LOMO,Ru,mono,Ru,10.1016/j.inoche.2025.115038,-1.0074,0.6512669511217378,1.658666951121738
MLDB-004491,LOMO,Ru,mono,Ru,10.1016/j.inoche.2025.115038,-1.7194,1.0138956887943131,2.733295688794313
MLDB-004492,LOMO,Ru,mono,Ru,10.1021/acs.jmedchem.5c01643,-0.264,0.8577238508531801,1.1217238508531802
MLDB-004493,LOMO,Ru,mono,Ru,10.1021/acs.jmedchem.5c01643,0.062,0.7583616536017692,0.6963616536017692
MLDB-004494,LOMO,Ru,mono,Ru,10.1021/acs.jmedchem.5c01643,-0.96,0.8518091771156263,1.8118091771156264
MLDB-004495,LOMO,Ru,mono,Ru,10.1021/acs.jmedchem.5c01643,-1.78,-0.1543568833339908,1.6256431166660092
MLDB-004496,LOMO,Ru,mono,Ru,10.1021/acs.jmedchem.5c01643,-0.732,0.658907184329926,1.3909071843299259
MLDB-004497,LOMO,Ru,multi,Ru,10.1002/aoc.70133,-0.82,-0.4253687697226178,0.3946312302773822
MLDB-004498,LOMO,Ru,multi,Ru,10.1002/aoc.70133,0.78,-0.0063827048095459185,0.786382704809546
MLDB-004500,LOMO,Ru,multi,Ru,10.1002/aoc.70133,-1.1,-0.22701867431053102,0.8729813256894691
MLDB-004501,LOMO,Ru,multi,Ru,10.1002/aoc.70133,-0.77,-0.09173910510854738,0.6782608948914526
MLDB-004502,LOMO,Ru,mono,Ru,10.1021/acs.jmedchem.5c02210,1.33,1.2080389944693088,0.12196100553069122
MLDB-004506,LOMO,Ru,multi,Ru,10.1002/aoc.70146,1.64,1.8213253409320778,0.18132534093207786
MLDB-004507,LOMO,Ru,multi,Ru,10.1002/aoc.70146,2.23,1.7743025604131422,0.4556974395868578
MLDB-004508,LOMO,Ru,multi,Ru,10.1002/aoc.70146,1.93,1.6992790061306822,0.23072099386931777
MLDB-004516,LOMO,Ru,multi,Ru,10.1002/cbic.202500057,1.64,1.8674351951948274,0.22743519519482747
MLDB-004517,LOMO,Ru,multi,Ru,10.1002/cbic.202500057,2.23,1.598504415093923,0.631495584906077
MLDB-004518,LOMO,Ru,multi,Ru,10.1002/cbic.202500057,1.93,1.6698270566183766,0.26017294338162333
MLDB-004519,LOMO,Ru,mono,Ru,10.1021/acs.jmedchem.5c02006,-0.42,-0.18932338740087082,0.23067661259912917
MLDB-004520,LOMO,Ru,mono,Ru,10.1021/acs.jmedchem.5c02006,0.62,0.3774149986531422,0.2425850013468578
MLDB-004521,LOMO,Ru,mono,Ru,10.1021/acs.jmedchem.5c02006,1.72,0.7660837486074091,0.9539162513925908
MLDB-004522,LOMO,Ru,mono,Ru,10.1021/acs.inorgchem.5c04797,0.57,-0.3253817289182277,0.8953817289182276
MLDB-004523,LOMO,Ru,mono,Ru,10.1021/acs.inorgchem.5c04797,0.62,-0.03714120433134015,0.6571412043313402
MLDB-004524,LOMO,Ru,mono,Ru,10.1021/acs.inorgchem.5c04797,0.52,0.20207349811539144,0.3179265018846086
MLDB-004525,LOMO,Ru,mono,Ru,10.1021/acs.inorgchem.5c04797,1.03,1.6777197157500212,0.6477197157500212
MLDB-004526,LOMO,Ru,mono,Ru,10.1002/chem.202502095,1.17,0.68490490907512,0.4850950909248799
MLDB-004533,LOMO,Ru,mono,Ru,10.1039/d3dt04138g,0.88,0.9614769140313872,0.08147691403138724
MLDB-004534,LOMO,Ru,mono,Ru,10.1039/d3dt04138g,2.06,1.322418869821868,0.7375811301781321
MLDB-004537,LOMO,Ru,mono,Ru,10.1039/d3dt04138g,1.48,1.2540203679856492,0.22597963201435078
MLDB-004538,LOMO,Ru,mono,Ru,10.1039/d3dt04138g,2.61,1.6349053501069055,0.9750946498930944
MLDB-004541,LOMO,Ru,mono,Ru,10.1039/d3dt04138g,1.96,1.4367737763938881,0.5232262236061118
MLDB-004542,LOMO,Ru,mono,Ru,10.1039/d3dt04138g,3.02,1.817658758515144,1.202341241484856
MLDB-004543,LOMO,Ru,mono,Ru,10.1016/j.bioorg.2025.108213,0.97,0.8189755187164401,0.15102448128355983
MLDB-004544,LOMO,Ru,mono,Ru,10.1016/j.bioorg.2025.108213,0.37,0.8935752222422596,0.5235752222422596
MLDB-004545,LOMO,Ru,mono,Ru,10.1016/j.bioorg.2025.108213,0.43,0.842368617239053,0.412368617239053
MLDB-004546,LOMO,Ru,mono,Ru,10.1016/j.jinorgbio.2025.113134,-1.14,1.2611461439848812,2.401146143984881
MLDB-004547,LOMO,Ru,mono,Ru,10.1016/j.jinorgbio.2025.113134,0.14,1.4508258312386415,1.3108258312386414
MLDB-004548,LOMO,Ru,mono,Ru,10.1039/d5sc03778f,1.33,1.3756899204268884,0.04568992042688835
MLDB-004550,LOMO,Ru,mono,Ru,10.1016/j.jinorgbio.2025.113056,-0.36,0.028563667410883176,0.38856366741088316
MLDB-004551,LOMO,Ru,mono,Ru,10.1016/j.jinorgbio.2025.113056,0.94,1.3463694772756525,0.40636947727565254
MLDB-004552,LOMO,Ru,mono,Ru,10.1021/acs.inorgchem.5c04859,-1.26,-0.36709542820748076,0.8929045717925193
MLDB-004553,LOMO,Ru,mono,Ru,10.1021/acs.inorgchem.5c04859,-1.47,-0.6144389388346265,0.8555610611653734
MLDB-004554,LOMO,Ru,mono,Ru,10.1021/acs.inorgchem.5c04859,-0.19,-0.5706986994881876,0.38069869948818763
MLDB-004555,LOMO,Ru,mono,Ru,10.1021/acs.inorgchem.5c04859,-0.32,-0.8582431564124262,0.5382431564124261
MLDB-004562,LOMO,Ru,multi,Ru,10.1002/aoc.7574,1.23,1.4243698789100607,0.19436987891006074
MLDB-004563,LOMO,Ru,multi,Ru,10.1002/aoc.7574,1.53,1.2650579373497604,0.2649420626502397
MLDB-004564,LOMO,Ru,multi,Ru,10.1002/aoc.7574,1.86,1.311274926129799,0.5487250738702012
MLDB-004565,LOMO,Ru,mono,Ru,10.1002/anie.202405679,0.63,0.17574544583321264,0.4542545541667874
MLDB-004566,LOMO,Ru,mono,Ru,10.1002/anie.202405679,0.8,1.0348512315070266,0.23485123150702658
MLDB-004567,LOMO,Ru,mono,Ru,10.1002/anie.202405679,0.37,1.1837738546354994,0.8137738546354994
MLDB-004568,LOMO,Ru,multi,Ru,10.1021/acsami.4c11650,-0.269,1.3148742240991915,1.5838742240991914
MLDB-004569,LOMO,Ru,multi,Ru,10.1021/acsami.4c11650,-0.1214,0.9230739547662581,1.044473954766258
MLDB-004570,LOMO,Ru,multi,Ru,10.1021/acsami.4c11650,0.0094,1.6825518160988229,1.6731518160988228
MLDB-004571,LOMO,Ru,multi,Ru,10.1021/acsami.4c11650,0.0434,1.7621480060877959,1.7187480060877958
MLDB-004572,LOMO,Ru,mono,Ru,10.1016/j.jinorgbio.2024.112517,0.066,-0.319333793253177,0.385333793253177
MLDB-004573,LOMO,Ru,mono,Ru,10.1016/j.jinorgbio.2024.112517,0.641,0.7284439789593734,0.08744397895937339
MLDB-004574,LOMO,Ru,mono,Ru,10.1016/j.jinorgbio.2024.112517,0.683,-0.09757031006037632,0.7805703100603764
MLDB-004575,LOMO,Ru,mono,Ru,10.1016/j.jinorgbio.2024.112517,1.003,1.0025112865986312,0.00048871340136869
MLDB-004577,LOMO,Ru,mono,Ru,10.1016/j.jinorgbio.2024.112703,-0.11,0.11013895379256593,0.22013895379256593
MLDB-004578,LOMO,Ru,mono,Ru,10.1016/j.jinorgbio.2024.112703,-0.25,-0.012708953591297981,0.23729104640870202
MLDB-004579,LOMO,Ru,mono,Ru,10.1016/j.jinorgbio.2023.112424,0.126,-0.7678770598034886,0.8938770598034886
MLDB-004580,LOMO,Ru,mono,Ru,10.1016/j.jinorgbio.2023.112424,-0.371,-0.8769646976038173,0.5059646976038173
MLDB-004581,LOMO,Ru,mono,Ru,10.1016/j.jinorgbio.2023.112424,-0.49,-0.8719062304269862,0.38190623042698624
MLDB-004582,LOMO,Ru,mono,Ru,10.1016/j.jinorgbio.2023.112424,-0.627,-0.9168916265882581,0.28989162658825807
MLDB-004583,LOMO,Ru,multi,Ru,10.1021/acs.inorgchem.4c01265,1.73,1.534380455679529,0.1956195443204709
MLDB-004584,LOMO,Ru,multi,Ru,10.1021/acs.inorgchem.4c01265,1.94,1.3949202956840263,0.5450797043159736
MLDB-004585,LOMO,Ru,multi,Ru,10.1021/acs.inorgchem.4c01265,2.23,1.4377769268996639,0.7922230731003361
MLDB-004587,LOMO,Ru,mono,Ru,10.1021/acs.inorgchem.3c04382,-2.2,0.19056562077265343,2.3905656207726538
MLDB-004588,LOMO,Ru,mono,Ru,10.1021/acs.inorgchem.3c04382,-1.9,-0.23166706211584903,1.668332937884151
MLDB-004589,LOMO,Ru,mono,Ru,10.1021/acs.inorgchem.3c04382,-1.2,-0.2484890851397056,0.9515109148602944
MLDB-004590,LOMO,Ru,mono,Ru,10.1021/acs.inorgchem.3c04382,-0.3,1.0061460114192224,1.3061460114192225
MLDB-004591,LOMO,Ru,mono,Ru,10.1021/acs.inorgchem.3c04382,1.2,1.1940396831770015,0.005960316822998468
MLDB-004592,LOMO,Ru,mono,Ru,10.1021/acs.inorgchem.3c04382,1.5,1.227987808087003,0.27201219191299697
MLDB-004593,LOMO,Ru,mono,Ru,10.1021/acs.inorgchem.3c04382,2.2,1.267373634042415,0.9326263659575851
MLDB-004594,LOMO,Ru,mono,Ru,10.1039/d2md00430e,1.2,1.0812095843443676,0.11879041565563231
MLDB-004595,LOMO,Ru,mono,Ru,10.1039/d2md00430e,0.21,0.4659241661570232,0.2559241661570232
MLDB-004596,LOMO,Ru,mono,Ru,10.1039/d2md00430e,-1.3,-0.2900439623270049,1.0099560376729952
MLDB-004597,LOMO,Ru,mono,Ru,10.3390/ijms24065980,-1.2,-1.067488270707747,0.13251172929225286
MLDB-004598,LOMO,Ru,mono,Ru,10.3390/ijms24065980,-0.1,-0.9631392841252246,0.8631392841252247
MLDB-004599,LOMO,Ru,mono,Ru,10.3390/ijms24065980,0.8,-0.6263056921412749,1.426305692141275
MLDB-004600,LOMO,Ru,mono,Ru,10.1016/j.jinorgbio.2019.110922,0.04,-0.7696152436612046,0.8096152436612046
MLDB-004601,LOMO,Ru,mono,Ru,10.1016/j.jinorgbio.2019.110922,0.11,-0.7696152436612046,0.8796152436612046
MLDB-004602,LOMO,Ru,mono,Ru,10.1016/j.jinorgbio.2019.110922,0.57,-0.7650527791829658,1.3350527791829658
MLDB-004603,LOMO,Ru,mono,Ru,10.1016/j.jinorgbio.2019.110922,1.1,-0.7650527791829658,1.8650527791829659
MLDB-004604,LOMO,Ru,mono,Ru,10.1016/j.jinorgbio.2019.110922,1.18,-0.7650527791829658,1.9450527791829657
MLDB-004605,LOMO,Ru,mono,Ru,10.1016/j.jinorgbio.2019.110922,1.36,-0.7650527791829658,2.125052779182966
MLDB-004606,LOMO,Ru,mono,Ru,10.1016/j.jinorgbio.2019.110922,1.39,-0.7650527791829658,2.1550527791829657
MLDB-004607,LOMO,Ru,mono,Ru,10.1016/j.jinorgbio.2019.110922,0.17,-0.2807897456524286,0.4507897456524286
MLDB-004608,LOMO,Ru,mono,Ru,10.1016/j.jinorgbio.2019.110922,0.68,-0.2807897456524286,0.9607897456524286
MLDB-004609,LOMO,Ru,mono,Ru,10.1016/j.jinorgbio.2019.110922,1.3,-0.2872979472629126,1.5872979472629125
MLDB-004610,LOMO,Ru,mono,Ru,10.1016/j.jinorgbio.2019.110922,1.0,-0.2872979472629126,1.2872979472629127
MLDB-004611,LOMO,Ru,mono,Ru,10.1016/j.jinorgbio.2019.110922,1.4,-0.2872979472629126,1.6872979472629126
MLDB-004612,LOMO,Ru,mono,Ru,10.1016/j.jinorgbio.2019.110922,1.5,-0.2872979472629126,1.7872979472629127
MLDB-004613,LOMO,Ru,mono,Ru,10.1016/j.jinorgbio.2019.110922,1.63,-0.2872979472629126,1.9172979472629126
MLDB-004614,LOMO,Ru,mono,Ru,10.1016/j.jinorgbio.2019.110922,1.7,-0.2872979472629126,1.9872979472629124
MLDB-004615,LOMO,Ru,mono,Ru,10.1016/j.jinorgbio.2019.110922,0.83,-0.2006379592211366,1.0306379592211365
MLDB-004616,LOMO,Ru,mono,Ru,10.1016/j.jinorgbio.2019.110922,1.33,-0.2006379592211366,1.5306379592211368
MLDB-004617,LOMO,Ru,mono,Ru,10.1016/j.jinorgbio.2019.110922,1.37,-0.2006379592211366,1.5706379592211368
MLDB-004618,LOMO,Ru,mono,Ru,10.1016/j.jinorgbio.2019.110922,1.45,-0.20714616083162055,1.6571461608316205
MLDB-004619,LOMO,Ru,mono,Ru,10.1016/j.jinorgbio.2019.110922,1.62,-0.20714616083162055,1.8271461608316206
MLDB-004620,LOMO,Ru,mono,Ru,10.1016/j.jinorgbio.2019.110922,1.81,-0.20714616083162055,2.017146160831621
MLDB-004621,LOMO,Ru,mono,Ru,10.1016/j.jinorgbio.2019.110922,2.1,-0.20714616083162055,2.307146160831621
MLDB-004622,LOMO,Ru,mono,Ru,10.1002/cmdc.202300065,-0.76,-0.09215985636225207,0.6678401436377479
MLDB-004623,LOMO,Ru,mono,Ru,10.1002/cmdc.202300065,-0.21,0.9092003808032326,1.1192003808032327
MLDB-004624,LOMO,Ru,mono,Ru,10.1002/cmdc.202300065,-0.12,0.4038795041261106,0.5238795041261106
MLDB-004625,LOMO,Ru,mono,Ru,10.1002/cmdc.202300065,-0.31,0.7478383278155797,1.0578383278155796
MLDB-004626,LOMO,Ru,mono,Ru,10.1002/cmdc.202300065,-2.14,-0.6101984370631811,1.529801562936819
MLDB-004627,LOMO,Ru,mono,Ru,10.1039/d3dt00059a,-0.07,-0.39537832927166244,0.32537832927166244
MLDB-004628,LOMO,Ru,mono,Ru,10.1039/d3dt00059a,-0.49,-0.3833625659182088,0.10663743408179122
MLDB-004629,LOMO,Ru,mono,Ru,10.1039/d3dt00059a,-0.19,-0.8608226160038395,0.6708226160038395
MLDB-004630,LOMO,Ru,mono,Ru,10.1039/d3dt00059a,-0.91,-0.0900495071165279,0.8199504928834721
MLDB-004631,LOMO,Ru,mono,Ru,10.1039/d3dt00059a,-0.72,-0.4415264841490694,0.27847351585093055
MLDB-004632,LOMO,Ru,mono,Ru,10.1016/j.jinorgbio.2023.112175,0.32,0.3255025649643742,0.005502564964374179
MLDB-004633,LOMO,Ru,mono,Ru,10.1016/j.jinorgbio.2023.112175,0.04,-0.6831991940781466,0.7231991940781466
MLDB-004634,LOMO,Ru,mono,Ru,10.1016/j.jinorgbio.2023.112175,0.39,-0.00016397139670750968,0.3901639713967075
MLDB-004635,LOMO,Ru,mono,Ru,10.1016/j.jinorgbio.2023.112175,1.13,1.1042750818961466,0.025724918103853245
MLDB-004636,LOMO,Ru,mono,Ru,10.1021/acs.inorgchem.3c02606,1.5,1.4151528939682252,0.08484710603177481
MLDB-004637,LOMO,Ru,mono,Ru,10.1021/acs.inorgchem.3c02606,1.6,1.14733951492171,0.45266048507829004
MLDB-004638,LOMO,Ru,mono,Ru,10.1021/acs.inorgchem.3c02606,1.0,0.2145447120558696,0.7854552879441303
MLDB-004639,LOMO,Ru,mono,Ru,10.1021/acs.inorgchem.3c02606,1.3,0.923316823751376,0.376683176248624
MLDB-004640,LOMO,Ru,mono,Ru,10.1039/d3dt03480a,-1.215,-0.6832243683000946,0.5317756316999055
MLDB-004641,LOMO,Ru,mono,Ru,10.1039/d3dt03480a,0.336,0.6107441498313427,0.2747441498313427
MLDB-004642,LOMO,Ru,mono,Ru,10.3390/molecules28041529,-0.139,0.2410726902121169,0.3800726902121169
MLDB-004643,LOMO,Ru,mono,Ru,10.3390/molecules28041529,-0.07,0.3935630327127219,0.4635630327127219
MLDB-004644,LOMO,Ru,mono,Ru,10.3390/molecules28041529,-0.869,0.4552354573064081,1.3242354573064081
MLDB-004645,LOMO,Ru,mono,Ru,10.3390/molecules28041529,-0.71,0.6897319050888937,1.3997319050888937
MLDB-004646,LOMO,Ru,multi,Ru,10.1021/acs.inorgchem.3c00073,-0.56,0.40696646897642386,0.9669664689764239
MLDB-004647,LOMO,Ru,multi,Ru,10.1021/acs.inorgchem.3c00073,-0.422,0.6189767768900308,1.0409767768900309
MLDB-004648,LOMO,Ru,multi,Ru,10.1021/acs.inorgchem.3c00073,-0.186,0.2744176909846213,0.4604176909846213
MLDB-004649,LOMO,Ru,multi,Ru,10.1021/acs.inorgchem.3c00073,-0.634,1.1314891734101444,1.7654891734101446
MLDB-004650,LOMO,Ru,multi,Ru,10.1021/acs.inorgchem.3c00073,-0.472,1.1612610865314081,1.6332610865314081
MLDB-004651,LOMO,Ru,multi,Ru,10.1021/acs.inorgchem.3c00073,-0.359,0.9820707095450864,1.3410707095450864
MLDB-004652,LOMO,Ru,mono,Ru,10.1039/d3sc01844j,2.43,0.9881752209543466,1.4418247790456535
MLDB-004653,LOMO,Ru,mono,Ru,10.1039/d3sc01844j,0.68,1.6212766730400328,0.9412766730400327
MLDB-004654,LOMO,Ru,mono,Ru,10.3389/fchem.2022.1035741,1.1445,1.0174168109744322,0.12708318902556792
MLDB-004655,LOMO,Ru,mono,Ru,10.3389/fchem.2022.1035741,0.9681,0.8789014950057769,0.0891985049942231
MLDB-004656,LOMO,Ru,mono,Ru,10.3389/fchem.2022.1035741,1.7885,1.4034732834665273,0.38502671653347265
MLDB-004657,LOMO,Ru,mono,Ru,10.1002/chem.202103359,-2.02,-0.7306093635444234,1.2893906364555767
MLDB-004658,LOMO,Ru,mono,Ru,10.1002/chem.202103359,-1.03,-0.22307005717554906,0.806929942824451
MLDB-004659,LOMO,Ru,mono,Ru,10.1002/chem.202103359,-0.88,-1.1185259713371205,0.2385259713371205
MLDB-004662,LOMO,Ru,multi,Ru,10.1002/anie.202208721,0.18,0.6933195837115642,0.5133195837115643
MLDB-004668,LOMO,Ru,mono,Ru,10.1016/j.jinorgbio.2021.111666,1.29,-0.37994367375483284,1.6699436737548328
MLDB-004669,LOMO,Ru,mono,Ru,10.3390/molecules27061897,-1.145,0.719588854591222,1.8645888545912221
MLDB-004670,LOMO,Ru,mono,Ru,10.3390/molecules27061897,-1.251,0.9699154449697462,2.220915444969746
MLDB-004671,LOMO,Ru,mono,Ru,10.3390/molecules27061897,-0.6615,0.9250166710763671,1.586516671076367
MLDB-004672,LOMO,Ru,mono,Ru,10.3390/molecules27061897,-1.414,0.7119445563524129,2.1259445563524126
MLDB-004673,LOMO,Ru,mono,Ru,10.3390/molecules27061897,-1.428,0.7815771368075919,2.209577136807592
MLDB-004674,LOMO,Ru,mono,Ru,10.3390/molecules27061897,-0.8077,0.7415382758234891,1.549238275823489
MLDB-004675,LOMO,Ru,mono,Ru,10.1021/acs.inorgchem.1c01651,-0.701,-0.837256382598077,0.13625638259807704
MLDB-004676,LOMO,Ru,mono,Ru,10.1021/acs.inorgchem.1c01651,-0.451,-0.9356729116364648,0.4846729116364648
MLDB-004677,LOMO,Ru,mono,Ru,10.1021/acs.inorgchem.1c01651,-1.038,-0.9597738258845769,0.0782261741154231
MLDB-004678,LOMO,Ru,mono,Ru,10.1039/d2qi01079h,0.7,0.48031407664654263,0.21968592335345732
MLDB-004679,LOMO,Ru,mono,Ru,10.1039/d2qi01079h,-0.5,0.49470347161839073,0.9947034716183907
MLDB-004680,LOMO,Ru,mono,Ru,10.1111/php.13573,-1.22,0.753674789505801,1.973674789505801
MLDB-004681,LOMO,Ru,mono,Ru,10.1111/php.13573,-0.26,0.7224271589721096,0.9824271589721096
MLDB-004682,LOMO,Ru,multi,Ru,10.1039/d2sc01518h,0.741,0.6943431080336561,0.04665689196634393
MLDB-004721,LOMO,Ru,multi,Ru,10.1002/aoc.5785,-0.37,0.3446061922220086,0.7146061922220086
MLDB-004724,LOMO,Ru,multi,Ru,10.1002/aoc.5785,-0.24,0.09234242507695349,0.3323424250769535
MLDB-004753,LOMO,Ru,mono,Ru,10.1021/jacs.5c20295,-1.7,-1.1474650905173722,0.5525349094826277
MLDB-004754,LOMO,Ru,mono,Ru,10.1021/jacs.5c20295,0.8,-0.15229059945357554,0.9522905994535755
MLDB-004756,LOMO,Ru,mono,Ru,10.1021/acs.inorgchem.9b01044,0.66,0.505775972852034,0.15422402714796601
MLDB-004757,LOMO,Ru,mono,Ru,10.1021/acs.inorgchem.9b01044,1.15,0.8130273681892297,0.3369726318107702
MLDB-004758,LOMO,Ru,mono,Ru,10.1021/acs.inorgchem.9b01044,1.55,1.2249724562431703,0.32502754375682974
MLDB-004759,LOMO,Ru,mono,Ru,10.1021/acs.inorgchem.9b01044,1.75,1.2671015272192676,0.4828984727807324
MLDB-004779,LOMO,Ru,mono,Ru,10.1021/acs.inorgchem.9b03585,0.11,0.8032604386884583,0.6932604386884583
MLDB-004780,LOMO,Ru,mono,Ru,10.1021/acs.inorgchem.9b03585,0.32,0.9187468283642508,0.5987468283642507
MLDB-004781,LOMO,Ru,mono,Ru,10.1021/acs.inorgchem.9b03585,0.23,0.6014999618942669,0.37149996189426693
MLDB-004785,LOMO,Ru,mono,Ru,10.1021/acs.inorgchem.1c02796,1.15,0.6429058751124559,0.507094124887544
MLDB-004786,LOMO,Ru,mono,Ru,10.1021/acs.inorgchem.1c02796,-0.17,-0.6602998557887609,0.4902998557887609
MLDB-004787,LOMO,Ru,mono,Ru,10.1021/acs.inorgchem.1c02796,-0.33,-0.7297458308358064,0.39974583083580634
MLDB-004788,LOMO,Ru,mono,Ru,10.1021/acs.inorgchem.1c02796,0.79,-0.4742275608182538,1.2642275608182538
MLDB-004789,LOMO,Ru,mono,Ru,10.1021/acs.inorgchem.1c02796,0.52,-0.5816936981117784,1.1016936981117784
MLDB-004790,LOMO,Ru,mono,Ru,10.1021/acs.inorgchem.1c02796,0.78,-0.5014821560098359,1.281482156009836
MLDB-004791,LOMO,Ru,mono,Ru,10.1021/acs.inorgchem.1c02796,0.99,0.2762488056863682,0.7137511943136318
MLDB-004795,LOMO,Ru,mono,Ru,10.3390/ijms222413468,0.6,0.42103801125920576,0.17896198874079422
MLDB-004796,LOMO,Ru,mono,Ru,10.3390/ijms222413468,1.3,0.3717055929487677,0.9282944070512323
MLDB-004804,LOMO,Ru,mono,Ru,10.1016/j.jinorgbio.2008.06.004,1.16,0.17071431290807204,0.9892856870919279
MLDB-004805,LOMO,Ru,mono,Ru,10.1016/j.jinorgbio.2008.06.004,-1.27,-0.37845639928676367,0.8915436007132364
MLDB-004806,LOMO,Ru,mono,Ru,10.1016/j.jinorgbio.2008.06.004,0.38,0.5232743543654322,0.14327435436543223
MLDB-004807,LOMO,Ru,mono,Ru,10.1016/j.jinorgbio.2008.06.004,-2.0,-0.8939093810879016,1.1060906189120985
MLDB-004961,LOMO,Ru,mono,Ru,10.1002/asia.70946,-0.43,0.6073720227717565,1.0373720227717564
MLDB-004962,LOMO,Ru,mono,Ru,10.1002/asia.70946,0.216,0.6571861247247666,0.4411861247247666
MLDB-004963,LOMO,Ru,mono,Ru,10.1002/asia.70946,-0.194,1.6122907869102023,1.8062907869102023
MLDB-004964,LOMO,Ru,mono,Ru,10.1002/asia.70946,0.102,1.5465414928523262,1.4445414928523261
MLDB-004965,LOMO,Ru,mono,Ru,10.1016/j.jinorgbio.2026.113291,-0.31,-1.1109273153253665,0.8009273153253664
MLDB-004966,LOMO,Ru,mono,Ru,10.1016/j.jinorgbio.2026.113291,-0.57,-0.8515423774108629,0.28154237741086297
MLDB-004967,LOMO,Ru,mono,Ru,10.1016/j.jinorgbio.2026.113291,-0.87,-1.2623086971284825,0.3923086971284825
MLDB-004968,LOMO,Ru,mono,Ru,10.1016/j.jinorgbio.2026.113291,-1.35,-0.9684944513814163,0.38150554861858377
MLDB-004969,LOMO,Ru,mono,Ru,10.1016/j.poly.2026.118306,0.314,-0.9326997998794637,1.2466997998794638
MLDB-004970,LOMO,Ru,mono,Ru,10.1016/j.poly.2026.118306,-0.326,0.5254024643345468,0.8514024643345468
MLDB-004974,LOMO,Ru,mono,Ru,10.1016/j.inoche.2026.117392,0.9,0.8888061710627394,0.01119382893726062
MLDB-004975,LOMO,Ru,mono,Ru,10.1016/j.inoche.2026.117392,0.45,1.2837711558774214,0.8337711558774215
MLDB-004976,LOMO,Ru,mono,Ru,10.1021/acs.analchem.9b03566,1.3,0.24060038463001265,1.0593996153699874
MLDB-004977,LOMO,Ru,mono,Ru,10.1021/acs.jmedchem.1c00360,-0.39,-1.0075351896101608,0.6175351896101607
MLDB-004978,LOMO,Ru,mono,Ru,10.1021/acs.jmedchem.1c00360,-0.42,-0.9884028103423104,0.5684028103423104
MLDB-004979,LOMO,Ru,mono,Ru,10.1021/acs.jmedchem.1c00360,-0.21,-0.6995292209471634,0.48952922094716345
MLDB-004980,LOMO,Ru,mono,Ru,10.1021/acs.jmedchem.1c00360,-0.09,-0.9950751893491652,0.9050751893491652
MLDB-004981,LOMO,Ru,mono,Ru,10.1021/acs.jmedchem.1c00360,-0.43,-1.0412978900467216,0.6112978900467216
MLDB-004982,LOMO,Ru,mono,Ru,10.1021/acs.jmedchem.1c00360,-0.56,-0.8921601069050936,0.33216010690509357
MLDB-004983,LOMO,Ru,mono,Ru,10.1021/acs.jmedchem.1c00360,-0.8,-1.0311794583415,0.2311794583414999
MLDB-004984,LOMO,Ru,mono,Ru,10.1021/acs.jmedchem.1c00360,-0.67,-0.9204676822634549,0.25046768226345484
MLDB-004985,LOMO,Ru,mono,Ru,10.1021/acs.jmedchem.1c00360,-0.63,-1.0179485855043764,0.3879485855043764
MLDB-004986,LOMO,Ru,mono,Ru,10.1021/acs.jmedchem.1c00360,-0.12,-1.0173916487393013,0.8973916487393013
MLDB-004987,LOMO,Ru,mono,Ru,10.1021/acs.jmedchem.1c00360,-1.09,-1.0410826940707807,0.04891730592921939
MLDB-004988,LOMO,Ru,mono,Ru,10.1016/j.jinorgbio.2017.08.018,-0.33,0.06817905934109943,0.39817905934109943
MLDB-004989,LOMO,Ru,mono,Ru,10.1016/j.jinorgbio.2017.08.018,-0.39,-0.7951009367873129,0.40510093678731285
MLDB-004990,LOMO,Ru,mono,Ru,10.1016/j.jinorgbio.2017.08.018,-0.11,-0.4865296220016874,0.37652962200168744
MLDB-004991,LOMO,Ru,mono,Ru,10.1002/chem.201601332,-1.84,-0.32938507973014997,1.51061492026985
MLDB-004992,LOMO,Ru,mono,Ru,10.1002/chem.201601332,1.32,0.6390672435319528,0.6809327564680473
MLDB-004993,LOMO,Ru,mono,Ru,10.1002/chem.201601332,-1.49,0.06022211801518754,1.5502221180151876
MLDB-004994,LOMO,Ru,mono,Ru,10.1002/chem.201601332,1.4,1.7288324970527862,0.3288324970527863
MLDB-004995,LOMO,Ru,mono,Ru,10.1002/chem.201601332,-1.16,0.19173469093558074,1.3517346909355807
MLDB-004996,LOMO,Ru,mono,Ru,10.1002/cmdc.201500127,0.86,0.18072695275024322,0.6792730472497568
MLDB-004997,LOMO,Ru,mono,Ru,10.1002/cmdc.201500127,1.55,0.21435334445429283,1.3356466555457072
MLDB-004998,LOMO,Ru,mono,Ru,10.1002/cmdc.201500127,1.82,0.5333173088278439,1.2866826911721563
MLDB-004999,LOMO,Ru,mono,Ru,10.1002/cplu.201800042,-1.45,-0.6144389388346265,0.8355610611653734
MLDB-005000,LOMO,Ru,mono,Ru,10.1002/cplu.201800042,-1.35,0.2436125553758775,1.5936125553758775
MLDB-005001,LOMO,Ru,mono,Ru,10.1002/ejic.201402412,-0.98,0.3007592505061811,1.2807592505061811
MLDB-005002,LOMO,Ru,mono,Ru,10.1002/ejic.201402412,-0.75,0.617993082103918,1.3679930821039181
MLDB-005003,LOMO,Ru,mono,Ru,10.1016/j.bmc.2018.03.043,0.52,-0.4443411924897839,0.9643411924897839
MLDB-005004,LOMO,Ru,mono,Ru,10.1016/j.bmc.2018.03.043,0.0043,-0.04010407744308479,0.04440407744308479
MLDB-005005,LOMO,Ru,mono,Ru,10.1016/j.bmc.2018.03.043,-0.98,-1.0252816695229023,0.04528166952290236
MLDB-005007,LOMO,Ru,mono,Ru,10.1016/j.biomaterials.2015.07.052,-1.76,-1.1706542471490533,0.5893457528509467
MLDB-005008,LOMO,Ru,mono,Ru,10.1007/s12011-014-9964-0,0.0,-0.7757432179061456,0.7757432179061456
MLDB-005009,LOMO,Ru,mono,Ru,10.1007/s12011-014-9964-0,0.15,-0.9202646337521176,1.0702646337521176
MLDB-005010,LOMO,Ru,mono,Ru,10.1007/s12011-014-9964-0,0.36,-0.6484263321920234,1.0084263321920233
MLDB-005011,LOMO,Ru,mono,Ru,10.1007/s12011-014-9964-0,0.68,-0.4221410970206,1.1021410970206
MLDB-005012,LOMO,Ru,mono,Ru,10.1016/j.ica.2015.12.036,-1.28,-0.9061150092960538,0.3738849907039462
MLDB-005014,LOMO,Ru,mono,Ru,10.1016/j.ica.2015.10.010,-1.02,-0.5793120090584095,0.4406879909415905
MLDB-005015,LOMO,Ru,mono,Ru,10.1016/j.ica.2015.10.010,-0.51,0.0019233734910032922,0.5119233734910033
MLDB-005016,LOMO,Ru,mono,Ru,10.1016/j.ejmech.2006.05.012,0.76,0.9662733744804143,0.20627337448041427
MLDB-005017,LOMO,Ru,multi,Ru,10.1016/j.jorganchem.2010.10.042,-0.48,-0.030714961555640626,0.44928503844435935
MLDB-005018,LOMO,Ru,multi,Ru,10.1038/nchem.406,-0.96,0.07978951724552474,1.0397895172455247
MLDB-005019,LOMO,Ru,multi,Ru,10.1038/nchem.406,-1.61,0.017326295737464758,1.6273262957374648
MLDB-005020,LOMO,Ru,multi,Ru,10.1038/nchem.406,-0.77,-0.07852804719749604,0.691471952802504
MLDB-005021,LOMO,Ru,mono,Ru,10.1021/jacs.8b08853,0.26,0.4665261389113996,0.2065261389113996
MLDB-005022,LOMO,Ru,mono,Ru,10.1021/jacs.8b08853,1.27,0.5438952551253231,0.7261047448746769
MLDB-005023,LOMO,Ru,mono,Ru,10.1021/acsami.6b07038,-3.51,-1.3935988796119534,2.1164011203880464
MLDB-005024,LOMO,Ru,mono,Ru,10.1021/acsami.6b07038,-2.45,-0.7306093635444234,1.7193906364555769
MLDB-005025,LOMO,Ru,mono,Ru,10.1021/acsami.6b07038,-2.53,-1.1901311346880943,1.3398688653119055
MLDB-005026,LOMO,Ru,mono,Ru,10.1021/acsami.6b07038,-1.76,-0.6955244731705319,1.064475526829468
MLDB-005027,LOMO,Ru,mono,Ru,10.1021/acsami.6b07038,-2.9,-0.6144389388346265,2.2855610611653736
MLDB-005028,LOMO,Ru,mono,Ru,10.1021/acsami.6b07038,-1.39,-0.17032807909782682,1.2196719209021731
MLDB-005029,LOMO,Ru,mono,Ru,10.1039/c4dt02139h,-2.9,-1.0272819288174622,1.8727180711825377
MLDB-005030,LOMO,Ru,multi,Ru,10.1039/c4dt02139h,-2.9,-0.15061565684465175,2.749384343155348
MLDB-005031,LOMO,Ru,multi,Ru,10.1039/c4dt02139h,-1.9,0.0025213643327712133,1.9025213643327712
MLDB-005032,LOMO,Ru,multi,Ru,10.1039/c4dt02139h,-1.3,0.28113826426122845,1.5811382642612286
MLDB-005033,LOMO,Ru,multi,Ru,10.1039/c4dt02139h,-1.0,0.28162138404005216,1.281621384040052
MLDB-005034,LOMO,Ru,multi,Ru,10.1039/c4dt02139h,-0.8,0.28162138404005216,1.0816213840400521
MLDB-005035,LOMO,Ru,multi,Ru,10.1039/c4dt02139h,-1.7,0.20180078485039785,1.9018007848503977
MLDB-005036,LOMO,Ru,multi,Ru,10.1039/c4dt02139h,-1.6,0.20157405572632647,1.8015740557263267
MLDB-005037,LOMO,Ru,multi,Ru,10.1039/c4dt02139h,-0.95,0.2000634025195609,1.1500634025195609
MLDB-005038,LOMO,Ru,multi,Ru,10.1039/c4dt02139h,-1.9,0.20180078485039785,2.101800784850398
MLDB-005039,LOMO,Ru,multi,Ru,10.1039/c4dt02139h,-1.4,0.20157405572632647,1.6015740557263265
MLDB-005040,LOMO,Ru,multi,Ru,10.1039/c4dt02139h,-1.1,0.2000634025195609,1.300063402519561
MLDB-005041,LOMO,Ru,mono,Ru,10.1039/c7dt00670e,-1.31,0.08725697774015939,1.3972569777401596
MLDB-005042,LOMO,Ru,mono,Ru,10.1039/c7dt00670e,-1.72,0.11482349637965703,1.834823496379657
MLDB-005043,LOMO,Ru,mono,Ru,10.1039/c7dt00670e,-1.01,-0.50540216927144,0.50459783072856
MLDB-005044,LOMO,Ru,mono,Ru,10.1039/c5tb01613d,-1.85,-0.493518660193729,1.3564813398062712
MLDB-005045,LOMO,Ru,mono,Ru,10.1039/c5tb01613d,-1.27,0.21788289503180275,1.4878828950318028
MLDB-005046,LOMO,Ru,mono,Ru,10.1039/c5tb01613d,1.8,1.228931794180681,0.571068205819319
MLDB-005048,LOMO,Ru,mono,Ru,10.1039/c6ra05182k,-1.31,-0.08550800974067208,1.2244919902593279
MLDB-005049,LOMO,Ru,mono,Ru,10.1039/c7cc03469e,-1.42,-0.493518660193729,0.926481339806271
MLDB-005050,LOMO,Ru,mono,Ru,10.1039/c7cc03469e,-1.33,-0.6002522440026176,0.7297477559973825
MLDB-005051,LOMO,Ru,mono,Ru,10.1039/c7cc03469e,0.28,1.3019067944792584,1.0219067944792584
MLDB-005052,LOMO,Ru,multi,Ru,10.1039/c9dt03221e,-1.9,0.20588663678338762,2.1058866367833877
MLDB-005053,LOMO,Ru,multi,Ru,10.1039/c9dt03221e,-1.6,0.20588663678338762,1.8058866367833877
MLDB-005054,LOMO,Ru,mono,Ru,10.1111/php.12378,-0.95,0.04191483817317789,0.9919148381731778
MLDB-005055,LOMO,Ru,mono,Ru,10.1111/php.12378,-0.16,0.34187808477816045,0.5018780847781604
MLDB-005056,LOMO,Ru,mono,Ru,10.1111/php.12378,-0.91,-0.33669703687133645,0.5733029631286636
MLDB-005057,LOMO,Ru,mono,Ru,10.1080/15257770.2019.1694685,0.92,0.13809368189174878,0.7819063181082513
MLDB-005058,LOMO,Ru,mono,Ru,10.1080/15257770.2019.1694685,0.71,-0.4554276564972793,1.1654276564972792
MLDB-005059,LOMO,Ru,mono,Ru,10.1080/15257770.2019.1694685,0.82,0.42899457268297264,0.3910054273170273
MLDB-005060,LOMO,Ru,mono,Ru,10.1039/c9dt03464a,-1.12,0.14795756559880008,1.2679575655988002
MLDB-005061,LOMO,Ru,mono,Ru,10.1039/c9dt03464a,-0.76,-0.02632351464095285,0.7336764853590472
MLDB-005062,LOMO,Ru,mono,Ru,10.1039/c9dt03464a,-0.01,0.2573672837519152,0.2673672837519152
MLDB-005063,LOMO,Ru,mono,Ru,10.1039/c9dt03464a,0.6,0.8488330309097485,0.2488330309097485
MLDB-005064,LOMO,Ru,mono,Ru,10.1039/c9dt03464a,1.11,0.9368140970772052,0.1731859029227949
MLDB-005065,LOMO,Ru,mono,Ru,10.1039/c9dt03464a,1.26,0.730444115501089,0.529555884498911
MLDB-005066,LOMO,Ru,mono,Ru,10.1039/d0nj00209g,1.32,-0.3558044743408261,1.6758044743408262
MLDB-005067,LOMO,Ru,mono,Ru,10.1039/d0nj00209g,0.808,0.3492077260117094,0.45879227398829064
MLDB-005068,LOMO,Ru,mono,Ru,10.1039/c7dt04595f,-1.83,-0.5635833862945447,1.2664166137054553
MLDB-005069,LOMO,Ru,mono,Ru,10.1039/c7dt04595f,-1.41,-0.369808572075352,1.0401914279246478
MLDB-005070,LOMO,Ru,mono,Ru,10.1039/c7dt04595f,-1.33,0.23178744637065582,1.5617874463706558
MLDB-005071,LOMO,Ru,mono,Ru,10.1039/c7dt04595f,-1.58,-0.216777372639508,1.3632226273604922
MLDB-005072,LOMO,Ru,mono,Ru,10.1039/c8cc09186b,-1.41,0.21450407720035583,1.6245040772003558
MLDB-005073,LOMO,Ru,mono,Ru,10.1039/c8cc09186b,-1.26,0.38895238737784066,1.6489523873778407
MLDB-005074,LOMO,Ru,mono,Ru,10.1039/c8cc09186b,-0.97,0.6272130383607072,1.597213038360707
MLDB-005075,LOMO,Ru,mono,Ru,10.1039/c7nj02698f,-3.12,0.7962966574666058,3.916296657466606
MLDB-005076,LOMO,Ru,mono,Ru,10.1039/c7nj02698f,-2.92,1.3589790131563884,4.2789790131563885
MLDB-005077,LOMO,Ru,mono,Ru,10.1039/c7nj02698f,-2.75,1.0253776644357646,3.775377664435765
MLDB-005078,LOMO,Ru,mono,Ru,10.1039/c7nj02698f,-2.38,1.1220016180279866,3.5020016180279865
MLDB-005079,LOMO,Ru,mono,Ru,10.1039/c7nj02698f,-3.83,-0.31227165113387134,3.517728348866129
MLDB-005080,LOMO,Ru,mono,Ru,10.1039/c7nj02698f,-3.68,0.0032857699696643983,3.6832857699696646
MLDB-005081,LOMO,Ru,mono,Ru,10.1039/c8dt03295e,-1.3,-0.11796256708483799,1.1820374329151622
MLDB-005082,LOMO,Ru,mono,Ru,10.1039/c8dt03295e,-1.1,0.12827450305720892,1.228274503057209
MLDB-005083,LOMO,Ru,mono,Ru,10.1039/c8dt03295e,0.58,-0.023986908326647627,0.6039869083266476
MLDB-005084,LOMO,Ru,mono,Ru,10.1039/c8nj04159h,1.94,1.56209385533031,0.37790614466968986
MLDB-000095,LOMO,Pt,mono,Pt,10.1002/chem.201500561,-2.24,-0.19795353864377954,2.042046461356221
MLDB-000500,LOMO,Pt,mono,Pt,10.1016/j.jinorgbio.2022.111803,-0.79,0.02164844512664202,0.811648445126642
MLDB-000501,LOMO,Pt,mono,Pt,10.1016/j.jinorgbio.2022.111803,-0.24,-0.17554745966214785,0.06445254033785214
MLDB-000565,LOMO,Pt,mono,Pt,10.1016/j.jinorgbio.2025.113157,-2.11,0.33352968852729736,2.4435296885272972
MLDB-000672,LOMO,Pt,mono,Pt,10.1021/acs.inorgchem.0c01433,1.59,0.5232587382496351,1.0667412617503649
MLDB-000673,LOMO,Pt,mono,Pt,10.1021/acs.inorgchem.0c01433,1.46,0.429523771537705,1.030476228462295
MLDB-000688,LOMO,Pt,mono,Pt,10.1021/acs.inorgchem.0c03820,1.45,0.5885147665220546,0.8614852334779454
MLDB-000689,LOMO,Pt,mono,Pt,10.1021/acs.inorgchem.0c03820,2.25,0.769583141511998,1.480416858488002
MLDB-001104,LOMO,Pt,mono,Pt,10.1039/c6cc07909a,-2.36,0.2692441552731531,2.629244155273153
MLDB-001255,LOMO,Pt,mono,Pt,10.1039/d0cc02417a,-1.96,0.33352968852729736,2.2935296885272973
MLDB-001544,LOMO,Pt,mono,Pt,10.1016/j.jinorgbio.2015.12.003,-1.17,-1.7404787302597868,0.5704787302597869
MLDB-001545,LOMO,Pt,mono,Pt,10.1016/j.jinorgbio.2015.12.003,-0.35,-1.8035275967500386,1.4535275967500385
MLDB-001565,LOMO,Pt,mono,Pt,10.1021/acs.jmedchem.3c00836,1.19,0.2981881655182804,0.8918118344817195
MLDB-001566,LOMO,Pt,mono,Pt,10.1021/acs.jmedchem.3c00836,0.78,0.23224820753882497,0.547751792461175
MLDB-001567,LOMO,Pt,mono,Pt,10.1002/anie.202011273,0.02,0.25237086999579333,0.23237086999579334
MLDB-001568,LOMO,Pt,mono,Pt,10.1002/anie.202011273,1.46,0.3601736247302152,1.0998263752697848
MLDB-001569,LOMO,Pt,mono,Pt,10.1002/anie.202011273,-2.35,0.39009755812130625,2.7400975581213065
MLDB-001570,LOMO,Pt,mono,Pt,10.1016/j.jinorgbio.2026.113295,1.64,-0.1042284403738499,1.7442284403738497
MLDB-001571,LOMO,Pt,mono,Pt,10.1016/j.jinorgbio.2026.113295,1.48,-0.13853372855206816,1.6185337285520682
MLDB-001572,LOMO,Pt,mono,Pt,10.1016/j.jinorgbio.2026.113295,1.76,-1.073086869201154,2.833086869201154
MLDB-001573,LOMO,Pt,mono,Pt,10.1016/j.jinorgbio.2026.113295,1.73,-1.0958258576042854,2.8258258576042854
MLDB-001574,LOMO,Pt,mono,Pt,10.1021/acs.inorgchem.6c00037,-0.3,-0.3757622271694049,0.0757622271694049
MLDB-001575,LOMO,Pt,mono,Pt,10.1021/acs.jmedchem.5c02901,-2.25,0.39009755812130625,2.6400975581213064
MLDB-001576,LOMO,Pt,mono,Pt,10.1021/acs.jmedchem.5c02901,0.68,-0.046026923096017434,0.7260269230960175
MLDB-001577,LOMO,Pt,mono,Pt,10.1021/acs.jmedchem.5c02901,1.2,-0.531074885329523,1.731074885329523
MLDB-001579,LOMO,Pt,mono,Pt,10.1016/j.jphotochem.2025.116793,2.1,1.6808842357023626,0.4191157642976375
MLDB-001582,LOMO,Pt,mono,Pt,10.1002/slct.202506665,0.64,1.156516269645616,0.5165162696456159
MLDB-001583,LOMO,Pt,mono,Pt,10.1002/slct.202506665,0.36,0.9056447057837613,0.5456447057837613
MLDB-001584,LOMO,Pt,mono,Pt,10.1002/slct.202506665,0.43,1.025350319059529,0.5953503190595291
MLDB-001585,LOMO,Pt,mono,Pt,10.1002/slct.202506665,0.34,0.8692102238979021,0.5292102238979022
MLDB-001586,LOMO,Pt,mono,Pt,10.1002/slct.202506665,0.52,1.0980425379430099,0.5780425379430099
MLDB-001588,LOMO,Pt,mono,Pt,10.1039/d5dt02296g,-0.34,-0.9416737135993304,0.6016737135993304
MLDB-001590,LOMO,Pt,mono,Pt,10.1002/aoc.70416,0.84,0.3485058851005856,0.49149411489941436
MLDB-001591,LOMO,Pt,mono,Pt,10.1002/aoc.70416,0.86,-0.4150255393253728,1.2750255393253727
MLDB-001592,LOMO,Pt,mono,Pt,10.1002/aoc.70416,0.93,-0.28380050218895225,1.2138005021889522
MLDB-001593,LOMO,Pt,mono,Pt,10.1002/aoc.70416,0.26,-1.3192746677690776,1.5792746677690777
MLDB-001594,LOMO,Pt,mono,Pt,10.1002/aoc.70416,0.94,0.11316178965013063,0.8268382103498693
MLDB-001595,LOMO,Pt,mono,Pt,10.1002/aoc.70416,-2.15,0.33352968852729736,2.4835296885272973
MLDB-001596,LOMO,Pt,mono,Pt,10.1002/aoc.70416,-0.12,-1.0641827623797273,0.9441827623797273
MLDB-001597,LOMO,Pt,mono,Pt,10.1016/j.cej.2025.170402,0.712,0.22318133422949338,0.4888186657705066
MLDB-001598,LOMO,Pt,mono,Pt,10.1016/j.cej.2025.170402,-0.768,0.7910526149932685,1.5590526149932686
MLDB-001599,LOMO,Pt,mono,Pt,10.1016/j.cej.2025.170402,0.542,1.5114707016367188,0.9694707016367188
MLDB-001600,LOMO,Pt,mono,Pt,10.1016/j.cej.2025.170402,0.418,0.6079799076318528,0.18997990763185285
MLDB-001601,LOMO,Pt,mono,Pt,10.1016/j.cej.2025.170402,0.179,0.13699512540995976,0.042004874590040236
MLDB-001602,LOMO,Pt,mono,Pt,10.1016/j.cej.2025.170402,0.614,0.18148136264157894,0.43251863735842105
MLDB-001603,LOMO,Pt,mono,Pt,10.1002/cmdc.202500782,1.04,0.7670171450778553,0.2729828549221447
MLDB-001604,LOMO,Pt,mono,Pt,10.1002/cmdc.202500782,1.2,0.8334433924133757,0.36655660758662423
MLDB-001605,LOMO,Pt,mono,Pt,10.1002/cmdc.202500782,0.44,0.11412058977863991,0.3258794102213601
MLDB-001606,LOMO,Pt,mono,Pt,10.1002/cmdc.202500782,1.05,0.23874169228961836,0.8112583077103817
MLDB-001607,LOMO,Pt,mono,Pt,10.1002/cmdc.202500782,0.21,-1.342853949500455,1.552853949500455
MLDB-001608,LOMO,Pt,mono,Pt,10.1016/j.molstruc.2025.142158,0.481,1.3505675727760535,0.8695675727760536
MLDB-001609,LOMO,Pt,mono,Pt,10.1016/j.molstruc.2025.142158,0.334,0.6388242986931082,0.3048242986931082
MLDB-001610,LOMO,Pt,mono,Pt,10.1016/j.molstruc.2025.142158,0.798,1.4294447045801997,0.6314447045801996
MLDB-001611,LOMO,Pt,mono,Pt,10.1016/j.molstruc.2025.142158,1.057,1.3404627479767892,0.2834627479767893
MLDB-001612,LOMO,Pt,mono,Pt,10.1016/j.ejmech.2022.114702,0.04539,0.9025080401111588,0.8571180401111588
MLDB-001613,LOMO,Pt,mono,Pt,10.1016/j.ejmech.2022.114702,-0.47,0.6723381345005403,1.1423381345005401
MLDB-001614,LOMO,Pt,mono,Pt,10.1016/j.ejmech.2022.114702,0.44,0.5506703771917058,0.11067037719170575
MLDB-001615,LOMO,Pt,mono,Pt,10.1016/j.ejmech.2022.114702,-0.66,0.37517234232307767,1.0351723423230776
MLDB-001616,LOMO,Pt,mono,Pt,10.1016/j.ejmech.2022.114702,-0.18,0.3665077541217174,0.5465077541217174
MLDB-001617,LOMO,Pt,mono,Pt,10.1016/j.jinorgbio.2022.111992,0.258,-0.02652471416620772,0.2845247141662077
MLDB-001618,LOMO,Pt,mono,Pt,10.1016/j.jinorgbio.2022.111992,0.228,-0.5335423146052942,0.7615423146052942
MLDB-001619,LOMO,Pt,mono,Pt,10.1016/j.jinorgbio.2022.111992,0.079,0.4300120322978222,0.3510120322978222
MLDB-001621,LOMO,Pt,mono,Pt,10.1016/j.jinorgbio.2023.112144,-0.56,-1.296214689354085,0.7362146893540849
MLDB-001622,LOMO,Pt,mono,Pt,10.1016/j.jinorgbio.2023.112144,-1.62,-1.3005549523110522,0.3194450476889479
MLDB-001623,LOMO,Pt,mono,Pt,10.1021/acs.inorgchem.0c01541,0.47,-0.836199699313198,1.306199699313198
MLDB-001624,LOMO,Pt,mono,Pt,10.1021/acs.inorgchem.0c01541,0.63,-0.4571977093911689,1.0871977093911689
MLDB-001625,LOMO,Pt,mono,Pt,10.1021/acs.inorgchem.0c01541,-0.24,-0.8807114864597585,0.6407114864597585
MLDB-001626,LOMO,Pt,mono,Pt,10.1021/acs.inorgchem.0c01541,0.2,-0.4948805123419906,0.6948805123419906
MLDB-001627,LOMO,Pt,mono,Pt,10.1021/acs.inorgchem.0c01541,-1.65,0.39009755812130625,2.0400975581213063
MLDB-001628,LOMO,Pt,mono,Pt,10.1021/acs.inorgchem.0c01541,1.04,-1.7300556767503101,2.77005567675031
MLDB-001629,LOMO,Pt,mono,Pt,10.1021/acs.inorgchem.0c01541,1.05,-1.7658572494002487,2.8158572494002487
MLDB-001630,LOMO,Pt,mono,Pt,10.1021/acs.inorgchem.0c01541,0.29,-1.838444928239659,2.128444928239659
MLDB-001631,LOMO,Pt,mono,Pt,10.1021/acs.inorgchem.0c01541,0.75,-1.753120164170006,2.503120164170006
MLDB-001632,LOMO,Pt,mono,Pt,10.1021/acs.inorgchem.0c01541,0.53,-1.0409862976511561,1.5709862976511562
MLDB-001633,LOMO,Pt,mono,Pt,10.1021/acs.inorgchem.0c01541,0.74,-1.5823470871633523,2.3223470871633523
MLDB-001634,LOMO,Pt,mono,Pt,10.1021/acs.inorgchem.0c01541,0.02,-1.0114620835896875,1.0314620835896875
MLDB-001635,LOMO,Pt,mono,Pt,10.1021/acs.inorgchem.0c01541,0.52,-1.5886996083401954,2.1086996083401957
MLDB-001636,LOMO,Pt,mono,Pt,10.1021/acs.inorgchem.0c01541,-1.68,-0.8289517795644767,0.8510482204355232
MLDB-001637,LOMO,Pt,mono,Pt,10.1021/acs.inorgchem.0c01541,0.65,-1.7944376844738994,2.4444376844738995
MLDB-001638,LOMO,Pt,mono,Pt,10.1021/acs.inorgchem.0c01541,0.79,-1.7341536153519064,2.5241536153519064
MLDB-001639,LOMO,Pt,mono,Pt,10.1021/acs.inorgchem.0c01541,-0.3,-1.7692942976981576,1.4692942976981576
MLDB-001640,LOMO,Pt,mono,Pt,10.1021/acs.inorgchem.0c01541,0.1,-1.8080639428531562,1.9080639428531563
MLDB-001641,LOMO,Pt,mono,Pt,10.1021/acs.inorgchem.0c01541,0.55,-1.0529282107833502,1.6029282107833502
MLDB-001642,LOMO,Pt,mono,Pt,10.1021/acs.inorgchem.0c01541,0.8,-1.616100828468338,2.416100828468338
MLDB-001643,LOMO,Pt,mono,Pt,10.1021/acs.inorgchem.0c01541,-0.24,-1.015134639999454,0.7751346399994541
MLDB-001644,LOMO,Pt,mono,Pt,10.1021/acs.inorgchem.0c01541,0.03,-1.5764583388694149,1.606458338869415
MLDB-001645,LOMO,Pt,mono,Pt,10.1021/acs.inorgchem.0c01541,-1.26,-0.8114185673056051,0.4485814326943949
MLDB-001646,LOMO,Pt,mono,Pt,10.1016/j.molliq.2023.121651,-0.803,0.35057360633466456,1.1535736063346647
MLDB-001647,LOMO,Pt,mono,Pt,10.1016/j.molliq.2023.121651,-0.866,-0.8114185673056051,0.05458143269439486
MLDB-001648,LOMO,Pt,mono,Pt,10.1039/d3qi00327b,-0.69,0.2521046882784775,0.9421046882784774
MLDB-001649,LOMO,Pt,mono,Pt,10.1039/d3qi00327b,-0.28,0.2991309010483032,0.5791309010483032
MLDB-001650,LOMO,Pt,mono,Pt,10.1039/d3qi00327b,-0.4,0.7699880196785693,1.1699880196785695
MLDB-001651,LOMO,Pt,mono,Pt,10.1039/d3qi00327b,-0.02,0.39686818133651763,0.41686818133651765
MLDB-001652,LOMO,Pt,mono,Pt,10.1039/d3qi00327b,-0.07,0.39934273868981746,0.46934273868981746
MLDB-001653,LOMO,Pt,mono,Pt,10.1039/d3qi00327b,-0.21,0.5779986936951064,0.7879986936951063
MLDB-001654,LOMO,Pt,mono,Pt,10.1039/d3qi00327b,-0.13,0.5957145691747779,0.725714569174778
MLDB-001655,LOMO,Pt,mono,Pt,10.1021/acs.jmedchem.3c01126,-0.197,-0.0383821612984894,0.1586178387015106
MLDB-001656,LOMO,Pt,mono,Pt,10.1021/acs.jmedchem.3c01126,-0.439,0.16296814922990538,0.6019681492299054
MLDB-001657,LOMO,Pt,mono,Pt,10.1021/acs.jmedchem.3c01126,-0.245,0.7544403009187438,0.9994403009187438
MLDB-001658,LOMO,Pt,mono,Pt,10.1021/acs.jmedchem.3c01126,0.719,1.2133557313114245,0.4943557313114245
MLDB-001659,LOMO,Pt,mono,Pt,10.1016/j.jinorgbio.2025.113114,0.94,0.19019189260689037,0.7498081073931095
MLDB-001660,LOMO,Pt,mono,Pt,10.1016/j.jinorgbio.2025.113114,2.56,0.08583640712530997,2.47416359287469
MLDB-001661,LOMO,Pt,mono,Pt,10.1016/j.jinorgbio.2025.113114,2.34,0.20220867559642505,2.1377913244035747
MLDB-001662,LOMO,Pt,mono,Pt,10.1016/j.jinorgbio.2025.113114,2.41,0.3173959844465306,2.0926040155534693
MLDB-001694,LOMO,Pt,mono,Pt,10.1039/d5md00460h,1.05,0.17225987508089705,0.877740124919103
MLDB-001695,LOMO,Pt,mono,Pt,10.1039/d5md00460h,0.91,0.3453225176135757,0.5646774823864243
MLDB-001696,LOMO,Pt,mono,Pt,10.1039/d5md00460h,0.94,0.5207548856864717,0.4192451143135283
MLDB-001697,LOMO,Pt,mono,Pt,10.1021/acs.jmedchem.4c02909,0.324,0.023833591812780965,0.30016640818721907
MLDB-001698,LOMO,Pt,mono,Pt,10.1016/j.molliq.2025.127126,0.04,-2.316421153290436,2.356421153290436
MLDB-001699,LOMO,Pt,mono,Pt,10.1016/j.jinorgbio.2024.112790,3.4,1.4215751300454877,1.9784248699545122
MLDB-001701,LOMO,Pt,mono,Pt,10.1002/anie.202309043,-0.13,0.11679020428949675,0.24679020428949677
MLDB-001702,LOMO,Pt,mono,Pt,10.1002/anie.202309043,-0.26,0.0773956383239196,0.3373956383239196
MLDB-001703,LOMO,Pt,mono,Pt,10.1021/acs.jmedchem.4c02509,0.69,0.08195607583565848,0.6080439241643415
MLDB-001704,LOMO,Pt,mono,Pt,10.1021/acs.jmedchem.4c02509,1.09,0.04812344489390269,1.0418765551060973
MLDB-001705,LOMO,Pt,mono,Pt,10.1021/jacsau.4c00652,1.37,0.2687890494054744,1.1012109505945258
MLDB-001706,LOMO,Pt,mono,Pt,10.1021/jacsau.4c00652,2.09,0.254792769141741,1.8352072308582588
MLDB-001707,LOMO,Pt,mono,Pt,10.1016/j.molliq.2024.126622,0.99,0.5873987248779406,0.40260127512205934
MLDB-001708,LOMO,Pt,mono,Pt,10.1016/j.molliq.2024.126622,1.22,0.7397552446039024,0.48024475539609757
MLDB-001709,LOMO,Pt,mono,Pt,10.1016/j.molliq.2024.126622,1.61,0.7500474200859409,0.8599525799140592
MLDB-001710,LOMO,Pt,mono,Pt,10.1016/j.molliq.2024.126622,1.15,0.46846286207434573,0.6815371379256542
MLDB-001711,LOMO,Pt,mono,Pt,10.1016/j.bios.2024.116900,0.115,0.0030477775793836593,0.11195222242061635
MLDB-001712,LOMO,Pt,mono,Pt,10.1016/j.bios.2024.116900,0.21,0.38478867880515466,0.17478867880515467
MLDB-001713,LOMO,Pt,mono,Pt,10.1016/j.bios.2024.116900,0.193,-0.15917611153670505,0.352176111536705
MLDB-001714,LOMO,Pt,mono,Pt,10.1016/j.bios.2024.116900,0.392,0.414835227013913,0.022835227013912995
MLDB-001715,LOMO,Pt,mono,Pt,10.1016/j.bios.2024.116900,0.48,0.8698437172893833,0.3898437172893833
MLDB-001716,LOMO,Pt,mono,Pt,10.1002/cmdc.202400289,-0.88,-1.0424610384705597,0.1624610384705597
MLDB-001717,LOMO,Pt,mono,Pt,10.1002/cmdc.202400289,-0.53,-1.490654452176899,0.9606544521768989
MLDB-001718,LOMO,Pt,mono,Pt,10.1002/cmdc.202400289,-0.29,-0.742283265795181,0.452283265795181
MLDB-001719,LOMO,Pt,mono,Pt,10.1021/acs.inorgchem.4c01586,-0.911,-0.10685972459705209,0.804140275402948
MLDB-001720,LOMO,Pt,mono,Pt,10.1021/acs.inorgchem.4c01586,-0.323,0.22495592819897658,0.5479559281989765
MLDB-001721,LOMO,Pt,mono,Pt,10.1002/aoc.7540,2.72,0.6718118938518907,2.0481881061481095
MLDB-001722,LOMO,Pt,mono,Pt,10.1002/aoc.7540,2.32,0.43779345827924293,1.882206541720757
MLDB-001723,LOMO,Pt,mono,Pt,10.1002/slct.202400511,0.04,-1.919663424071158,1.9596634240711581
MLDB-001724,LOMO,Pt,mono,Pt,10.1002/slct.202400511,0.4,-1.8005094555511547,2.200509455551155
MLDB-001725,LOMO,Pt,mono,Pt,10.1002/slct.202400511,0.94,-1.0668648427423002,2.0068648427423
MLDB-001726,LOMO,Pt,mono,Pt,10.1002/slct.202400511,-0.36,0.3100684403996778,0.6700684403996777
MLDB-001727,LOMO,Pt,mono,Pt,10.1021/acsnano.3c11366,-0.078,0.5901202353082489,0.6681202353082488
MLDB-001728,LOMO,Pt,mono,Pt,10.1021/acsnano.3c11366,-0.125,0.8638249014306935,0.9888249014306935
MLDB-001729,LOMO,Pt,mono,Pt,10.1021/acsnano.3c11366,-0.245,1.2484399991535826,1.4934399991535825
MLDB-001730,LOMO,Pt,mono,Pt,10.1021/acsnano.3c11366,1.004,1.4264083465409538,0.4224083465409538
MLDB-001731,LOMO,Pt,mono,Pt,10.1021/acsnano.3c11366,0.244,-0.8599731327319704,1.1039731327319704
MLDB-001732,LOMO,Pt,mono,Pt,10.1021/acsnano.3c11366,0.304,-0.34588647139968204,0.649886471399682
MLDB-001733,LOMO,Pt,mono,Pt,10.1016/j.jinorgbio.2023.112437,-0.16,1.158069292901966,1.318069292901966
MLDB-001734,LOMO,Pt,mono,Pt,10.1016/j.inoche.2023.111477,0.89,-0.47411291643049264,1.3641129164304926
MLDB-001735,LOMO,Pt,mono,Pt,10.1016/j.inoche.2023.111477,0.93,-0.3890467219522201,1.3190467219522202
MLDB-001736,LOMO,Pt,mono,Pt,10.1016/j.poly.2022.116064,-0.74,-0.11236651815299235,0.6276334818470076
MLDB-001737,LOMO,Pt,mono,Pt,10.1016/j.poly.2022.116064,-0.23,-0.07704678463874708,0.15295321536125295
MLDB-001738,LOMO,Pt,mono,Pt,10.1016/j.poly.2022.116064,-1.44,-0.13245302274146267,1.3075469772585373
MLDB-001739,LOMO,Pt,mono,Pt,10.1016/j.poly.2022.116064,-1.5,0.4218226485554937,1.9218226485554937
MLDB-001740,LOMO,Pt,mono,Pt,10.1016/j.poly.2022.116064,-1.4831,-0.8369247986505988,0.6461752013494013
MLDB-001741,LOMO,Pt,mono,Pt,10.1039/d3sc01874a,-0.13,0.16189278330936424,0.29189278330936425
MLDB-001742,LOMO,Pt,mono,Pt,10.1039/d3sc01874a,-0.046,0.6848522005728037,0.7308522005728038
MLDB-001770,LOMO,Pt,mono,Pt,10.3390/molecules28031284,-0.295,0.2899645563428511,0.5849645563428512
MLDB-001771,LOMO,Pt,mono,Pt,10.3390/molecules28031284,1.012,0.2899645563428511,0.7220354436571489
MLDB-001772,LOMO,Pt,mono,Pt,10.3390/ijms24021106,-1.6,-1.2220593754570799,0.3779406245429202
MLDB-001776,LOMO,Pt,mono,Pt,10.1039/c9dt01645g,-0.6,-0.5402159831718145,0.05978401682818546
MLDB-001777,LOMO,Pt,mono,Pt,10.1039/c9dt01645g,-0.5,-0.3593464488083706,0.14065355119162942
MLDB-001778,LOMO,Pt,mono,Pt,10.1039/c9dt01645g,-1.5,-0.6095942060255893,0.8904057939744107
MLDB-001779,LOMO,Pt,mono,Pt,10.1016/j.ejmech.2022.114691,0.94,0.3111061160728028,0.6288938839271971
MLDB-001780,LOMO,Pt,mono,Pt,10.1016/j.ejmech.2022.114691,1.7,0.7179051405045399,0.98209485949546
MLDB-001781,LOMO,Pt,mono,Pt,10.1039/d2dt00235c,1.85,-0.20372606060143955,2.0537260606014396
MLDB-001782,LOMO,Pt,mono,Pt,10.1039/d2dt00235c,1.02,-0.2844346523626277,1.3044346523626278
MLDB-001783,LOMO,Pt,mono,Pt,10.1039/d2dt00235c,2.27,-0.4735786808644358,2.743578680864436
MLDB-001784,LOMO,Pt,mono,Pt,10.1016/j.ejmech.2021.114047,-0.51,-0.02589385942682174,0.48410614057317825
MLDB-001785,LOMO,Pt,mono,Pt,10.1016/j.ejmech.2021.114047,0.36,0.12786749250584836,0.23213250749415162
MLDB-001786,LOMO,Pt,mono,Pt,10.1155/2022/1717200,0.17,0.3405574807120514,0.17055748071205137
MLDB-001787,LOMO,Pt,mono,Pt,10.1155/2022/1717200,0.28,0.8455822385934153,0.5655822385934153
MLDB-001788,LOMO,Pt,mono,Pt,10.1155/2022/1717200,-0.96,0.5564036091033677,1.5164036091033677
MLDB-001789,LOMO,Pt,mono,Pt,10.1155/2022/1717200,-0.63,0.7159052834156426,1.3459052834156426
MLDB-001790,LOMO,Pt,multi,Pt,10.1016/j.cbi.2021.109708,-0.48,-0.551262477809805,0.07126247780980499
MLDB-001791,LOMO,Pt,multi,Pt,10.1016/j.cbi.2021.109708,-0.55,-0.5548317220903146,0.004831722090314572
MLDB-001792,LOMO,Pt,multi,Pt,10.1016/j.cbi.2021.109708,-0.87,-0.3441952077935759,0.5258047922064242
MLDB-001793,LOMO,Pt,multi,Pt,10.1016/j.cbi.2021.109708,-1.03,-0.053225958434315226,0.9767740415656848
MLDB-001794,LOMO,Pt,multi,Pt,10.1016/j.cbi.2021.109708,-0.57,0.026159662440049095,0.596159662440049
MLDB-001795,LOMO,Pt,mono,Pt,10.1016/j.cbi.2021.109708,-2.35,0.39009755812130625,2.7400975581213065
MLDB-001796,LOMO,Pt,mono,Pt,10.1021/acs.jmedchem.1c01690,1.77,0.7582593043868555,1.0117406956131445
MLDB-001797,LOMO,Pt,mono,Pt,10.1021/acs.jmedchem.1c01236,2.47,0.24395957783798225,2.226040422162018
MLDB-001798,LOMO,Pt,mono,Pt,10.1021/acs.jmedchem.1c01236,0.79,0.37246583497583047,0.41753416502416957
MLDB-001799,LOMO,Pt,mono,Pt,10.1073/pnas.2025806118,1.45,1.012221819159018,0.43777818084098197
MLDB-001800,LOMO,Pt,mono,Pt,10.1073/pnas.2025806118,1.08,0.6116163461132726,0.4683836538867274
MLDB-001801,LOMO,Pt,mono,Pt,10.1073/pnas.2025806118,1.27,0.631192425507857,0.638807574492143
MLDB-001802,LOMO,Pt,mono,Pt,10.1073/pnas.2025806118,1.31,0.585333190455564,0.7246668095444361
MLDB-001803,LOMO,Pt,mono,Pt,10.1073/pnas.2025806118,1.37,0.6893140041719126,0.6806859958280875
MLDB-001804,LOMO,Pt,mono,Pt,10.1073/pnas.2025806118,0.76,0.6151221078193264,0.1448778921806736
MLDB-001805,LOMO,Pt,mono,Pt,10.1073/pnas.2025806118,0.83,0.4878699606638689,0.34213003933613106
MLDB-001806,LOMO,Pt,mono,Pt,10.1016/j.ejmech.2021.113520,-1.62,-0.7675905235671702,0.8524094764328299
MLDB-001807,LOMO,Pt,mono,Pt,10.1016/j.ejmech.2021.113520,0.76,-1.0376941188543716,1.7976941188543716
MLDB-001808,LOMO,Pt,mono,Pt,10.1016/j.ejmech.2021.113520,2.0,-0.7701924779956643,2.770192477995664
MLDB-001831,LOMO,Pt,mono,Pt,10.1016/j.jinorgbio.2011.02.005,-1.76,-0.7675905235671702,0.9924094764328298
MLDB-001832,LOMO,Pt,mono,Pt,10.1016/j.jinorgbio.2011.02.005,-1.28,-0.6279964464663602,0.6520035535336398
MLDB-001833,LOMO,Pt,mono,Pt,10.1016/j.jinorgbio.2011.02.005,-0.68,-0.5378875996173018,0.14211240038269823
MLDB-001834,LOMO,Pt,mono,Pt,10.1016/j.jinorgbio.2011.02.005,-0.28,-0.05477406834076185,0.22522593165923818
MLDB-001835,LOMO,Pt,mono,Pt,10.1016/j.jinorgbio.2011.02.005,0.42,-0.27689660240009006,0.69689660240009
MLDB-001836,LOMO,Pt,mono,Pt,10.1021/jm300580y,-0.59,0.25578429533257624,0.8457842953325763
MLDB-001837,LOMO,Pt,mono,Pt,10.1021/jm300580y,-0.5,-0.178483929864757,0.32151607013524297
MLDB-001838,LOMO,Pt,mono,Pt,10.1021/jm300580y,-0.87,0.025479529297367503,0.8954795292973675
MLDB-001839,LOMO,Pt,mono,Pt,10.1021/jm300580y,-1.14,-0.47409993690380264,0.6659000630961973
MLDB-001840,LOMO,Pt,mono,Pt,10.1021/jm300580y,-0.19,-0.13286589886439223,0.05713410113560777
MLDB-001841,LOMO,Pt,mono,Pt,10.1021/jm300580y,-0.46,-1.8033424717204272,1.3433424717204272
MLDB-001842,LOMO,Pt,mono,Pt,10.1021/jm300580y,0.25,-0.9918868958233696,1.2418868958233698
MLDB-001843,LOMO,Pt,mono,Pt,10.1021/jm300580y,1.01,0.05315124241133194,0.956848757588668
MLDB-001844,LOMO,Pt,mono,Pt,10.1021/jm300580y,-2.0,-0.7755399242700048,1.2244600757299953
MLDB-001845,LOMO,Pt,mono,Pt,10.1021/jm300580y,-2.03,0.3164603740352342,2.346460374035234
MLDB-001846,LOMO,Pt,mono,Pt,10.1021/jm300580y,-2.12,0.07318546907372438,2.1931854690737245
MLDB-001847,LOMO,Pt,mono,Pt,10.1016/j.jinorgbio.2010.09.006,-0.81,-1.4865075895836852,0.6765075895836852
MLDB-001848,LOMO,Pt,mono,Pt,10.1016/j.jinorgbio.2010.09.006,-0.32,-1.4891641023653135,1.1691641023653134
MLDB-001849,LOMO,Pt,mono,Pt,10.1016/j.jinorgbio.2010.09.006,0.24,-1.5793032111887093,1.8193032111887093
MLDB-001850,LOMO,Pt,mono,Pt,10.1016/j.jinorgbio.2010.09.006,0.7,-1.320228948096413,2.020228948096413
MLDB-001851,LOMO,Pt,mono,Pt,10.1016/j.jinorgbio.2010.09.006,1.69,-1.1516642057382953,2.8416642057382955
MLDB-001852,LOMO,Pt,mono,Pt,10.1016/j.jinorgbio.2010.09.006,-1.45,-2.2244970407054065,0.7744970407054066
MLDB-001853,LOMO,Pt,mono,Pt,10.1016/j.jinorgbio.2010.09.006,-0.43,-1.8347564871579631,1.4047564871579632
MLDB-001854,LOMO,Pt,mono,Pt,10.1016/j.jinorgbio.2010.09.006,0.61,-2.1904760297498127,2.8004760297498126
MLDB-001855,LOMO,Pt,mono,Pt,10.1002/cmdc.201600577,-0.7,0.25578429533257624,0.9557842953325761
MLDB-001856,LOMO,Pt,mono,Pt,10.1002/cmdc.201600577,-0.28,-0.13286589886439223,0.1471341011356078
MLDB-001857,LOMO,Pt,mono,Pt,10.1002/cmdc.201600577,-0.08,-0.1447567814933068,0.06475678149330681
MLDB-001858,LOMO,Pt,mono,Pt,10.1002/cmdc.201600577,0.28,-0.14105778110369255,0.4210577811036926
MLDB-001859,LOMO,Pt,mono,Pt,10.1002/cmdc.201600577,0.46,-0.17247581346812368,0.6324758134681236
MLDB-001860,LOMO,Pt,mono,Pt,10.1002/cmdc.201600577,0.19,-0.25199550376445085,0.44199550376445085
MLDB-001861,LOMO,Pt,mono,Pt,10.1002/cmdc.201600577,0.13,-0.34463645937667725,0.47463645937667726
MLDB-001862,LOMO,Pt,mono,Pt,10.1002/cmdc.201600577,0.56,-0.06726496320503483,0.6272649632050349
MLDB-001863,LOMO,Pt,mono,Pt,10.1002/cmdc.201600577,-0.47,-0.2639240805515333,0.20607591944846665
MLDB-001864,LOMO,Pt,mono,Pt,10.1002/cmdc.201600577,-0.2,-0.1197914085724744,0.08020859142752561
MLDB-001865,LOMO,Pt,mono,Pt,10.1002/cmdc.201600577,0.24,-0.24469223123057052,0.4846922312305705
MLDB-001866,LOMO,Pt,mono,Pt,10.1002/cmdc.201600577,-0.41,-0.20431158829587798,0.205688411704122
MLDB-001867,LOMO,Pt,mono,Pt,10.1002/cmdc.201600577,-0.31,-0.14116163309395022,0.16883836690604978
MLDB-001868,LOMO,Pt,mono,Pt,10.1016/j.ejmech.2018.06.035,1.01,0.745990068019007,0.264009931980993
MLDB-001869,LOMO,Pt,mono,Pt,10.1016/j.ejmech.2018.06.035,1.28,0.7768183024573673,0.5031816975426328
MLDB-001870,LOMO,Pt,mono,Pt,10.1016/j.ejmech.2018.06.035,0.92,0.9335908477468045,0.013590847746804413
MLDB-001871,LOMO,Pt,mono,Pt,10.1039/d1dt02362d,0.92,-1.2647912341938452,2.1847912341938454
MLDB-001872,LOMO,Pt,mono,Pt,10.1039/d1dt02362d,0.82,-1.6911848007701797,2.5111848007701796
MLDB-001873,LOMO,Pt,mono,Pt,10.1039/d1dt02362d,0.88,-1.581964727036478,2.461964727036478
MLDB-001874,LOMO,Pt,mono,Pt,10.1039/d1dt02362d,1.04,-1.0429866746521075,2.0829866746521075
MLDB-001875,LOMO,Pt,mono,Pt,10.1039/d1dt02362d,1.09,-0.7764953541670558,1.866495354167056
MLDB-001876,LOMO,Pt,mono,Pt,10.1039/d1dt02362d,0.64,-1.5833370741056607,2.2233370741056606
MLDB-001877,LOMO,Pt,mono,Pt,10.1039/d1dt02362d,0.55,-1.6419017334789783,2.1919017334789785
MLDB-001878,LOMO,Pt,mono,Pt,10.1039/d1dt02362d,0.63,-1.5351839638358866,2.1651839638358865
MLDB-001879,LOMO,Pt,mono,Pt,10.1039/d1dt02362d,0.64,-1.4706963930007946,2.1106963930007945
MLDB-001880,LOMO,Pt,mono,Pt,10.1039/d1dt02362d,0.62,-1.110075278822905,1.730075278822905
MLDB-001881,LOMO,Pt,mono,Pt,10.1039/d1dt02362d,-1.15,-0.8289517795644767,0.32104822043552317
MLDB-001882,LOMO,Pt,mono,Pt,10.1021/jm400967z,-2.25,0.3164603740352342,2.566460374035234
MLDB-001883,LOMO,Pt,mono,Pt,10.1021/jm400967z,1.03,0.8761575971873957,0.1538424028126043
MLDB-001884,LOMO,Pt,mono,Pt,10.1021/jm400967z,0.9,0.8761575971873957,0.023842402812604302
MLDB-001885,LOMO,Pt,mono,Pt,10.1021/jm400967z,-0.13,0.9502482429460939,1.080248242946094
MLDB-001886,LOMO,Pt,mono,Pt,10.1021/jm400967z,-0.07,1.089473210122331,1.159473210122331
MLDB-001887,LOMO,Pt,mono,Pt,10.1021/jm400967z,0.14,1.089473210122331,0.949473210122331
MLDB-001888,LOMO,Pt,mono,Pt,10.1021/jm400967z,-0.42,0.5213404865292754,0.9413404865292754
MLDB-001889,LOMO,Pt,mono,Pt,10.1021/jm400967z,-0.35,0.5213404865292754,0.8713404865292754
MLDB-001890,LOMO,Pt,mono,Pt,10.1021/jm400967z,-0.45,1.0511323100624517,1.5011323100624516
MLDB-001891,LOMO,Pt,mono,Pt,10.1021/jm400967z,-0.24,1.0511323100624517,1.2911323100624517
MLDB-001892,LOMO,Pt,mono,Pt,10.1016/j.jinorgbio.2011.01.003,-2.21,0.33352968852729736,2.5435296885272973
MLDB-001893,LOMO,Pt,mono,Pt,10.1016/j.jinorgbio.2011.01.003,-2.51,0.8298972062984286,3.3398972062984282
MLDB-001894,LOMO,Pt,mono,Pt,10.1016/j.jinorgbio.2011.01.003,-1.84,1.0279230347105177,2.867923034710518
MLDB-001895,LOMO,Pt,mono,Pt,10.1016/j.jinorgbio.2011.01.003,-1.16,0.37499766497026477,1.5349976649702648
MLDB-001896,LOMO,Pt,mono,Pt,10.1016/j.jorganchem.2016.06.013,-3.24,0.8484917987735147,4.088491798773515
MLDB-001897,LOMO,Pt,mono,Pt,10.1016/j.jorganchem.2016.06.013,-2.55,0.7863614092299201,3.33636140922992
MLDB-001898,LOMO,Pt,mono,Pt,10.1016/j.jorganchem.2016.06.013,-2.15,0.5586002443859472,2.708600244385947
MLDB-001899,LOMO,Pt,mono,Pt,10.1016/j.jorganchem.2016.06.013,-1.22,0.6909140951307128,1.9109140951307126
MLDB-001900,LOMO,Pt,mono,Pt,10.1016/j.jorganchem.2016.06.013,-1.06,0.7121386256753228,1.7721386256753229
MLDB-001901,LOMO,Pt,mono,Pt,10.1016/j.jorganchem.2016.06.013,-2.09,0.39009755812130625,2.4800975581213063
MLDB-001902,LOMO,Pt,mono,Pt,10.1016/j.jinorgbio.2017.07.029,-2.28,0.3423240083067409,2.622324008306741
MLDB-001903,LOMO,Pt,mono,Pt,10.1016/j.jinorgbio.2017.07.029,-2.29,-0.21979408690265662,2.0702059130973436
MLDB-001904,LOMO,Pt,mono,Pt,10.1016/j.jinorgbio.2017.07.029,-2.49,-0.2789672954780046,2.2110327045219957
MLDB-001905,LOMO,Pt,mono,Pt,10.1016/j.ejmech.2011.09.006,-0.12,-1.5786395343192152,1.4586395343192153
MLDB-001906,LOMO,Pt,mono,Pt,10.1016/j.ejmech.2011.09.006,0.64,-1.457174275202976,2.097174275202976
MLDB-001907,LOMO,Pt,mono,Pt,10.1016/j.ejmech.2011.09.006,1.44,-1.2329060513436718,2.6729060513436718
MLDB-001908,LOMO,Pt,mono,Pt,10.1016/j.ejmech.2011.09.006,1.21,-2.2327341095781206,3.4427341095781205
MLDB-001909,LOMO,Pt,mono,Pt,10.1021/acs.inorgchem.8b01707,-0.64,-0.06351648918882526,0.5764835108111748
MLDB-001910,LOMO,Pt,mono,Pt,10.1021/acs.inorgchem.8b01707,-0.6,0.0177381935361557,0.6177381935361557
MLDB-001911,LOMO,Pt,mono,Pt,10.1021/acs.inorgchem.2c01126,-1.67,-0.7675905235671702,0.9024094764328298
MLDB-001912,LOMO,Pt,multi,Pt,10.1021/acs.inorgchem.2c01126,-1.97,-1.2649091414188387,0.7050908585811613
MLDB-001913,LOMO,Pt,multi,Pt,10.1021/acs.inorgchem.2c01126,-1.5,-1.0199750780030654,0.4800249219969346
MLDB-001914,LOMO,Pt,multi,Pt,10.1021/acs.inorgchem.2c01126,-1.62,-0.8630433211216664,0.7569566788783337
MLDB-001915,LOMO,Pt,multi,Pt,10.1021/acs.inorgchem.2c01126,-1.81,-1.1629126697407846,0.6470873302592155
MLDB-001916,LOMO,Pt,multi,Pt,10.1021/acs.inorgchem.2c01126,-1.61,-1.2018069971962926,0.4081930028037075
MLDB-001917,LOMO,Pt,mono,Pt,10.1016/j.jinorgbio.2017.04.003,-0.79,-0.5498796084986277,0.24012039150137232
MLDB-001918,LOMO,Pt,mono,Pt,10.1016/j.jinorgbio.2017.04.003,1.35,0.15515319767096997,1.1948468023290302
MLDB-001919,LOMO,Pt,mono,Pt,10.1016/j.jinorgbio.2017.04.003,2.4,0.5679740655504838,1.8320259344495162
MLDB-001920,LOMO,Pt,mono,Pt,10.1016/j.jinorgbio.2017.04.003,-0.46,-0.4549388857844779,0.005061114215522133
MLDB-001921,LOMO,Pt,mono,Pt,10.1016/j.jinorgbio.2017.04.003,1.68,0.29509345290947936,1.3849065470905206
MLDB-001922,LOMO,Pt,mono,Pt,10.1016/j.jinorgbio.2017.04.003,2.55,0.6418419972642656,1.908158002735734
MLDB-001923,LOMO,Pt,mono,Pt,10.1016/j.jinorgbio.2004.05.017,-2.28,0.3423240083067409,2.622324008306741
MLDB-001924,LOMO,Pt,mono,Pt,10.1016/j.jinorgbio.2004.05.017,-2.3,0.8845252738433141,3.184525273843314
MLDB-001925,LOMO,Pt,mono,Pt,10.1016/j.jinorgbio.2004.05.017,-2.06,-0.0867745429135396,1.9732254570864605
MLDB-001926,LOMO,Pt,mono,Pt,10.1016/j.jinorgbio.2004.05.017,-1.91,0.4969673115652372,2.406967311565237
MLDB-001927,LOMO,Pt,mono,Pt,10.1016/j.jinorgbio.2004.05.017,-2.2,-0.7616065988149059,1.4383934011850943
MLDB-001928,LOMO,Pt,mono,Pt,10.1016/j.jinorgbio.2004.05.017,-1.88,-0.6276646167845462,1.2523353832154536
MLDB-001929,LOMO,Pt,mono,Pt,10.1016/j.jinorgbio.2004.05.017,-2.81,0.09904910334523083,2.909049103345231
MLDB-001930,LOMO,Pt,mono,Pt,10.1016/j.jinorgbio.2004.05.017,-2.78,0.4797603003843349,3.2597603003843347
MLDB-001931,LOMO,Pt,mono,Pt,10.3390/ma13235312,-1.58,-0.16043560041535762,1.4195643995846425
MLDB-001932,LOMO,Pt,mono,Pt,10.3390/ma13235312,-0.65,-0.5899350394665573,0.06006496053344268
MLDB-001933,LOMO,Pt,mono,Pt,10.3390/ma13235312,-1.69,-0.28611865871289793,1.403881341287102
MLDB-001934,LOMO,Pt,mono,Pt,10.3390/ma13235312,-1.23,-0.09592334684533259,1.1340766531546673
MLDB-001935,LOMO,Pt,mono,Pt,10.1016/j.jinorgbio.2019.03.008,1.25,0.888635313941204,0.361364686058796
MLDB-001936,LOMO,Pt,mono,Pt,10.1016/j.jinorgbio.2019.03.008,1.34,0.8578559419268782,0.4821440580731219
MLDB-001937,LOMO,Pt,mono,Pt,10.1016/j.jinorgbio.2019.03.008,1.38,0.4459261069447419,0.934073893055258
MLDB-001938,LOMO,Pt,mono,Pt,10.1016/j.jinorgbio.2019.03.008,1.51,0.6336678130985852,0.8763321869014148
MLDB-001939,LOMO,Pt,mono,Pt,10.1016/s0162-0134(97)00109-8,0.544,0.5393029605338089,0.004697039466191155
MLDB-001940,LOMO,Pt,mono,Pt,10.1016/s0162-0134(97)00109-8,0.534,0.5423140651127294,0.008314065112729363
MLDB-001941,LOMO,Pt,mono,Pt,10.1016/s0162-0134(97)00109-8,0.354,0.33062492527863296,0.023375074721367017
MLDB-001942,LOMO,Pt,mono,Pt,10.1016/s0162-0134(97)00109-8,0.13,0.29463565469112735,0.16463565469112734
MLDB-001943,LOMO,Pt,mono,Pt,10.1016/s0162-0134(97)00109-8,-0.18,-0.14288376641942324,0.03711623358057675
MLDB-001944,LOMO,Pt,mono,Pt,10.1016/s0162-0134(97)00109-8,-0.387,-0.09841150531312191,0.2885884946868781
MLDB-001945,LOMO,Pt,mono,Pt,10.1016/s0162-0134(97)00109-8,-0.886,-0.33538060669583114,0.5506193933041689
MLDB-001946,LOMO,Pt,mono,Pt,10.1016/s0162-0134(97)00109-8,-1.523,-0.49356366693706316,1.0294363330629368
MLDB-001947,LOMO,Pt,mono,Pt,10.1016/s0162-0134(97)00109-8,-1.398,-0.8054548314308102,0.5925451685691897
MLDB-001948,LOMO,Pt,mono,Pt,10.3390/ijms21072325,-3.05,-0.8116868435175068,2.238313156482493
MLDB-001949,LOMO,Pt,mono,Pt,10.3390/ijms21072325,-2.69,-1.5347984680155746,1.1552015319844253
MLDB-001950,LOMO,Pt,mono,Pt,10.3390/ijms21072325,-0.26,-1.2057202318730116,0.9457202318730116
MLDB-001951,LOMO,Pt,mono,Pt,10.3390/ijms21072325,-1.65,-0.976035251454095,0.6739647485459049
MLDB-001952,LOMO,Pt,mono,Pt,10.3390/ijms21072325,-2.03,-1.5150301995542221,0.5149698004457777
MLDB-001953,LOMO,Pt,mono,Pt,10.3390/ijms21072325,-2.39,-0.6380966326246433,1.7519033673753568
MLDB-001954,LOMO,Pt,mono,Pt,10.3390/ijms21072325,-2.43,-0.8849595832688888,1.5450404167311114
MLDB-001957,LOMO,Pt,mono,Pt,10.1039/c8dt02389a,-0.16,0.1357670731288097,0.2957670731288097
MLDB-001958,LOMO,Pt,mono,Pt,10.1039/c8dt02389a,0.67,0.5452444687053611,0.1247555312946389
MLDB-001960,LOMO,Pt,mono,Pt,10.1039/c8dt02389a,-0.07,0.18770693567580524,0.25770693567580527
MLDB-001961,LOMO,Pt,mono,Pt,10.1039/c8dt02389a,-2.28,0.33352968852729736,2.613529688527297
MLDB-001962,LOMO,Pt,mono,Pt,10.1016/j.ejmech.2018.06.018,-0.96,0.06386957245384056,1.0238695724538405
MLDB-001963,LOMO,Pt,mono,Pt,10.1016/j.ejmech.2018.06.018,-0.21,0.02829426269864734,0.23829426269864734
MLDB-001964,LOMO,Pt,mono,Pt,10.1021/acs.inorgchem.7b03261,-1.7,-0.5680406016979856,1.1319593983020142
MLDB-001965,LOMO,Pt,mono,Pt,10.1021/acs.jmedchem.5b00427,0.02,1.3200366646622468,1.3000366646622468
MLDB-001966,LOMO,Pt,mono,Pt,10.1039/c8dt02113a,-0.95,0.74213656125773,1.69213656125773
MLDB-001967,LOMO,Pt,mono,Pt,10.1039/c8dt02113a,0.56,0.8993073943941032,0.3393073943941032
MLDB-001968,LOMO,Pt,mono,Pt,10.1039/c8dt02113a,-0.14,0.6599689738920594,0.7999689738920595
MLDB-001969,LOMO,Pt,mono,Pt,10.1039/c8dt02113a,0.11,0.5526354109591913,0.44263541095919134
MLDB-001970,LOMO,Pt,mono,Pt,10.1039/c8dt02113a,0.15,0.17037988430526294,0.02037988430526294
MLDB-001971,LOMO,Pt,mono,Pt,10.1016/j.jinorgbio.2014.08.005,-2.14,-0.5453932214045351,1.5946067785954652
MLDB-001972,LOMO,Pt,mono,Pt,10.1016/j.jinorgbio.2014.08.005,0.8,0.2057147447380668,0.5942852552619332
MLDB-001973,LOMO,Pt,mono,Pt,10.1016/j.jinorgbio.2014.08.005,2.07,0.40560355549919486,1.664396444500805
MLDB-001974,LOMO,Pt,mono,Pt,10.1016/j.jinorgbio.2014.08.005,-1.76,0.3164603740352342,2.0764603740352343
MLDB-001975,LOMO,Pt,mono,Pt,10.1016/j.jinorgbio.2014.04.008,-0.35,0.2839245084741835,0.6339245084741835
MLDB-001976,LOMO,Pt,mono,Pt,10.1016/j.jinorgbio.2014.04.008,0.29,0.27575820444720756,0.014241795552792424
MLDB-001977,LOMO,Pt,mono,Pt,10.1016/j.jinorgbio.2014.04.008,-0.03,0.37365793577069406,0.4036579357706941
MLDB-001978,LOMO,Pt,mono,Pt,10.1016/j.jinorgbio.2014.04.008,1.24,0.2839245084741835,0.9560754915258165
MLDB-001979,LOMO,Pt,mono,Pt,10.1016/j.jinorgbio.2014.04.008,1.66,0.27575820444720756,1.3842417955527924
MLDB-001980,LOMO,Pt,mono,Pt,10.1016/j.jinorgbio.2014.04.008,2.31,0.37365793577069406,1.936342064229306
MLDB-001981,LOMO,Pt,mono,Pt,10.1016/j.jinorgbio.2014.04.008,-2.18,0.33352968852729736,2.5135296885272975
MLDB-001982,LOMO,Pt,mono,Pt,10.1007/s00775-019-01736-4,2.01,0.6285184437498408,1.381481556250159
MLDB-001983,LOMO,Pt,mono,Pt,10.1007/s00775-019-01736-4,1.15,0.7522476787337762,0.39775232126622373
MLDB-001984,LOMO,Pt,mono,Pt,10.1007/s00775-019-01736-4,2.36,0.32913772000746044,2.0308622799925393
MLDB-001985,LOMO,Pt,mono,Pt,10.1007/s00775-019-01736-4,1.55,0.5177254813061049,1.032274518693895
MLDB-001986,LOMO,Pt,mono,Pt,10.1016/j.ejmech.2013.07.004,1.11,-1.5425881291017753,2.652588129101775
MLDB-001987,LOMO,Pt,mono,Pt,10.1016/j.ejmech.2013.07.004,2.49,-0.7183939671818997,3.2083939671819
MLDB-001988,LOMO,Pt,mono,Pt,10.1007/s00775-014-1214-6,0.72,-1.457174275202976,2.177174275202976
MLDB-001989,LOMO,Pt,mono,Pt,10.1007/s00775-014-1214-6,0.77,-2.729453277314057,3.499453277314057
MLDB-001990,LOMO,Pt,mono,Pt,10.1007/s00775-014-1214-6,0.23,-1.0641827623797273,1.2941827623797273
MLDB-001991,LOMO,Pt,mono,Pt,10.3390/ph13120433,-0.35,0.5707134875037431,0.920713487503743
MLDB-001992,LOMO,Pt,mono,Pt,10.3390/ph13120433,1.43,0.5707134875037431,0.8592865124962569
MLDB-001993,LOMO,Pt,mono,Pt,10.3390/ph13120433,-0.31,0.2588765999544333,0.5688765999544333
MLDB-001994,LOMO,Pt,mono,Pt,10.3390/ph13120433,0.46,0.2588765999544333,0.20112340004556672
MLDB-001995,LOMO,Pt,mono,Pt,10.3390/ph13120433,-0.58,0.2072987204841033,0.7872987204841033
MLDB-001996,LOMO,Pt,mono,Pt,10.3390/ph13120433,-0.37,0.2072987204841033,0.5772987204841034
MLDB-001997,LOMO,Pt,mono,Pt,10.3390/ph13120433,-0.69,0.3444359740856225,1.0344359740856224
MLDB-001998,LOMO,Pt,mono,Pt,10.3390/ph13120433,-1.22,-0.3658062078372133,0.8541937921627867
MLDB-001999,LOMO,Pt,mono,Pt,10.3390/ph13120433,-2.05,0.3164603740352342,2.366460374035234
MLDB-002000,LOMO,Pt,mono,Pt,10.1016/j.poly.2020.114428,-1.33,-0.9506174213441181,0.379382578655882
MLDB-002001,LOMO,Pt,mono,Pt,10.1016/j.poly.2020.114428,1.09,-1.1591899745732364,2.2491899745732367
MLDB-002003,LOMO,Pt,mono,Pt,10.1016/j.ejmech.2018.09.035,-0.02,-0.15442774998258996,0.13442774998258997
MLDB-002004,LOMO,Pt,mono,Pt,10.1016/j.ejmech.2018.09.035,1.02,0.21655859587539392,0.8034414041246061
MLDB-002005,LOMO,Pt,mono,Pt,10.1039/c9dt04269e,-1.95,-1.0753188251661479,0.8746811748338521
MLDB-002006,LOMO,Pt,mono,Pt,10.1039/c9dt04269e,-1.35,-1.0644430161294274,0.2855569838705727
MLDB-002007,LOMO,Pt,mono,Pt,10.1039/c9dt04269e,-0.62,-0.8805600126997832,0.26056001269978324
MLDB-002008,LOMO,Pt,mono,Pt,10.1039/c9dt04269e,0.22,-0.27928571149734593,0.4992857114973459
MLDB-002009,LOMO,Pt,mono,Pt,10.1039/c9dt04269e,-1.88,-0.7675905235671702,1.1124094764328296
MLDB-002010,LOMO,Pt,mono,Pt,10.1021/jm9904250,-1.59,-1.7909952201131323,0.2009952201131322
MLDB-002011,LOMO,Pt,mono,Pt,10.1021/jm9904250,0.18,-1.9843592278651294,2.1643592278651296
MLDB-002012,LOMO,Pt,mono,Pt,10.1021/jm9904250,1.54,-1.9176744277127833,3.4576744277127833
MLDB-002013,LOMO,Pt,mono,Pt,10.1021/jm9904250,2.54,-0.8146807660389449,3.354680766038945
MLDB-002014,LOMO,Pt,mono,Pt,10.1021/jm9904250,3.03,-0.7672060627513544,3.7972060627513544
MLDB-002015,LOMO,Pt,mono,Pt,10.1021/jm9904250,0.1,-1.1108329006219475,1.2108329006219476
MLDB-002016,LOMO,Pt,mono,Pt,10.1039/d0dt03018j,0.77,0.8067501907235786,0.036750190723578546
MLDB-002017,LOMO,Pt,mono,Pt,10.1039/d0dt03018j,0.64,0.8174699256818976,0.17746992568189757
MLDB-002018,LOMO,Pt,mono,Pt,10.1039/c8nj01199k,-0.3,-0.7956519799871066,0.4956519799871066
MLDB-002019,LOMO,Pt,mono,Pt,10.1039/c8nj01199k,-0.58,-0.7547638888494742,0.17476388884947425
MLDB-002020,LOMO,Pt,mono,Pt,10.1039/c8nj01199k,0.54,0.0345168339416632,0.5054831660583369
MLDB-002021,LOMO,Pt,mono,Pt,10.1039/c8nj01199k,0.99,0.11170155350400802,0.878298446495992
MLDB-002022,LOMO,Pt,mono,Pt,10.1016/s0162-0134(03)00149-1,-0.503,-1.6574925351147858,1.1544925351147857
MLDB-002023,LOMO,Pt,mono,Pt,10.1016/s0162-0134(03)00149-1,-0.417,-1.8995031298877054,1.4825031298877054
MLDB-002024,LOMO,Pt,mono,Pt,10.1016/s0162-0134(03)00149-1,-0.347,-1.902193542126727,1.5551935421267271
MLDB-002025,LOMO,Pt,mono,Pt,10.1016/s0162-0134(03)00149-1,0.151,-1.912040552610083,2.063040552610083
MLDB-002026,LOMO,Pt,mono,Pt,10.1016/s0162-0134(03)00149-1,0.049,-1.9592554392706352,2.008255439270635
MLDB-002027,LOMO,Pt,mono,Pt,10.1016/s0162-0134(03)00149-1,0.158,-2.144058986224848,2.3020589862248477
MLDB-002028,LOMO,Pt,mono,Pt,10.1016/s0162-0134(03)00149-1,-0.341,-1.7190644674012412,1.3780644674012412
MLDB-002029,LOMO,Pt,mono,Pt,10.1016/s0162-0134(03)00149-1,1.243,-1.7740486394882962,3.017048639488296
MLDB-002030,LOMO,Pt,mono,Pt,10.1016/s0162-0134(03)00149-1,1.213,-1.67290553548458,2.8859055354845804
MLDB-002031,LOMO,Pt,mono,Pt,10.1016/s0162-0134(03)00149-1,1.249,-1.9618838003803898,3.21088380038039
MLDB-002032,LOMO,Pt,mono,Pt,10.1002/chem.201404090,-1.17,-0.6261805790832684,0.5438194209167315
MLDB-002033,LOMO,Pt,multi,Pt,10.1002/asia.201700577,-1.13,-0.22831291671678292,0.901687083283217
MLDB-002034,LOMO,Pt,multi,Pt,10.1002/asia.201700577,-0.98,-0.384778608256771,0.595221391743229
MLDB-002035,LOMO,Pt,multi,Pt,10.1002/asia.201700577,-0.72,0.15584613483281196,0.8758461348328119
MLDB-002036,LOMO,Pt,multi,Pt,10.1002/asia.201700577,-0.66,-0.33687090883182974,0.3231290911681703
MLDB-002037,LOMO,Pt,mono,Pt,10.1016/j.jinorgbio.2007.11.013,0.344,1.315649502545837,0.971649502545837
MLDB-002038,LOMO,Pt,mono,Pt,10.1016/j.jinorgbio.2007.11.013,1.302,0.8163620469286313,0.4856379530713687
MLDB-002039,LOMO,Pt,mono,Pt,10.1016/j.jinorgbio.2007.11.013,1.528,0.9328909207609841,0.5951090792390159
MLDB-002040,LOMO,Pt,mono,Pt,10.1016/j.jinorgbio.2007.11.013,1.667,0.9882358677847488,0.6787641322152512
MLDB-002041,LOMO,Pt,mono,Pt,10.1016/j.jinorgbio.2012.12.001,-0.94,0.23023031123333182,1.1702303112333317
MLDB-002042,LOMO,Pt,mono,Pt,10.1016/j.jinorgbio.2012.12.001,-1.15,0.23023031123333182,1.3802303112333316
MLDB-002043,LOMO,Pt,mono,Pt,10.1016/j.jinorgbio.2012.12.001,-1.17,-0.016078335515771154,1.1539216644842287
MLDB-002044,LOMO,Pt,mono,Pt,10.1016/j.jinorgbio.2012.12.001,-1.01,-0.016078335515771154,0.9939216644842288
MLDB-002045,LOMO,Pt,mono,Pt,10.1016/j.jinorgbio.2012.12.001,0.4,0.28123478077665964,0.11876521922334038
MLDB-002046,LOMO,Pt,mono,Pt,10.1016/j.jinorgbio.2012.12.001,-0.05,0.28123478077665964,0.33123478077665963
MLDB-002047,LOMO,Pt,mono,Pt,10.1016/j.jinorgbio.2012.12.001,1.06,0.6222250834641169,0.4377749165358832
MLDB-002048,LOMO,Pt,mono,Pt,10.1016/j.jinorgbio.2012.12.001,0.39,0.6222250834641169,0.23222508346411685
MLDB-002049,LOMO,Pt,mono,Pt,10.1002/ejic.201600857,1.76,0.7240345532110757,1.0359654467889243
MLDB-002050,LOMO,Pt,mono,Pt,10.1002/ejic.201600857,1.31,0.308738557225941,1.0012614427740592
MLDB-002051,LOMO,Pt,mono,Pt,10.1002/ejic.201600857,1.79,-0.2888901171017401,2.07889011710174
MLDB-002052,LOMO,Pt,mono,Pt,10.1002/ejic.201600857,1.84,-0.9334322586271049,2.773432258627105
MLDB-002053,LOMO,Pt,mono,Pt,10.1016/j.jinorgbio.2016.06.018,-0.71,-0.18230647586989182,0.5276935241301082
MLDB-002054,LOMO,Pt,mono,Pt,10.1016/j.jinorgbio.2016.06.018,0.3,0.43680254250282,0.13680254250282003
MLDB-002055,LOMO,Pt,mono,Pt,10.1016/j.ica.2022.120891,0.37,0.8688879205219657,0.49888792052196573
MLDB-002056,LOMO,Pt,mono,Pt,10.1016/j.ica.2022.120891,0.29,0.6053140355795316,0.3153140355795316
MLDB-002061,LOMO,Pt,mono,Pt,10.1002/zaac.202200073,1.2,1.148682739407967,0.0513172605920329
MLDB-002062,LOMO,Pt,mono,Pt,10.1002/zaac.202200073,1.12,0.7149997663047715,0.40500023369522864
MLDB-002063,LOMO,Pt,mono,Pt,10.1002/zaac.202200073,1.34,1.364568205241111,0.02456820524111092
MLDB-002064,LOMO,Pt,mono,Pt,10.1002/zaac.202200073,1.9,1.3500507782974365,0.5499492217025634
MLDB-002067,LOMO,Pt,mono,Pt,10.1002/zaac.202200073,1.06,1.3508876873021798,0.29088768730217973
MLDB-002068,LOMO,Pt,mono,Pt,10.1002/zaac.202200073,1.45,0.9757265346561868,0.4742734653438132
MLDB-002069,LOMO,Pt,mono,Pt,10.1016/j.bioorg.2020.104210,-1.21,0.0003702506647347357,1.2103702506647347
MLDB-002070,LOMO,Pt,mono,Pt,10.1016/j.bioorg.2020.104210,-2.3,0.33352968852729736,2.633529688527297
MLDB-002071,LOMO,Pt,mono,Pt,10.1016/j.bioorg.2020.104210,-2.1,-0.6236026347162325,1.4763973652837676
MLDB-002072,LOMO,Pt,mono,Pt,10.1021/acs.inorgchem.9b02033,-0.2,0.6620351109937453,0.8620351109937454
MLDB-002075,LOMO,Pt,mono,Pt,10.1590/s0103-50532010001000023,0.4,1.4376723633275084,1.0376723633275082
MLDB-002076,LOMO,Pt,mono,Pt,10.1590/s0103-50532010001000023,1.31,0.9071171628616899,0.4028828371383102
MLDB-002077,LOMO,Pt,mono,Pt,10.1590/s0103-50532010001000023,1.54,0.9540874219477794,0.5859125780522206
MLDB-002078,LOMO,Pt,mono,Pt,10.1590/s0103-50532010001000023,1.56,1.0852726269662867,0.4747273730337134
MLDB-002080,LOMO,Pt,mono,Pt,10.1016/j.bmcl.2020.127077,1.53,0.7522476787337762,0.7777523212662238
MLDB-002084,LOMO,Pt,mono,Pt,10.1002/aoc.6759,0.208,-1.2208421927151947,1.4288421927151946
MLDB-002085,LOMO,Pt,mono,Pt,10.1002/aoc.6759,0.306,-1.7497279961774108,2.055727996177411
MLDB-002086,LOMO,Pt,mono,Pt,10.1002/aoc.6759,0.284,-1.6417218136472156,1.9257218136472156
MLDB-002087,LOMO,Pt,mono,Pt,10.1002/aoc.6759,0.257,-1.682682188114386,1.9396821881143862
MLDB-002088,LOMO,Pt,mono,Pt,10.1002/aoc.6759,0.226,-1.5746760055841909,1.8006760055841908
MLDB-002089,LOMO,Pt,mono,Pt,10.1002/aoc.6759,-2.26,0.33352968852729736,2.593529688527297
MLDB-002090,LOMO,Pt,mono,Pt,10.1002/aoc.6759,-0.446,0.3100684403996778,0.7560684403996778
MLDB-002093,LOMO,Pt,mono,Pt,10.3390/ma12233907,-0.11,-0.1763917447794467,0.06639174477944669
MLDB-002094,LOMO,Pt,mono,Pt,10.3390/ma12233907,-0.71,0.12410120711497077,0.8341012071149707
MLDB-002095,LOMO,Pt,mono,Pt,10.3390/ma12233907,-0.4,0.20733920109352216,0.6073392010935221
MLDB-002096,LOMO,Pt,mono,Pt,10.1039/d2dt00090c,-1.3,-1.999780086132118,0.699780086132118
MLDB-002097,LOMO,Pt,mono,Pt,10.1039/d2dt00090c,-0.5,-0.9962398189454303,0.49623981894543034
MLDB-002098,LOMO,Pt,mono,Pt,10.1021/ja5038269,-1.72,-1.6738590317017215,0.04614096829827852
MLDB-002099,LOMO,Pt,mono,Pt,10.1021/ja5038269,-1.21,-1.565725473803943,0.35572547380394304
MLDB-002100,LOMO,Pt,mono,Pt,10.1021/ja5038269,-0.83,-1.5858708701644852,0.7558708701644853
MLDB-002101,LOMO,Pt,mono,Pt,10.1021/ja5038269,0.73,-1.6189973042037078,2.348997304203708
MLDB-002102,LOMO,Pt,mono,Pt,10.1021/ja5038269,1.23,-1.3621989722841887,2.592198972284189
MLDB-002103,LOMO,Pt,mono,Pt,10.3390/molecules21030255,-1.14,-0.4398199027146577,0.7001800972853423
MLDB-002104,LOMO,Pt,mono,Pt,10.3390/molecules21030255,-1.09,-0.46832523016847294,0.6216747698315271
MLDB-002105,LOMO,Pt,mono,Pt,10.1007/s00775-015-1290-2,-2.09,0.20072144482743529,2.2907214448274353
MLDB-002106,LOMO,Pt,mono,Pt,10.1007/s00775-015-1290-2,-2.66,-0.34991113476848207,2.310088865231518
MLDB-002107,LOMO,Pt,mono,Pt,10.1007/s00775-015-1290-2,0.98,-0.23964524919004251,1.2196452491900425
MLDB-002108,LOMO,Pt,mono,Pt,10.1007/s00775-015-1290-2,0.66,-0.6778305265179656,1.3378305265179655
MLDB-002109,LOMO,Pt,mono,Pt,10.1007/s00775-019-01643-8,-0.78,0.3319607779905705,1.1119607779905705
MLDB-002110,LOMO,Pt,mono,Pt,10.1007/s00775-019-01643-8,-0.81,0.6141937245762104,1.4241937245762104
MLDB-002111,LOMO,Pt,mono,Pt,10.1371/journal.pone.0165062,0.41,0.272033468166704,0.137966531833296
MLDB-002112,LOMO,Pt,mono,Pt,10.1371/journal.pone.0165062,-0.07,0.23291965180202495,0.30291965180202496
MLDB-002113,LOMO,Pt,mono,Pt,10.1016/j.jinorgbio.2003.09.004,-0.903,-1.270480065604895,0.3674800656048949
MLDB-002114,LOMO,Pt,mono,Pt,10.1016/j.jinorgbio.2003.09.004,-0.453,-1.0980990627428082,0.6450990627428081
MLDB-002115,LOMO,Pt,mono,Pt,10.1016/j.jinorgbio.2003.09.004,0.179,-0.9863169645254088,1.165316964525409
MLDB-002116,LOMO,Pt,mono,Pt,10.1016/j.jinorgbio.2003.09.004,1.197,-0.8335798850192282,2.030579885019228
MLDB-002117,LOMO,Pt,mono,Pt,10.1016/j.jinorgbio.2003.09.004,2.067,-0.1159636362203712,2.1829636362203715
MLDB-002118,LOMO,Pt,mono,Pt,10.1016/j.inoche.2019.02.007,1.04,0.6207734581914159,0.4192265418085841
MLDB-002119,LOMO,Pt,mono,Pt,10.1016/j.inoche.2019.02.007,1.08,0.6973240839726564,0.38267591602734363
MLDB-002120,LOMO,Pt,mono,Pt,10.1002/chem.201404675,-0.98,-0.38276614646990287,0.5972338535300972
MLDB-002121,LOMO,Pt,mono,Pt,10.1002/chem.201404675,0.31,-0.12422134644347405,0.43422134644347404
MLDB-002122,LOMO,Pt,mono,Pt,10.1002/chem.201404675,0.73,-0.19204323017290534,0.9220432301729053
MLDB-002123,LOMO,Pt,mono,Pt,10.1021/acs.jmedchem.5c00086,1.6,0.26002884857226677,1.3399711514277333
MLDB-002124,LOMO,Pt,mono,Pt,10.1021/acs.jmedchem.5c00086,1.19,-0.1575180237651234,1.3475180237651234
MLDB-002125,LOMO,Pt,mono,Pt,10.1021/acs.inorgchem.8b00706,-2.01,-0.5718840837709358,1.438115916229064
MLDB-002126,LOMO,Pt,mono,Pt,10.1021/acs.inorgchem.8b00706,-2.25,-0.8192523226970749,1.430747677302925
MLDB-002127,LOMO,Pt,mono,Pt,10.1021/acs.inorgchem.8b00706,-2.2,-1.796258965089318,0.40374103491068225
MLDB-002128,LOMO,Pt,mono,Pt,10.1021/acs.inorgchem.8b00706,-2.55,-1.7954744396524238,0.754525560347576
MLDB-002129,LOMO,Pt,mono,Pt,10.1021/acs.inorgchem.8b00706,-2.59,-2.022211799391294,0.5677882006087058
MLDB-002130,LOMO,Pt,mono,Pt,10.1021/acs.inorgchem.8b00706,-2.42,-2.0593000886084476,0.36069991139155233
MLDB-002131,LOMO,Pt,mono,Pt,10.1021/acs.inorgchem.8b00706,-0.51,-1.2411526110565483,0.7311526110565483
MLDB-002132,LOMO,Pt,mono,Pt,10.1021/acs.inorgchem.8b00706,-0.5,-1.4336300007554845,0.9336300007554845
MLDB-002133,LOMO,Pt,mono,Pt,10.1021/acs.inorgchem.8b00706,-0.51,-1.5185084175899641,1.0085084175899641
MLDB-002134,LOMO,Pt,mono,Pt,10.1021/acs.inorgchem.8b00706,-1.85,-0.5204189216393639,1.3295810783606363
MLDB-002135,LOMO,Pt,mono,Pt,10.1021/acs.inorgchem.8b00706,-2.1,-1.113787734886507,0.986212265113493
MLDB-002136,LOMO,Pt,mono,Pt,10.1021/acs.inorgchem.8b00706,-1.56,-0.8114185673056051,0.7485814326943949
MLDB-002137,LOMO,Pt,mono,Pt,10.1038/srep29367,-0.11,0.07873551661766305,0.18873551661766305
MLDB-002138,LOMO,Pt,mono,Pt,10.1038/srep29367,-0.051,0.09742562137535933,0.14842562137535933
MLDB-002139,LOMO,Pt,mono,Pt,10.1038/srep29367,-0.028,0.16395426115685494,0.19195426115685493
MLDB-002140,LOMO,Pt,mono,Pt,10.1038/srep29367,-0.1,-1.4611480341243155,1.3611480341243154
MLDB-002141,LOMO,Pt,mono,Pt,10.1038/srep29367,-0.08,0.0037614313018558797,0.08376143130185588
MLDB-002142,LOMO,Pt,mono,Pt,10.1038/srep29367,-0.22,-0.1357979501697145,0.08420204983028551
MLDB-002143,LOMO,Pt,mono,Pt,10.1038/srep29367,-0.068,-0.09109285648263576,0.02309285648263576
MLDB-002144,LOMO,Pt,mono,Pt,10.1038/srep29367,-0.037,0.15393210719602385,0.19093210719602385
MLDB-002145,LOMO,Pt,mono,Pt,10.1038/srep29367,-0.19,-1.6290345527963124,1.4390345527963124
MLDB-002146,LOMO,Pt,mono,Pt,10.1038/srep29367,-0.13,-0.19339329509086736,0.06339329509086736
MLDB-002147,LOMO,Pt,mono,Pt,10.1016/j.jinorgbio.2020.111125,-0.12,-0.24506882971050217,0.12506882971050218
MLDB-002148,LOMO,Pt,mono,Pt,10.1016/j.jinorgbio.2020.111125,0.16,-0.4519670621762427,0.6119670621762427
MLDB-002149,LOMO,Pt,mono,Pt,10.1016/j.jinorgbio.2020.111125,0.08,-0.2776798174619482,0.3576798174619482
MLDB-002150,LOMO,Pt,mono,Pt,10.1016/j.jinorgbio.2020.111125,-0.14,-1.9965214546514276,1.8565214546514275
MLDB-002151,LOMO,Pt,mono,Pt,10.1002/chem.201805626,-2.32,0.2692441552731531,2.589244155273153
MLDB-002152,LOMO,Pt,mono,Pt,10.1002/chem.201805626,0.26,-0.27709693646273614,0.5370969364627362
MLDB-002153,LOMO,Pt,mono,Pt,10.1002/chem.201805626,0.33,-0.5143813285812812,0.8443813285812811
MLDB-002154,LOMO,Pt,mono,Pt,10.1002/chem.201805626,0.97,-0.2539648215555182,1.2239648215555181
MLDB-002155,LOMO,Pt,mono,Pt,10.1016/j.bcp.2015.04.003,-2.25,0.2889474457010533,2.5389474457010532
MLDB-002156,LOMO,Pt,mono,Pt,10.1016/j.bcp.2015.04.003,-1.85,-0.7132418535553069,1.1367581464446932
MLDB-002157,LOMO,Pt,mono,Pt,10.1016/j.bcp.2015.04.003,0.17,-0.3960605723771169,0.5660605723771169
MLDB-002158,LOMO,Pt,mono,Pt,10.1016/j.bcp.2015.04.003,0.25,-0.30394053714760794,0.5539405371476079
MLDB-002159,LOMO,Pt,mono,Pt,10.1002/ejic.202200184,-2.3,0.3164603740352342,2.616460374035234
MLDB-002160,LOMO,Pt,mono,Pt,10.1002/ejic.202200184,-1.08,0.2653236749254248,1.345323674925425
MLDB-002161,LOMO,Pt,mono,Pt,10.1002/ejic.202200184,0.52,0.36699594796379015,0.15300405203620987
MLDB-002162,LOMO,Pt,mono,Pt,10.1016/j.jinorgbio.2014.07.004,-2.38,-0.8444789113958375,1.5355210886041624
MLDB-002163,LOMO,Pt,mono,Pt,10.1016/j.jinorgbio.2014.07.004,0.1,-1.4723109364650466,1.5723109364650467
MLDB-002164,LOMO,Pt,mono,Pt,10.1016/j.jinorgbio.2014.07.004,0.37,-1.5185254213950097,1.8885254213950096
MLDB-002165,LOMO,Pt,mono,Pt,10.1039/c5sc04205d,-0.73,-0.432668676427551,0.29733132357244896
MLDB-002166,LOMO,Pt,mono,Pt,10.1039/c5sc04205d,0.25,-1.7985003604897272,2.048500360489727
MLDB-002167,LOMO,Pt,mono,Pt,10.1039/c8cc02071j,-0.41,-0.018906069082794175,0.3910939309172058
MLDB-002168,LOMO,Pt,mono,Pt,10.1016/j.ica.2019.04.030,-1.04,-0.48587339828549264,0.5541266017145074
MLDB-002169,LOMO,Pt,mono,Pt,10.1016/j.ica.2019.04.030,-0.82,-0.20825278417447973,0.6117472158255202
MLDB-002170,LOMO,Pt,mono,Pt,10.1016/j.ica.2019.04.030,-0.6,0.008259052804514855,0.6082590528045149
MLDB-002171,LOMO,Pt,mono,Pt,10.1054/bjoc.1999.1026,-2.53,0.3164603740352342,2.846460374035234
MLDB-002172,LOMO,Pt,mono,Pt,10.1054/bjoc.1999.1026,-2.3,-0.8369247986505988,1.463075201349401
MLDB-002173,LOMO,Pt,mono,Pt,10.1054/bjoc.1999.1026,-1.65,-0.821122136405948,0.8288778635940519
MLDB-002174,LOMO,Pt,mono,Pt,10.1054/bjoc.1999.1026,-1.59,-0.821122136405948,0.7688778635940521
MLDB-002175,LOMO,Pt,mono,Pt,10.1054/bjoc.1999.1026,-1.18,0.8614524583506062,2.041452458350606
MLDB-002176,LOMO,Pt,mono,Pt,10.1054/bjoc.1999.1026,-1.17,0.8614524583506062,2.031452458350606
MLDB-002177,LOMO,Pt,mono,Pt,10.1054/bjoc.1999.1026,-1.03,0.8614524583506062,1.8914524583506063
MLDB-002178,LOMO,Pt,mono,Pt,10.1054/bjoc.1999.1026,-0.16,-1.0435649012644332,0.8835649012644332
MLDB-002179,LOMO,Pt,mono,Pt,10.1021/jacs.5b10182,-0.21,0.1923996906441777,0.4023996906441777
MLDB-002180,LOMO,Pt,mono,Pt,10.1021/jacs.5b10182,1.35,-0.31209226810310414,1.6620922681031043
MLDB-002181,LOMO,Pt,mono,Pt,10.1021/acs.jmedchem.0c01435,-0.89,-1.134470380803848,0.2444703808038481
MLDB-002182,LOMO,Pt,mono,Pt,10.1590/s0103-50532010000700011,0.246,-0.22094819856802575,0.4669481985680257
MLDB-002183,LOMO,Pt,mono,Pt,10.1590/s0103-50532010000700011,-0.155,-0.23877864751619815,0.08377864751619815
MLDB-002184,LOMO,Pt,mono,Pt,10.1002/anie.201608936,0.87,0.4445737317131953,0.4254262682868047
MLDB-002185,LOMO,Pt,mono,Pt,10.1016/j.jinorgbio.2025.113183,-0.503,-0.039862943539194506,0.4631370564608055
MLDB-002186,LOMO,Pt,mono,Pt,10.1016/j.jinorgbio.2025.113183,-0.419,-1.4281840269717512,1.0091840269717511
MLDB-002187,LOMO,Pt,mono,Pt,10.1016/j.jinorgbio.2009.07.003,0.11,0.5186619769412005,0.40866197694120054
MLDB-002188,LOMO,Pt,mono,Pt,10.1016/j.jinorgbio.2009.07.003,-1.33,-0.9655718644132859,0.36442813558671416
MLDB-002189,LOMO,Pt,mono,Pt,10.1016/j.jinorgbio.2009.07.003,-0.47,0.23256016126875367,0.7025601612687536
MLDB-002190,LOMO,Pt,mono,Pt,10.1016/j.jinorgbio.2009.07.003,-1.74,-1.0133556028414656,0.7266443971585343
MLDB-002191,LOMO,Pt,mono,Pt,10.1038/s41598-017-03864-w,0.92,-0.14959984846121158,1.0695998484612117
MLDB-002192,LOMO,Pt,mono,Pt,10.1038/s41598-017-03864-w,0.59,-0.4358993039727405,1.0258993039727404
MLDB-002193,LOMO,Pt,mono,Pt,10.1021/acs.jmedchem.9b00489,-1.89,-0.8096789081295235,1.0803210918704764
MLDB-002194,LOMO,Pt,mono,Pt,10.1021/acs.jmedchem.9b00489,0.02,-1.992989663107521,2.012989663107521
MLDB-002195,LOMO,Pt,mono,Pt,10.1021/acs.jmedchem.9b00489,0.3,-1.776206744863852,2.076206744863852
MLDB-002196,LOMO,Pt,mono,Pt,10.1021/acs.jmedchem.9b00489,0.41,-1.752140967414895,2.162140967414895
MLDB-002197,LOMO,Pt,mono,Pt,10.1021/acs.jmedchem.9b00489,-1.7,0.1369808767935882,1.8369808767935882
MLDB-002198,LOMO,Pt,mono,Pt,10.1021/acs.jmedchem.9b00489,-1.37,0.35742089200083493,1.727420892000835
MLDB-002199,LOMO,Pt,mono,Pt,10.1021/acs.jmedchem.9b00489,-0.75,0.15008389113969006,0.90008389113969
MLDB-002200,LOMO,Pt,mono,Pt,10.1021/acs.jmedchem.9b00489,0.01,0.028603264598856707,0.01860326459885671
MLDB-002201,LOMO,Pt,mono,Pt,10.1016/j.jinorgbio.2014.07.018,-1.921,-0.7541499064166852,1.1668500935833148
MLDB-002202,LOMO,Pt,mono,Pt,10.1016/j.jinorgbio.2014.07.018,-0.388,-0.5931863884462147,0.20518638844621473
MLDB-002203,LOMO,Pt,mono,Pt,10.1016/j.jinorgbio.2014.07.018,1.142,-0.49783283082628527,1.6398328308262853
MLDB-002204,LOMO,Pt,mono,Pt,10.1021/acs.jmedchem.5c03593,-1.97,-0.7426500771522144,1.2273499228477855
MLDB-002205,LOMO,Pt,mono,Pt,10.1021/acs.jmedchem.5c03593,-1.26,-0.681064716076643,0.578935283923357
MLDB-002206,LOMO,Pt,mono,Pt,10.1021/acs.jmedchem.5c03593,-1.36,-1.0585214328744428,0.3014785671255573
MLDB-002207,LOMO,Pt,mono,Pt,10.1021/acs.jmedchem.5c03593,-1.22,-1.1538290390586017,0.0661709609413983
MLDB-002208,LOMO,Pt,mono,Pt,10.1021/acs.jmedchem.5c03593,0.57,-0.7196663316425606,1.2896663316425605
MLDB-002209,LOMO,Pt,mono,Pt,10.1021/acs.jmedchem.5c03593,0.78,-0.6408030554750872,1.4208030554750872
MLDB-002210,LOMO,Pt,mono,Pt,10.1021/acs.jmedchem.5c03593,-1.39,-0.5352572371778744,0.8547427628221255
MLDB-002211,LOMO,Pt,mono,Pt,10.1021/acs.jmedchem.5c03593,-1.24,-0.47367187610230316,0.7663281238976969
MLDB-002212,LOMO,Pt,mono,Pt,10.1021/acs.jmedchem.5c03593,-1.18,-0.8831885313799721,0.29681146862002783
MLDB-002213,LOMO,Pt,mono,Pt,10.1021/acs.jmedchem.5c03593,0.27,-0.8113280711246584,1.0813280711246585
MLDB-002214,LOMO,Pt,mono,Pt,10.1021/acs.jmedchem.5c03593,1.2,-0.2487242373499266,1.4487242373499265
MLDB-002215,LOMO,Pt,mono,Pt,10.1021/acs.jmedchem.5c03593,0.98,-0.16986096118245309,1.149860961182453
MLDB-002217,LOMO,Pt,mono,Pt,10.1016/j.molstruc.2024.140306,-0.83,-0.060303948024939005,0.769696051975061
MLDB-002221,LOMO,Pt,mono,Pt,10.1016/j.molstruc.2024.140306,-0.56,0.038745790488098064,0.5987457904880982
MLDB-002222,LOMO,Pt,mono,Pt,10.1021/acs.inorgchem.6b02553,-2.26,0.2692441552731531,2.529244155273153
MLDB-002223,LOMO,Pt,mono,Pt,10.1021/acs.inorgchem.6b02553,0.65,1.0234242745841746,0.3734242745841746
MLDB-002224,LOMO,Pt,mono,Pt,10.1016/j.jinorgbio.2024.112515,0.51,-0.6064249985333193,1.1164249985333194
MLDB-002225,LOMO,Pt,mono,Pt,10.1016/j.jinorgbio.2024.112515,0.53,-1.3410179951086463,1.8710179951086463
MLDB-002226,LOMO,Pt,mono,Pt,10.1016/j.jinorgbio.2024.112515,0.57,-0.6243871638262455,1.1943871638262453
MLDB-002227,LOMO,Pt,mono,Pt,10.1016/j.jinorgbio.2024.112515,0.74,-0.6525393867004455,1.3925393867004456
MLDB-002228,LOMO,Pt,mono,Pt,10.1016/j.jinorgbio.2024.112515,0.77,-0.7004424240068575,1.4704424240068574
MLDB-002229,LOMO,Pt,mono,Pt,10.1016/j.jinorgbio.2024.112515,0.84,-0.5886149096258667,1.4286149096258667
MLDB-002230,LOMO,Pt,mono,Pt,10.1016/j.jinorgbio.2024.112515,-1.46,-0.7675905235671702,0.6924094764328298
MLDB-002231,LOMO,Pt,mono,Pt,10.1016/j.jinorgbio.2024.112515,-0.11,-1.0641827623797273,0.9541827623797273
MLDB-002232,LOMO,Pt,mono,Pt,10.1021/acs.jmedchem.0c01400,-0.01,-0.6572025765938864,0.6472025765938864
MLDB-002233,LOMO,Pt,mono,Pt,10.1021/acs.jmedchem.0c01400,0.22,-0.29712967370543814,0.5171296737054382
MLDB-002234,LOMO,Pt,mono,Pt,10.1021/acs.jmedchem.0c01400,0.27,0.3769391427633273,0.10693914276332728
MLDB-002235,LOMO,Pt,mono,Pt,10.1021/acs.jmedchem.0c01400,0.18,-0.8340542713437816,1.0140542713437817
MLDB-002236,LOMO,Pt,mono,Pt,10.1021/acs.jmedchem.0c01400,0.18,-0.6592405726014884,0.8392405726014884
MLDB-002237,LOMO,Pt,mono,Pt,10.1021/acs.jmedchem.0c01400,-2.3,0.2692441552731531,2.569244155273153
MLDB-002238,LOMO,Pt,mono,Pt,10.1021/acs.jmedchem.3c00336,0.02,-2.1491887448921436,2.1691887448921436
MLDB-002246,LOMO,Pt,mono,Pt,10.1021/acs.molpharmaceut.0c00417,-0.632,-0.13043119082884594,0.5015688091711541
MLDB-002247,LOMO,Pt,mono,Pt,10.1021/acs.molpharmaceut.0c00417,-0.087,-0.4660994054086864,0.37909940540868636
MLDB-002248,LOMO,Pt,mono,Pt,10.1021/acs.molpharmaceut.0c00417,-0.335,-1.5085720222173553,1.1735720222173553
MLDB-002249,LOMO,Pt,mono,Pt,10.1021/acs.molpharmaceut.0c00417,0.03,-1.4490806797751052,1.4790806797751053
MLDB-002250,LOMO,Pt,mono,Pt,10.1016/j.jinorgbio.2017.09.009,-1.03,-1.9563082730934727,0.9263082730934726
MLDB-002251,LOMO,Pt,mono,Pt,10.1016/j.jinorgbio.2017.09.009,0.54,-1.3145692196587033,1.8545692196587034
MLDB-002252,LOMO,Pt,mono,Pt,10.1016/j.jinorgbio.2017.09.009,0.09,-1.580654742437586,1.6706547424375862
MLDB-002253,LOMO,Pt,mono,Pt,10.1016/j.jinorgbio.2017.09.009,-1.32,-2.2723201722845836,0.9523201722845835
MLDB-002254,LOMO,Pt,mono,Pt,10.1016/j.jinorgbio.2017.09.009,-0.16,-1.9937249173410032,1.8337249173410033
MLDB-002255,LOMO,Pt,mono,Pt,10.1039/d1dt03959h,-0.237,0.2747709702466455,0.5117709702466455
MLDB-002256,LOMO,Pt,mono,Pt,10.1039/d1dt03959h,0.203,-0.15441954155679385,0.3574195415567939
MLDB-002257,LOMO,Pt,mono,Pt,10.1039/d1dt03959h,0.529,-0.36629062015829805,0.8952906201582981
MLDB-002258,LOMO,Pt,mono,Pt,10.1039/d1dt03959h,0.336,-0.4780712150925369,0.8140712150925369
MLDB-002259,LOMO,Pt,mono,Pt,10.1039/d1dt03959h,-1.028,0.22846794674339427,1.2564679467433943
MLDB-002260,LOMO,Pt,mono,Pt,10.1039/d1dt03959h,-0.456,0.2598541154619477,0.7158541154619478
MLDB-002261,LOMO,Pt,mono,Pt,10.1039/d1dt03959h,-0.539,0.03798073425938639,0.5769807342593865
MLDB-002262,LOMO,Pt,mono,Pt,10.1039/d1dt03959h,-0.278,-0.12008504238321753,0.15791495761678248
MLDB-002263,LOMO,Pt,mono,Pt,10.1039/d1dt03959h,0.36,0.5086614113726715,0.14866141137267153
MLDB-002264,LOMO,Pt,mono,Pt,10.1039/d1dt03959h,-0.318,0.17592395948884776,0.49392395948884776
MLDB-002265,LOMO,Pt,mono,Pt,10.1039/d1dt03959h,0.616,0.2868873870250197,0.3291126129749803
MLDB-002266,LOMO,Pt,mono,Pt,10.1039/d1dt03959h,0.497,0.12526034096821037,0.3717396590317896
MLDB-002267,LOMO,Pt,mono,Pt,10.1039/d1dt03959h,-1.546,0.39009755812130625,1.9360975581213062
MLDB-002268,LOMO,Pt,mono,Pt,10.1021/acs.inorgchem.9b00708,-0.55,-1.181083096448641,0.6310830964486409
MLDB-002269,LOMO,Pt,mono,Pt,10.1021/acs.inorgchem.9b00708,-1.47,-1.135336703379961,0.3346632966200389
MLDB-002270,LOMO,Pt,mono,Pt,10.1021/acs.inorgchem.0c01736,-0.86,-0.8067612599658012,0.05323874003419882
MLDB-002271,LOMO,Pt,mono,Pt,10.1021/acs.inorgchem.0c01736,-0.47,-1.2579953798877688,0.7879953798877688
MLDB-002272,LOMO,Pt,mono,Pt,10.1021/acs.inorgchem.0c01736,-0.52,-0.793920539719789,0.273920539719789
MLDB-002273,LOMO,Pt,mono,Pt,10.1021/acs.inorgchem.0c01736,-0.56,-1.2114498465873857,0.6514498465873857
MLDB-002274,LOMO,Pt,mono,Pt,10.1021/acs.inorgchem.0c01736,-0.35,-0.21251237598143216,0.13748762401856782
MLDB-002275,LOMO,Pt,mono,Pt,10.1021/acs.jmedchem.1c00770,-1.3,-0.7338243650695976,0.5661756349304025
MLDB-002276,LOMO,Pt,mono,Pt,10.1021/acs.jmedchem.1c00770,-1.86,-1.5772951249379088,0.2827048750620913
MLDB-002277,LOMO,Pt,mono,Pt,10.1021/acs.jmedchem.1c00770,-2.02,-1.7366739511093183,0.2833260488906817
MLDB-002278,LOMO,Pt,mono,Pt,10.1021/acs.jmedchem.1c00770,-1.49,-1.5535526290492825,0.0635526290492825
MLDB-002279,LOMO,Pt,mono,Pt,10.1021/acs.jmedchem.1c00770,-0.3,-1.6359581269396894,1.3359581269396894
MLDB-002280,LOMO,Pt,mono,Pt,10.1021/acs.jmedchem.1c00770,-0.16,-1.4681309327192897,1.3081309327192898
MLDB-002281,LOMO,Pt,mono,Pt,10.1021/acs.jmedchem.2c01224,0.56,0.15764949106342324,0.4023505089365768
MLDB-002282,LOMO,Pt,mono,Pt,10.1021/acs.jmedchem.2c01224,0.12,-0.8092832669433367,0.9292832669433367
MLDB-002283,LOMO,Pt,mono,Pt,10.1021/acs.inorgchem.0c03803,-1.54,-1.0716439269070033,0.46835607309299676
MLDB-002284,LOMO,Pt,mono,Pt,10.1021/acs.inorgchem.0c03803,-0.12,-1.285871828194632,1.165871828194632
MLDB-002285,LOMO,Pt,mono,Pt,10.1021/acs.inorgchem.0c03803,-1.02,-1.309235513658628,0.289235513658628
MLDB-002286,LOMO,Pt,mono,Pt,10.1021/acs.inorgchem.0c03803,0.01,-1.357218076354473,1.367218076354473
MLDB-002287,LOMO,Pt,mono,Pt,10.1016/j.jinorgbio.2019.01.014,-2.2,0.3164603740352342,2.5164603740352343
MLDB-002288,LOMO,Pt,mono,Pt,10.1016/j.jinorgbio.2019.01.014,3.13,0.13939288404014608,2.990607115959854
MLDB-002289,LOMO,Pt,mono,Pt,10.1080/00958972.2015.1070954,1.66,0.6851958446813272,0.9748041553186727
MLDB-002290,LOMO,Pt,mono,Pt,10.1016/j.jinorgbio.2016.03.005,-0.36,-1.1197615804714314,0.7597615804714314
MLDB-002291,LOMO,Pt,mono,Pt,10.1016/j.jinorgbio.2016.03.005,-0.35,-1.4891641023653135,1.1391641023653136
MLDB-002292,LOMO,Pt,mono,Pt,10.1016/j.jinorgbio.2016.03.005,0.06,-2.0263084994668965,2.0863084994668966
MLDB-002293,LOMO,Pt,mono,Pt,10.1016/j.jinorgbio.2016.03.005,-0.39,-2.5898396949362614,2.1998396949362613
MLDB-002294,LOMO,Pt,mono,Pt,10.1016/j.jinorgbio.2016.03.005,-1.66,-0.8054548314308102,0.8545451685691897
MLDB-002295,LOMO,Pt,mono,Pt,10.1039/d0sc00197j,0.6,0.8178478350908408,0.21784783509084082
MLDB-002296,LOMO,Pt,mono,Pt,10.1039/d0sc00197j,0.84,0.536220586609508,0.30377941339049197
MLDB-002297,LOMO,Pt,mono,Pt,10.1039/d0sc00197j,-2.15,0.39009755812130625,2.5400975581213063
MLDB-002298,LOMO,Pt,mono,Pt,10.1021/acs.jmedchem.5c01170,-0.92,-0.8116774777848172,0.10832252221518279
MLDB-002299,LOMO,Pt,mono,Pt,10.1021/acs.jmedchem.5c01170,-0.46,-0.6890193840772011,0.22901938407720107
MLDB-002300,LOMO,Pt,mono,Pt,10.1021/acs.jmedchem.5c01170,0.96,-0.4250664415630333,1.3850664415630334
MLDB-002301,LOMO,Pt,mono,Pt,10.1021/acs.jmedchem.5c01170,1.68,-0.3810925172934138,2.061092517293414
MLDB-002302,LOMO,Pt,mono,Pt,10.1021/acs.jmedchem.5c01170,-0.87,-0.9838869175648464,0.11388691756484637
MLDB-002303,LOMO,Pt,mono,Pt,10.1021/acs.jmedchem.5c01170,-0.73,-0.4773023832304228,0.2526976167695772
MLDB-002304,LOMO,Pt,mono,Pt,10.1021/acs.jmedchem.5c01170,1.38,-0.5034433371947823,1.883443337194782
MLDB-002305,LOMO,Pt,mono,Pt,10.1021/acs.jmedchem.5c01170,1.9,-0.33731348473952055,2.2373134847395204
MLDB-002306,LOMO,Pt,mono,Pt,10.1021/acs.jmedchem.5c01170,-1.2,0.39009755812130625,1.5900975581213062
MLDB-002313,LOMO,Pt,mono,Pt,10.1016/j.jinorgbio.2025.113003,1.18,-0.11068122371547191,1.290681223715472
MLDB-002314,LOMO,Pt,mono,Pt,10.1016/j.jinorgbio.2025.113003,1.45,1.0051401831681743,0.4448598168318256
MLDB-002315,LOMO,Pt,mono,Pt,10.1016/j.jinorgbio.2025.113003,1.09,-0.11294898964851213,1.2029489896485122
MLDB-002316,LOMO,Pt,mono,Pt,10.1016/j.jinorgbio.2025.113003,1.29,-0.2934130103881336,1.5834130103881336
MLDB-002317,LOMO,Pt,mono,Pt,10.1016/j.jinorgbio.2025.113003,1.08,-0.2993201177166909,1.379320117716691
MLDB-002318,LOMO,Pt,mono,Pt,10.1016/j.jinorgbio.2025.113003,1.22,-0.07811760939484937,1.2981176093948494
MLDB-002319,LOMO,Pt,mono,Pt,10.1016/j.jinorgbio.2025.113003,-2.06,0.33352968852729736,2.3935296885272974
MLDB-002320,LOMO,Pt,mono,Pt,10.1016/j.ejmech.2023.115233,0.04,-0.07286160938477083,0.11286160938477083
MLDB-002321,LOMO,Pt,mono,Pt,10.1016/j.ejmech.2023.115233,0.92,-0.11160043653201983,1.03160043653202
MLDB-002322,LOMO,Pt,mono,Pt,10.1016/j.ejmech.2023.115233,0.32,-0.10141389068830076,0.42141389068830076
MLDB-002323,LOMO,Pt,mono,Pt,10.1016/j.ejmech.2023.115233,0.44,-0.13738047729853747,0.5773804772985375
MLDB-002324,LOMO,Pt,mono,Pt,10.1016/j.ejmech.2023.115233,0.99,0.10275301853289408,0.8872469814671059
MLDB-002325,LOMO,Pt,mono,Pt,10.1016/j.ejmech.2023.115233,1.28,-0.18291902388674702,1.462919023886747
MLDB-002326,LOMO,Pt,mono,Pt,10.1016/j.ejmech.2023.115233,1.33,-0.16383710823330264,1.4938371082333026
MLDB-002327,LOMO,Pt,mono,Pt,10.1016/j.ejmech.2023.115233,1.62,0.21711104778129098,1.4028889522187091
MLDB-002328,LOMO,Pt,mono,Pt,10.1016/j.molliq.2025.128205,-2.07,-1.450001586220514,0.6199984137794858
MLDB-002329,LOMO,Pt,mono,Pt,10.1016/j.molliq.2025.128205,-1.84,-1.450001586220514,0.3899984137794861
MLDB-002330,LOMO,Pt,mono,Pt,10.1021/acs.jmedchem.3c00355,0.9,1.104077288077091,0.20407728807709102
MLDB-002331,LOMO,Pt,mono,Pt,10.1021/acs.jmedchem.3c00355,1.3,1.1925549073892014,0.1074450926107986
MLDB-002332,LOMO,Pt,mono,Pt,10.1021/acs.jmedchem.3c00355,0.7,0.8240576100668352,0.12405761006683524
MLDB-002333,LOMO,Pt,mono,Pt,10.1021/acs.jmedchem.3c00355,1.0,0.8163963262946815,0.1836036737053185
MLDB-002334,LOMO,Pt,mono,Pt,10.1021/acs.jmedchem.3c00355,-0.9,0.8443362470321605,1.7443362470321606
MLDB-002335,LOMO,Pt,mono,Pt,10.1021/acs.jmedchem.3c00355,-0.5,0.9074700583161284,1.4074700583161284
MLDB-002336,LOMO,Pt,mono,Pt,10.1016/j.jinorgbio.2021.111653,-0.18,0.558276935928559,0.738276935928559
MLDB-002357,LOMO,Pt,mono,Pt,10.1039/c9dt02873k,-0.42,-0.6634747145221828,0.24347471452218278
MLDB-002479,LOMO,Pt,mono,Pt,10.1021/acs.jmedchem.1c02186,0.26,0.563288100125842,0.30328810012584195
MLDB-002592,LOMO,Pt,mono,Pt,10.1039/c5dt01196e,-0.13,0.29987452982409635,0.42987452982409635
MLDB-002601,LOMO,Pt,mono,Pt,10.1039/c4dt03679d,-2.36,0.2885856848105224,2.6485856848105223
MLDB-002670,LOMO,Pt,mono,Pt,10.1039/d4dt00851k,-2.4,0.33352968852729736,2.7335296885272973
MLDB-002695,LOMO,Pt,mono,Pt,10.3390/ijms24032369,0.42,0.0034272214624664673,0.4165727785375335
MLDB-002696,LOMO,Pt,mono,Pt,10.3390/ijms24032369,0.74,0.6527170412921403,0.08728295870785974
MLDB-002697,LOMO,Pt,mono,Pt,10.3390/ijms24032369,1.14,0.6156418398995434,0.5243581601004565
MLDB-002698,LOMO,Pt,mono,Pt,10.3390/ijms24032369,0.8,1.1228365007107004,0.32283650071070036
MLDB-002840,LOMO,Pt,mono,Pt,10.1016/j.ica.2016.09.012,-2.21,0.33352968852729736,2.5435296885272973
MLDB-003084,LOMO,Pt,mono,Pt,10.1016/j.molstruc.2024.138719,-2.3,0.39009755812130625,2.6900975581213062
MLDB-003618,LOMO,Pt,mono,Pt,10.1039/c2dt32216a,-1.45,0.39009755812130625,1.8400975581213062
MLDB-003747,LOMO,Pt,mono,Pt,10.1002/chem.202201259,-2.2,0.33352968852729736,2.5335296885272975
MLDB-004047,LOMO,Pt,mono,Pt,10.1021/acs.organomet.2c00553,-2.2,0.2885856848105224,2.4885856848105226
MLDB-004179,LOMO,Pt,mono,Pt,10.1039/d3qi01653f,-2.2,0.35323297895519745,2.5532329789551977
MLDB-004302,LOMO,Pt,mono,Pt,10.1039/d5sc05555e,1.3,0.19671875901322852,1.1032812409867716
MLDB-004303,LOMO,Pt,mono,Pt,10.1039/d5sc05555e,1.0,0.19492386112606258,0.8050761388739374
MLDB-004304,LOMO,Pt,mono,Pt,10.1039/d5sc05555e,1.3,0.2567605128214354,1.0432394871785646
MLDB-004305,LOMO,Pt,mono,Pt,10.1039/d5sc05555e,2.1,0.7833677357628361,1.316632264237164
MLDB-004306,LOMO,Pt,mono,Pt,10.1039/d5sc05555e,1.6,0.9025234863817216,0.6974765136182784
MLDB-004307,LOMO,Pt,mono,Pt,10.1039/d5sc05555e,1.8,0.9276994006140499,0.8723005993859502
MLDB-004359,LOMO,Pt,mono,Pt,10.1007/s10534-019-00210-7,-1.5,-0.8054548314308102,0.6945451685691898
MLDB-004586,LOMO,Pt,mono,Pt,10.1021/acs.inorgchem.4c01265,-2.34,0.33352968852729736,2.673529688527297
MLDB-004683,LOMO,Pt,mono,Pt,10.1016/j.ijbiomac.2025.146573,-0.6,-1.3740569814122534,0.7740569814122534
MLDB-004684,LOMO,Pt,multi,Pt,10.1016/j.dyepig.2026.113966,-1.08,-0.1856195424625648,0.8943804575374352
MLDB-004685,LOMO,Pt,multi,Pt,10.1016/j.dyepig.2026.113966,-0.98,-0.07097180905847555,0.9090281909415244
MLDB-004686,LOMO,Pt,mono,Pt,10.1002/advs.202505567,0.95,0.3225010775189196,0.6274989224810803
MLDB-004687,LOMO,Pt,mono,Pt,10.1002/advs.202505567,1.65,0.24468389221995454,1.4053161077800453
MLDB-004688,LOMO,Pt,mono,Pt,10.1002/advs.202505567,1.76,0.23586202051212565,1.5241379794878744
MLDB-004690,LOMO,Pt,mono,Pt,10.1002/chem.202502613,1.47,1.5454224451819372,0.07542244518193719
MLDB-004693,LOMO,Pt,mono,Pt,10.1002/chem.202502613,1.8,1.8031889464576718,0.0031889464576717597
MLDB-004695,LOMO,Pt,mono,Pt,10.1002/cplu.70191,-0.28,0.021739127124681602,0.30173912712468165
MLDB-004696,LOMO,Pt,mono,Pt,10.1002/aoc.7865,0.15,-1.388720340822741,1.538720340822741
MLDB-004697,LOMO,Pt,mono,Pt,10.1002/aoc.7865,0.41,-0.36485780548997815,0.7748578054899782
MLDB-004698,LOMO,Pt,mono,Pt,10.1002/aoc.7865,0.62,-0.5457030323522665,1.1657030323522664
MLDB-004699,LOMO,Pt,mono,Pt,10.1002/aoc.7865,1.33,0.11316178965013063,1.2168382103498694
MLDB-004700,LOMO,Pt,mono,Pt,10.1002/aoc.7865,1.24,0.2954653339754133,0.9445346660245867
MLDB-004701,LOMO,Pt,mono,Pt,10.1002/aoc.7865,-2.31,0.33352968852729736,2.6435296885272974
MLDB-004702,LOMO,Pt,mono,Pt,10.1021/acs.jmedchem.6c01327,1.29,-0.17180463702236712,1.4618046370223672
MLDB-004703,LOMO,Pt,mono,Pt,10.1021/acs.jmedchem.6c01327,-1.57,0.33352968852729736,1.9035296885272974
MLDB-004704,LOMO,Pt,mono,Pt,10.1016/j.ejmech.2025.118221,1.1,-0.23081664268399227,1.3308166426839922
MLDB-004749,LOMO,Pt,mono,Pt,10.1007/s00775-024-02073-x,-1.8,-0.8657732307670127,0.9342267692329873
MLDB-004750,LOMO,Pt,mono,Pt,10.1007/s00775-024-02073-x,-0.78,0.7646545828652878,1.5446545828652878
MLDB-004766,LOMO,Pt,mono,Pt,10.1021/jm3002857,-2.67,-0.7381610519442964,1.9318389480557037
MLDB-004767,LOMO,Pt,mono,Pt,10.1021/jm3002857,-2.28,-0.7729009579094256,1.5070990420905743
MLDB-004768,LOMO,Pt,mono,Pt,10.1021/jm3002857,-1.3,-0.2749738434001438,1.0250261565998562
MLDB-004769,LOMO,Pt,mono,Pt,10.1021/jm3002857,-0.98,-0.06011882457554253,0.9198811754244575
MLDB-004770,LOMO,Pt,mono,Pt,10.1021/jm3002857,0.0,0.5069428522872886,0.5069428522872886
MLDB-004771,LOMO,Pt,mono,Pt,10.1021/jm3002857,-2.21,0.39009755812130625,2.6000975581213064
MLDB-004784,LOMO,Pt,mono,Pt,10.1002/anie.202014242,0.32,0.6926342532060208,0.3726342532060208
MLDB-004792,LOMO,Pt,mono,Pt,10.1007/s00775-020-01809-9,-1.88,0.8193287957511046,2.6993287957511045
MLDB-004793,LOMO,Pt,mono,Pt,10.1007/s00775-020-01809-9,-1.58,0.8771813533555999,2.4571813533556
MLDB-004794,LOMO,Pt,mono,Pt,10.1007/s00775-020-01809-9,-1.17,0.7541579263520941,1.924157926352094
MLDB-004808,LOMO,Pt,mono,Pt,10.1007/s00775-012-0889-9,-1.3,0.9507111532761673,2.250711153276167
MLDB-004809,LOMO,Pt,mono,Pt,10.1007/s00775-012-0889-9,-0.86,-0.874954840555266,0.014954840555265969
MLDB-004810,LOMO,Pt,mono,Pt,10.1007/s00775-012-0889-9,-1.56,-0.8744965889355717,0.6855034110644284
MLDB-004813,LOMO,Pt,mono,Pt,10.1039/c7dt04347c,-0.94,-0.03210666630107804,0.9078933336989219
MLDB-004815,LOMO,Pt,mono,Pt,10.1039/c6ra01441k,-0.37,-0.10795163533887353,0.26204836466112646
MLDB-004816,LOMO,Pt,mono,Pt,10.1021/jm501420k,-0.66,0.13324525775938886,0.7932452577593889
MLDB-004817,LOMO,Pt,mono,Pt,10.1021/jm501420k,0.83,0.13324525775938886,0.6967547422406111
MLDB-004818,LOMO,Pt,mono,Pt,10.1039/c8cc06576d,1.1,-0.8136134416129597,1.9136134416129598
MLDB-004819,LOMO,Pt,mono,Pt,10.1039/c8cc06576d,0.98,-1.1130000302480418,2.093000030248042
MLDB-004820,LOMO,Pt,mono,Pt,10.1021/acs.inorgchem.7b00136,0.89,0.4371249691998762,0.4528750308001238
MLDB-004821,LOMO,Pt,mono,Pt,10.1021/acs.inorgchem.7b00136,0.95,0.5920652187185478,0.3579347812814522
MLDB-004822,LOMO,Pt,mono,Pt,10.1021/acs.inorgchem.7b00136,0.4,0.6924217664678137,0.2924217664678137
MLDB-004823,LOMO,Pt,mono,Pt,10.1021/acs.inorgchem.7b00136,0.32,0.6343970009432159,0.31439700094321593
MLDB-004824,LOMO,Pt,mono,Pt,10.1021/acs.inorgchem.7b00136,1.9,0.13726153682884884,1.7627384631711511
MLDB-004825,LOMO,Pt,mono,Pt,10.1021/acs.inorgchem.7b00136,1.81,0.2298850451576974,1.5801149548423026
MLDB-004826,LOMO,Pt,mono,Pt,10.1021/acs.inorgchem.7b00136,1.71,0.6490605231190221,1.060939476880978
MLDB-004827,LOMO,Pt,mono,Pt,10.1021/acs.inorgchem.7b00136,1.0,0.5576376163899951,0.4423623836100049
MLDB-004939,LOMO,Pt,mono,Pt,10.1016/j.inoche.2026.117275,1.0093,-0.7138054082608826,1.7231054082608828
MLDB-004940,LOMO,Pt,mono,Pt,10.1016/j.inoche.2026.117275,0.1983,-0.7029300396662652,0.9012300396662652
MLDB-004941,LOMO,Pt,mono,Pt,10.1016/j.inoche.2026.117275,-0.0508,-0.6119648684380162,0.5611648684380163
MLDB-004947,LOMO,Pt,mono,Pt,10.1039/d5dt03030g,1.12,0.9487521134032625,0.17124788659673762
MLDB-004948,LOMO,Pt,mono,Pt,10.1039/d5dt03030g,1.01,0.793545593354489,0.21645440664551097
MLDB-004949,LOMO,Pt,mono,Pt,10.1039/d5dt03030g,0.92,0.8077729273279274,0.11222707267207266
MLDB-004950,LOMO,Pt,mono,Pt,10.1039/d5dt03030g,0.95,0.8386088913378824,0.11139110866211754
MLDB-004951,LOMO,Pt,mono,Pt,10.3390/molecules31132336,0.241,0.12352042070054739,0.1174795792994526
MLDB-004952,LOMO,Pt,mono,Pt,10.3390/molecules31132336,0.245,-1.235841510809271,1.4808415108092712
MLDB-004953,LOMO,Pt,mono,Pt,10.3390/molecules31132336,0.019,-1.2910259854315076,1.3100259854315075
MLDB-004954,LOMO,Pt,mono,Pt,10.3390/molecules31132336,0.084,-1.2939422172370267,1.3779422172370268
MLDB-004955,LOMO,Pt,mono,Pt,10.3390/molecules31132336,0.251,-1.348875129993404,1.599875129993404
MLDB-005013,LOMO,Pt,mono,Pt,10.1016/j.ica.2015.12.036,-2.31,0.3164603740352342,2.626460374035234
MLDB-000025,LOMO,Ir,mono,Ir,10.1002/ange.202015009,2.05,1.025086962976766,1.0249130370232338
MLDB-000026,LOMO,Ir,mono,Ir,10.1002/ange.202015009,2.61,1.68564035526862,0.9243596447313798
MLDB-000027,LOMO,Ir,mono,Ir,10.1002/ange.202015009,0.63,1.4065729124379063,0.7765729124379063
MLDB-000028,LOMO,Ir,mono,Ir,10.1002/ange.202015009,0.68,1.7957828699541407,1.1157828699541406
MLDB-000029,LOMO,Ir,mono,Ir,10.1002/anie.202202098,0.13,-0.11712193068672598,0.247121930686726
MLDB-000030,LOMO,Ir,multi,Ir,10.1002/anie.202202098,0.54,-0.3129128308925988,0.8529128308925988
MLDB-000031,LOMO,Ir,mono,Ir,10.1002/aoc.4746,0.88,1.2134322110399896,0.33343221103998955
MLDB-000032,LOMO,Ir,mono,Ir,10.1002/aoc.4746,0.98,0.9041277492802346,0.07587225071976533
MLDB-000033,LOMO,Ir,mono,Ir,10.1002/aoc.4746,1.25,1.2225789063497303,0.02742109365026968
MLDB-000034,LOMO,Ir,mono,Ir,10.1002/aoc.4746,1.55,1.2127161928118189,0.3372838071881812
MLDB-000048,LOMO,Ir,mono,Ir,10.1002/asia.201801323,-2.01,-0.5928227907945356,1.4171772092054642
MLDB-000049,LOMO,Ir,mono,Ir,10.1002/asia.201801323,-1.07,0.34500717276091875,1.4150071727609188
MLDB-000050,LOMO,Ir,mono,Ir,10.1002/asia.201801323,-0.29,0.6890397253540842,0.9790397253540841
MLDB-000064,LOMO,Ir,mono,Ir,10.1002/cbic.201900268,-0.33,1.1492530407135872,1.4792530407135873
MLDB-000065,LOMO,Ir,mono,Ir,10.1002/cbic.201900268,0.12,1.1450654557626145,1.0250654557626144
MLDB-000066,LOMO,Ir,mono,Ir,10.1002/cbic.201900268,1.05,1.3392605643858706,0.28926056438587056
MLDB-000067,LOMO,Ir,mono,Ir,10.1002/cbic.201900268,1.44,1.6151198498556125,0.17511984985561257
MLDB-000073,LOMO,Ir,mono,Ir,10.1002/cbic.202000511,-0.68,-0.3261797792257206,0.35382022077427944
MLDB-000074,LOMO,Ir,mono,Ir,10.1002/cbic.202000511,0.97,-0.00479436511276407,0.9747943651127641
MLDB-000075,LOMO,Ir,mono,Ir,10.1002/cbic.202000511,1.32,-0.364696603207102,1.684696603207102
MLDB-000082,LOMO,Ir,mono,Ir,10.1002/chem.201200979,0.65,0.20104475575332292,0.4489552442466771
MLDB-000083,LOMO,Ir,mono,Ir,10.1002/chem.201200979,1.76,1.1814146493358368,0.5785853506641632
MLDB-000084,LOMO,Ir,mono,Ir,10.1002/chem.201200979,1.27,1.265331617614818,0.004668382385182079
MLDB-000085,LOMO,Ir,mono,Ir,10.1002/chem.201200979,2.1,1.2517750136008008,0.8482249863991993
MLDB-000086,LOMO,Ir,mono,Ir,10.1002/chem.201200979,2.4,1.3249515365264286,1.0750484634735713
MLDB-000110,LOMO,Ir,mono,Ir,10.1002/chem.201701352,2.09,1.0921161773007555,0.9978838226992444
MLDB-000111,LOMO,Ir,mono,Ir,10.1002/chem.201701352,2.01,0.7387445746867157,1.2712554253132842
MLDB-000112,LOMO,Ir,mono,Ir,10.1002/chem.201701352,2.68,1.2503864769066768,1.4296135230933233
MLDB-000113,LOMO,Ir,mono,Ir,10.1002/chem.201701352,0.64,0.8046985437512132,0.16469854375121318
MLDB-000114,LOMO,Ir,mono,Ir,10.1002/chem.201701352,1.86,0.5017351784729529,1.3582648215270472
MLDB-000115,LOMO,Ir,mono,Ir,10.1002/chem.201701352,1.87,0.9896994989661769,0.8803005010338232
MLDB-000116,LOMO,Ir,mono,Ir,10.1002/chem.201701352,2.23,1.0634906555474868,1.1665093444525132
MLDB-000117,LOMO,Ir,mono,Ir,10.1002/chem.201701352,2.57,1.3725704692736889,1.197429530726311
MLDB-000118,LOMO,Ir,mono,Ir,10.1002/chem.201701352,1.68,0.7499018219522254,0.9300981780477745
MLDB-000119,LOMO,Ir,mono,Ir,10.1002/chem.201701352,1.49,0.8034362375812304,0.6865637624187696
MLDB-000122,LOMO,Ir,mono,Ir,10.1002/chem.201703157,2.1,0.869786924159563,1.230213075840437
MLDB-000123,LOMO,Ir,mono,Ir,10.1002/chem.201703157,2.9,0.6712846983301602,2.2287153016698396
MLDB-000124,LOMO,Ir,mono,Ir,10.1002/chem.201703157,2.0,0.5178904918196702,1.4821095081803297
MLDB-000125,LOMO,Ir,mono,Ir,10.1002/chem.201703157,1.0,0.7095905938175381,0.2904094061824619
MLDB-000126,LOMO,Ir,mono,Ir,10.1002/chem.201703157,1.8,0.615023104782639,1.184976895217361
MLDB-000127,LOMO,Ir,mono,Ir,10.1002/chem.201703157,0.9,0.5056507953793014,0.39434920462069867
MLDB-000128,LOMO,Ir,mono,Ir,10.1002/chem.201803521,-1.16,-1.1203147995119365,0.039685200488063455
MLDB-000129,LOMO,Ir,mono,Ir,10.1002/chem.201803521,-0.9,-0.7035354126827223,0.19646458731727767
MLDB-000130,LOMO,Ir,mono,Ir,10.1002/chem.201803521,-0.86,-0.4076555676898269,0.4523444323101731
MLDB-000131,LOMO,Ir,mono,Ir,10.1002/chem.201803521,-1.42,0.21262286896366267,1.6326228689636626
MLDB-000145,LOMO,Ir,mono,Ir,10.1002/cmdc.201400040,1.23,1.5116752285305162,0.2816752285305162
MLDB-000146,LOMO,Ir,mono,Ir,10.1002/cmdc.201400040,1.35,1.7087968167072471,0.35879681670724706
MLDB-000147,LOMO,Ir,mono,Ir,10.1002/cmdc.201400040,1.79,2.2641829108637217,0.47418291086372166
MLDB-000148,LOMO,Ir,mono,Ir,10.1002/cmdc.201400040,1.4,2.0793222824468405,0.6793222824468406
MLDB-000177,LOMO,Ir,mono,Ir,10.1002/ejic.201300820,0.79,1.3951365250095342,0.6051365250095342
MLDB-000178,LOMO,Ir,mono,Ir,10.1002/ejic.201300820,2.61,2.1357156745798065,0.4742843254201934
MLDB-000193,LOMO,Ir,mono,Ir,10.1002/ejic.201601129,1.6,0.7745510487420799,0.8254489512579202
MLDB-000194,LOMO,Ir,mono,Ir,10.1002/ejic.201601129,0.6,0.46819120108725903,0.13180879891274094
MLDB-000195,LOMO,Ir,mono,Ir,10.1002/ejic.201601129,1.34,0.5827943671266486,0.7572056328733515
MLDB-000196,LOMO,Ir,mono,Ir,10.1002/ejic.201601129,1.57,0.614075673058429,0.955924326941571
MLDB-000197,LOMO,Ir,mono,Ir,10.1002/ejic.201601129,1.91,0.919192084874782,0.9908079151252179
MLDB-000221,LOMO,Ir,mono,Ir,10.1007/s00775-018-1578-0,1.16,1.0363711808903164,0.12362881910968349
MLDB-000222,LOMO,Ir,mono,Ir,10.1007/s00775-018-1578-0,0.7,0.938310641378706,0.23831064137870606
MLDB-000224,LOMO,Ir,mono,Ir,10.1007/s00775-019-01665-2,1.55,-0.38019556537018556,1.9301955653701857
MLDB-000239,LOMO,Ir,mono,Ir,10.1007/s00775-021-01895-3,1.57,1.4545368380379513,0.11546316196204875
MLDB-000240,LOMO,Ir,mono,Ir,10.1007/s00775-021-01895-3,1.73,1.9191227589930926,0.1891227589930926
MLDB-000248,LOMO,Ir,mono,Ir,10.1007/s12039-018-1492-6,2.45,1.0263778005858228,1.4236221994141773
MLDB-000249,LOMO,Ir,mono,Ir,10.1007/s12039-018-1492-6,2.75,1.093395988881233,1.656604011118767
MLDB-000250,LOMO,Ir,mono,Ir,10.1007/s12039-018-1492-6,3.2,0.9708369991496953,2.229163000850305
MLDB-000251,LOMO,Ir,mono,Ir,10.1016/j.biomaterials.2012.09.014,0.11,0.62502436834723,0.51502436834723
MLDB-000252,LOMO,Ir,mono,Ir,10.1016/j.biomaterials.2012.09.014,0.09,0.10440549794640455,0.014405497946404555
MLDB-000253,LOMO,Ir,mono,Ir,10.1016/j.biomaterials.2012.09.014,0.1,0.7106046947249351,0.6106046947249352
MLDB-000254,LOMO,Ir,mono,Ir,10.1016/j.biomaterials.2012.09.014,0.11,0.5039729449453114,0.39397294494531143
MLDB-000255,LOMO,Ir,mono,Ir,10.1016/j.biomaterials.2012.09.014,0.51,0.8686481298262698,0.3586481298262698
MLDB-000256,LOMO,Ir,mono,Ir,10.1016/j.biomaterials.2012.09.014,1.17,0.8618398995723564,0.3081601004276435
MLDB-000257,LOMO,Ir,mono,Ir,10.1016/j.biomaterials.2012.09.014,2.12,1.4089548657831505,0.7110451342168496
MLDB-000258,LOMO,Ir,mono,Ir,10.1016/j.biomaterials.2013.06.028,1.64,1.0797821478849952,0.5602178521150047
MLDB-000259,LOMO,Ir,mono,Ir,10.1016/j.biomaterials.2013.06.028,1.74,1.7237224291633955,0.016277570836604527
MLDB-000260,LOMO,Ir,mono,Ir,10.1016/j.biomaterials.2013.06.028,2.07,1.9601795278755156,0.1098204721244842
MLDB-000261,LOMO,Ir,mono,Ir,10.1016/j.biomaterials.2013.06.028,2.3,1.8086515438000905,0.4913484561999093
MLDB-000262,LOMO,Ir,mono,Ir,10.1016/j.biomaterials.2013.06.028,1.12,0.8996771148724118,0.22032288512758835
MLDB-000263,LOMO,Ir,mono,Ir,10.1016/j.biomaterials.2014.10.070,0.074,0.3481686328096393,0.27416863280963927
MLDB-000264,LOMO,Ir,mono,Ir,10.1016/j.biomaterials.2014.10.070,0.49,0.25832576473229857,0.23167423526770142
MLDB-000265,LOMO,Ir,mono,Ir,10.1016/j.biomaterials.2014.10.070,1.7,1.0192460393516682,0.6807539606483317
MLDB-000278,LOMO,Ir,mono,Ir,10.1016/j.bioorg.2023.106867,1.56,1.0676531751479186,0.4923468248520815
MLDB-000279,LOMO,Ir,mono,Ir,10.1016/j.bioorg.2023.106867,1.36,1.9707449164281292,0.6107449164281291
MLDB-000280,LOMO,Ir,mono,Ir,10.1016/j.bioorg.2023.106867,1.3,0.6089493029553281,0.6910506970446719
MLDB-000281,LOMO,Ir,mono,Ir,10.1016/j.bioorg.2025.108507,2.25,0.7041998434739034,1.5458001565260966
MLDB-000282,LOMO,Ir,mono,Ir,10.1016/j.bioorg.2025.108507,2.22,0.4467335933174248,1.7732664066825754
MLDB-000283,LOMO,Ir,mono,Ir,10.1016/j.bioorg.2025.108507,2.04,0.5933512171121688,1.4466487828878312
MLDB-000284,LOMO,Ir,mono,Ir,10.1016/j.bioorg.2025.108507,1.91,0.287630106343354,1.622369893656646
MLDB-000285,LOMO,Ir,mono,Ir,10.1016/j.canlet.2019.01.018,0.32,0.5655916895956831,0.24559168959568306
MLDB-000286,LOMO,Ir,mono,Ir,10.1016/j.canlet.2019.01.018,0.54,0.8943789324630348,0.35437893246303476
MLDB-000287,LOMO,Ir,mono,Ir,10.1016/j.canlet.2019.01.018,0.56,1.0381783696728968,0.47817836967289673
MLDB-000288,LOMO,Ir,mono,Ir,10.1016/j.canlet.2019.01.018,0.53,0.8449761288685279,0.3149761288685279
MLDB-000299,LOMO,Ir,mono,Ir,10.1016/j.dyepig.2020.108220,-0.48,0.6795111939710342,1.159511193971034
MLDB-000300,LOMO,Ir,mono,Ir,10.1016/j.dyepig.2020.108220,-0.28,0.3947194347790109,0.6747194347790109
MLDB-000301,LOMO,Ir,mono,Ir,10.1016/j.dyepig.2020.108220,-0.12,0.33405159538985674,0.45405159538985673
MLDB-000302,LOMO,Ir,mono,Ir,10.1016/j.dyepig.2020.108220,-0.21,0.38769970743186855,0.5976997074318685
MLDB-000306,LOMO,Ir,mono,Ir,10.1016/j.dyepig.2022.110387,2.33,1.1205354931919023,1.2094645068080978
MLDB-000307,LOMO,Ir,mono,Ir,10.1016/j.dyepig.2022.110387,2.55,1.5197281030974066,1.0302718969025932
MLDB-000326,LOMO,Ir,mono,Ir,10.1016/j.ejmech.2017.06.038,0.37,1.0020198316083133,0.6320198316083133
MLDB-000327,LOMO,Ir,mono,Ir,10.1016/j.ejmech.2017.06.038,-0.01,0.786055777755325,0.796055777755325
MLDB-000328,LOMO,Ir,mono,Ir,10.1016/j.ejmech.2017.06.038,0.036,0.8223957916469494,0.7863957916469494
MLDB-000329,LOMO,Ir,mono,Ir,10.1016/j.ejmech.2017.06.038,-0.23,0.32118867519257915,0.5511886751925792
MLDB-000337,LOMO,Ir,mono,Ir,10.1016/j.ejmech.2018.12.021,2.4,0.8530563433001661,1.5469436566998338
MLDB-000338,LOMO,Ir,mono,Ir,10.1016/j.ejmech.2018.12.021,3.0,0.9693880090342559,2.030611990965744
MLDB-000339,LOMO,Ir,mono,Ir,10.1016/j.ejmech.2018.12.021,3.7,1.378844652586355,2.3211553474136455
MLDB-000340,LOMO,Ir,mono,Ir,10.1016/j.ejmech.2018.12.021,3.6,1.7024397887975173,1.8975602112024827
MLDB-000341,LOMO,Ir,mono,Ir,10.1016/j.ejmech.2018.12.021,3.3,1.6799701487988983,1.6200298512011015
MLDB-000342,LOMO,Ir,mono,Ir,10.1016/j.ejmech.2018.12.021,3.5,1.87327867215252,1.62672132784748
MLDB-000343,LOMO,Ir,mono,Ir,10.1016/j.ejmech.2019.06.045,-0.21,0.9982352680567228,1.2082352680567228
MLDB-000344,LOMO,Ir,mono,Ir,10.1016/j.ejmech.2019.06.045,0.06,0.8566826646638294,0.7966826646638294
MLDB-000345,LOMO,Ir,mono,Ir,10.1016/j.ejmech.2019.06.045,0.01,0.9090037307167667,0.8990037307167666
MLDB-000360,LOMO,Ir,mono,Ir,10.1016/j.ejmech.2022.114335,1.18,1.007053128529205,0.1729468714707949
MLDB-000371,LOMO,Ir,mono,Ir,10.1016/j.ejmech.2023.116078,0.276,1.233324647825703,0.9573246478257029
MLDB-000372,LOMO,Ir,mono,Ir,10.1016/j.ejmech.2023.116078,-0.438,1.115036855624607,1.553036855624607
MLDB-000373,LOMO,Ir,mono,Ir,10.1016/j.ejmech.2023.116078,-0.7,1.629257977175735,2.329257977175735
MLDB-000374,LOMO,Ir,mono,Ir,10.1016/j.ejmech.2024.116295,0.2585,1.2442189661016916,0.9857189661016916
MLDB-000375,LOMO,Ir,mono,Ir,10.1016/j.ejmech.2024.116295,0.2721,1.457501649936802,1.185401649936802
MLDB-000376,LOMO,Ir,mono,Ir,10.1016/j.ejmech.2024.116295,0.3609,1.837152106337256,1.476252106337256
MLDB-000388,LOMO,Ir,mono,Ir,10.1016/j.jcis.2024.12.073,1.42,2.054660414035041,0.6346604140350411
MLDB-000389,LOMO,Ir,mono,Ir,10.1016/j.jcis.2024.12.073,1.51,2.4401002756324077,0.9301002756324077
MLDB-000412,LOMO,Ir,mono,Ir,10.1016/j.jinorgbio.2018.09.009,-1.12,1.0464921199537174,2.1664921199537175
MLDB-000413,LOMO,Ir,mono,Ir,10.1016/j.jinorgbio.2018.09.009,-0.57,0.7131044359494157,1.2831044359494157
MLDB-000414,LOMO,Ir,mono,Ir,10.1016/j.jinorgbio.2018.12.012,-0.15,-0.25078217065949787,0.10078217065949788
MLDB-000415,LOMO,Ir,mono,Ir,10.1016/j.jinorgbio.2018.12.012,-2.73,-0.4249025729831363,2.3050974270168636
MLDB-000416,LOMO,Ir,mono,Ir,10.1016/j.jinorgbio.2018.12.012,1.05,0.18271296510075355,0.8672870348992465
MLDB-000423,LOMO,Ir,mono,Ir,10.1016/j.jinorgbio.2019.110757,-0.13,1.5098172287636171,1.6398172287636172
MLDB-000424,LOMO,Ir,mono,Ir,10.1016/j.jinorgbio.2019.110757,0.98,1.6878003662553085,0.7078003662553085
MLDB-000425,LOMO,Ir,mono,Ir,10.1016/j.jinorgbio.2019.110757,-0.18,1.890184434948557,2.070184434948557
MLDB-000426,LOMO,Ir,mono,Ir,10.1016/j.jinorgbio.2019.110757,-0.23,1.8110666774790078,2.041066677479008
MLDB-000427,LOMO,Ir,mono,Ir,10.1016/j.jinorgbio.2019.110885,-0.11,2.056383168416322,2.166383168416322
MLDB-000429,LOMO,Ir,mono,Ir,10.1016/j.jinorgbio.2019.110909,0.51,0.7156064352260042,0.2056064352260042
MLDB-000430,LOMO,Ir,mono,Ir,10.1016/j.jinorgbio.2019.110909,0.83,0.2348720095236686,0.5951279904763314
MLDB-000431,LOMO,Ir,mono,Ir,10.1016/j.jinorgbio.2019.110983,-0.19,1.3191955985558605,1.5091955985558605
MLDB-000432,LOMO,Ir,mono,Ir,10.1016/j.jinorgbio.2019.110983,-0.75,1.1672616444735424,1.9172616444735424
MLDB-000479,LOMO,Ir,mono,Ir,10.1016/j.jinorgbio.2021.111450,1.71,1.904700017509461,0.1947000175094611
MLDB-000480,LOMO,Ir,mono,Ir,10.1016/j.jinorgbio.2021.111450,0.66,1.3722011925428024,0.7122011925428023
MLDB-000481,LOMO,Ir,mono,Ir,10.1016/j.jinorgbio.2021.111450,3.3,0.8766355904184939,2.423364409581506
MLDB-000482,LOMO,Ir,mono,Ir,10.1016/j.jinorgbio.2021.111450,0.99,0.8035138665382057,0.18648613346179432
MLDB-000489,LOMO,Ir,mono,Ir,10.1016/j.jinorgbio.2021.111580,2.19,1.9438690850797964,0.24613091492020356
MLDB-000490,LOMO,Ir,mono,Ir,10.1016/j.jinorgbio.2021.111580,2.24,1.6267170605705623,0.6132829394294379
MLDB-000491,LOMO,Ir,mono,Ir,10.1016/j.jinorgbio.2021.111580,2.28,1.8725227364861268,0.40747726351387303
MLDB-000499,LOMO,Ir,mono,Ir,10.1016/j.jinorgbio.2022.111803,0.04,0.7173680121524172,0.6773680121524172
MLDB-000502,LOMO,Ir,mono,Ir,10.1016/j.jinorgbio.2022.111855,1.07,1.1946902332821676,0.12469023328216755
MLDB-000503,LOMO,Ir,mono,Ir,10.1016/j.jinorgbio.2022.111855,0.8,1.0741476751126364,0.2741476751126364
MLDB-000535,LOMO,Ir,mono,Ir,10.1016/j.jinorgbio.2024.112631,1.39,0.8937902336979531,0.49620976630204683
MLDB-000540,LOMO,Ir,mono,Ir,10.1016/j.jinorgbio.2024.112808,-0.19,0.64546764217603,0.8354676421760301
MLDB-000541,LOMO,Ir,mono,Ir,10.1016/j.jinorgbio.2024.112808,0.32,1.093917498307376,0.773917498307376
MLDB-000542,LOMO,Ir,mono,Ir,10.1016/j.jinorgbio.2024.112808,-0.49,1.4333965296501854,1.9233965296501854
MLDB-000544,LOMO,Ir,mono,Ir,10.1016/j.jinorgbio.2025.112959,2.68,1.4014180598772716,1.2785819401227285
MLDB-000557,LOMO,Ir,mono,Ir,10.1016/j.jinorgbio.2025.113086,1.16,0.6698588577265175,0.4901411422734824
MLDB-000558,LOMO,Ir,mono,Ir,10.1016/j.jinorgbio.2025.113086,1.01,0.5413291504354775,0.46867084956452254
MLDB-000559,LOMO,Ir,mono,Ir,10.1016/j.jinorgbio.2025.113086,0.85,0.8806666449162354,0.030666644916235386
MLDB-000560,LOMO,Ir,mono,Ir,10.1016/j.jinorgbio.2025.113102,1.1,0.9777523239897875,0.12224767601021258
MLDB-000561,LOMO,Ir,mono,Ir,10.1016/j.jinorgbio.2025.113102,0.87,1.4657782613951391,0.5957782613951391
MLDB-000562,LOMO,Ir,mono,Ir,10.1016/j.jinorgbio.2025.113102,0.82,0.27565846690743223,0.5443415330925677
MLDB-000563,LOMO,Ir,mono,Ir,10.1016/j.jinorgbio.2025.113157,0.6,0.8689734831094129,0.26897348310941294
MLDB-000564,LOMO,Ir,mono,Ir,10.1016/j.jinorgbio.2025.113157,0.53,0.7054996848166764,0.17549968481667633
MLDB-000566,LOMO,Ir,mono,Ir,10.1016/j.jinorgbio.2025.113198,0.59,1.5383237622626096,0.9483237622626096
MLDB-000567,LOMO,Ir,mono,Ir,10.1016/j.jinorgbio.2026.113241,2.41,1.1740395223948399,1.2359604776051603
MLDB-000568,LOMO,Ir,mono,Ir,10.1016/j.jinorgbio.2026.113241,2.38,1.3806802986964841,0.9993197013035158
MLDB-000569,LOMO,Ir,mono,Ir,10.1016/j.jinorgbio.2026.113241,1.43,1.0996782821470321,0.3303217178529678
MLDB-000570,LOMO,Ir,mono,Ir,10.1016/j.jinorgbio.2026.113317,0.18,-0.3596522285688052,0.5396522285688052
MLDB-000571,LOMO,Ir,mono,Ir,10.1016/j.jinorgbio.2026.113317,0.31,-0.4737374024657812,0.7837374024657813
MLDB-000572,LOMO,Ir,mono,Ir,10.1016/j.jinorgbio.2026.113317,1.4,0.8008655359546308,0.5991344640453691
MLDB-000573,LOMO,Ir,mono,Ir,10.1016/j.jinorgbio.2026.113317,1.35,0.7498782863369585,0.6001217136630416
MLDB-000590,LOMO,Ir,mono,Ir,10.1016/j.jorganchem.2015.10.008,1.19,0.93982872984737,0.25017127015262997
MLDB-000612,LOMO,Ir,mono,Ir,10.1016/j.jorganchem.2018.07.035,-0.52,-0.7729885026676067,0.25298850266760664
MLDB-000613,LOMO,Ir,mono,Ir,10.1016/j.jorganchem.2018.07.035,-0.29,-0.6719125858246526,0.38191258582465265
MLDB-000614,LOMO,Ir,mono,Ir,10.1016/j.jorganchem.2018.07.035,1.69,-0.3744024707288946,2.0644024707288944
MLDB-000615,LOMO,Ir,mono,Ir,10.1016/j.jorganchem.2018.07.035,-0.19,-0.8211456642658856,0.6311456642658857
MLDB-000616,LOMO,Ir,mono,Ir,10.1016/j.jorganchem.2018.07.035,-0.17,-0.5495500261187517,0.37955002611875166
MLDB-000617,LOMO,Ir,mono,Ir,10.1016/j.jorganchem.2018.07.035,0.37,-0.6757278571067894,1.0457278571067894
MLDB-000665,LOMO,Ir,mono,Ir,10.1021/ac5040067,1.38,0.7682879867896186,0.6117120132103813
MLDB-000666,LOMO,Ir,mono,Ir,10.1021/ac5040067,1.14,0.37176391500765965,0.7682360849923402
MLDB-000667,LOMO,Ir,mono,Ir,10.1021/ac5040067,0.94,0.3074107625136877,0.6325892374863122
MLDB-000668,LOMO,Ir,mono,Ir,10.1021/ac5040067,1.16,0.49854658672691965,0.6614534132730803
MLDB-000669,LOMO,Ir,mono,Ir,10.1021/ac5040067,0.96,0.6766742987932237,0.28332570120677625
MLDB-000716,LOMO,Ir,mono,Ir,10.1021/acs.inorgchem.2c03279,2.19,1.2310843831819172,0.9589156168180828
MLDB-000809,LOMO,Ir,mono,Ir,10.1021/acs.inorgchem.7b01693,0.95,1.1023593647386285,0.15235936473862854
MLDB-000810,LOMO,Ir,mono,Ir,10.1021/acs.inorgchem.7b01693,0.84,0.6077369689141322,0.23226303108586777
MLDB-000812,LOMO,Ir,mono,Ir,10.1021/acs.inorgchem.7b01959,2.04,1.6603925167608158,0.37960748323918425
MLDB-000837,LOMO,Ir,mono,Ir,10.1021/acs.inorgchem.8b02161,3.5,1.3695638646978154,2.1304361353021846
MLDB-000838,LOMO,Ir,mono,Ir,10.1021/acs.inorgchem.8b02161,3.0,1.5437067747655993,1.4562932252344007
MLDB-000840,LOMO,Ir,mono,Ir,10.1021/acs.inorgchem.9b00282,1.3,1.30394360281485,0.003943602814849845
MLDB-000841,LOMO,Ir,mono,Ir,10.1021/acs.inorgchem.9b03006,0.42,0.028284619271660153,0.39171538072833983
MLDB-000842,LOMO,Ir,mono,Ir,10.1021/acs.inorgchem.9b03006,0.34,0.19139608613187317,0.14860391386812685
MLDB-000843,LOMO,Ir,mono,Ir,10.1021/acs.inorgchem.9b03006,0.35,0.16247275914047007,0.1875272408595299
MLDB-000844,LOMO,Ir,mono,Ir,10.1021/acs.inorgchem.9b03006,0.74,0.27012050582777486,0.46987949417222513
MLDB-000845,LOMO,Ir,mono,Ir,10.1021/acs.inorgchem.9b03006,0.61,0.04761104897804966,0.5623889510219503
MLDB-000846,LOMO,Ir,mono,Ir,10.1021/acs.inorgchem.9b03006,0.77,0.18323626736353624,0.5867637326364638
MLDB-000847,LOMO,Ir,mono,Ir,10.1021/acs.inorgchem.9b03006,1.43,0.4028778037214006,1.0271221962785995
MLDB-000851,LOMO,Ir,mono,Ir,10.1021/acs.jmedchem.1c01335,0.95,1.6459388755678,0.6959388755678
MLDB-000864,LOMO,Ir,mono,Ir,10.1021/acs.jmedchem.3c01156,1.41,1.6982493136723464,0.2882493136723465
MLDB-000865,LOMO,Ir,mono,Ir,10.1021/acs.jmedchem.3c01156,1.59,1.7951686796269013,0.20516867962690122
MLDB-000866,LOMO,Ir,mono,Ir,10.1021/acs.jmedchem.3c01156,1.83,1.7280101066113354,0.10198989338866471
MLDB-000876,LOMO,Ir,mono,Ir,10.1021/acs.jmedchem.8b01704,1.85,0.6098373108240857,1.2401626891759143
MLDB-000877,LOMO,Ir,mono,Ir,10.1021/acs.jmedchem.8b01704,1.79,0.5098419795608228,1.2801580204391771
MLDB-000878,LOMO,Ir,mono,Ir,10.1021/acs.jmedchem.8b01704,1.25,1.2202623321163069,0.029737667883693142
MLDB-000879,LOMO,Ir,mono,Ir,10.1021/acs.jmedchem.8b01704,1.44,0.8714910433351716,0.5685089566648284
MLDB-000880,LOMO,Ir,mono,Ir,10.1021/acs.jmedchem.8b01704,2.32,1.442529489729839,0.8774705102701608
MLDB-000881,LOMO,Ir,mono,Ir,10.1021/acs.jmedchem.8b01704,1.8,1.0661028208467596,0.7338971791532405
MLDB-000897,LOMO,Ir,mono,Ir,10.1021/acs.organomet.1c00572,1.35,1.1548638227100756,0.1951361772899245
MLDB-000911,LOMO,Ir,mono,Ir,10.1021/acs.organomet.5b00475,1.18,1.2503829559688293,0.07038295596882937
MLDB-000912,LOMO,Ir,mono,Ir,10.1021/acs.organomet.5b00475,1.13,1.1154857316728135,0.014514268327186386
MLDB-000913,LOMO,Ir,mono,Ir,10.1021/acs.organomet.5b00475,1.11,1.1181621117867513,0.008162111786751192
MLDB-000922,LOMO,Ir,mono,Ir,10.1021/acs.organomet.8b00415,0.43,-0.09232614547490929,0.5223261454749093
MLDB-000927,LOMO,Ir,mono,Ir,10.1021/acsami.0c11161,1.89,1.5545062012294342,0.33549379877056573
MLDB-000928,LOMO,Ir,mono,Ir,10.1021/acsami.0c11161,-0.78,1.1162697058897133,1.8962697058897133
MLDB-000929,LOMO,Ir,mono,Ir,10.1021/acsami.0c11161,-1.01,0.9244759360004131,1.9344759360004131
MLDB-000945,LOMO,Ir,mono,Ir,10.1021/ic200607j,-0.95,-0.5111772495758495,0.4388227504241504
MLDB-000946,LOMO,Ir,mono,Ir,10.1021/ic200607j,1.57,0.7547407468095816,0.8152592531904185
MLDB-000953,LOMO,Ir,mono,Ir,10.1021/ic302196v,1.27,0.8646018249119126,0.4053981750880874
MLDB-000955,LOMO,Ir,mono,Ir,10.1021/ja202344c,-0.12,0.7937983757193865,0.9137983757193865
MLDB-000960,LOMO,Ir,mono,Ir,10.1021/jacs.1c13137,0.969,1.5291991292558924,0.5601991292558924
MLDB-000961,LOMO,Ir,mono,Ir,10.1021/jacs.1c13137,0.472,1.4988382535377287,1.0268382535377287
MLDB-000977,LOMO,Ir,mono,Ir,10.1021/jm2000932,-0.82,-0.5877514755869515,0.23224852441304844
MLDB-000978,LOMO,Ir,mono,Ir,10.1021/jm2000932,0.48,-0.5229916721568194,1.0029916721568193
MLDB-000979,LOMO,Ir,mono,Ir,10.1021/jm2000932,1.11,0.044282068923807406,1.0657179310761926
MLDB-000980,LOMO,Ir,mono,Ir,10.1021/jm4001665,0.77,0.5372505736356528,0.23274942636434726
MLDB-000981,LOMO,Ir,mono,Ir,10.1021/jm4001665,1.67,0.5573982301930035,1.1126017698069965
MLDB-000982,LOMO,Ir,mono,Ir,10.1021/jm4001665,2.12,1.8806337874327421,0.23936621256725799
MLDB-001013,LOMO,Ir,mono,Ir,10.1038/srep14544,0.629,0.9567578973376495,0.3277578973376495
MLDB-001014,LOMO,Ir,mono,Ir,10.1038/srep38954,-0.81,0.7135756726778242,1.5235756726778242
MLDB-001015,LOMO,Ir,mono,Ir,10.1038/srep38954,1.04,0.5832014490759296,0.4567985509240704
MLDB-001016,LOMO,Ir,mono,Ir,10.1038/srep38954,1.42,0.7659061350784736,0.6540938649215263
MLDB-001017,LOMO,Ir,mono,Ir,10.1038/srep38954,2.22,0.9949863744941589,1.2250136255058413
MLDB-001018,LOMO,Ir,mono,Ir,10.1038/srep38954,2.31,0.9732435805766847,1.3367564194233155
MLDB-001019,LOMO,Ir,mono,Ir,10.1038/srep38954,-0.49,0.5434955119834016,1.0334955119834017
MLDB-001020,LOMO,Ir,mono,Ir,10.1038/srep38954,1.33,0.48018640759383313,0.8498135924061669
MLDB-001021,LOMO,Ir,mono,Ir,10.1038/srep38954,1.74,0.6861326618419888,1.0538673381580113
MLDB-001022,LOMO,Ir,mono,Ir,10.1038/srep38954,2.51,0.8519165140691572,1.6580834859308426
MLDB-001023,LOMO,Ir,mono,Ir,10.1038/srep38954,2.59,0.8686598637024241,1.7213401362975758
MLDB-001047,LOMO,Ir,mono,Ir,10.1039/c3cc40845k,1.33,1.0141294273112804,0.31587057268871965
MLDB-001048,LOMO,Ir,mono,Ir,10.1039/c3cc40845k,1.28,1.7208372460078787,0.44083724600787866
MLDB-001049,LOMO,Ir,mono,Ir,10.1039/c3cc40845k,1.57,0.649788543712465,0.9202114562875351
MLDB-001050,LOMO,Ir,mono,Ir,10.1039/c3cc40845k,0.89,0.4407752230566134,0.44922477694338664
MLDB-001051,LOMO,Ir,mono,Ir,10.1039/c3cc40845k,1.56,1.1140458355456104,0.4459541644543896
MLDB-001052,LOMO,Ir,mono,Ir,10.1039/c3mt00341h,0.07,0.6418817279324913,0.5718817279324913
MLDB-001053,LOMO,Ir,mono,Ir,10.1039/c3mt00341h,-0.95,-0.5653587469270874,0.3846412530729125
MLDB-001054,LOMO,Ir,mono,Ir,10.1039/c3mt20276c,1.17,0.43714686101245237,0.7328531389875476
MLDB-001055,LOMO,Ir,mono,Ir,10.1039/c3mt20276c,1.22,1.1562475381615978,0.06375246183840222
MLDB-001056,LOMO,Ir,mono,Ir,10.1039/c3mt20276c,1.52,1.4595280861672486,0.06047191383275141
MLDB-001057,LOMO,Ir,mono,Ir,10.1039/c3mt20276c,2.87,1.9035661505416532,0.9664338494583469
MLDB-001058,LOMO,Ir,mono,Ir,10.1039/c4dt00845f,1.21,1.6464352896077974,0.4364352896077974
MLDB-001059,LOMO,Ir,mono,Ir,10.1039/c4dt00845f,1.12,1.7952349407750705,0.6752349407750704
MLDB-001060,LOMO,Ir,mono,Ir,10.1039/c4dt00845f,1.08,1.4807120269815834,0.40071202698158337
MLDB-001061,LOMO,Ir,mono,Ir,10.1039/c4dt00845f,1.08,1.7799276555142147,0.6999276555142147
MLDB-001062,LOMO,Ir,mono,Ir,10.1039/c4dt00845f,0.94,1.9669635122771454,1.0269635122771454
MLDB-001063,LOMO,Ir,mono,Ir,10.1039/c4dt00845f,1.56,1.8684964098174923,0.30849640981749227
MLDB-001064,LOMO,Ir,mono,Ir,10.1039/c4dt00845f,1.78,2.035331264767002,0.25533126476700185
MLDB-001065,LOMO,Ir,mono,Ir,10.1039/c4dt00845f,1.86,1.6120125346381833,0.24798746536181682
MLDB-001066,LOMO,Ir,mono,Ir,10.1039/c4dt00845f,1.55,1.9364094957976488,0.3864094957976487
MLDB-001067,LOMO,Ir,mono,Ir,10.1039/c4dt00845f,1.41,1.867476725632925,0.4574767256329251
MLDB-001070,LOMO,Ir,mono,Ir,10.1039/c4dt02890b,0.62,0.3647631158028186,0.2552368841971814
MLDB-001071,LOMO,Ir,mono,Ir,10.1039/c4dt02890b,1.1,1.793350942997072,0.6933509429970719
MLDB-001072,LOMO,Ir,mono,Ir,10.1039/c4dt02890b,-1.83,0.7082693469287755,2.5382693469287756
MLDB-001073,LOMO,Ir,mono,Ir,10.1039/c4dt02890b,-0.45,1.6937271400735934,2.1437271400735933
MLDB-001098,LOMO,Ir,mono,Ir,10.1039/c5sc01955a,1.97,1.7310372889635581,0.23896271103644184
MLDB-001099,LOMO,Ir,mono,Ir,10.1039/c5sc01955a,2.07,2.335101860439137,0.2651018604391373
MLDB-001100,LOMO,Ir,mono,Ir,10.1039/c5sc01955a,2.01,1.487835012022161,0.5221649879778387
MLDB-001101,LOMO,Ir,mono,Ir,10.1039/c5sc01955a,2.12,2.151540060112362,0.03154006011236188
MLDB-001102,LOMO,Ir,mono,Ir,10.1039/c6cc07909a,2.6,2.015712795619547,0.5842872043804532
MLDB-001103,LOMO,Ir,mono,Ir,10.1039/c6cc07909a,2.7,1.1673359618310384,1.5326640381689618
MLDB-001105,LOMO,Ir,mono,Ir,10.1039/c6cc10015e,1.42,1.0590526459153644,0.3609473540846355
MLDB-001106,LOMO,Ir,mono,Ir,10.1039/c6cc10015e,1.06,1.444160327580572,0.38416032758057184
MLDB-001107,LOMO,Ir,mono,Ir,10.1039/c6cc10015e,0.77,1.5914432161649075,0.8214432161649075
MLDB-001108,LOMO,Ir,mono,Ir,10.1039/c6dt00601a,1.64,1.0204023984063222,0.6195976015936777
MLDB-001109,LOMO,Ir,mono,Ir,10.1039/c6dt00601a,2.41,1.0673168364335794,1.3426831635664207
MLDB-001110,LOMO,Ir,mono,Ir,10.1039/c6dt00601a,1.73,0.5131356427078673,1.2168643572921327
MLDB-001136,LOMO,Ir,mono,Ir,10.1039/c6sc02901a,0.23,0.7156064352260042,0.4856064352260042
MLDB-001137,LOMO,Ir,mono,Ir,10.1039/c6sc02901a,1.28,0.8336670121058406,0.4463329878941594
MLDB-001138,LOMO,Ir,mono,Ir,10.1039/c6sc02901a,1.09,0.5287019394166748,0.5612980605833253
MLDB-001139,LOMO,Ir,mono,Ir,10.1039/c6sc02901a,2.12,0.5650522699027378,1.5549477300972623
MLDB-001154,LOMO,Ir,mono,Ir,10.1039/c7dt01015j,1.19,1.4398387016930743,0.24983870169307432
MLDB-001155,LOMO,Ir,mono,Ir,10.1039/c7dt01015j,1.17,1.401939892225313,0.23193989222531308
MLDB-001156,LOMO,Ir,mono,Ir,10.1039/c7dt01015j,1.13,1.4444547434652244,0.3144547434652245
MLDB-001157,LOMO,Ir,mono,Ir,10.1039/c7dt01091e,1.64,0.5567601776272356,1.0832398223727644
MLDB-001158,LOMO,Ir,mono,Ir,10.1039/c7dt01091e,2.93,0.524059536998035,2.405940463001965
MLDB-001159,LOMO,Ir,mono,Ir,10.1039/c7dt01903c,0.94,0.9504315552303593,0.010431555230359324
MLDB-001160,LOMO,Ir,mono,Ir,10.1039/c7dt01903c,0.77,0.30165274156463284,0.4683472584353672
MLDB-001161,LOMO,Ir,mono,Ir,10.1039/c7dt01903c,1.14,1.1480707790406357,0.0080707790406358
MLDB-001162,LOMO,Ir,mono,Ir,10.1039/c7dt01903c,0.82,0.6535221366224693,0.16647786337753068
MLDB-001167,LOMO,Ir,mono,Ir,10.1039/c7dt02273e,0.23,0.741573738796794,0.511573738796794
MLDB-001168,LOMO,Ir,mono,Ir,10.1039/c7dt02273e,0.51,1.7093862564284485,1.1993862564284485
MLDB-001169,LOMO,Ir,mono,Ir,10.1039/c7dt02273e,-0.91,-0.5481706835097672,0.36182931649023287
MLDB-001170,LOMO,Ir,mono,Ir,10.1039/c7dt02273e,1.26,0.8240014325701136,0.4359985674298864
MLDB-001171,LOMO,Ir,mono,Ir,10.1039/c7dt02477k,1.58,0.5553655145173456,1.0246344854826543
MLDB-001172,LOMO,Ir,mono,Ir,10.1039/c7dt02477k,0.73,0.3474788831621134,0.3825211168378866
MLDB-001173,LOMO,Ir,mono,Ir,10.1039/c7dt02477k,1.54,0.548876447544773,0.991123552455227
MLDB-001179,LOMO,Ir,mono,Ir,10.1039/c7tb00731k,1.98,0.9582114570288104,1.0217885429711897
MLDB-001180,LOMO,Ir,mono,Ir,10.1039/c7tb00731k,1.55,1.2970413422474065,0.2529586577525935
MLDB-001181,LOMO,Ir,mono,Ir,10.1039/c8cc00299a,0.89,1.337389423067507,0.44738942306750695
MLDB-001182,LOMO,Ir,mono,Ir,10.1039/c8cc00299a,0.77,1.3369625683747106,0.5669625683747106
MLDB-001183,LOMO,Ir,mono,Ir,10.1039/c8dt00783g,1.42,1.1351008624358416,0.2848991375641583
MLDB-001184,LOMO,Ir,mono,Ir,10.1039/c8dt00783g,1.56,1.1984119776233144,0.36158802237668564
MLDB-001185,LOMO,Ir,mono,Ir,10.1039/c8dt00783g,1.52,1.8870158698215576,0.36701586982155754
MLDB-001186,LOMO,Ir,mono,Ir,10.1039/c8dt00783g,1.77,1.8470888663919498,0.07708886639194978
MLDB-001187,LOMO,Ir,mono,Ir,10.1039/c8dt02918k,0.322,0.3402613509696463,0.018261350969646317
MLDB-001188,LOMO,Ir,mono,Ir,10.1039/c8dt02918k,0.613,0.3173105740346255,0.2956894259653745
MLDB-001189,LOMO,Ir,mono,Ir,10.1039/c8dt02918k,0.862,0.11642366339194603,0.745576336608054
MLDB-001190,LOMO,Ir,mono,Ir,10.1039/c8dt02918k,0.557,0.049982857367512463,0.5070171426324875
MLDB-001199,LOMO,Ir,mono,Ir,10.1039/c8sc02920b,2.67,1.8167040138724635,0.8532959861275364
MLDB-001200,LOMO,Ir,mono,Ir,10.1039/c8sc02920b,3.03,1.136436695438997,1.8935633045610027
MLDB-001201,LOMO,Ir,mono,Ir,10.1039/c8sc02920b,2.96,1.088530692407081,1.871469307592919
MLDB-001202,LOMO,Ir,mono,Ir,10.1039/c8sc02920b,3.23,1.0736709971055969,2.1563290028944033
MLDB-001203,LOMO,Ir,mono,Ir,10.1039/c8sc02920b,2.76,1.4724420815961456,1.2875579184038541
MLDB-001204,LOMO,Ir,mono,Ir,10.1039/c8sc02920b,3.11,1.8117411279417195,1.2982588720582804
MLDB-001205,LOMO,Ir,mono,Ir,10.1039/c8sc02920b,2.83,1.6261183149523672,1.2038816850476328
MLDB-001206,LOMO,Ir,mono,Ir,10.1039/c8sc04520h,1.42,0.7437759143608241,0.6762240856391758
MLDB-001207,LOMO,Ir,mono,Ir,10.1039/c8sc04520h,1.58,1.00417569513131,0.57582430486869
MLDB-001210,LOMO,Ir,mono,Ir,10.1039/c9dt00259f,0.26,0.3153556060387357,0.05535560603873568
MLDB-001211,LOMO,Ir,mono,Ir,10.1039/c9dt00259f,1.83,0.3137359482657879,1.516264051734212
MLDB-001245,LOMO,Ir,mono,Ir,10.1039/c9qi01161g,-0.15,-0.42313235392368725,0.2731323539236873
MLDB-001246,LOMO,Ir,mono,Ir,10.1039/c9qi01161g,-0.41,-0.2400587542029273,0.16994124579707268
MLDB-001247,LOMO,Ir,mono,Ir,10.1039/c9qi01161g,-0.75,-0.4152171248900989,0.3347828751099011
MLDB-001248,LOMO,Ir,mono,Ir,10.1039/c9ra10357k,-1.06,0.5825942352325177,1.6425942352325178
MLDB-001249,LOMO,Ir,mono,Ir,10.1039/c9ra10357k,1.39,1.5637106030273702,0.1737106030273703
MLDB-001277,LOMO,Ir,mono,Ir,10.1039/d0dt02064h,1.1,0.4845891376316521,0.615410862368348
MLDB-001278,LOMO,Ir,mono,Ir,10.1039/d0dt02064h,2.58,1.0395824538343799,1.5404175461656202
MLDB-001279,LOMO,Ir,mono,Ir,10.1039/d0dt02064h,3.0,0.9538521395027665,2.0461478604972334
MLDB-001286,LOMO,Ir,mono,Ir,10.1039/d0dt03586f,0.49,-0.03802831958459559,0.5280283195845956
MLDB-001287,LOMO,Ir,mono,Ir,10.1039/d0dt03586f,0.52,0.036527050984416026,0.483472949015584
MLDB-001288,LOMO,Ir,mono,Ir,10.1039/d0dt03586f,0.78,0.05722454575064947,0.7227754542493505
MLDB-001289,LOMO,Ir,mono,Ir,10.1039/d0dt03586f,0.69,0.3610692166116928,0.32893078338830717
MLDB-001290,LOMO,Ir,mono,Ir,10.1039/d0dt03586f,1.1,0.00839185854165832,1.0916081414583418
MLDB-001291,LOMO,Ir,mono,Ir,10.1039/d0dt03586f,0.97,0.006472097025227609,0.9635279029747723
MLDB-001292,LOMO,Ir,mono,Ir,10.1039/d0dt03586f,0.91,0.0254679399151742,0.8845320600848259
MLDB-001302,LOMO,Ir,mono,Ir,10.1039/d0mt00060d,2.2,0.7920250986116796,1.4079749013883207
MLDB-001303,LOMO,Ir,mono,Ir,10.1039/d0mt00060d,2.3,0.42186058854843145,1.8781394114515684
MLDB-001304,LOMO,Ir,mono,Ir,10.1039/d0mt00060d,2.8,0.8136729827208844,1.9863270172791154
MLDB-001305,LOMO,Ir,mono,Ir,10.1039/d0mt00060d,0.9,0.5755761158918046,0.32442388410819545
MLDB-001306,LOMO,Ir,mono,Ir,10.1039/d0mt00060d,1.0,0.4075658490132207,0.5924341509867793
MLDB-001307,LOMO,Ir,mono,Ir,10.1039/d0mt00060d,1.5,0.4266434751861023,1.0733565248138977
MLDB-001313,LOMO,Ir,mono,Ir,10.1039/d0sc00897d,-0.08,0.5553881736492754,0.6353881736492754
MLDB-001314,LOMO,Ir,mono,Ir,10.1039/d0sc00897d,-0.59,0.07629189142275432,0.6662918914227542
MLDB-001320,LOMO,Ir,mono,Ir,10.1039/d1cc04982h,0.78,1.7178384373258648,0.9378384373258648
MLDB-001321,LOMO,Ir,mono,Ir,10.1039/d1cc04982h,0.89,1.9021323281301163,1.0121323281301162
MLDB-001322,LOMO,Ir,mono,Ir,10.1039/d1cc04982h,0.62,2.1591120130464896,1.5391120130464895
MLDB-001327,LOMO,Ir,mono,Ir,10.1039/d1dt01556g,1.31,-0.17159437401267832,1.4815943740126785
MLDB-001329,LOMO,Ir,multi,Ir,10.1039/d1dt01556g,1.6,0.020160691752770032,1.57983930824723
MLDB-001357,LOMO,Ir,mono,Ir,10.1039/d2ra01036d,0.27,0.5745139775923711,0.3045139775923711
MLDB-001358,LOMO,Ir,mono,Ir,10.1039/d2ra01036d,0.34,1.210456925140866,0.8704569251408658
MLDB-001359,LOMO,Ir,mono,Ir,10.1039/d2ra01036d,-0.23,0.6005594636506544,0.8305594636506544
MLDB-001360,LOMO,Ir,mono,Ir,10.1039/d2ra01036d,0.02,0.45776526305026344,0.4377652630502634
MLDB-001361,LOMO,Ir,mono,Ir,10.1039/d2ra01036d,0.29,0.3510664461769139,0.061066446176913924
MLDB-001416,LOMO,Ir,mono,Ir,10.1093/mtomcs/mfac068,2.79,1.358488626720107,1.431511373279893
MLDB-001417,LOMO,Ir,mono,Ir,10.1093/mtomcs/mfac068,2.99,0.9167165094530457,2.0732834905469546
MLDB-001418,LOMO,Ir,mono,Ir,10.1093/mtomcs/mfac068,3.0,1.0402860186090521,1.9597139813909479
MLDB-001422,LOMO,Ir,mono,Ir,10.1109/nanomed.2010.5749807,1.91,1.0797821478849952,0.8302178521150048
MLDB-001423,LOMO,Ir,mono,Ir,10.1109/nanomed.2010.5749807,2.09,1.9601795278755156,0.12982047212448422
MLDB-001424,LOMO,Ir,mono,Ir,10.1109/nanomed.2010.5749807,1.16,0.8996771148724118,0.26032288512758817
MLDB-001450,LOMO,Ir,mono,Ir,10.3389/fchem.2023.1086267,2.17,1.6827484764877378,0.4872515235122621
MLDB-001460,LOMO,Ir,mono,Ir,10.3390/ijms22147422,1.47,0.8455595713651075,0.6244404286348925
MLDB-001461,LOMO,Ir,mono,Ir,10.3390/ijms22147422,1.5,1.0098079086719782,0.4901920913280218
MLDB-001462,LOMO,Ir,mono,Ir,10.3390/ijms22147422,1.3,0.5755391406688867,0.7244608593311134
MLDB-001471,LOMO,Ir,mono,Ir,10.3390/ijms23020813,2.87,1.8843119176651228,0.9856880823348773
MLDB-001472,LOMO,Ir,mono,Ir,10.3390/ijms23020813,-1.15,-0.6456674633222876,0.5043325366777123
MLDB-001473,LOMO,Ir,mono,Ir,10.3390/ijms23020813,1.46,2.058315290248076,0.5983152902480762
MLDB-001474,LOMO,Ir,mono,Ir,10.3390/ijms23020813,1.46,2.058315290248076,0.5983152902480762
MLDB-001475,LOMO,Ir,mono,Ir,10.3390/ijms23020813,1.8,1.7608126483483313,0.039187351651668756
MLDB-001476,LOMO,Ir,mono,Ir,10.3390/ijms23020813,2.36,1.7080149545830297,0.6519850454169702
MLDB-001477,LOMO,Ir,mono,Ir,10.3390/ijms23020813,-0.75,-0.22063398613261262,0.5293660138673874
MLDB-001478,LOMO,Ir,mono,Ir,10.3390/ijms23020813,-1.6,-0.6728312361549958,0.9271687638450042
MLDB-001479,LOMO,Ir,mono,Ir,10.3390/ijms23020813,-1.47,-0.6728312361549958,0.7971687638450041
MLDB-001480,LOMO,Ir,mono,Ir,10.3390/ijms23020813,-1.56,-0.2683438786513913,1.2916561213486086
MLDB-001481,LOMO,Ir,mono,Ir,10.3390/ijms23020813,-1.31,-0.6863033052473145,0.6236966947526855
MLDB-001482,LOMO,Ir,mono,Ir,10.3390/ijms23020813,-2.08,-1.2289728249658392,0.8510271750341609
MLDB-001502,LOMO,Ir,mono,Ir,10.3390/inorganics8040023,1.99,1.2151647776268004,0.7748352223731996
MLDB-001503,LOMO,Ir,mono,Ir,10.3390/inorganics8040023,2.66,1.1342022798624192,1.525797720137581
MLDB-001504,LOMO,Ir,mono,Ir,10.3390/inorganics8040023,2.84,1.4171894349541343,1.4228105650458656
MLDB-001505,LOMO,Ir,mono,Ir,10.3390/inorganics8040023,2.63,1.4685245569582055,1.1614754430417944
MLDB-001506,LOMO,Ir,mono,Ir,10.3390/inorganics8040023,2.31,1.3566092197785513,0.9533907802214487
MLDB-001507,LOMO,Ir,mono,Ir,10.3390/inorganics8040023,2.26,1.391049027834355,0.8689509721656448
MLDB-001508,LOMO,Ir,mono,Ir,10.3390/ma13163491,-1.14,-0.22583683038548655,0.9141631696145134
MLDB-001509,LOMO,Ir,mono,Ir,10.3390/ma13163491,-0.3,-0.4110563960383344,0.11105639603833439
MLDB-001510,LOMO,Ir,mono,Ir,10.3390/molecules24173129,1.01,0.819254332362142,0.19074566763785805
MLDB-001511,LOMO,Ir,mono,Ir,10.3390/molecules24173129,1.33,0.8365910622146899,0.49340893778531014
MLDB-001512,LOMO,Ir,mono,Ir,10.3390/molecules24173129,0.78,0.6625265847471993,0.11747341525280075
MLDB-001525,LOMO,Ir,mono,Ir,10.3390/pharmaceutics13091382,0.75,2.247063465890732,1.497063465890732
MLDB-001526,LOMO,Ir,mono,Ir,10.3390/pharmaceutics13091382,0.28,1.800168486853618,1.520168486853618
MLDB-001527,LOMO,Ir,mono,Ir,10.3390/pharmaceutics13091382,1.73,2.746680942922903,1.016680942922903
MLDB-001528,LOMO,Ir,mono,Ir,10.3390/pharmaceutics13091382,1.24,2.441139275795882,1.2011392757958819
MLDB-001620,LOMO,Ir,mono,Ir,10.1016/j.jinorgbio.2022.111992,0.3,1.0826149677898877,0.7826149677898877
MLDB-001665,LOMO,Ir,mono,Ir,10.1016/j.ejps.2025.107259,1.69,1.6582211290762647,0.031778870923735214
MLDB-001669,LOMO,Ir,mono,Ir,10.1016/j.ejps.2025.107259,1.74,2.1104572779725097,0.3704572779725097
MLDB-001673,LOMO,Ir,mono,Ir,10.1016/j.ejps.2025.107259,1.38,1.361192657520695,0.018807342479304934
MLDB-001677,LOMO,Ir,mono,Ir,10.1016/j.ejps.2025.107259,2.06,1.6193643571087357,0.44063564289126433
MLDB-001680,LOMO,Ir,mono,Ir,10.3389/fchem.2025.1619991,-1.77,-0.6863033052473145,1.0836966947526854
MLDB-001682,LOMO,Ir,mono,Ir,10.3389/fchem.2025.1619991,-0.91,-0.3117379043063058,0.5982620956936942
MLDB-001684,LOMO,Ir,mono,Ir,10.3389/fchem.2025.1619991,-2.53,-1.2289728249658392,1.3010271750341607
MLDB-001687,LOMO,Ir,mono,Ir,10.3389/fchem.2025.1619991,1.87,1.7080149545830297,0.16198504541697045
MLDB-001691,LOMO,Ir,mono,Ir,10.3389/fchem.2025.1619991,1.89,1.6827484764877378,0.20725152351226206
MLDB-001745,LOMO,Ir,mono,Ir,10.3390/molecules28073058,3.18,1.757940627197692,1.422059372802308
MLDB-001752,LOMO,Ir,mono,Ir,10.3390/molecules28073058,1.08,1.2772370373318147,0.19723703733181464
MLDB-001756,LOMO,Ir,mono,Ir,10.3390/molecules28073058,1.17,1.2469580805127032,0.07695808051270325
MLDB-001760,LOMO,Ir,mono,Ir,10.3390/molecules28073058,1.4,0.8949505631479211,0.5050494368520788
MLDB-001764,LOMO,Ir,mono,Ir,10.3390/molecules28073058,1.3,1.2033716890918602,0.09662831090813984
MLDB-001768,LOMO,Ir,mono,Ir,10.3390/molecules28073058,1.39,1.7221632114787366,0.33216321147873673
MLDB-002239,LOMO,Ir,mono,Ir,10.1021/acs.jmedchem.3c00336,1.15,0.982898046577291,0.16710195342270895
MLDB-002240,LOMO,Ir,mono,Ir,10.1021/acs.jmedchem.3c00336,1.03,0.7488130523211471,0.2811869476788529
MLDB-002241,LOMO,Ir,mono,Ir,10.1021/acs.jmedchem.3c00336,1.24,1.457337201490326,0.2173372014903261
MLDB-002681,LOMO,Ir,multi,Ir,10.1016/j.jinorgbio.2024.112704,0.13,-0.47165139026252195,0.601651390262522
MLDB-002687,LOMO,Ir,multi,Ir,10.1021/acs.jmedchem.5c00523,1.421,0.46653670379774875,0.9544632962022512
MLDB-002690,LOMO,Ir,multi,Ir,10.1021/acs.jmedchem.5c00523,1.916,0.6452759766619105,1.2707240233380894
MLDB-002715,LOMO,Ir,multi,Ir,10.1021/acs.jmedchem.4c00406,2.021,0.3798348681570692,1.6411651318429308
MLDB-002718,LOMO,Ir,multi,Ir,10.1021/acs.jmedchem.4c00406,0.783,0.19634706088784196,0.5866529391121581
MLDB-003213,LOMO,Ir,mono,Ir,10.3390/ph15020169,3.03,1.891488025171703,1.1385119748282968
MLDB-003214,LOMO,Ir,mono,Ir,10.3390/ph15020169,4.0,2.097982408283188,1.9020175917168118
MLDB-003326,LOMO,Ir,mono,Ir,10.1021/acs.inorgchem.5c01620,0.11,0.28785210205547757,0.17785210205547758
MLDB-003397,LOMO,Ir,mono,Ir,10.1002/asia.202401060,1.34,1.4966997444453103,0.1566997444453102
MLDB-003398,LOMO,Ir,mono,Ir,10.1002/asia.202401060,1.32,1.022895219475109,0.297104780524891
MLDB-003399,LOMO,Ir,mono,Ir,10.1002/asia.202401060,1.31,1.0845501289025887,0.22544987109741133
MLDB-003400,LOMO,Ir,mono,Ir,10.1002/asia.202401060,1.21,1.1033337595043915,0.10666624049560847
MLDB-003401,LOMO,Ir,mono,Ir,10.1002/asia.202401060,1.4,1.0923679638701869,0.30763203612981305
MLDB-003427,LOMO,Ir,mono,Ir,10.1002/chem.202103346,1.14,1.5467443315245561,0.40674433152455625
MLDB-003428,LOMO,Ir,mono,Ir,10.1002/chem.202103346,1.1,1.3691462993806724,0.26914629938067236
MLDB-003429,LOMO,Ir,mono,Ir,10.1002/chem.202103346,1.24,1.2822370730152675,0.04223707301526747
MLDB-003462,LOMO,Ir,mono,Ir,10.1016/j.poly.2022.115837,-1.75,-0.8870980601216996,0.8629019398783004
MLDB-003463,LOMO,Ir,mono,Ir,10.1016/j.poly.2022.115837,-0.86,0.649894270611974,1.509894270611974
MLDB-003498,LOMO,Ir,multi,Ir,10.1021/acs.inorgchem.0c02928,0.27,-0.15618018929106392,0.42618018929106394
MLDB-003499,LOMO,Ir,multi,Ir,10.1021/acs.inorgchem.0c02928,0.11,-0.013144367085393377,0.12314436708539338
MLDB-003508,LOMO,Ir,mono,Ir,10.1021/acs.jmedchem.4c02089,2.46,0.4659361757032937,1.9940638242967061
MLDB-003533,LOMO,Ir,mono,Ir,10.1016/j.bioorg.2025.108148,1.35,1.2730297424824317,0.07697025751756836
MLDB-003534,LOMO,Ir,mono,Ir,10.1016/j.bioorg.2025.108148,0.68,1.414084628553115,0.734084628553115
MLDB-003535,LOMO,Ir,mono,Ir,10.1016/j.bioorg.2025.108148,1.07,1.1062459084506016,0.036245908450601494
MLDB-003536,LOMO,Ir,mono,Ir,10.1016/j.bioorg.2025.108148,0.63,1.383879449988116,0.753879449988116
MLDB-003537,LOMO,Ir,mono,Ir,10.1016/j.bioorg.2025.108148,1.22,1.1974032275139097,0.022596772486090266
MLDB-003538,LOMO,Ir,mono,Ir,10.1016/j.bioorg.2025.108148,0.7,1.3677095502701277,0.6677095502701278
MLDB-003539,LOMO,Ir,mono,Ir,10.1016/j.bioorg.2025.108148,0.98,0.9815792635911159,0.0015792635911159314
MLDB-003540,LOMO,Ir,mono,Ir,10.1016/j.bioorg.2025.108148,0.71,0.6332832564689937,0.07671674353100622
MLDB-003541,LOMO,Ir,mono,Ir,10.1016/j.bioorg.2025.108148,0.83,0.7233733420962027,0.10662665790379722
MLDB-003542,LOMO,Ir,mono,Ir,10.1016/j.bioorg.2025.108148,0.66,0.8878077064217264,0.22780770642172632
MLDB-003636,LOMO,Ir,mono,Ir,10.1039/c9qi00081j,1.17,1.63642543075105,0.46642543075105003
MLDB-003637,LOMO,Ir,mono,Ir,10.1039/c9qi00081j,1.26,1.9372522538318475,0.6772522538318475
MLDB-003638,LOMO,Ir,mono,Ir,10.1039/c9qi00081j,1.23,1.4484869734664858,0.21848697346648582
MLDB-003639,LOMO,Ir,mono,Ir,10.1039/c9qi00081j,1.18,1.685526500782051,0.5055265007820511
MLDB-003640,LOMO,Ir,mono,Ir,10.1039/c9qi00081j,1.25,1.5012980833578025,0.25129808335780246
MLDB-003724,LOMO,Ir,mono,Ir,10.1021/acs.jmedchem.3c01276,1.65,1.0914735517908802,0.5585264482091197
MLDB-003725,LOMO,Ir,mono,Ir,10.1021/acs.jmedchem.3c01276,1.13,1.2810071865059234,0.15100718650592349
MLDB-003726,LOMO,Ir,mono,Ir,10.1021/acs.jmedchem.3c02227,0.89,1.311091050833524,0.42109105083352405
MLDB-003727,LOMO,Ir,mono,Ir,10.1021/acs.jmedchem.3c02227,1.88,1.2968777661055175,0.5831222338944824
MLDB-003728,LOMO,Ir,mono,Ir,10.1021/acs.jmedchem.3c02227,2.41,1.6492335318565505,0.7607664681434496
MLDB-003729,LOMO,Ir,mono,Ir,10.1021/acs.jmedchem.3c02227,2.02,1.551179561733676,0.4688204382663239
MLDB-003730,LOMO,Ir,mono,Ir,10.1021/acs.jmedchem.3c02227,2.56,2.261137777463819,0.2988622225361812
MLDB-003731,LOMO,Ir,mono,Ir,10.1021/acs.jmedchem.4c00280,1.25,1.2082876911709344,0.041712308829065625
MLDB-003732,LOMO,Ir,mono,Ir,10.1021/acs.jmedchem.4c00280,2.48,1.7640885236372505,0.7159114763627494
MLDB-003733,LOMO,Ir,mono,Ir,10.1021/acs.jmedchem.4c00280,1.92,1.3929229083177626,0.5270770916822374
MLDB-003734,LOMO,Ir,mono,Ir,10.1021/acs.jmedchem.4c01026,1.83,1.4804906499215078,0.34950935007849226
MLDB-003735,LOMO,Ir,mono,Ir,10.1021/acs.jmedchem.4c01026,0.81,1.020599687748027,0.21059968774802695
MLDB-003736,LOMO,Ir,mono,Ir,10.1021/acs.jmedchem.4c01026,0.91,0.9061380872068663,0.0038619127931337482
MLDB-003737,LOMO,Ir,mono,Ir,10.1021/acs.jmedchem.4c00404,2.25,1.480205587098247,0.7697944129017531
MLDB-003738,LOMO,Ir,mono,Ir,10.1021/acs.jmedchem.4c00404,1.75,0.7743315865383728,0.9756684134616272
MLDB-003739,LOMO,Ir,mono,Ir,10.1021/acs.jmedchem.3c00704,-0.9,-0.5727917299831774,0.3272082700168226
MLDB-003740,LOMO,Ir,mono,Ir,10.1021/acs.jmedchem.3c00704,-0.6,-0.04391382134125726,0.5560861786587428
MLDB-003741,LOMO,Ir,mono,Ir,10.1021/acs.jmedchem.3c00704,-0.1,-0.055398995958519624,0.04460100404148038
MLDB-003742,LOMO,Ir,mono,Ir,10.1021/acs.jmedchem.3c00704,0.7,0.837785835481626,0.13778583548162604
MLDB-003743,LOMO,Ir,mono,Ir,10.1021/acs.jmedchem.3c00704,0.8,1.5414704429121622,0.7414704429121621
MLDB-003744,LOMO,Ir,mono,Ir,10.1021/acs.jmedchem.3c00704,1.0,1.7531494015073528,0.7531494015073528
MLDB-003760,LOMO,Ir,mono,Ir,10.1002/chem.201900851,0.21,0.7156064352260042,0.5056064352260042
MLDB-003761,LOMO,Ir,mono,Ir,10.1002/chem.201900851,0.7,1.4263720332734375,0.7263720332734376
MLDB-003762,LOMO,Ir,mono,Ir,10.1002/chem.201900851,1.01,1.031052771638932,0.021052771638931933
MLDB-003769,LOMO,Ir,mono,Ir,10.1016/j.snb.2018.02.022,2.15,1.7768055698060208,0.37319443019397913
MLDB-003770,LOMO,Ir,mono,Ir,10.1016/j.snb.2018.02.022,2.19,1.3392578210648485,0.8507421789351515
MLDB-003771,LOMO,Ir,mono,Ir,10.1016/j.snb.2018.02.022,2.38,2.0913652768021915,0.28863472319780836
MLDB-003772,LOMO,Ir,mono,Ir,10.1016/j.snb.2018.02.022,2.27,2.1407603005191698,0.12923969948083025
MLDB-003773,LOMO,Ir,mono,Ir,10.1016/j.snb.2018.02.022,1.89,2.049603836319429,0.1596038363194292
MLDB-003774,LOMO,Ir,mono,Ir,10.1016/j.snb.2018.02.022,1.78,1.1201674163253479,0.6598325836746521
MLDB-003793,LOMO,Ir,mono,Ir,10.1021/acs.inorgchem.4c03975,1.55,0.680351629191058,0.8696483708089421
MLDB-003794,LOMO,Ir,mono,Ir,10.1021/acs.inorgchem.4c03975,0.75,0.5294205985953832,0.22057940140461685
MLDB-003799,LOMO,Ir,mono,Ir,10.1021/acs.inorgchem.3c03801,0.39,0.04277244188774958,0.3472275581122504
MLDB-003813,LOMO,Ir,mono,Ir,10.1016/j.jinorgbio.2025.112960,1.73,1.4416705135596424,0.2883294864403576
MLDB-003814,LOMO,Ir,mono,Ir,10.1016/j.jinorgbio.2025.112960,1.93,1.3862758996665971,0.5437241003334028
MLDB-003815,LOMO,Ir,mono,Ir,10.1016/j.jinorgbio.2022.112057,2.77,1.150995778097294,1.619004221902706
MLDB-003829,LOMO,Ir,mono,Ir,10.1021/acs.inorgchem.4c02583,2.02,1.3419783139190031,0.6780216860809969
MLDB-003830,LOMO,Ir,mono,Ir,10.1021/acs.inorgchem.4c02583,1.79,1.2274547116430865,0.5625452883569135
MLDB-003833,LOMO,Ir,mono,Ir,10.1021/acs.inorgchem.4c00060,2.37,1.7226784910834014,0.6473215089165987
MLDB-003834,LOMO,Ir,mono,Ir,10.1021/acs.inorgchem.4c00060,0.04,0.9535383852555406,0.9135383852555405
MLDB-003835,LOMO,Ir,mono,Ir,10.1021/acs.inorgchem.4c03950,1.7,1.7530542622987464,0.053054262298746435
MLDB-003836,LOMO,Ir,mono,Ir,10.1021/acs.inorgchem.4c03950,2.0,1.6748607071506452,0.32513929284935483
MLDB-003837,LOMO,Ir,mono,Ir,10.1021/acs.inorgchem.4c03950,1.5,1.9042710162820085,0.40427101628200846
MLDB-003838,LOMO,Ir,mono,Ir,10.1021/acs.inorgchem.4c03950,1.8,1.6735078682097813,0.1264921317902188
MLDB-003839,LOMO,Ir,mono,Ir,10.1021/acs.inorgchem.4c03950,2.7,1.482799803962453,1.2172001960375471
MLDB-003840,LOMO,Ir,mono,Ir,10.1021/acs.inorgchem.4c03950,2.8,1.4691541887470227,1.330845811252977
MLDB-003841,LOMO,Ir,mono,Ir,10.1021/acs.inorgchem.3c03471,1.49,1.015927483304266,0.474072516695734
MLDB-003844,LOMO,Ir,mono,Ir,10.1021/acs.inorgchem.3c02364,2.21,0.8056844654573343,1.4043155345426657
MLDB-003845,LOMO,Ir,mono,Ir,10.1021/acs.inorgchem.3c02364,2.55,0.718137942418444,1.8318620575815558
MLDB-003846,LOMO,Ir,mono,Ir,10.1021/acs.inorgchem.3c02364,1.82,0.8527997878986211,0.967200212101379
MLDB-003847,LOMO,Ir,mono,Ir,10.1021/acs.inorgchem.3c02364,1.53,0.8623270970832473,0.6676729029167527
MLDB-003848,LOMO,Ir,mono,Ir,10.1021/acs.inorgchem.3c02364,2.56,1.4483755282309265,1.1116244717690735
MLDB-003849,LOMO,Ir,mono,Ir,10.1021/acs.inorgchem.3c02364,2.86,1.4507710733637857,1.4092289266362141
MLDB-003850,LOMO,Ir,mono,Ir,10.1021/acs.inorgchem.3c02364,2.05,1.728939103985797,0.32106089601420273
MLDB-003851,LOMO,Ir,mono,Ir,10.1021/acs.inorgchem.3c02364,1.84,1.5868844399976763,0.2531155600023238
MLDB-003852,LOMO,Ir,mono,Ir,10.1021/acs.inorgchem.3c02364,2.83,1.796913809215263,1.033086190784737
MLDB-003853,LOMO,Ir,mono,Ir,10.1021/acs.inorgchem.3c02364,2.94,1.7271751057773228,1.2128248942226771
MLDB-003854,LOMO,Ir,mono,Ir,10.1021/acs.inorgchem.3c02364,2.36,1.9889356495271873,0.3710643504728126
MLDB-003855,LOMO,Ir,mono,Ir,10.1021/acs.inorgchem.3c02364,2.05,1.865131744581493,0.18486825541850682
MLDB-003856,LOMO,Ir,mono,Ir,10.1021/acs.inorgchem.2c03333,0.22,1.1663818969411779,0.9463818969411779
MLDB-003857,LOMO,Ir,mono,Ir,10.1021/acs.inorgchem.2c03333,0.6,1.3548914862692762,0.7548914862692763
MLDB-003858,LOMO,Ir,mono,Ir,10.1021/acs.inorgchem.2c03333,0.88,1.1186650064504193,0.23866500645041933
MLDB-003859,LOMO,Ir,mono,Ir,10.1016/j.jinorgbio.2023.112397,0.89,1.5610387139219444,0.6710387139219444
MLDB-003860,LOMO,Ir,mono,Ir,10.1016/j.jinorgbio.2023.112397,1.02,1.7957589912048368,0.7757589912048368
MLDB-003861,LOMO,Ir,mono,Ir,10.1016/j.jinorgbio.2023.112397,0.91,1.0800042548356235,0.17000425483562343
MLDB-003862,LOMO,Ir,mono,Ir,10.1016/j.jinorgbio.2023.112397,0.93,1.1378934288012712,0.20789342880127115
MLDB-003863,LOMO,Ir,mono,Ir,10.1016/j.jinorgbio.2022.112050,1.25,1.435852919285829,0.18585291928582892
MLDB-003864,LOMO,Ir,mono,Ir,10.1016/j.jinorgbio.2022.112050,0.21,0.4745269246103546,0.26452692461035465
MLDB-003865,LOMO,Ir,mono,Ir,10.1016/j.jinorgbio.2022.112050,1.42,1.0824999009653589,0.33750009903464107
MLDB-003866,LOMO,Ir,mono,Ir,10.1016/j.jinorgbio.2022.112050,0.36,0.017572989712844444,0.34242701028715555
MLDB-003867,LOMO,Ir,mono,Ir,10.1016/j.jinorgbio.2023.112427,1.48,1.692097182022467,0.21209718202246708
MLDB-003868,LOMO,Ir,mono,Ir,10.1016/j.jinorgbio.2023.112427,1.06,1.384724147520898,0.32472414752089795
MLDB-003869,LOMO,Ir,mono,Ir,10.1016/j.jinorgbio.2023.112427,1.49,1.7027325658836414,0.21273256588364142
MLDB-003870,LOMO,Ir,mono,Ir,10.1016/j.jinorgbio.2023.112427,1.32,2.0973131235321354,0.7773131235321353
MLDB-003887,LOMO,Ir,mono,Ir,10.1002/ejic.202300001,-0.09,1.7846834330861379,1.874683433086138
MLDB-003888,LOMO,Ir,mono,Ir,10.1002/ejic.202300001,1.18,2.3595582738592698,1.1795582738592698
MLDB-003889,LOMO,Ir,mono,Ir,10.1016/j.dyepig.2023.111641,0.26,1.8199252413831863,1.5599252413831863
MLDB-003890,LOMO,Ir,mono,Ir,10.1016/j.dyepig.2023.111641,0.56,1.3694558772585246,0.8094558772585245
MLDB-003891,LOMO,Ir,mono,Ir,10.1016/j.dyepig.2023.111641,1.05,1.9314940157288993,0.8814940157288993
MLDB-003892,LOMO,Ir,mono,Ir,10.1016/j.poly.2023.116540,0.464,1.2461981007451215,0.7821981007451215
MLDB-003893,LOMO,Ir,mono,Ir,10.1016/j.poly.2023.116540,-0.459,1.399380846632613,1.858380846632613
MLDB-003894,LOMO,Ir,mono,Ir,10.1016/j.snb.2023.134457,-0.99,0.41287311295516754,1.4028731129551675
MLDB-003895,LOMO,Ir,mono,Ir,10.1016/j.snb.2023.134457,2.49,0.4108742170387663,2.079125782961234
MLDB-003897,LOMO,Ir,mono,Ir,10.1021/acsomega.3c01639,0.5652,0.36999311518132605,0.195206884818674
MLDB-003900,LOMO,Ir,mono,Ir,10.1002/adhm.202301227,1.16,1.1674248113595265,0.007424811359526551
MLDB-003901,LOMO,Ir,mono,Ir,10.1002/adhm.202301227,0.04,0.7483838985872415,0.7083838985872415
MLDB-003903,LOMO,Ir,mono,Ir,10.1002/adhm.202301227,1.83,0.6352646793470103,1.1947353206529898
MLDB-003904,LOMO,Ir,mono,Ir,10.1002/adhm.202301227,0.06,0.5392758306139389,0.4792758306139389
MLDB-003905,LOMO,Ir,mono,Ir,10.1002/anie.202521242,0.61,0.6998879230306633,0.08988792303066329
MLDB-003906,LOMO,Ir,mono,Ir,10.1002/anie.202521242,0.47,1.56601398371571,1.0960139837157101
MLDB-003907,LOMO,Ir,mono,Ir,10.1002/anie.202521242,0.54,1.7984183423635858,1.2584183423635857
MLDB-003908,LOMO,Ir,mono,Ir,10.1002/anie.202521242,1.08,1.4186906757549913,0.33869067575499123
MLDB-003909,LOMO,Ir,mono,Ir,10.1002/anie.202521242,1.13,1.711534831959285,0.581534831959285
MLDB-003910,LOMO,Ir,mono,Ir,10.1002/anie.202521242,1.03,1.5148267160346576,0.48482671603465755
MLDB-003911,LOMO,Ir,mono,Ir,10.1002/smll.202406809,0.93,1.3911339181691,0.4611339181691
MLDB-003912,LOMO,Ir,mono,Ir,10.1002/smll.202406809,0.24,1.8175405383265621,1.5775405383265622
MLDB-003913,LOMO,Ir,mono,Ir,10.1002/smll.202406809,-0.54,1.3585187760557933,1.8985187760557933
MLDB-003914,LOMO,Ir,mono,Ir,10.1002/smll.202406809,-0.74,1.5163814239268558,2.2563814239268556
MLDB-003915,LOMO,Ir,mono,Ir,10.1002/smll.202406809,0.77,1.3268300902794226,0.5568300902794225
MLDB-003916,LOMO,Ir,mono,Ir,10.1002/smll.202406809,0.55,1.1793839772042265,0.6293839772042265
MLDB-003917,LOMO,Ir,mono,Ir,10.1002/smll.202406809,-0.73,1.401966377685394,2.131966377685394
MLDB-003918,LOMO,Ir,mono,Ir,10.1002/smll.202406809,0.14,1.2489805528734992,1.1089805528734993
MLDB-003922,LOMO,Ir,mono,Ir,10.1002/ejic.202400769,1.12,2.017993630226656,0.8979936302266558
MLDB-003923,LOMO,Ir,mono,Ir,10.1002/ejic.202400769,1.22,2.522318726380966,1.302318726380966
MLDB-003924,LOMO,Ir,mono,Ir,10.1002/ejic.202400769,1.03,1.9203509472748577,0.8903509472748576
MLDB-003931,LOMO,Ir,mono,Ir,10.1002/cctc.202401490,0.86,0.936848539587841,0.07684853958784099
MLDB-003932,LOMO,Ir,mono,Ir,10.1002/cctc.202401490,1.41,0.9927676114690553,0.4172323885309446
MLDB-003933,LOMO,Ir,mono,Ir,10.1002/cctc.202401490,2.24,1.0740169666596997,1.1659830333403005
MLDB-003934,LOMO,Ir,mono,Ir,10.1002/cctc.202401490,0.03,0.9887644065239337,0.9587644065239337
MLDB-003935,LOMO,Ir,mono,Ir,10.1002/cctc.202401490,0.32,0.8827688787791261,0.5627688787791261
MLDB-003936,LOMO,Ir,mono,Ir,10.1002/cctc.202401490,0.62,0.9665277815342025,0.3465277815342025
MLDB-003937,LOMO,Ir,mono,Ir,10.1016/j.ica.2025.122601,0.53,1.8558804012040924,1.3258804012040923
MLDB-003938,LOMO,Ir,mono,Ir,10.1016/j.ica.2025.122601,0.32,0.9282851399865926,0.6082851399865925
MLDB-003951,LOMO,Ir,mono,Ir,10.1016/j.saa.2024.125150,0.804,1.057169325452038,0.25316932545203796
MLDB-003952,LOMO,Ir,mono,Ir,10.1016/j.saa.2024.125150,0.191,1.2067218440633503,1.0157218440633502
MLDB-003953,LOMO,Ir,mono,Ir,10.1016/j.saa.2024.125150,0.577,1.30352700480736,0.72652700480736
MLDB-003954,LOMO,Ir,mono,Ir,10.1002/smll.202405771,1.65,1.6611758319159087,0.011175831915908763
MLDB-003955,LOMO,Ir,mono,Ir,10.1002/smll.202405771,0.79,0.9760817940034566,0.1860817940034566
MLDB-003956,LOMO,Ir,mono,Ir,10.1002/smll.202405771,1.63,2.161546495236579,0.5315464952365789
MLDB-003957,LOMO,Ir,mono,Ir,10.1002/smll.202405771,2.38,1.8243007239907187,0.5556992760092812
MLDB-003958,LOMO,Ir,mono,Ir,10.1002/smll.202405771,1.54,1.2511013174641474,0.2888986825358526
MLDB-003959,LOMO,Ir,mono,Ir,10.1002/smll.202405771,1.76,0.2579980913565559,1.5020019086434442
MLDB-003981,LOMO,Ir,mono,Ir,10.1021/acs.inorgchem.4c05064,2.28,1.7601155967839757,0.5198844032160241
MLDB-003982,LOMO,Ir,mono,Ir,10.1021/acs.inorgchem.4c05064,2.64,1.6140986356010951,1.025901364398905
MLDB-003983,LOMO,Ir,mono,Ir,10.1021/acs.inorgchem.4c05064,1.39,1.7670415376033686,0.37704153760336867
MLDB-003984,LOMO,Ir,mono,Ir,10.1021/acs.inorgchem.4c05064,1.02,0.7559733078210505,0.2640266921789495
MLDB-003985,LOMO,Ir,mono,Ir,10.1016/j.jinorgbio.2026.113274,0.74,1.2890744167390888,0.5490744167390889
MLDB-003986,LOMO,Ir,mono,Ir,10.1016/j.jinorgbio.2026.113274,1.69,0.8267861172583735,0.8632138827416265
MLDB-003987,LOMO,Ir,mono,Ir,10.1016/j.jinorgbio.2026.113274,2.58,1.5763966803094835,1.0036033196905165
MLDB-003988,LOMO,Ir,mono,Ir,10.1016/j.jinorgbio.2026.113274,0.72,1.3721312789559474,0.6521312789559475
MLDB-003989,LOMO,Ir,mono,Ir,10.1016/j.jinorgbio.2026.113274,0.89,0.9842185005030956,0.09421850050309555
MLDB-003990,LOMO,Ir,mono,Ir,10.1016/j.jinorgbio.2026.113274,0.99,2.2356774080074,1.2456774080073998
MLDB-003991,LOMO,Ir,mono,Ir,10.1002/ddr.70225,1.63,-0.3895960726602414,2.0195960726602413
MLDB-003992,LOMO,Ir,mono,Ir,10.1002/ddr.70225,1.11,0.8719650645723258,0.2380349354276743
MLDB-003993,LOMO,Ir,mono,Ir,10.1039/d5ra06269a,1.3,1.3896219990276995,0.0896219990276994
MLDB-003994,LOMO,Ir,mono,Ir,10.1039/d5sc00156k,1.74,1.1229385255111872,0.6170614744888128
MLDB-003995,LOMO,Ir,mono,Ir,10.1039/d5sc00156k,0.65,1.0870112295713403,0.4370112295713403
MLDB-003996,LOMO,Ir,mono,Ir,10.1021/acs.inorgchem.6c01851,1.6,0.774905699248039,0.8250943007519611
MLDB-003997,LOMO,Ir,mono,Ir,10.1021/acs.inorgchem.6c01851,1.3,0.47793212643775906,0.822067873562241
MLDB-003998,LOMO,Ir,mono,Ir,10.1002/slct.202507479,1.12,1.0130580223836863,0.10694197761631385
MLDB-003999,LOMO,Ir,mono,Ir,10.1021/acs.inorgchem.5c05154,2.39,1.215796754048445,1.1742032459515552
MLDB-004000,LOMO,Ir,mono,Ir,10.1021/acs.inorgchem.5c05154,2.2,1.4929903775332996,0.7070096224667006
MLDB-004001,LOMO,Ir,mono,Ir,10.1021/acs.inorgchem.5c05154,1.11,1.457337201490326,0.347337201490326
MLDB-004002,LOMO,Ir,mono,Ir,10.1021/acs.inorgchem.5c05154,3.25,1.1824179958895316,2.067582004110468
MLDB-004003,LOMO,Ir,mono,Ir,10.1021/acs.inorgchem.5c05154,2.7,1.690170311710121,1.0098296882898792
MLDB-004004,LOMO,Ir,mono,Ir,10.1002/chem.202501125,0.32,1.1912571468801616,0.8712571468801615
MLDB-004005,LOMO,Ir,mono,Ir,10.1021/jacs.5c00255,1.81,0.9191986945022522,0.8908013054977478
MLDB-004006,LOMO,Ir,mono,Ir,10.1021/jacs.5c00255,3.5,1.8088531286724934,1.6911468713275066
MLDB-004007,LOMO,Ir,mono,Ir,10.1002/anie.3918717,0.7,1.4840982515522132,0.7840982515522132
MLDB-004008,LOMO,Ir,mono,Ir,10.1002/anie.3918717,0.9,1.6807745608843376,0.7807745608843376
MLDB-004009,LOMO,Ir,mono,Ir,10.1002/anie.3918717,0.5,1.631088039946768,1.131088039946768
MLDB-004010,LOMO,Ir,mono,Ir,10.1021/acs.jmedchem.4c02741,1.15,0.8158113834852129,0.33418861651478704
MLDB-004011,LOMO,Ir,mono,Ir,10.1021/acs.jmedchem.4c02741,1.47,0.9584298940355201,0.5115701059644798
MLDB-004012,LOMO,Ir,mono,Ir,10.1021/acs.jmedchem.4c02741,0.94,1.1734492038066398,0.2334492038066398
MLDB-004013,LOMO,Ir,mono,Ir,10.1021/acs.jmedchem.4c02741,1.13,0.9987310959897319,0.13126890401026803
MLDB-004014,LOMO,Ir,mono,Ir,10.1021/acs.jmedchem.4c02741,1.21,1.0970919359013884,0.11290806409861154
MLDB-004015,LOMO,Ir,mono,Ir,10.1021/acs.jmedchem.4c02741,1.86,0.9259382139373443,0.9340617860626558
MLDB-004019,LOMO,Ir,mono,Ir,10.1021/acs.jmedchem.5c03188,0.84,1.4106082888832345,0.5706082888832346
MLDB-004020,LOMO,Ir,mono,Ir,10.1021/acs.jmedchem.5c03188,0.18,0.9852384433839291,0.805238443383929
MLDB-004021,LOMO,Ir,mono,Ir,10.1021/acs.jmedchem.5c03188,0.52,1.0587177571293835,0.5387177571293835
MLDB-004022,LOMO,Ir,mono,Ir,10.1021/acs.jmedchem.5c03188,0.31,0.9788247236700963,0.6688247236700964
MLDB-004048,LOMO,Ir,mono,Ir,10.1039/d5qi00775e,1.15,1.3775210532659823,0.22752105326598238
MLDB-004049,LOMO,Ir,mono,Ir,10.1039/d5qi00775e,1.58,1.4263661151144986,0.15363388488550145
MLDB-004050,LOMO,Ir,mono,Ir,10.1021/jacs.5c08536,1.24,0.8158113834852129,0.4241886165147871
MLDB-004051,LOMO,Ir,mono,Ir,10.1021/jacs.5c08536,1.46,0.9264374632034917,0.5335625367965082
MLDB-004052,LOMO,Ir,mono,Ir,10.1021/jacs.5c08536,1.19,1.125199996075801,0.06480000392419893
MLDB-004053,LOMO,Ir,mono,Ir,10.1021/jacs.5c08536,1.43,0.8173980267483246,0.6126019732516753
MLDB-004056,LOMO,Ir,mono,Ir,10.1021/acs.jmedchem.5c02400,-0.2292,0.12220044793137821,0.3514004479313782
MLDB-004057,LOMO,Ir,mono,Ir,10.1021/acs.inorgchem.5c05682,1.77,1.5716921451922836,0.1983078548077164
MLDB-004058,LOMO,Ir,mono,Ir,10.1021/acs.inorgchem.5c05682,1.55,1.8051795596300149,0.2551795596300148
MLDB-004059,LOMO,Ir,mono,Ir,10.1039/d3dt00628j,1.73,1.0413668391995385,0.6886331608004614
MLDB-004060,LOMO,Ir,mono,Ir,10.1039/d3dt00628j,2.28,0.7277881435591498,1.55221185644085
MLDB-004061,LOMO,Ir,mono,Ir,10.1039/d3dt00628j,1.06,0.19292779577086439,0.8670722042291357
MLDB-004062,LOMO,Ir,multi,Ir,10.1002/asia.202401047,-0.2786,0.75581364554194,1.03441364554194
MLDB-004063,LOMO,Ir,mono,Ir,10.1039/d4sc01214c,-0.48,0.5332954629144494,1.0132954629144493
MLDB-004064,LOMO,Ir,mono,Ir,10.1039/d4sc01214c,-0.32,0.3969613728263244,0.7169613728263244
MLDB-004065,LOMO,Ir,mono,Ir,10.1039/d4sc01214c,0.66,1.0260332746232697,0.3660332746232696
MLDB-004066,LOMO,Ir,mono,Ir,10.1039/d4sc01214c,0.28,0.8382674945084019,0.5582674945084019
MLDB-004067,LOMO,Ir,mono,Ir,10.1039/d4sc01214c,-0.24,0.810311777904717,1.0503117779047169
MLDB-004068,LOMO,Ir,mono,Ir,10.1039/d4sc01214c,-0.28,0.5925812493309266,0.8725812493309266
MLDB-004069,LOMO,Ir,mono,Ir,10.1039/d4dt01691b,0.65,1.5019461942805656,0.8519461942805656
MLDB-004070,LOMO,Ir,mono,Ir,10.1039/d4dt01691b,1.22,1.5738963330408773,0.3538963330408773
MLDB-004071,LOMO,Ir,mono,Ir,10.1039/d4dt01691b,1.313,1.615277353272113,0.302277353272113
MLDB-004072,LOMO,Ir,mono,Ir,10.1039/d4dt01691b,1.013,1.6222941135779394,0.6092941135779395
MLDB-004073,LOMO,Ir,mono,Ir,10.1039/d4dt01691b,1.113,1.8539062287093573,0.7409062287093573
MLDB-004074,LOMO,Ir,mono,Ir,10.1039/d4dt01691b,0.571,1.8237788404447695,1.2527788404447695
MLDB-004075,LOMO,Ir,mono,Ir,10.1039/d4dt01691b,1.509,1.3976984050601655,0.11130159493983438
MLDB-004076,LOMO,Ir,mono,Ir,10.1039/d4dt01691b,1.434,1.9512657838781782,0.5172657838781782
MLDB-004079,LOMO,Ir,mono,Ir,10.3390/molecules28020691,-0.063,0.7498511505145872,0.8128511505145872
MLDB-004080,LOMO,Ir,mono,Ir,10.3390/molecules28020691,0.035,1.467349855122279,1.432349855122279
MLDB-004081,LOMO,Ir,mono,Ir,10.3390/molecules28020691,0.519,0.7345550197976229,0.21555501979762293
MLDB-004082,LOMO,Ir,mono,Ir,10.3390/molecules28020691,0.581,1.2861186541474996,0.7051186541474996
MLDB-004083,LOMO,Ir,mono,Ir,10.3390/molecules28020691,0.842,0.7579946174553076,0.08400538254469236
MLDB-004084,LOMO,Ir,mono,Ir,10.3390/molecules28020691,0.847,1.224868369200455,0.37786836920045497
MLDB-004085,LOMO,Ir,mono,Ir,10.3390/molecules28020691,0.861,1.3126128236930714,0.45161282369307143
MLDB-004086,LOMO,Ir,mono,Ir,10.1039/d2sc06171f,0.61,1.262960221742667,0.652960221742667
MLDB-004087,LOMO,Ir,mono,Ir,10.1039/d2sc06171f,0.64,1.262960221742667,0.622960221742667
MLDB-004088,LOMO,Ir,mono,Ir,10.1039/d2sc06171f,0.67,1.262960221742667,0.5929602217426669
MLDB-004089,LOMO,Ir,mono,Ir,10.1039/d2sc06171f,0.54,1.262960221742667,0.7229602217426669
MLDB-004090,LOMO,Ir,mono,Ir,10.1021/acs.jmedchem.3c00586,0.42,0.918789777752889,0.49878977775288896
MLDB-004091,LOMO,Ir,mono,Ir,10.1021/acs.jmedchem.3c00586,0.65,1.3247416325080446,0.6747416325080445
MLDB-004092,LOMO,Ir,mono,Ir,10.1021/acs.jmedchem.3c00586,0.95,1.424120188007657,0.4741201880076571
MLDB-004093,LOMO,Ir,mono,Ir,10.1021/acs.jmedchem.3c00586,0.83,1.0560603480722983,0.22606034807229836
MLDB-004094,LOMO,Ir,mono,Ir,10.1021/acs.jmedchem.3c00586,0.4,0.6094645825907624,0.2094645825907624
MLDB-004095,LOMO,Ir,mono,Ir,10.1021/acs.jmedchem.3c00586,0.46,0.6024457515177984,0.14244575151779842
MLDB-004096,LOMO,Ir,mono,Ir,10.1021/acs.jmedchem.3c00586,0.77,1.0722089009317768,0.30220890093177677
MLDB-004097,LOMO,Ir,mono,Ir,10.1021/acs.jmedchem.3c00586,0.76,0.15879954152569903,0.6012004584743009
MLDB-004098,LOMO,Ir,mono,Ir,10.1021/acs.jmedchem.3c00586,0.85,1.6045871501950932,0.7545871501950933
MLDB-004100,LOMO,Ir,mono,Ir,10.1039/d3dt01696j,-0.25,-0.7772023040870081,0.5272023040870081
MLDB-004102,LOMO,Ir,mono,Ir,10.1039/d3dt01696j,-0.07,-0.5782726105176498,0.5082726105176498
MLDB-004104,LOMO,Ir,mono,Ir,10.1039/d3dt01667f,0.1072,0.4711281518380347,0.3639281518380347
MLDB-004134,LOMO,Ir,mono,Ir,10.1021/ic9021239,-1.89,1.0381455660687895,2.9281455660687894
MLDB-004135,LOMO,Ir,mono,Ir,10.1021/ic9021239,-0.88,0.7135756726778242,1.593575672677824
MLDB-004136,LOMO,Ir,mono,Ir,10.1021/ic9021239,-0.55,0.5434955119834016,1.0934955119834018
MLDB-004137,LOMO,Ir,mono,Ir,10.1021/ic9021239,0.69,2.084027257070446,1.3940272570704462
MLDB-004138,LOMO,Ir,mono,Ir,10.1021/ic9021239,1.39,1.714980994039339,0.3249809940393391
MLDB-004143,LOMO,Ir,mono,Ir,10.1039/c1jm13513a,0.29,0.0743380951628617,0.21566190483713826
MLDB-004144,LOMO,Ir,mono,Ir,10.1039/c1jm13513a,0.31,0.8355740149978318,0.5255740149978319
MLDB-004145,LOMO,Ir,mono,Ir,10.1039/c1jm13513a,0.19,0.3831849799236729,0.1931849799236729
MLDB-004146,LOMO,Ir,mono,Ir,10.1039/c1jm13513a,0.05,0.15945470688402488,0.10945470688402488
MLDB-004147,LOMO,Ir,mono,Ir,10.1007/s43630-022-00200-8,-0.07,0.6069225296753671,0.6769225296753671
MLDB-004148,LOMO,Ir,mono,Ir,10.1007/s43630-022-00200-8,0.67,1.6824956978952612,1.012495697895261
MLDB-004152,LOMO,Ir,mono,Ir,10.1039/d5dt01164g,-1.46865,0.6268806733723072,2.0955306733723074
MLDB-004153,LOMO,Ir,multi,Ir,10.1039/d5dt01164g,-0.25656,-0.5395383882948126,0.2829783882948126
MLDB-004154,LOMO,Ir,mono,Ir,10.1021/acsmaterialslett.2c00774,2.2,1.9659201465087766,0.23407985349122362
MLDB-004155,LOMO,Ir,mono,Ir,10.1021/acsmaterialslett.2c00774,0.5,2.2195475817643713,1.7195475817643713
MLDB-004156,LOMO,Ir,mono,Ir,10.1021/acsmaterialslett.2c00774,1.8,2.293717059410789,0.49371705941078914
MLDB-004157,LOMO,Ir,mono,Ir,10.1021/acsinfecdis.5c01131,-0.12,1.4656501739093477,1.5856501739093476
MLDB-004158,LOMO,Ir,mono,Ir,10.1021/acsinfecdis.5c01131,-0.36,1.442018144752595,1.8020181447525951
MLDB-004159,LOMO,Ir,mono,Ir,10.1021/acsinfecdis.5c01131,-0.28,1.3720564823501085,1.6520564823501085
MLDB-004160,LOMO,Ir,mono,Ir,10.1021/acsinfecdis.5c01131,-0.56,1.541143687013124,2.101143687013124
MLDB-004161,LOMO,Ir,mono,Ir,10.1021/acsinfecdis.5c01131,-0.05,1.4991996189315926,1.5491996189315926
MLDB-004170,LOMO,Ir,multi,Ir,10.1039/d4dt03426k,1.11,0.8699768762000128,0.24002312379998725
MLDB-004171,LOMO,Ir,multi,Ir,10.1039/d4dt03426k,1.01,0.881718472163639,0.12828152783636104
MLDB-004172,LOMO,Ir,multi,Ir,10.1039/d4dt03426k,0.81,0.8615893199289595,0.05158931992895943
MLDB-004173,LOMO,Ir,multi,Ir,10.1039/d4dt03426k,1.69,0.9538619308569838,0.7361380691430162
MLDB-004174,LOMO,Ir,mono,Ir,10.1002/anie.202203843,1.19,1.7314014579388186,0.5414014579388187
MLDB-004175,LOMO,Ir,mono,Ir,10.1002/anie.202203843,1.03,0.7743315865383728,0.2556684134616273
MLDB-004188,LOMO,Ir,mono,Ir,10.1021/om400676h,0.13,1.2138747889310966,1.0838747889310967
MLDB-004189,LOMO,Ir,mono,Ir,10.1021/om400676h,0.18,1.4538485649496624,1.2738485649496625
MLDB-004190,LOMO,Ir,mono,Ir,10.1021/om400676h,0.88,1.8189358238771798,0.9389358238771798
MLDB-004191,LOMO,Ir,mono,Ir,10.1016/j.biomaterials.2014.06.041,3.21,0.48827798547339457,2.7217220145266054
MLDB-004199,LOMO,Ir,mono,Ir,10.1021/acsami.9b01205,-1.62,-1.3860686319509463,0.2339313680490538
MLDB-004200,LOMO,Ir,mono,Ir,10.1021/acsami.9b01205,-0.78,-0.9915932035075886,0.2115932035075886
MLDB-004201,LOMO,Ir,mono,Ir,10.1021/acsami.9b01205,-0.06,-0.5361713414741707,0.4761713414741707
MLDB-004202,LOMO,Ir,mono,Ir,10.1021/acsami.9b01205,-0.9,-0.8501107740991709,0.049889225900829115
MLDB-004203,LOMO,Ir,mono,Ir,10.1021/acsami.9b01205,0.02,-0.5215061397240137,0.5415061397240137
MLDB-004204,LOMO,Ir,mono,Ir,10.1021/acsami.9b01205,0.44,-0.08427977554708774,0.5242797755470877
MLDB-004503,LOMO,Ir,mono,Ir,10.1021/acs.jmedchem.5c02210,0.2,0.3754281170588005,0.17542811705880051
MLDB-004504,LOMO,Ir,mono,Ir,10.1021/acs.jmedchem.5c02210,1.99,0.372658003088542,1.617341996911458
MLDB-004549,LOMO,Ir,mono,Ir,10.1039/d5sc03778f,0.65,1.260572753169205,0.610572753169205
MLDB-004709,LOMO,Ir,multi,Ir,10.1016/j.jorganchem.2021.121748,-0.73,-0.03789045983064328,0.6921095401693567
MLDB-004710,LOMO,Ir,multi,Ir,10.1016/j.jorganchem.2021.121748,-0.44,-0.021249327754714907,0.4187506722452851
MLDB-004711,LOMO,Ir,multi,Ir,10.1016/j.jorganchem.2021.121748,-0.6,-0.30504648709789356,0.2949535129021064
MLDB-004712,LOMO,Ir,mono,Ir,10.1002/ejic.202100132,0.5,0.21893384196161372,0.2810661580383863
MLDB-004713,LOMO,Ir,mono,Ir,10.1002/ejic.202100132,1.26,0.4931827195372363,0.7668172804627638
MLDB-004714,LOMO,Ir,mono,Ir,10.1002/ejic.202100132,1.33,0.8898976336498389,0.4401023663501612
MLDB-004715,LOMO,Ir,mono,Ir,10.1002/ejic.202100132,1.58,1.2206299386095687,0.3593700613904314
MLDB-004716,LOMO,Ir,mono,Ir,10.1002/ejic.202100132,2.05,1.714352362531044,0.3356476374689559
MLDB-004717,LOMO,Ir,mono,Ir,10.1039/c4dt00823e,1.03,1.6361873587783982,0.6061873587783981
MLDB-004718,LOMO,Ir,mono,Ir,10.1039/c4dt00823e,1.38,1.9146076131337195,0.5346076131337196
MLDB-004719,LOMO,Ir,mono,Ir,10.1039/c4dt00823e,1.27,1.612303191472699,0.34230319147269905
MLDB-004720,LOMO,Ir,mono,Ir,10.1039/c4dt00823e,1.52,2.071521117788243,0.5515211177882429
MLDB-004723,LOMO,Ir,multi,Ir,10.1002/aoc.5785,-0.2,0.07842028680265858,0.2784202868026586
MLDB-004726,LOMO,Ir,multi,Ir,10.1002/aoc.5785,-0.41,-0.12169680419188389,0.2883031958081161
MLDB-004727,LOMO,Ir,mono,Ir,10.1039/c5tb01091h,0.72,0.7031862950111605,0.016813704988839495
MLDB-004728,LOMO,Ir,mono,Ir,10.1039/c5tb01091h,0.97,0.7714534101233425,0.19854658987665752
MLDB-004729,LOMO,Ir,mono,Ir,10.1039/c5tb01091h,1.35,1.1502526156709711,0.19974738432902894
MLDB-004730,LOMO,Ir,mono,Ir,10.1039/c5tb01091h,1.5,0.8052682530810977,0.6947317469189023
MLDB-004731,LOMO,Ir,mono,Ir,10.1021/acsomega.9b04159,-1.183,0.7660080019968803,1.9490080019968805
MLDB-004732,LOMO,Ir,mono,Ir,10.1021/acsomega.9b04159,-0.351,0.3259120019815159,0.6769120019815158
MLDB-004733,LOMO,Ir,mono,Ir,10.1021/acsomega.9b04159,-0.667,0.9545909703747816,1.6215909703747817
MLDB-004734,LOMO,Ir,mono,Ir,10.1039/c7tb00662d,0.636,0.8667240571649392,0.23072405716493916
MLDB-004735,LOMO,Ir,mono,Ir,10.1039/c7tb00662d,0.28,0.6533088179854644,0.37330881798546434
MLDB-004736,LOMO,Ir,mono,Ir,10.1039/c7tb00662d,0.999,0.9799227777686761,0.01907722223132391
MLDB-004737,LOMO,Ir,mono,Ir,10.1039/c7tb00662d,-0.005,0.5401965800044309,0.5451965800044309
MLDB-004738,LOMO,Ir,mono,Ir,10.1002/asia.201700359,1.17,1.0644225836786538,0.1055774163213461
MLDB-004739,LOMO,Ir,mono,Ir,10.1002/asia.201700359,1.32,1.2187915476611366,0.10120845233886344
MLDB-004740,LOMO,Ir,mono,Ir,10.1002/asia.201700359,1.96,1.9613532484952483,0.001353248495248316
MLDB-004741,LOMO,Ir,mono,Ir,10.1002/asia.201700359,2.18,2.0223701510712746,0.15762984892872556
MLDB-004742,LOMO,Ir,mono,Ir,10.1002/asia.201700359,0.71,1.6925918770565846,0.9825918770565847
MLDB-004743,LOMO,Ir,mono,Ir,10.1002/asia.201700359,0.82,1.6360310264842834,0.8160310264842835
MLDB-004751,LOMO,Ir,mono,Ir,10.1007/s00775-024-02073-x,-1.02,-0.15916571655245573,0.8608342834475443
MLDB-004752,LOMO,Ir,mono,Ir,10.1007/s00775-024-02073-x,0.14,0.682553839839867,0.5425538398398669
MLDB-004942,LOMO,Ir,mono,Ir,10.1021/acsorginorgau.6c00026,0.38,1.5856618747169253,1.2056618747169252
MLDB-004943,LOMO,Ir,mono,Ir,10.1021/acsorginorgau.6c00026,-0.339,1.3463596984898407,1.6853596984898407
MLDB-004944,LOMO,Ir,mono,Ir,10.1021/acsorginorgau.6c00026,0.053,1.0729050571271166,1.0199050571271167
MLDB-004945,LOMO,Ir,mono,Ir,10.1021/acsorginorgau.6c00026,-0.35,0.47553268250031416,0.8255326825003142
MLDB-004946,LOMO,Ir,multi,Ir,10.1021/acsorginorgau.6c00026,-0.97,0.6392071007292192,1.6092071007292192
MLDB-004956,LOMO,Ir,mono,Ir,10.1021/acs.inorgchem.6c01374,0.7,0.7784886140444242,0.0784886140444242
MLDB-004957,LOMO,Ir,mono,Ir,10.1021/acs.inorgchem.6c01374,0.65,0.6702268171262312,0.0202268171262312
MLDB-004958,LOMO,Ir,mono,Ir,10.1021/acs.inorgchem.6c01374,1.55,1.2217051659244338,0.32829483407556626
MLDB-004959,LOMO,Ir,mono,Ir,10.1021/acs.inorgchem.6c01374,0.88,1.3765157110123682,0.49651571101236824
MLDB-004960,LOMO,Ir,mono,Ir,10.1021/acs.inorgchem.6c01374,0.25,-0.02950054563586879,0.2795005456358688
MLDB-004971,LOMO,Ir,mono,Ir,10.1021/acs.organomet.6c00136,1.58,1.580106439831941,0.0001064398319410298
MLDB-004972,LOMO,Ir,mono,Ir,10.1021/acs.organomet.6c00136,1.81,1.468128997433452,0.3418710025665481
MLDB-004973,LOMO,Ir,mono,Ir,10.1021/acs.organomet.6c00136,2.03,1.7219134987275888,0.308086501272411
MLDB-002508,LOMO,Cu,multi,Cu,10.1007/s10973-013-3460-1,-1.12,1.086280420105921,2.206280420105921
MLDB-002511,LOMO,Cu,mono,Cu,10.1002/aoc.6473,1.41,0.5732691360089641,0.8367308639910358
MLDB-002512,LOMO,Cu,mono,Cu,10.1002/aoc.6473,1.33,1.298444069467689,0.03155593053231098
MLDB-002557,LOMO,Cu,mono,Cu,10.1016/j.poly.2013.04.007,2.0,2.0619462441007372,0.061946244100737236
MLDB-002567,LOMO,Cu,multi,Cu,10.1038/s41598-025-33889-5,1.988,1.3408052815679858,0.6471947184320141
MLDB-002579,LOMO,Cu,mono,Cu,10.1016/j.jinorgbio.2010.10.016,-0.62,-1.4175897238483366,0.7975897238483366
MLDB-002580,LOMO,Cu,mono,Cu,10.1016/j.jinorgbio.2010.10.016,-0.97,-1.4990973246389359,0.5290973246389359
MLDB-002581,LOMO,Cu,mono,Cu,10.1016/j.jinorgbio.2010.10.016,-1.23,-1.4227680611243891,0.19276806112438916
MLDB-002649,LOMO,Cu,mono,Cu,10.1016/j.jinorgbio.2025.113041,-2.62,-1.1419331195191271,1.478066880480873
MLDB-002654,LOMO,Cu,mono,Cu,10.1016/j.jinorgbio.2025.113041,-4.12,-1.189038987196429,2.930961012803571
MLDB-002707,LOMO,Cu,mono,Cu,10.1016/j.jtemb.2023.127211,1.09,0.6686364855126737,0.42136351448732634
MLDB-002708,LOMO,Cu,mono,Cu,10.1016/j.jtemb.2023.127211,0.053,0.4767156719731565,0.4237156719731565
MLDB-002709,LOMO,Cu,mono,Cu,10.1016/j.jtemb.2023.127211,1.39,0.920490756750187,0.4695092432498129
MLDB-002710,LOMO,Cu,mono,Cu,10.1016/j.jtemb.2023.127211,1.59,0.9007595064318676,0.6892404935681324
MLDB-002780,LOMO,Cu,mono,Cu,10.1021/acs.jmedchem.8b01031,-0.81,0.27065682043888256,1.0806568204388827
MLDB-002781,LOMO,Cu,mono,Cu,10.1021/acs.jmedchem.8b01031,0.3,0.27749575168438373,0.02250424831561626
MLDB-002782,LOMO,Cu,mono,Cu,10.1021/acs.jmedchem.8b01031,0.86,-0.14941140567440886,1.0094114056744088
MLDB-002783,LOMO,Cu,mono,Cu,10.1021/acs.jmedchem.8b01031,0.12,0.27949436156694507,0.15949436156694508
MLDB-002784,LOMO,Cu,mono,Cu,10.1021/acs.jmedchem.8b01031,1.49,1.1098337220563246,0.3801662779436754
MLDB-002785,LOMO,Cu,mono,Cu,10.1021/acs.jmedchem.8b01031,-0.23,0.443384324280035,0.673384324280035
MLDB-002786,LOMO,Cu,mono,Cu,10.1016/j.jinorgbio.2016.11.026,0.66,1.3269455035548055,0.6669455035548054
MLDB-002787,LOMO,Cu,mono,Cu,10.1016/j.jinorgbio.2016.11.026,-0.23,1.4047372996946776,1.6347372996946776
MLDB-002788,LOMO,Cu,mono,Cu,10.1016/j.jinorgbio.2016.11.026,0.02,0.6689058788287668,0.6489058788287668
MLDB-002789,LOMO,Cu,mono,Cu,10.1016/j.jinorgbio.2016.11.026,-1.21,1.7047595015656212,2.914759501565621
MLDB-002790,LOMO,Cu,mono,Cu,10.1016/j.jinorgbio.2016.11.026,1.43,0.8273836471498536,0.6026163528501464
MLDB-002791,LOMO,Cu,mono,Cu,10.1021/acs.inorgchem.6b02419,0.41,0.4230691186489357,0.01306911864893573
MLDB-002792,LOMO,Cu,mono,Cu,10.1021/acs.inorgchem.6b02419,0.41,0.6871302219678284,0.2771302219678284
MLDB-002793,LOMO,Cu,mono,Cu,10.1021/acs.inorgchem.6b02419,0.96,0.6879941919306062,0.2720058080693938
MLDB-002794,LOMO,Cu,mono,Cu,10.1021/acs.inorgchem.6b02419,-0.33,0.5048589571609077,0.8348589571609077
MLDB-002795,LOMO,Cu,mono,Cu,10.1021/acs.inorgchem.6b02419,0.78,0.8617192930113851,0.08171929301138503
MLDB-002796,LOMO,Cu,mono,Cu,10.1016/j.jinorgbio.2018.11.005,-0.468,0.017423461435788334,0.48542346143578835
MLDB-002797,LOMO,Cu,mono,Cu,10.1016/j.jinorgbio.2018.11.005,0.412,0.194830359807903,0.21716964019209697
MLDB-002798,LOMO,Cu,mono,Cu,10.1016/j.jinorgbio.2018.11.005,0.712,0.25891913988177,0.45308086011822996
MLDB-002799,LOMO,Cu,mono,Cu,10.1016/j.jinorgbio.2018.11.005,1.02,1.0273491495483713,0.007349149548371292
MLDB-002800,LOMO,Cu,mono,Cu,10.1016/j.jinorgbio.2020.111102,0.46,0.5104931479302881,0.050493147930288085
MLDB-002801,LOMO,Cu,multi,Cu,10.1016/j.jinorgbio.2020.111102,1.24,0.8809883302055749,0.3590116697944251
MLDB-002802,LOMO,Cu,mono,Cu,10.1021/acs.inorgchem.0c01520,1.6,1.9287508562797073,0.32875085627970724
MLDB-002803,LOMO,Cu,mono,Cu,10.1021/acs.inorgchem.0c01520,1.61,2.175344298246537,0.5653442982465371
MLDB-002804,LOMO,Cu,mono,Cu,10.1021/acs.inorgchem.0c01520,1.5,1.9017148103369632,0.4017148103369632
MLDB-002805,LOMO,Cu,mono,Cu,10.1021/acs.inorgchem.0c01520,1.59,2.182591766653196,0.5925917666531959
MLDB-002806,LOMO,Cu,mono,Cu,10.1021/acs.inorgchem.0c01520,1.44,1.9290609527043492,0.48906095270434924
MLDB-002807,LOMO,Cu,mono,Cu,10.1021/acs.inorgchem.0c01520,1.56,2.1962254255261544,0.6362254255261544
MLDB-002808,LOMO,Cu,mono,Cu,10.1021/acs.inorgchem.9b00117,1.49,1.3269455035548055,0.16305449644519454
MLDB-002809,LOMO,Cu,mono,Cu,10.1021/acs.inorgchem.9b00117,0.83,1.2354022384828922,0.40540223848289225
MLDB-002810,LOMO,Cu,mono,Cu,10.1021/acs.inorgchem.9b00117,-0.21,1.1827831040773629,1.3927831040773628
MLDB-002811,LOMO,Cu,mono,Cu,10.1021/acs.inorgchem.9b00117,-0.14,1.2724410392071246,1.4124410392071245
MLDB-002812,LOMO,Cu,mono,Cu,10.1021/acs.inorgchem.9b00117,-0.25,1.0300922464819118,1.2800922464819118
MLDB-002813,LOMO,Cu,mono,Cu,10.1021/acs.inorgchem.9b00117,-1.29,-0.14522745525922373,1.1447725447407764
MLDB-002818,LOMO,Cu,mono,Cu,10.1016/j.jinorgbio.2013.09.014,-1.05,-0.6388450302185028,0.41115496978149724
MLDB-002819,LOMO,Cu,mono,Cu,10.1016/j.jinorgbio.2013.09.014,-0.28,-0.044335445632462674,0.23566455436753736
MLDB-002820,LOMO,Cu,mono,Cu,10.1016/j.jinorgbio.2013.09.014,-0.48,-0.7289163905161855,0.24891639051618553
MLDB-002821,LOMO,Cu,mono,Cu,10.1016/j.jinorgbio.2013.09.014,-0.18,-0.14258286888812716,0.03741713111187284
MLDB-002822,LOMO,Cu,mono,Cu,10.1016/j.jinorgbio.2014.02.014,1.01,0.45228618257870784,0.5577138174212921
MLDB-002823,LOMO,Cu,mono,Cu,10.1016/j.jinorgbio.2014.02.014,0.27,0.9618808683229545,0.6918808683229545
MLDB-002824,LOMO,Cu,mono,Cu,10.1016/j.jinorgbio.2014.02.014,0.49,-0.012983365290633262,0.5029833652906333
MLDB-002825,LOMO,Cu,mono,Cu,10.1016/j.jinorgbio.2014.06.007,-0.74,-0.04015670646160137,0.6998432935383986
MLDB-002826,LOMO,Cu,mono,Cu,10.1016/j.jinorgbio.2014.06.007,-0.52,0.040134270253585486,0.5601342702535855
MLDB-002827,LOMO,Cu,mono,Cu,10.1016/j.jinorgbio.2014.06.007,-0.23,0.25140213955736873,0.48140213955736877
MLDB-002828,LOMO,Cu,mono,Cu,10.1016/j.jinorgbio.2014.06.007,0.61,0.22678732102948268,0.3832126789705173
MLDB-002829,LOMO,Cu,mono,Cu,10.1002/ejic.202100125,0.13,1.2240367086835318,1.0940367086835319
MLDB-002832,LOMO,Cu,mono,Cu,10.1016/j.bbrc.2020.09.104,-0.09,0.09343015227911805,0.18343015227911805
MLDB-002833,LOMO,Cu,mono,Cu,10.1039/d4nj01271b,-0.0882,1.3337753121397233,1.4219753121397234
MLDB-002834,LOMO,Cu,mono,Cu,10.1039/d4nj01271b,0.7896,1.4154708663197,0.6258708663197
MLDB-002835,LOMO,Cu,mono,Cu,10.1039/d4nj01271b,0.6028,1.3153860811719817,0.7125860811719817
MLDB-002836,LOMO,Cu,mono,Cu,10.1002/ejic.202100168,1.08,0.33998413533227795,0.7400158646677222
MLDB-002837,LOMO,Cu,mono,Cu,10.1002/ejic.202100168,0.32,1.3720815397706834,1.0520815397706833
MLDB-002838,LOMO,Cu,mono,Cu,10.1002/ejic.202100168,0.89,0.7937072847280888,0.09629271527191119
MLDB-002839,LOMO,Cu,mono,Cu,10.1016/j.ica.2016.09.012,1.75,1.6602179840193396,0.08978201598066038
MLDB-002841,LOMO,Cu,mono,Cu,10.1039/d2ob01224c,2.337,0.6300299202735036,1.7069700797264966
MLDB-002842,LOMO,Cu,mono,Cu,10.1039/d2ob01224c,1.812,0.9135374286748955,0.8984625713251045
MLDB-002843,LOMO,Cu,mono,Cu,10.1039/d2ob01224c,1.744,0.7763318329854287,0.9676681670145713
MLDB-002844,LOMO,Cu,mono,Cu,10.1039/d2ob01224c,1.391,0.8069790562232784,0.5840209437767216
MLDB-002845,LOMO,Cu,mono,Cu,10.1039/d2ob01224c,1.484,0.9135374286748955,0.5704625713251045
MLDB-002846,LOMO,Cu,mono,Cu,10.1039/d2ob01224c,1.423,0.7763318329854287,0.6466681670145713
MLDB-002847,LOMO,Cu,mono,Cu,10.1039/d2ob01224c,1.217,0.8069790562232784,0.4100209437767217
MLDB-002848,LOMO,Cu,mono,Cu,10.1007/s00775-023-02029-7,0.61,0.6750232024206765,0.0650232024206765
MLDB-002849,LOMO,Cu,mono,Cu,10.1007/s00775-023-02029-7,0.56,0.7625821470950404,0.2025821470950403
MLDB-002852,LOMO,Cu,mono,Cu,10.1007/s00775-023-02029-7,0.69,0.6281584908565456,0.06184150914345432
MLDB-002853,LOMO,Cu,mono,Cu,10.1007/s00775-023-02029-7,0.62,0.8108646163506928,0.19086461635069285
MLDB-002856,LOMO,Cu,mono,Cu,10.1007/s00775-017-1488-6,0.96,-0.1711265304538519,1.1311265304538518
MLDB-002857,LOMO,Cu,mono,Cu,10.1039/c7nj02500a,-0.94,0.7549590223624943,1.6949590223624944
MLDB-002858,LOMO,Cu,mono,Cu,10.1039/c7nj02500a,-1.09,0.890866709431375,1.9808667094313752
MLDB-002859,LOMO,Cu,mono,Cu,10.1039/c7nj02500a,-1.32,1.0700615234694417,2.390061523469442
MLDB-002860,LOMO,Cu,mono,Cu,10.1007/s00775-024-02083-9,-0.98,-1.917741878250819,0.9377418782508191
MLDB-002861,LOMO,Cu,mono,Cu,10.1007/s00775-024-02083-9,-0.75,-1.8222467597114562,1.0722467597114562
MLDB-002862,LOMO,Cu,mono,Cu,10.1007/s00775-024-02083-9,-0.82,-1.9501555498220118,1.1301555498220117
MLDB-002863,LOMO,Cu,mono,Cu,10.1007/s00775-024-02083-9,-0.75,-0.6189865775533124,0.13101342244668757
MLDB-002864,LOMO,Cu,mono,Cu,10.3390/molecules25030741,0.9,-0.30111444279502875,1.2011144427950287
MLDB-002865,LOMO,Cu,mono,Cu,10.3390/molecules25030741,1.75,-0.13814428308194976,1.8881442830819497
MLDB-002866,LOMO,Cu,mono,Cu,10.3390/molecules25030741,1.11,0.16720243216779887,0.9427975678322013
MLDB-002867,LOMO,Cu,mono,Cu,10.1007/s002590050557,1.7,1.0731804630273374,0.6268195369726626
MLDB-002868,LOMO,Cu,mono,Cu,10.1007/s002590050557,1.6,1.2423766971398327,0.3576233028601674
MLDB-002869,LOMO,Cu,mono,Cu,10.1007/s002590050557,1.62,1.3611088301397016,0.2588911698602985
MLDB-002870,LOMO,Cu,mono,Cu,10.1007/s002590050557,-0.41,0.8451330436874832,1.2551330436874832
MLDB-002871,LOMO,Cu,mono,Cu,10.1007/s002590050557,1.8,0.6027340314444638,1.1972659685555362
MLDB-002872,LOMO,Cu,mono,Cu,10.1007/s002590050557,1.45,1.157469017458229,0.292530982541771
MLDB-002873,LOMO,Cu,mono,Cu,10.1002/chem.201701939,-0.171,1.156015263212079,1.327015263212079
MLDB-002874,LOMO,Cu,mono,Cu,10.1002/chem.201701939,-0.2,1.2142705010305892,1.4142705010305892
MLDB-002875,LOMO,Cu,mono,Cu,10.1002/chem.201701939,-0.102,1.111123330168212,1.213123330168212
MLDB-002876,LOMO,Cu,mono,Cu,10.1002/chem.201701939,-0.093,1.1427615395589552,1.2357615395589552
MLDB-002877,LOMO,Cu,mono,Cu,10.1016/j.ejmech.2021.113182,0.207,-0.19074525118792832,0.3977452511879283
MLDB-002878,LOMO,Cu,mono,Cu,10.1016/j.ejmech.2021.113182,1.335,-0.3656891958063296,1.7006891958063295
MLDB-002879,LOMO,Cu,mono,Cu,10.1021/acs.inorgchem.0c00925,-0.4,-0.7188076137706423,0.31880761377064226
MLDB-002880,LOMO,Cu,mono,Cu,10.1021/acs.inorgchem.0c00925,0.04,-0.011110638976494362,0.051110638976494364
MLDB-002881,LOMO,Cu,mono,Cu,10.1021/acs.inorgchem.0c00925,-0.27,-0.2996464867690767,0.029646486769076663
MLDB-002882,LOMO,Cu,mono,Cu,10.1039/c0dt01616k,0.12,-0.4431327590047308,0.5631327590047308
MLDB-002883,LOMO,Cu,mono,Cu,10.1039/c0dt01616k,1.53,-0.19114449631780436,1.7211444963178044
MLDB-002884,LOMO,Cu,mono,Cu,10.1039/c0dt01616k,2.36,-0.13081270624014402,2.4908127062401437
MLDB-002887,LOMO,Cu,multi,Cu,10.1016/j.poly.2021.115225,-0.1,0.45639142834455104,0.556391428344551
MLDB-002888,LOMO,Cu,mono,Cu,10.1016/j.poly.2021.115225,-0.06,1.0003370805272953,1.0603370805272954
MLDB-002889,LOMO,Cu,mono,Cu,10.1039/d4sc06628f,2.34,0.07230401865151134,2.2676959813484885
MLDB-002890,LOMO,Cu,mono,Cu,10.1039/d4sc06628f,1.73,0.167623897044362,1.562376102955638
MLDB-002891,LOMO,Cu,mono,Cu,10.1039/d4sc06628f,2.12,0.201295918873917,1.9187040811260831
MLDB-002892,LOMO,Cu,mono,Cu,10.1039/d4sc06628f,1.75,0.2889016594887764,1.4610983405112237
MLDB-002893,LOMO,Cu,mono,Cu,10.1039/d4sc06628f,1.45,0.4029454597489768,1.0470545402510232
MLDB-002894,LOMO,Cu,mono,Cu,10.1016/s0969-8051(02)00285-8,0.9,1.0980827812964098,0.19808278129640977
MLDB-002895,LOMO,Cu,mono,Cu,10.1039/c3dt51296g,-0.08,-0.17195275723384668,0.09195275723384667
MLDB-002896,LOMO,Cu,mono,Cu,10.1039/c3dt51296g,-0.5,-0.2424110220558772,0.25758897794412283
MLDB-002897,LOMO,Cu,mono,Cu,10.1039/c3dt51296g,-0.37,-0.4191076903685413,0.04910769036854129
MLDB-002898,LOMO,Cu,mono,Cu,10.1021/jm070204r,-3.58,-1.4653689575518078,2.114631042448192
MLDB-002899,LOMO,Cu,mono,Cu,10.1021/jm070204r,-2.07,0.09997527977453732,2.1699752797745373
MLDB-002900,LOMO,Cu,mono,Cu,10.1021/jm070204r,-2.35,-0.15660565297166176,2.193394347028338
MLDB-002901,LOMO,Cu,mono,Cu,10.1021/jm070204r,-2.08,-0.2709784000005485,1.8090215999994514
MLDB-002902,LOMO,Cu,mono,Cu,10.1021/jm070204r,-1.35,0.057024923280271804,1.4070249232802718
MLDB-002903,LOMO,Cu,mono,Cu,10.1002/ejic.201500510,-3.9,-0.11735512596454233,3.7826448740354577
MLDB-002904,LOMO,Cu,mono,Cu,10.1002/ejic.201500510,-4.1,-0.6188956877974494,3.4811043122025502
MLDB-002905,LOMO,Cu,mono,Cu,10.1002/ejic.201500510,-4.5,-0.984322425987572,3.515677574012428
MLDB-002906,LOMO,Cu,mono,Cu,10.1002/ejic.201500510,-3.1,-1.0054965471481772,2.094503452851823
MLDB-002907,LOMO,Cu,mono,Cu,10.1002/ejic.201500510,-3.3,-1.1484126989534034,2.1515873010465967
MLDB-002908,LOMO,Cu,mono,Cu,10.1002/ejic.201500510,-4.0,-0.11735512596454233,3.8826448740354578
MLDB-002909,LOMO,Cu,mono,Cu,10.1002/ejic.201500510,-4.1,-0.6188956877974494,3.4811043122025502
MLDB-002910,LOMO,Cu,mono,Cu,10.1002/ejic.201500510,-4.5,-0.984322425987572,3.515677574012428
MLDB-002911,LOMO,Cu,mono,Cu,10.1002/ejic.201500510,-3.0,-1.0054965471481772,1.9945034528518228
MLDB-002912,LOMO,Cu,mono,Cu,10.1002/ejic.201500510,-3.2,-1.1484126989534034,2.051587301046597
MLDB-002913,LOMO,Cu,mono,Cu,10.1002/ejic.201500510,-4.0,-0.11735512596454233,3.8826448740354578
MLDB-002914,LOMO,Cu,mono,Cu,10.1002/ejic.201500510,-3.9,-0.6188956877974494,3.2811043122025505
MLDB-002915,LOMO,Cu,mono,Cu,10.1002/ejic.201500510,-4.4,-0.984322425987572,3.4156775740124283
MLDB-002916,LOMO,Cu,mono,Cu,10.1002/ejic.201500510,-3.0,-1.0054965471481772,1.9945034528518228
MLDB-002917,LOMO,Cu,mono,Cu,10.1002/ejic.201500510,-3.3,-1.1484126989534034,2.1515873010465967
MLDB-002918,LOMO,Cu,mono,Cu,10.3390/molecules24091677,0.83,-0.7555162958042946,1.5855162958042945
MLDB-002919,LOMO,Cu,mono,Cu,10.1039/c6dt03811e,0.89,0.9322955726060906,0.042295572606090626
MLDB-002920,LOMO,Cu,mono,Cu,10.1039/c6dt03811e,0.97,0.9714080064721098,0.0014080064721098129
MLDB-002921,LOMO,Cu,mono,Cu,10.1039/c6dt03811e,1.0,1.0870676428534718,0.0870676428534718
MLDB-002922,LOMO,Cu,mono,Cu,10.1039/c6dt03811e,0.98,1.112057793338735,0.13205779333873502
MLDB-002923,LOMO,Cu,mono,Cu,10.1039/c6dt03811e,0.97,1.2591310020333135,0.28913100203331354
MLDB-002924,LOMO,Cu,mono,Cu,10.1039/c6dt03811e,1.01,1.440476404383153,0.43047640438315304
MLDB-002925,LOMO,Cu,mono,Cu,10.3390/inorganics9010005,-0.39,0.6031883853804921,0.9931883853804921
MLDB-002926,LOMO,Cu,mono,Cu,10.3390/inorganics9010005,-0.63,0.31246113769993755,0.9424611376999376
MLDB-002927,LOMO,Cu,mono,Cu,10.3390/inorganics9010005,0.02,1.3895913099544337,1.3695913099544337
MLDB-002928,LOMO,Cu,mono,Cu,10.3390/inorganics9010005,0.34,1.1313868237320217,0.7913868237320216
MLDB-002929,LOMO,Cu,mono,Cu,10.1039/d3dt01294h,-1.83,0.07353104470773617,1.9035310447077363
MLDB-002930,LOMO,Cu,mono,Cu,10.1039/d3dt01294h,-1.96,-0.07029150733409771,1.8897084926659022
MLDB-002931,LOMO,Cu,mono,Cu,10.1039/d3dt01294h,-1.71,0.2528359307938935,1.9628359307938934
MLDB-002932,LOMO,Cu,mono,Cu,10.1039/d3dt01294h,-2.18,0.09257676937363775,2.272576769373638
MLDB-002933,LOMO,Cu,mono,Cu,10.1039/d3dt01294h,-2.27,0.3324180440590367,2.6024180440590365
MLDB-002934,LOMO,Cu,mono,Cu,10.1039/d3dt01294h,-2.01,-0.21014348343920974,1.79985651656079
MLDB-002935,LOMO,Cu,multi,Cu,10.1021/ic101391x,-0.32,0.12399675320307309,0.4439967532030731
MLDB-002936,LOMO,Cu,multi,Cu,10.1021/ic101391x,-0.77,0.4376519234181003,1.2076519234181002
MLDB-002937,LOMO,Cu,multi,Cu,10.1021/ic101391x,-0.74,0.9100575151230978,1.6500575151230978
MLDB-002938,LOMO,Cu,multi,Cu,10.1021/ic101391x,-0.14,0.9325011675062828,1.0725011675062828
MLDB-002939,LOMO,Cu,multi,Cu,10.1021/ic101391x,0.18,1.2119638269992108,1.0319638269992109
MLDB-002940,LOMO,Cu,mono,Cu,10.1016/j.molliq.2019.111412,-0.52,1.3519108974704022,1.8719108974704022
MLDB-002941,LOMO,Cu,mono,Cu,10.1016/j.molliq.2019.111412,-0.05,1.3736251061178273,1.4236251061178273
MLDB-002942,LOMO,Cu,mono,Cu,10.1016/j.molliq.2019.111412,1.79,1.6054799563263302,0.1845200436736698
MLDB-002947,LOMO,Cu,mono,Cu,10.1039/c8dt02965b,1.54,1.023978763437132,0.516021236562868
MLDB-002948,LOMO,Cu,mono,Cu,10.1039/c8dt02965b,1.5,1.3857410588454062,0.11425894115459378
MLDB-002949,LOMO,Cu,mono,Cu,10.1039/c8dt02965b,1.37,0.28615746908678874,1.0838425309132114
MLDB-002950,LOMO,Cu,mono,Cu,10.1039/c8dt02965b,1.3,0.7421485695744194,0.5578514304255806
MLDB-002951,LOMO,Cu,mono,Cu,10.1039/c8dt02965b,1.6,1.750057343118475,0.15005734311847485
MLDB-002952,LOMO,Cu,mono,Cu,10.1039/c8dt02965b,2.01,0.6888825246813651,1.3211174753186348
MLDB-002953,LOMO,Cu,mono,Cu,10.1016/j.jinorgbio.2007.07.028,0.86,0.8732943600300637,0.013294360030063679
MLDB-002954,LOMO,Cu,mono,Cu,10.1016/j.jinorgbio.2007.07.028,0.1,1.109895109264312,1.0098951092643118
MLDB-002955,LOMO,Cu,mono,Cu,10.1016/j.molstruc.2013.08.045,1.06,0.37184980585361,0.6881501941463901
MLDB-002956,LOMO,Cu,mono,Cu,10.1016/j.molstruc.2013.08.045,1.4,0.14822086505944101,1.251779134940559
MLDB-002957,LOMO,Cu,mono,Cu,10.1016/j.molstruc.2013.08.045,1.08,0.28559034918022697,0.7944096508197731
MLDB-002958,LOMO,Cu,mono,Cu,10.1016/j.molstruc.2013.08.045,1.08,0.10861837381698061,0.9713816261830195
MLDB-002959,LOMO,Cu,mono,Cu,10.1039/d2ra04813b,-0.525,0.5431436763024649,1.0681436763024648
MLDB-002960,LOMO,Cu,mono,Cu,10.1039/d2ra04813b,0.345,0.5049115345183423,0.15991153451834228
MLDB-002961,LOMO,Cu,mono,Cu,10.1039/d2ra04813b,0.945,0.626022698383916,0.31897730161608395
MLDB-002962,LOMO,Cu,mono,Cu,10.1039/d2ra04813b,-0.805,0.0018759660975379798,0.806875966097538
MLDB-002963,LOMO,Cu,mono,Cu,10.1039/d2ra04813b,-0.18,0.18628318712763103,0.366283187127631
MLDB-002964,LOMO,Cu,mono,Cu,10.1039/d2ra04813b,0.013,0.5224660126271733,0.5094660126271733
MLDB-002965,LOMO,Cu,mono,Cu,10.1016/j.jinorgbio.2006.01.042,0.93,0.4059695856784316,0.5240304143215684
MLDB-002966,LOMO,Cu,mono,Cu,10.1016/j.jinorgbio.2006.01.042,-0.17,0.8309025177159559,1.0009025177159558
MLDB-002967,LOMO,Cu,mono,Cu,10.1016/j.jinorgbio.2006.01.042,-0.11,0.9379125993608426,1.0479125993608427
MLDB-002968,LOMO,Cu,mono,Cu,10.1016/j.jinorgbio.2006.01.042,0.73,0.7150691818035662,0.014930818196433826
MLDB-002969,LOMO,Cu,mono,Cu,10.1021/ic062172o,-0.19,0.7782384138500168,0.9682384138500169
MLDB-002970,LOMO,Cu,mono,Cu,10.1039/d4dt01075b,-0.51,0.7304297567866829,1.2404297567866829
MLDB-002971,LOMO,Cu,mono,Cu,10.1039/d4dt01075b,1.07,1.3812510217086413,0.3112510217086413
MLDB-002972,LOMO,Cu,mono,Cu,10.1039/d4dt01075b,1.83,1.6652724091617888,0.1647275908382113
MLDB-002973,LOMO,Cu,mono,Cu,10.1039/d4dt01075b,3.14,1.0200687261694394,2.1199312738305607
MLDB-002974,LOMO,Cu,mono,Cu,10.1016/j.molstruc.2015.11.002,0.243,-0.5568305285547401,0.7998305285547401
MLDB-002975,LOMO,Cu,mono,Cu,10.1002/cbic.202000553,0.73,0.4776644272104512,0.25233557278954877
MLDB-002976,LOMO,Cu,mono,Cu,10.1002/cbic.202000553,0.75,0.5468914519786229,0.20310854802137712
MLDB-002977,LOMO,Cu,mono,Cu,10.1002/cbic.202000553,1.15,0.7002826860547302,0.4497173139452697
MLDB-002978,LOMO,Cu,mono,Cu,10.1002/cbic.202000553,2.01,1.2726605288331363,0.7373394711668635
MLDB-002979,LOMO,Cu,mono,Cu,10.1002/cbic.202400703,-0.57,-0.10860329253400673,0.4613967074659932
MLDB-002980,LOMO,Cu,mono,Cu,10.1002/cbic.202400703,-0.68,0.27605000931811985,0.9560500093181199
MLDB-002981,LOMO,Cu,mono,Cu,10.1039/c8dt00794b,0.933,-0.5273494460468092,1.4603494460468092
MLDB-002982,LOMO,Cu,mono,Cu,10.1039/c8dt00794b,0.858,-0.37870087777668016,1.2367008777766801
MLDB-002983,LOMO,Cu,mono,Cu,10.1039/c8dt00794b,0.867,-0.43131584035219067,1.2983158403521906
MLDB-002984,LOMO,Cu,mono,Cu,10.1039/c8dt00794b,0.89,-0.30120661271824967,1.1912066127182497
MLDB-002985,LOMO,Cu,mono,Cu,10.1080/00958972.2016.1260711,-1.37,-0.018117463761731983,1.351882536238268
MLDB-002986,LOMO,Cu,mono,Cu,10.1080/00958972.2016.1260711,-1.9,0.40796819657579425,2.307968196575794
MLDB-002987,LOMO,Cu,mono,Cu,10.1080/00958972.2016.1260711,-1.69,-0.13476171929469455,1.5552382807053053
MLDB-002988,LOMO,Cu,mono,Cu,10.1080/00958972.2016.1260711,-1.44,0.5654285567600514,2.0054285567600516
MLDB-002989,LOMO,Cu,mono,Cu,10.1080/00958972.2016.1260711,-0.47,0.09034139771499683,0.5603413977149968
MLDB-002990,LOMO,Cu,mono,Cu,10.1080/00958972.2016.1260711,-0.42,0.408144442605684,0.828144442605684
MLDB-002991,LOMO,Cu,mono,Cu,10.1080/00958972.2016.1260711,-1.34,0.09723649046885657,1.4372364904688566
MLDB-002992,LOMO,Cu,mono,Cu,10.1016/j.jinorgbio.2008.10.006,-1.38,-0.8113505014360249,0.568649498563975
MLDB-002993,LOMO,Cu,mono,Cu,10.1016/j.jinorgbio.2008.10.006,-0.95,-0.5413377063424111,0.4086622936575889
MLDB-002994,LOMO,Cu,mono,Cu,10.1016/j.jinorgbio.2008.10.006,-1.18,-0.30333814865992126,0.8766618513400787
MLDB-002995,LOMO,Cu,mono,Cu,10.1016/j.jinorgbio.2008.10.006,-1.18,-0.10489903423963692,1.075100965760363
MLDB-002996,LOMO,Cu,mono,Cu,10.1016/j.jinorgbio.2008.10.006,-1.06,-0.2589292572614998,0.8010707427385002
MLDB-002997,LOMO,Cu,mono,Cu,10.1016/j.jinorgbio.2008.10.006,-0.81,-0.07403233985753817,0.7359676601424618
MLDB-002998,LOMO,Cu,mono,Cu,10.1016/j.jinorgbio.2008.10.006,-0.81,-0.11560684369276492,0.6943931563072352
MLDB-002999,LOMO,Cu,mono,Cu,10.1016/j.jinorgbio.2008.10.006,-0.49,-0.11611268661930074,0.37388731338069925
MLDB-003000,LOMO,Cu,mono,Cu,10.1016/j.jinorgbio.2008.10.006,0.06,0.15316732590753343,0.09316732590753343
MLDB-003001,LOMO,Cu,mono,Cu,10.1016/j.jinorgbio.2008.10.006,1.06,0.5603224849001102,0.4996775150998899
MLDB-003002,LOMO,Cu,mono,Cu,10.1016/j.jinorgbio.2008.10.006,-0.74,0.007114189997894366,0.7471141899978944
MLDB-003003,LOMO,Cu,mono,Cu,10.1016/j.jinorgbio.2008.10.006,-0.84,-0.24461499316923993,0.59538500683076
MLDB-003004,LOMO,Cu,mono,Cu,10.1039/c6dt00461j,-0.74,1.0416155334145363,1.7816155334145363
MLDB-003005,LOMO,Cu,mono,Cu,10.1039/c6dt00461j,0.05,0.515699915702974,0.46569991570297403
MLDB-003006,LOMO,Cu,mono,Cu,10.1039/c6dt00461j,-0.36,0.9578825536741172,1.3178825536741172
MLDB-003007,LOMO,Cu,mono,Cu,10.1039/c6dt00461j,-0.51,1.0274742041909186,1.5374742041909186
MLDB-003008,LOMO,Cu,mono,Cu,10.1039/c4sc00384e,-0.39,0.3266261413315998,0.7166261413315997
MLDB-003009,LOMO,Cu,mono,Cu,10.3390/biom10091213,-1.0,0.28699619021805006,1.28699619021805
MLDB-003010,LOMO,Cu,mono,Cu,10.3390/biom10091213,-0.79,0.3401983894024857,1.1301983894024858
MLDB-003011,LOMO,Cu,mono,Cu,10.3390/biom10091213,-0.4,0.5704044904353167,0.9704044904353167
MLDB-003012,LOMO,Cu,mono,Cu,10.3390/biom10091213,-0.17,0.6119239257891744,0.7819239257891745
MLDB-003013,LOMO,Cu,mono,Cu,10.1007/s00775-011-0834-3,-0.89,-0.2838498829834212,0.6061501170165788
MLDB-003014,LOMO,Cu,mono,Cu,10.1007/s00775-011-0834-3,-0.59,0.01879986114968224,0.6087998611496822
MLDB-003015,LOMO,Cu,mono,Cu,10.1007/s00775-011-0834-3,-1.01,-0.07242345354284421,0.9375765464571558
MLDB-003016,LOMO,Cu,mono,Cu,10.3389/fchem.2023.1106349,1.9,1.0729969908886456,0.8270030091113543
MLDB-003017,LOMO,Cu,multi,Cu,10.3389/fchem.2023.1106349,2.4,1.7507118107601092,0.6492881892398907
MLDB-003018,LOMO,Cu,multi,Cu,10.3389/fchem.2023.1106349,2.0,1.6065791656198622,0.39342083438013775
MLDB-003019,LOMO,Cu,mono,Cu,10.1080/00958972.2018.1520984,0.3968,0.5108244941998513,0.11402449419985133
MLDB-003021,LOMO,Cu,mono,Cu,10.1002/anie.201510443,0.37,0.9722447496124098,0.6022447496124098
MLDB-003022,LOMO,Cu,mono,Cu,10.1002/anie.201510443,0.45,0.9322205130791408,0.48222051307914077
MLDB-003023,LOMO,Cu,mono,Cu,10.1002/anie.201510443,0.47,0.9527834914881169,0.48278349148811694
MLDB-003024,LOMO,Cu,mono,Cu,10.1002/anie.201510443,0.72,0.9690840990145451,0.2490840990145451
MLDB-003025,LOMO,Cu,mono,Cu,10.1002/anie.201510443,0.94,0.805488917426369,0.13451108257363098
MLDB-003026,LOMO,Cu,mono,Cu,10.1039/d2dt00788f,-0.21,0.8135456060908065,1.0235456060908066
MLDB-003027,LOMO,Cu,mono,Cu,10.1039/d2dt00788f,-0.15,-1.066336708720961,0.916336708720961
MLDB-003028,LOMO,Cu,multi,Cu,10.1039/d4dt03516j,-1.31,-0.3518071976808623,0.9581928023191377
MLDB-003029,LOMO,Cu,multi,Cu,10.1039/d4dt03516j,-1.26,-0.46011451913812207,0.7998854808618779
MLDB-003030,LOMO,Cu,multi,Cu,10.1021/acs.jmedchem.4c02515,-1.44,-0.06865228772439196,1.371347712275608
MLDB-003031,LOMO,Cu,multi,Cu,10.1021/acs.jmedchem.4c02515,-1.35,0.7333293715298372,2.083329371529837
MLDB-003032,LOMO,Cu,mono,Cu,10.1021/acs.jmedchem.4c02515,-1.76,0.3455448113687545,2.1055448113687545
MLDB-003033,LOMO,Cu,multi,Cu,10.1021/acs.jmedchem.4c02515,-1.21,0.5672502443136508,1.7772502443136506
MLDB-003034,LOMO,Cu,mono,Cu,10.1021/acs.jmedchem.4c02515,-0.95,0.821247743649232,1.771247743649232
MLDB-003035,LOMO,Cu,multi,Cu,10.1021/acs.jmedchem.4c02515,-0.5,0.8159934273717527,1.3159934273717528
MLDB-003036,LOMO,Cu,mono,Cu,10.1021/acs.jmedchem.4c02515,-0.75,0.33307676651550655,1.0830767665155066
MLDB-003037,LOMO,Cu,multi,Cu,10.1021/acs.jmedchem.4c02515,-1.56,0.8651887492094568,2.4251887492094566
MLDB-003038,LOMO,Cu,multi,Cu,10.1021/acs.jmedchem.4c02515,-0.81,0.34055779211518605,1.1505577921151862
MLDB-003039,LOMO,Cu,multi,Cu,10.1021/acs.jmedchem.4c02515,-1.23,0.7656733335788677,1.9956733335788677
MLDB-003040,LOMO,Cu,mono,Cu,10.3390/molecules30071636,0.75,1.2969031125208557,0.5469031125208557
MLDB-003041,LOMO,Cu,mono,Cu,10.3390/molecules30071636,0.37,1.4486052493438628,1.078605249343863
MLDB-003042,LOMO,Cu,mono,Cu,10.3390/molecules30071636,0.53,1.401604501142739,0.8716045011427389
MLDB-003043,LOMO,Cu,mono,Cu,10.3390/molecules30071636,0.34,1.1342739295088264,0.7942739295088264
MLDB-003044,LOMO,Cu,mono,Cu,10.1016/j.ejmech.2025.118257,0.53,0.15295823162906977,0.3770417683709303
MLDB-003045,LOMO,Cu,mono,Cu,10.1021/acs.jmedchem.5c01124,0.7,0.5731117478946092,0.1268882521053908
MLDB-003046,LOMO,Cu,mono,Cu,10.1021/acs.jmedchem.5c01124,0.3,-0.17603862808497794,0.47603862808497793
MLDB-003047,LOMO,Cu,mono,Cu,10.1021/acs.jmedchem.5c01124,0.4,-0.15110584045787642,0.5511058404578765
MLDB-003048,LOMO,Cu,mono,Cu,10.1021/acs.jmedchem.5c01124,0.6,0.10266066793562693,0.49733933206437303
MLDB-003049,LOMO,Cu,mono,Cu,10.1021/acs.jmedchem.5c01124,0.2,0.10922363071191867,0.09077636928808135
MLDB-003050,LOMO,Cu,mono,Cu,10.1021/acs.jmedchem.5c01124,1.2,-0.05358741267295606,1.253587412672956
MLDB-003051,LOMO,Cu,mono,Cu,10.1021/acs.jmedchem.5c01124,0.6,-0.08239996913761054,0.6823999691376105
MLDB-003052,LOMO,Cu,mono,Cu,10.1021/acs.jmedchem.6c00141,0.55,0.39868359204559956,0.1513164079544005
MLDB-003053,LOMO,Cu,mono,Cu,10.1021/acs.jmedchem.6c00141,1.44,0.35646525729726586,1.0835347427027342
MLDB-003054,LOMO,Cu,mono,Cu,10.1021/acs.jmedchem.6c00141,1.05,0.39748375591078267,0.6525162440892174
MLDB-003055,LOMO,Cu,mono,Cu,10.1021/acs.jmedchem.6c00141,0.95,0.46596114779333886,0.4840388522066611
MLDB-003056,LOMO,Cu,mono,Cu,10.1021/acs.jmedchem.6c00141,0.96,0.4962455014140015,0.4637544985859985
MLDB-003057,LOMO,Cu,mono,Cu,10.1021/acs.jmedchem.6c00141,0.83,0.48802946670054903,0.34197053329945093
MLDB-003058,LOMO,Cu,mono,Cu,10.1021/acs.jmedchem.6c00141,0.62,0.5928101719157874,0.027189828084212553
MLDB-003059,LOMO,Cu,mono,Cu,10.1021/acsomega.5c10826,1.38,0.9253067578461445,0.4546932421538554
MLDB-003060,LOMO,Cu,mono,Cu,10.1021/acsomega.5c10826,-0.24,1.3269455035548055,1.5669455035548054
MLDB-003061,LOMO,Cu,mono,Cu,10.1039/d5dt01877c,-0.103,-0.29089693642873204,0.18789693642873206
MLDB-003062,LOMO,Cu,mono,Cu,10.1039/d5dt01877c,-0.307,0.5513980115144377,0.8583980115144376
MLDB-003063,LOMO,Cu,mono,Cu,10.1016/j.jinorgbio.2026.113348,0.24,0.5786017081535977,0.3386017081535977
MLDB-003064,LOMO,Cu,mono,Cu,10.1016/j.jinorgbio.2026.113348,0.23,0.8708314708664567,0.6408314708664568
MLDB-003065,LOMO,Cu,mono,Cu,10.1016/j.jinorgbio.2026.113348,-0.55,0.6107122220252407,1.1607122220252406
MLDB-003066,LOMO,Cu,mono,Cu,10.1016/j.jinorgbio.2026.113348,-0.06,0.9132038246296192,0.9732038246296193
MLDB-003067,LOMO,Cu,mono,Cu,10.1016/j.jinorgbio.2026.113348,0.12,1.1195846069243889,0.9995846069243889
MLDB-003068,LOMO,Cu,mono,Cu,10.1016/j.jinorgbio.2026.113348,-0.08,0.5518621322940953,0.6318621322940953
MLDB-003069,LOMO,Cu,mono,Cu,10.1002/slct.202304565,0.35,0.9188658601084725,0.5688658601084725
MLDB-003070,LOMO,Cu,mono,Cu,10.1002/slct.202304565,0.12,-0.025192605656320623,0.1451926056563206
MLDB-003071,LOMO,Cu,mono,Cu,10.1002/slct.202304565,0.46,-0.17226940730020246,0.6322694073002024
MLDB-003072,LOMO,Cu,mono,Cu,10.1016/j.jinorgbio.2023.112432,1.43,0.4125115965010177,1.0174884034989822
MLDB-003073,LOMO,Cu,mono,Cu,10.1016/j.jinorgbio.2023.112432,0.96,0.8241511427014975,0.1358488572985025
MLDB-003074,LOMO,Cu,mono,Cu,10.1016/j.jinorgbio.2023.112432,0.88,0.8869470932860679,0.006947093286067907
MLDB-003075,LOMO,Cu,mono,Cu,10.1016/j.jinorgbio.2024.112721,-1.25,0.3877843859443951,1.637784385944395
MLDB-003076,LOMO,Cu,mono,Cu,10.1016/j.jinorgbio.2024.112721,-1.02,0.47052887277553485,1.4905288727755348
MLDB-003077,LOMO,Cu,mono,Cu,10.1016/j.jinorgbio.2024.112721,-0.91,0.4412143616303904,1.3512143616303904
MLDB-003078,LOMO,Cu,multi,Cu,10.1021/acs.inorgchem.4c01072,0.18,-0.20134693355219818,0.3813469335521982
MLDB-003079,LOMO,Cu,multi,Cu,10.1021/acs.inorgchem.4c01072,1.94,-0.07597592948579629,2.0159759294857964
MLDB-003080,LOMO,Cu,multi,Cu,10.1021/acs.inorgchem.4c01072,-0.55,-0.44166763447157814,0.1083323655284219
MLDB-003081,LOMO,Cu,mono,Cu,10.1021/acsomega.4c05824,0.51,1.036729406668778,0.526729406668778
MLDB-003082,LOMO,Cu,mono,Cu,10.1016/j.molstruc.2024.138719,1.88,1.743078248747383,0.13692175125261685
MLDB-003083,LOMO,Cu,multi,Cu,10.1016/j.molstruc.2024.138719,1.21,0.43553260460685717,0.7744673953931428
MLDB-003087,LOMO,Cu,multi,Cu,10.3390/inorganics11100398,-1.0,0.16286075435722266,1.1628607543572227
MLDB-003088,LOMO,Cu,multi,Cu,10.3390/inorganics11100398,-0.62,0.1163546237223761,0.7363546237223761
MLDB-003089,LOMO,Cu,multi,Cu,10.1002/chem.202301188,-0.74,-0.055955695466934,0.684044304533066
MLDB-003090,LOMO,Cu,multi,Cu,10.1002/chem.202301188,-0.2,0.7002938903955602,0.9002938903955602
MLDB-003091,LOMO,Cu,multi,Cu,10.1039/d5nj01809a,-0.11,0.8728654754559189,0.9828654754559188
MLDB-003092,LOMO,Cu,multi,Cu,10.1039/d5nj01809a,-0.21,0.7457909728790905,0.9557909728790904
MLDB-003093,LOMO,Cu,mono,Cu,10.3390/molecules28176401,1.25,1.27787649990349,0.02787649990348995
MLDB-003094,LOMO,Cu,mono,Cu,10.3390/molecules28176401,1.0,1.1456035555068342,0.14560355550683424
MLDB-003095,LOMO,Cu,mono,Cu,10.3390/molecules28176401,0.82,1.1654786410299263,0.3454786410299263
MLDB-003099,LOMO,Cu,mono,Cu,10.1016/j.jinorgbio.2023.112284,-0.31,0.5713489744228719,0.881348974422872
MLDB-003100,LOMO,Cu,mono,Cu,10.1016/j.jinorgbio.2023.112284,-0.32,0.42280953845331914,0.7428095384533191
MLDB-003101,LOMO,Cu,mono,Cu,10.1016/j.jinorgbio.2023.112284,0.19,0.4245311036076944,0.2345311036076944
MLDB-003102,LOMO,Cu,mono,Cu,10.1016/j.jinorgbio.2022.112093,-0.37,0.4433086172878589,0.813308617287859
MLDB-003103,LOMO,Cu,mono,Cu,10.1016/j.jinorgbio.2022.112093,0.22,0.32489482089680166,0.10489482089680166
MLDB-003104,LOMO,Cu,mono,Cu,10.1016/j.jinorgbio.2022.112093,-0.19,0.3337578790960434,0.5237578790960433
MLDB-003105,LOMO,Cu,mono,Cu,10.1016/j.jinorgbio.2022.112093,-0.37,0.3755217851982945,0.7455217851982945
MLDB-003106,LOMO,Cu,mono,Cu,10.1016/j.jinorgbio.2022.112093,0.21,0.22879695030388653,0.018796950303886534
MLDB-003107,LOMO,Cu,mono,Cu,10.1016/j.jinorgbio.2022.112093,-0.18,0.23797309158696622,0.4179730915869662
MLDB-003174,LOMO,Cu,multi,Cu,10.1016/j.ica.2022.121333,0.85,1.0682970461763182,0.21829704617631818
MLDB-003175,LOMO,Cu,multi,Cu,10.1016/j.ica.2022.121333,0.44,0.8123959966221544,0.37239599662215445
MLDB-003177,LOMO,Cu,multi,Cu,10.1021/acs.inorgchem.3c01066,1.48,0.9570674450078582,0.5229325549921418
MLDB-003194,LOMO,Cu,mono,Cu,10.1021/acs.inorgchem.3c01551,1.64,1.3882547578603783,0.2517452421396216
MLDB-003195,LOMO,Cu,mono,Cu,10.1021/acs.inorgchem.3c01551,1.52,0.527778453448521,0.992221546551479
MLDB-003196,LOMO,Cu,mono,Cu,10.1021/acs.inorgchem.3c01551,1.46,1.4838872256534097,0.023887225653409727
MLDB-003197,LOMO,Cu,mono,Cu,10.1021/acs.inorgchem.3c01551,1.562,1.6115686556712152,0.049568655671215156
MLDB-003204,LOMO,Cu,mono,Cu,10.1002/slct.202201560,0.168,1.1855078733537696,1.0175078733537697
MLDB-003205,LOMO,Cu,mono,Cu,10.1002/slct.202201560,-0.713,0.7549703031194186,1.4679703031194187
MLDB-003206,LOMO,Cu,mono,Cu,10.1002/slct.202201560,-0.684,0.7213331265179418,1.4053331265179418
MLDB-003207,LOMO,Cu,mono,Cu,10.1039/d2dt00077f,1.47,0.4989165209154754,0.9710834790845246
MLDB-003208,LOMO,Cu,mono,Cu,10.1039/d2dt00077f,1.71,0.055508997053262385,1.6544910029467377
MLDB-003209,LOMO,Cu,multi,Cu,10.1016/j.jinorgbio.2022.111964,0.6,0.9383567255900487,0.3383567255900487
MLDB-003210,LOMO,Cu,mono,Cu,10.1016/j.jinorgbio.2022.111964,0.96,0.8740900374333398,0.08590996256666017
MLDB-003211,LOMO,Cu,mono,Cu,10.1016/j.ejmech.2024.116994,1.4,1.758964499689417,0.358964499689417
MLDB-003212,LOMO,Cu,mono,Cu,10.1016/j.ejmech.2024.116994,1.6,1.4995027716459577,0.1004972283540424
MLDB-004192,LOMO,Cu,mono,Cu,10.1039/d3dt00213f,0.79,0.4022480628244902,0.3877519371755098
MLDB-004193,LOMO,Cu,mono,Cu,10.1039/d3dt00213f,2.13,0.4541803714247414,1.6758196285752585
MLDB-004194,LOMO,Cu,mono,Cu,10.1039/d3dt00213f,2.52,0.8828633336902797,1.6371366663097202
MLDB-004195,LOMO,Cu,mono,Cu,10.1039/d3dt00213f,2.65,0.6272797122673235,2.0227202877326764
MLDB-004196,LOMO,Cu,mono,Cu,10.1039/d3dt00213f,3.21,0.6359649726873098,2.57403502731269
MLDB-004197,LOMO,Cu,mono,Cu,10.1039/d3dt00213f,3.77,0.904482885015654,2.865517114984346
MLDB-004198,LOMO,Cu,mono,Cu,10.1039/d3dt00213f,2.3,0.6384354754519044,1.6615645245480954
MLDB-004205,LOMO,Cu,mono,Cu,10.1039/d3dt01088k,0.9,0.8133262003188738,0.0866737996811262
MLDB-004206,LOMO,Cu,mono,Cu,10.1039/d3dt01088k,1.38,1.0844792222627229,0.29552077773727703
MLDB-004342,LOMO,Cu,multi,Cu,10.3390/inorganics12010019,0.06,0.16098029555560392,0.10098029555560392
MLDB-004380,LOMO,Cu,mono,Cu,10.1016/j.molstruc.2025.145151,0.4,1.1193617982335065,0.7193617982335064
MLDB-004381,LOMO,Cu,mono,Cu,10.1016/j.molstruc.2025.145151,-0.78,0.3423401243069758,1.1223401243069757
MLDB-004705,LOMO,Cu,mono,Cu,10.1016/j.jinorgbio.2026.113228,-1.01,-2.047087123591159,1.037087123591159
MLDB-004748,LOMO,Cu,multi,Cu,10.1021/acsomega.5c00069,0.95,0.5884403381640787,0.36155966183592125
MLDB-004908,LOMO,Cu,mono,Cu,10.1016/s0969-8051(97)00164-9,-0.13,0.017521375393120823,0.14752137539312082
MLDB-000138,LOMO,Au,mono,Au,10.1002/chem.202004317,1.4,1.6523609274128492,0.2523609274128493
MLDB-000139,LOMO,Au,mono,Au,10.1002/chem.202004317,2.4,1.3705965178632873,1.0294034821367126
MLDB-000140,LOMO,Au,mono,Au,10.1002/chem.202004317,2.2,0.7617182027773715,1.4382817972226287
MLDB-000184,LOMO,Au,mono,Au,10.1002/ejic.201600177,-0.68,-0.7963389183810097,0.11633891838100963
MLDB-000185,LOMO,Au,mono,Au,10.1002/ejic.201600177,-0.56,-0.599674490238884,0.03967449023888392
MLDB-000186,LOMO,Au,mono,Au,10.1002/ejic.201600177,0.3,-0.8444911352165339,1.144491135216534
MLDB-000187,LOMO,Au,mono,Au,10.1002/ejic.201600177,-0.22,-0.9016955664943653,0.6816955664943654
MLDB-000188,LOMO,Au,mono,Au,10.1002/ejic.201600177,0.12,-0.36406361388125585,0.48406361388125585
MLDB-000189,LOMO,Au,mono,Au,10.1002/ejic.201600177,-0.41,-0.9537456124020305,0.5437456124020306
MLDB-000190,LOMO,Au,mono,Au,10.1002/ejic.201600177,-0.86,-0.6274835009503618,0.23251649904963823
MLDB-000191,LOMO,Au,mono,Au,10.1002/ejic.201600177,0.13,-0.7734679213073249,0.9034679213073249
MLDB-000192,LOMO,Au,mono,Au,10.1002/ejic.201600177,-0.19,-0.6522183515942612,0.4622183515942612
MLDB-000322,LOMO,Au,mono,Au,10.1016/j.ejmech.2014.07.086,-0.83,-0.839073062569549,0.009073062569549095
MLDB-000323,LOMO,Au,mono,Au,10.1016/j.ejmech.2014.07.086,0.18,-0.1928522101308354,0.37285221013083536
MLDB-000324,LOMO,Au,mono,Au,10.1016/j.ejmech.2014.07.086,0.26,-0.02812600778377287,0.2881260077837729
MLDB-000325,LOMO,Au,mono,Au,10.1016/j.ejmech.2014.07.086,1.13,0.27742412849920556,0.8525758715007943
MLDB-000330,LOMO,Au,mono,Au,10.1016/j.ejmech.2018.07.070,1.256,0.46817817700314845,0.7878218229968516
MLDB-000331,LOMO,Au,mono,Au,10.1016/j.ejmech.2018.07.070,0.926,0.5647123878540697,0.3612876121459303
MLDB-000332,LOMO,Au,mono,Au,10.1016/j.ejmech.2018.07.070,1.033,1.0275249068590793,0.0054750931409206505
MLDB-000333,LOMO,Au,mono,Au,10.1016/j.ejmech.2018.07.070,0.501,0.40286571317698927,0.09813428682301073
MLDB-000407,LOMO,Au,mono,Au,10.1016/j.jinorgbio.2017.06.004,1.27,0.20203146371016167,1.0679685362898383
MLDB-000408,LOMO,Au,mono,Au,10.1016/j.jinorgbio.2017.06.004,1.42,-0.16358310293827635,1.5835831029382763
MLDB-000409,LOMO,Au,mono,Au,10.1016/j.jinorgbio.2017.06.004,0.64,-0.4784379385011301,1.11843793850113
MLDB-000410,LOMO,Au,mono,Au,10.1016/j.jinorgbio.2017.06.004,1.52,0.2514026958734388,1.2685973041265612
MLDB-000411,LOMO,Au,mono,Au,10.1016/j.jinorgbio.2017.08.020,-0.1,-0.021532297505185545,0.07846770249481447
MLDB-000434,LOMO,Au,mono,Au,10.1016/j.jinorgbio.2020.110998,2.1,0.7893519505912631,1.3106480494087371
MLDB-000545,LOMO,Au,mono,Au,10.1016/j.jinorgbio.2025.112987,0.42,1.1031051921838262,0.6831051921838263
MLDB-000546,LOMO,Au,mono,Au,10.1016/j.jinorgbio.2025.112987,1.2,0.8253041451140829,0.37469585488591706
MLDB-000547,LOMO,Au,mono,Au,10.1016/j.jinorgbio.2025.112987,0.16,0.5516114007031562,0.39161140070315614
MLDB-000548,LOMO,Au,mono,Au,10.1016/j.jinorgbio.2025.112987,0.25,0.7380678285403464,0.48806782854034636
MLDB-000549,LOMO,Au,mono,Au,10.1016/j.jinorgbio.2025.112987,0.52,1.6939420414481083,1.1739420414481083
MLDB-000550,LOMO,Au,mono,Au,10.1016/j.jinorgbio.2025.112987,1.0,1.5521007787558447,0.5521007787558447
MLDB-000551,LOMO,Au,mono,Au,10.1016/j.jinorgbio.2025.112987,0.32,1.002739709716391,0.682739709716391
MLDB-000552,LOMO,Au,mono,Au,10.1016/j.jinorgbio.2025.112987,0.25,1.020683019343667,0.7706830193436669
MLDB-000553,LOMO,Au,mono,Au,10.1016/j.jinorgbio.2025.112987,0.42,1.3039014548284265,0.8839014548284265
MLDB-000554,LOMO,Au,mono,Au,10.1016/j.jinorgbio.2025.112987,0.15,1.92785165075281,1.7778516507528102
MLDB-000555,LOMO,Au,mono,Au,10.1016/j.jinorgbio.2025.112987,0.46,0.4314995384887636,0.02850046151123642
MLDB-000556,LOMO,Au,mono,Au,10.1016/j.jinorgbio.2025.112987,0.47,1.1187090097922463,0.6487090097922463
MLDB-000625,LOMO,Au,mono,Au,10.1016/j.jorganchem.2025.123724,1.6,0.5127694825268226,1.0872305174731776
MLDB-000626,LOMO,Au,mono,Au,10.1016/j.jorganchem.2025.123724,2.2,0.6030452399062219,1.5969547600937783
MLDB-000627,LOMO,Au,mono,Au,10.1016/j.jorganchem.2025.123724,2.3,0.6120446416008047,1.687955358399195
MLDB-000628,LOMO,Au,mono,Au,10.1016/j.jorganchem.2025.123724,-0.1,-0.21554069074095805,0.11554069074095805
MLDB-000629,LOMO,Au,mono,Au,10.1016/j.jorganchem.2025.123724,-0.3,-1.2797980185798683,0.9797980185798683
MLDB-000630,LOMO,Au,mono,Au,10.1016/j.jorganchem.2025.123724,0.2,-0.621918765517219,0.8219187655172191
MLDB-000631,LOMO,Au,mono,Au,10.1016/j.jorganchem.2025.123724,1.5,-0.049811308649216166,1.5498113086492162
MLDB-000775,LOMO,Au,mono,Au,10.1021/acs.inorgchem.4c02581,0.4,-0.47161360879186015,0.8716136087918602
MLDB-000778,LOMO,Au,mono,Au,10.1021/acs.inorgchem.4c02581,-1.1,-1.1717029545692388,0.0717029545692387
MLDB-000779,LOMO,Au,mono,Au,10.1021/acs.inorgchem.4c02988,0.72,1.2955364424494695,0.5755364424494696
MLDB-000780,LOMO,Au,mono,Au,10.1021/acs.inorgchem.4c02988,0.79,1.3772065372121984,0.5872065372121984
MLDB-000781,LOMO,Au,mono,Au,10.1021/acs.inorgchem.4c02988,1.65,1.5768187934505835,0.0731812065494164
MLDB-000782,LOMO,Au,mono,Au,10.1021/acs.inorgchem.4c02988,1.18,1.5091271051174735,0.32912710511747356
MLDB-000783,LOMO,Au,mono,Au,10.1021/acs.inorgchem.4c02988,2.1,1.2888941114957997,0.8111058885042004
MLDB-000784,LOMO,Au,mono,Au,10.1021/acs.inorgchem.4c02988,1.59,1.537842230764638,0.052157769235362084
MLDB-000785,LOMO,Au,mono,Au,10.1021/acs.inorgchem.4c02988,1.29,1.74445408929382,0.45445408929382003
MLDB-000786,LOMO,Au,mono,Au,10.1021/acs.inorgchem.4c02988,1.91,1.658924867767096,0.2510751322329039
MLDB-000787,LOMO,Au,mono,Au,10.1021/acs.inorgchem.4c02988,-2.53,0.1697396694455284,2.699739669445528
MLDB-000796,LOMO,Au,mono,Au,10.1021/acs.inorgchem.7b01370,-0.44,-0.7084852446894708,0.2684852446894708
MLDB-000797,LOMO,Au,mono,Au,10.1021/acs.inorgchem.7b01370,-0.83,-1.0466835224062436,0.21668352240624367
MLDB-000798,LOMO,Au,mono,Au,10.1021/acs.inorgchem.7b01370,-0.67,-0.21250372106691454,0.45749627893308553
MLDB-000799,LOMO,Au,mono,Au,10.1021/acs.inorgchem.7b01370,-0.81,-0.4387027667309687,0.37129723326903136
MLDB-000800,LOMO,Au,mono,Au,10.1021/acs.inorgchem.7b01370,-0.35,-0.41094404205324175,0.060944042053241776
MLDB-000801,LOMO,Au,mono,Au,10.1021/acs.inorgchem.7b01370,-0.88,-0.8554713316103781,0.024528668389621866
MLDB-000802,LOMO,Au,mono,Au,10.1021/acs.inorgchem.7b01370,-0.26,0.029075132058368286,0.2890751320583683
MLDB-000803,LOMO,Au,mono,Au,10.1021/acs.inorgchem.7b01370,-0.79,-0.24100368845651385,0.5489963115434862
MLDB-000804,LOMO,Au,mono,Au,10.1021/acs.inorgchem.7b01370,1.03,-0.32369975239269555,1.3536997523926955
MLDB-000805,LOMO,Au,mono,Au,10.1021/acs.inorgchem.7b01370,1.24,-1.017639826876979,2.257639826876979
MLDB-000806,LOMO,Au,mono,Au,10.1021/acs.inorgchem.7b01370,0.74,-0.0007404209237641863,0.7407404209237641
MLDB-000807,LOMO,Au,mono,Au,10.1021/acs.inorgchem.7b01370,1.2,-0.11167268573108381,1.3116726857310839
MLDB-000808,LOMO,Au,mono,Au,10.1021/acs.inorgchem.7b01370,0.51,-0.3110658652800859,0.821065865280086
MLDB-000824,LOMO,Au,mono,Au,10.1021/acs.inorgchem.8b01464,0.62,0.649581685169086,0.02958168516908599
MLDB-000825,LOMO,Au,mono,Au,10.1021/acs.inorgchem.8b01464,0.73,0.8898145336804669,0.15981453368046694
MLDB-000826,LOMO,Au,mono,Au,10.1021/acs.inorgchem.8b01464,0.99,1.211654874463034,0.221654874463034
MLDB-000827,LOMO,Au,mono,Au,10.1021/acs.inorgchem.8b01464,0.66,0.780906667497187,0.12090666749718693
MLDB-000828,LOMO,Au,mono,Au,10.1021/acs.inorgchem.8b01464,1.11,1.1793860042806745,0.06938600428067443
MLDB-000829,LOMO,Au,mono,Au,10.1021/acs.inorgchem.8b01464,1.03,1.5778951968278085,0.5478951968278085
MLDB-000830,LOMO,Au,mono,Au,10.1021/acs.inorgchem.8b01464,1.52,0.8801428284920054,0.6398571715079946
MLDB-000831,LOMO,Au,mono,Au,10.1021/acs.inorgchem.8b01464,1.51,1.6045871809144372,0.09458718091443719
MLDB-000832,LOMO,Au,mono,Au,10.1021/acs.inorgchem.8b01464,0.8,1.611860323009152,0.8118603230091519
MLDB-000874,LOMO,Au,mono,Au,10.1021/acs.jmedchem.7b01694,4.21,-0.18445849869530176,4.394458498695302
MLDB-000875,LOMO,Au,mono,Au,10.1021/acs.jmedchem.7b01694,2.42,-0.0009361490394164959,2.4209361490394166
MLDB-000930,LOMO,Au,mono,Au,10.1021/acschembio.7b00090,0.57,1.250208718580327,0.680208718580327
MLDB-000931,LOMO,Au,mono,Au,10.1021/acschembio.7b00090,0.79,0.8039216082930831,0.013921608293083088
MLDB-000932,LOMO,Au,mono,Au,10.1021/acsmedchemlett.5c00096,0.8,0.6803023553007475,0.11969764469925259
MLDB-000933,LOMO,Au,mono,Au,10.1021/acsmedchemlett.5c00096,0.2,1.1264824718557251,0.9264824718557252
MLDB-000934,LOMO,Au,mono,Au,10.1021/acsmedchemlett.5c00096,0.6,1.2950714560982963,0.6950714560982963
MLDB-000935,LOMO,Au,mono,Au,10.1021/acsmedchemlett.5c00096,1.1,1.7539611965224438,0.6539611965224437
MLDB-000936,LOMO,Au,mono,Au,10.1021/acsmedchemlett.5c00096,1.6,1.8475666040077547,0.24756660400775465
MLDB-000937,LOMO,Au,mono,Au,10.1021/acsmedchemlett.5c00096,1.0,1.7513128750673528,0.7513128750673528
MLDB-000938,LOMO,Au,mono,Au,10.1021/acsmedchemlett.5c00096,1.4,1.9095171769248895,0.5095171769248896
MLDB-000939,LOMO,Au,mono,Au,10.1021/acsmedchemlett.5c00096,0.9,1.4621304304083016,0.5621304304083016
MLDB-000940,LOMO,Au,mono,Au,10.1021/acsmedchemlett.5c00096,0.6,1.1055269208024352,0.5055269208024352
MLDB-000941,LOMO,Au,mono,Au,10.1021/acsmedchemlett.5c00096,1.0,1.1960908394663123,0.19609083946631234
MLDB-000942,LOMO,Au,mono,Au,10.1021/acsmedchemlett.5c00096,1.1,1.3149590496775094,0.21495904967750934
MLDB-000943,LOMO,Au,mono,Au,10.1021/acsmedchemlett.5c00096,1.2,1.7419764314305404,0.5419764314305404
MLDB-000944,LOMO,Au,mono,Au,10.1021/acsmedchemlett.5c00096,0.9,1.5436330670683838,0.6436330670683837
MLDB-000966,LOMO,Au,mono,Au,10.1021/jacs.5c03455,2.64,1.3175759418886943,1.3224240581113058
MLDB-000967,LOMO,Au,mono,Au,10.1021/jacs.5c03455,0.83,1.1129911769428982,0.2829911769428982
MLDB-000968,LOMO,Au,mono,Au,10.1021/jacs.5c03455,0.18,1.4253403360499928,1.2453403360499928
MLDB-000969,LOMO,Au,mono,Au,10.1021/jacs.5c03455,0.15,1.2107669044622615,1.0607669044622616
MLDB-001024,LOMO,Au,mono,Au,10.1039/b902748c,1.74,0.5080212481282685,1.2319787518717313
MLDB-001025,LOMO,Au,mono,Au,10.1039/b902748c,0.29,-0.007203793776342403,0.2972037937763424
MLDB-001026,LOMO,Au,mono,Au,10.1039/b902748c,-1.45,0.10146714126153154,1.5514671412615315
MLDB-001027,LOMO,Au,mono,Au,10.1039/b902748c,2.32,0.7439509139444925,1.5760490860555074
MLDB-001028,LOMO,Au,multi,Au,10.1039/b902748c,1.23,-0.06593060016151486,1.295930600161515
MLDB-001029,LOMO,Au,mono,Au,10.1039/c1dt10368g,-1.73,-0.24661028571970983,1.48338971428029
MLDB-001030,LOMO,Au,mono,Au,10.1039/c1dt10368g,-1.38,-0.42104345492887474,0.9589565450711252
MLDB-001031,LOMO,Au,mono,Au,10.1039/c1dt10368g,0.25,0.9807494589796734,0.7307494589796734
MLDB-001032,LOMO,Au,mono,Au,10.1039/c1dt10368g,0.21,0.2745446921741408,0.0645446921741408
MLDB-001041,LOMO,Au,mono,Au,10.1039/c2sc01127a,1.53,1.4182992251116624,0.11170077488833763
MLDB-001042,LOMO,Au,mono,Au,10.1039/c2sc01127a,1.6,1.7182787918154314,0.11827879181543133
MLDB-001043,LOMO,Au,mono,Au,10.1039/c2sc01127a,1.2,1.7608676326448423,0.5608676326448423
MLDB-001044,LOMO,Au,mono,Au,10.1039/c2sc01127a,-0.08,0.7070133792835205,0.7870133792835204
MLDB-001045,LOMO,Au,mono,Au,10.1039/c2sc01127a,-0.74,0.8224881074655503,1.5624881074655503
MLDB-001046,LOMO,Au,mono,Au,10.1039/c2sc01127a,-0.99,0.8165565376131368,1.8065565376131367
MLDB-001082,LOMO,Au,mono,Au,10.1039/c5dt01802a,-0.07,-0.11321738300629679,0.04321738300629678
MLDB-001083,LOMO,Au,mono,Au,10.1039/c5dt01802a,-0.03,0.18798863863383114,0.21798863863383114
MLDB-001084,LOMO,Au,mono,Au,10.1039/c5dt01802a,-0.15,-0.346931937801592,0.196931937801592
MLDB-001085,LOMO,Au,mono,Au,10.1039/c5dt01802a,-0.16,-0.20475504516946968,0.04475504516946968
MLDB-001086,LOMO,Au,mono,Au,10.1039/c5dt01802a,0.72,0.09434731675256146,0.6256526832474385
MLDB-001087,LOMO,Au,mono,Au,10.1039/c5dt01802a,0.27,0.10823902473502783,0.16176097526497218
MLDB-001088,LOMO,Au,mono,Au,10.1039/c5dt01802a,0.01,-0.2663638478082079,0.2763638478082079
MLDB-001089,LOMO,Au,mono,Au,10.1039/c5dt01802a,0.04,-0.41008199605623175,0.4500819960562317
MLDB-001115,LOMO,Au,mono,Au,10.1039/c6dt02000c,0.75,1.205989409748203,0.4559894097482029
MLDB-001116,LOMO,Au,mono,Au,10.1039/c6dt02000c,0.68,1.1232557624131325,0.44325576241313247
MLDB-001117,LOMO,Au,mono,Au,10.1039/c6dt02000c,0.41,1.0078920015768258,0.5978920015768259
MLDB-001234,LOMO,Au,mono,Au,10.1039/c9dt04423j,0.76,-0.8528819242679361,1.6128819242679362
MLDB-001235,LOMO,Au,mono,Au,10.1039/c9dt04423j,0.93,0.22698191073126153,0.7030180892687385
MLDB-001236,LOMO,Au,mono,Au,10.1039/c9dt04423j,1.02,-0.1002223798005863,1.1202223798005864
MLDB-001237,LOMO,Au,mono,Au,10.1039/c9dt04423j,1.1,0.4564810941112108,0.6435189058887893
MLDB-001238,LOMO,Au,mono,Au,10.1039/c9dt04423j,0.98,0.969426359732033,0.010573640267967033
MLDB-001239,LOMO,Au,mono,Au,10.1039/c9dt04423j,0.74,0.4118661759898648,0.3281338240101352
MLDB-001240,LOMO,Au,mono,Au,10.1039/c9dt04423j,0.89,0.7606597473735086,0.1293402526264914
MLDB-001241,LOMO,Au,mono,Au,10.1039/c9dt04423j,0.66,0.5083850908646013,0.15161490913539877
MLDB-001370,LOMO,Au,mono,Au,10.1039/d2sc04707a,1.64,1.123431945167768,0.516568054832232
MLDB-001371,LOMO,Au,mono,Au,10.1039/d2sc04707a,1.54,0.6223775960135841,0.9176224039864159
MLDB-001372,LOMO,Au,mono,Au,10.1039/d2sc04707a,0.71,0.8552578864198952,0.14525788641989523
MLDB-001373,LOMO,Au,mono,Au,10.1039/d2sc04707a,1.08,0.5986563743103581,0.48134362568964195
MLDB-001374,LOMO,Au,mono,Au,10.1039/d2sc04707a,0.75,0.27386266976097945,0.47613733023902055
MLDB-001375,LOMO,Au,mono,Au,10.1039/d2sc04707a,1.17,0.7092085799281654,0.4607914200718345
MLDB-001376,LOMO,Au,mono,Au,10.1039/d2sc04707a,0.83,0.6116452123731947,0.21835478762680527
MLDB-001377,LOMO,Au,mono,Au,10.1039/d2sc04707a,1.19,0.5732791458717814,0.6167208541282185
MLDB-001411,LOMO,Au,mono,Au,10.1073/pnas.1915202117,2.04,2.066742732562903,0.026742732562902827
MLDB-001412,LOMO,Au,mono,Au,10.1073/pnas.1915202117,2.27,1.964019513574927,0.30598048642507303
MLDB-001413,LOMO,Au,mono,Au,10.1073/pnas.1915202117,1.96,2.626200431268201,0.666200431268201
MLDB-001432,LOMO,Au,mono,Au,10.18632/oncotarget.25556,2.12,-0.7870050874645127,2.907005087464513
MLDB-001433,LOMO,Au,mono,Au,10.18632/oncotarget.25556,0.06,-0.008845279271983109,0.06884527927198311
MLDB-001451,LOMO,Au,mono,Au,10.3389/fchem.2026.1724206,3.4,0.6276357394684833,2.772364260531517
MLDB-001452,LOMO,Au,mono,Au,10.3389/fchem.2026.1724206,4.7,1.07424143304271,3.6257585669572903
MLDB-001453,LOMO,Au,mono,Au,10.3389/fchem.2026.1724206,2.7,0.30041387226912847,2.399586127730872
MLDB-001454,LOMO,Au,mono,Au,10.3389/fchem.2026.1724206,3.9,0.6503185561343412,3.2496814438656587
MLDB-001515,LOMO,Au,mono,Au,10.3390/molecules28031050,0.6,-0.5513203400350385,1.1513203400350385
MLDB-001516,LOMO,Au,mono,Au,10.3390/molecules28031050,0.1,-0.33059900045802026,0.43059900045802024
MLDB-001517,LOMO,Au,mono,Au,10.3390/molecules28031050,0.7,-0.0025911475128630474,0.702591147512863
MLDB-001518,LOMO,Au,mono,Au,10.3390/molecules28031050,-0.7,-0.18210368846466893,0.517896311535331
MLDB-001529,LOMO,Au,mono,Au,10.1007/s002800000166,1.41,1.3367389957374987,0.07326100426250126
MLDB-001530,LOMO,Au,mono,Au,10.1007/s002800000166,1.14,0.5939954065928811,0.5460045934071188
MLDB-001531,LOMO,Au,mono,Au,10.1007/s002800000166,-1.46,-0.343884714391942,1.1161152856080578
MLDB-001532,LOMO,Au,mono,Au,10.1007/s002800000166,-1.77,0.053100026713512376,1.8231000267135125
MLDB-001773,LOMO,Au,mono,Au,10.1021/acsmedchemlett.7b00162,4.6,0.6719082747364444,3.928091725263555
MLDB-001774,LOMO,Au,mono,Au,10.1021/acsmedchemlett.7b00162,1.7,-0.03705481820264279,1.7370548182026428
MLDB-001775,LOMO,Au,mono,Au,10.1021/acsmedchemlett.7b00162,1.6,0.17284810330341036,1.4271518966965897
MLDB-001809,LOMO,Au,mono,Au,10.1002/chem.200902741,1.88,1.964019513574927,0.0840195135749271
MLDB-001810,LOMO,Au,mono,Au,10.1002/chem.200902741,1.94,1.870644184431587,0.06935581556841286
MLDB-001811,LOMO,Au,mono,Au,10.1002/chem.200902741,1.7,1.5066142583784514,0.19338574162154853
MLDB-001812,LOMO,Au,mono,Au,10.1002/chem.200902741,1.05,1.9154322677429414,0.8654322677429414
MLDB-001813,LOMO,Au,mono,Au,10.1002/chem.200902741,1.24,1.7867197043579028,0.5467197043579028
MLDB-001814,LOMO,Au,mono,Au,10.1002/chem.200902741,1.05,1.8436653236176372,0.7936653236176372
MLDB-001815,LOMO,Au,mono,Au,10.1002/chem.200902741,1.95,1.805836862204649,0.14416313779535095
MLDB-001816,LOMO,Au,mono,Au,10.1002/chem.200902741,0.92,1.184383543672869,0.26438354367286887
MLDB-001817,LOMO,Au,mono,Au,10.1002/chem.200902741,0.47,0.24401829037631323,0.22598170962368674
MLDB-001818,LOMO,Au,mono,Au,10.1002/chem.200902741,1.15,1.0699703370780906,0.08002966292190927
MLDB-001819,LOMO,Au,mono,Au,10.1002/chem.200902741,0.55,0.24401829037631323,0.3059817096236868
MLDB-001820,LOMO,Au,mono,Au,10.1002/chem.200902741,1.14,1.0699703370780906,0.07002966292190926
MLDB-001821,LOMO,Au,mono,Au,10.1002/chem.200902741,1.81,2.6218517170368387,0.8118517170368387
MLDB-001822,LOMO,Au,mono,Au,10.1002/chem.200902741,-1.85,0.16067303123455506,2.010673031234555
MLDB-001823,LOMO,Au,mono,Au,10.1002/chem.200902741,-1.43,-0.21331775038346212,1.2166822496165377
MLDB-001824,LOMO,Au,mono,Au,10.1002/chem.200902741,1.32,1.9617660784786946,0.6417660784786945
MLDB-001825,LOMO,Au,mono,Au,10.1002/chem.200902741,0.76,1.6331448891568041,0.8731448891568041
MLDB-001826,LOMO,Au,mono,Au,10.1002/chem.200902741,0.95,1.742232129784388,0.792232129784388
MLDB-001827,LOMO,Au,mono,Au,10.1002/chem.200902741,0.76,1.8714774708502269,1.1114774708502269
MLDB-001828,LOMO,Au,mono,Au,10.1002/chem.200902741,0.84,2.0223694428875167,1.1823694428875169
MLDB-001829,LOMO,Au,mono,Au,10.1002/chem.200902741,1.76,1.832708943586225,0.07270894358622493
MLDB-001830,LOMO,Au,mono,Au,10.1002/chem.200902741,1.88,2.058389695807119,0.17838969580711916
MLDB-002583,LOMO,Au,mono,Au,10.1016/j.jinorgbio.2010.10.016,-0.71,-1.1859779823552055,0.4759779823552055
MLDB-002591,LOMO,Au,multi,Au,10.1016/j.poly.2016.02.012,-1.09,0.47156668041422667,1.5615666804142267
MLDB-002621,LOMO,Au,multi,Au,10.1016/j.ica.2015.08.017,0.33,-0.5923718317545021,0.9223718317545022
MLDB-002669,LOMO,Au,mono,Au,10.1039/d4dt00851k,1.8,1.0357459722556892,0.7642540277443108
MLDB-002711,LOMO,Au,mono,Au,10.1021/acsami.3c10025,0.195,0.39323136787786256,0.19823136787786255
MLDB-002712,LOMO,Au,mono,Au,10.1021/acsami.3c10025,0.235,0.6359770124084696,0.4009770124084696
MLDB-002713,LOMO,Au,mono,Au,10.1021/acsami.3c10025,1.635,0.8573316856468044,0.7776683143531956
MLDB-003170,LOMO,Au,mono,Au,10.1002/anie.201209787,-1.41,-0.026220837725213168,1.3837791622747868
MLDB-003171,LOMO,Au,mono,Au,10.1002/anie.201209787,-0.93,0.9418796421119987,1.8718796421119988
MLDB-003172,LOMO,Au,mono,Au,10.1002/anie.201209787,2.35,2.1471206974353154,0.20287930256468467
MLDB-003173,LOMO,Au,mono,Au,10.1002/anie.201209787,-0.05,0.4535773619351838,0.5035773619351838
MLDB-003516,LOMO,Au,multi,Au,10.1021/acs.inorgchem.7b01082,0.4,0.3724639112175215,0.02753608878247854
MLDB-003517,LOMO,Au,multi,Au,10.1021/acs.inorgchem.7b01082,0.9,0.3972807584033236,0.5027192415966764
MLDB-003518,LOMO,Au,multi,Au,10.1021/acs.inorgchem.7b01082,0.7,0.41012839608119495,0.289871603918805
MLDB-003519,LOMO,Au,multi,Au,10.1021/acs.inorgchem.7b01082,0.6,0.39493067791439973,0.20506932208560025
MLDB-003520,LOMO,Au,multi,Au,10.1021/acs.inorgchem.7b01082,0.3,0.39250867380648613,0.09250867380648614
MLDB-003521,LOMO,Au,multi,Au,10.1021/acs.inorgchem.7b01082,0.4,0.39250867380648613,0.007491326193513892
MLDB-003522,LOMO,Au,multi,Au,10.1021/acs.inorgchem.7b01082,0.3,0.2813591441223818,0.018640855877618212
MLDB-003763,LOMO,Au,multi,Au,10.1016/j.jinorgbio.2014.08.013,-0.6,0.4416407184476541,1.0416407184476542
MLDB-003764,LOMO,Au,multi,Au,10.1016/j.jinorgbio.2014.08.013,-0.9,-0.8984528515336743,0.001547148466325754
MLDB-003765,LOMO,Au,multi,Au,10.1016/j.jinorgbio.2014.08.013,-0.1,-0.10860825692892592,0.008608256928925917
MLDB-003766,LOMO,Au,multi,Au,10.1016/j.jinorgbio.2014.08.013,-0.6,-1.1197790821342,0.5197790821342
MLDB-003767,LOMO,Au,multi,Au,10.1016/j.jinorgbio.2014.08.013,-0.4,-0.5711412289231135,0.17114122892311345
MLDB-003768,LOMO,Au,multi,Au,10.1016/j.jinorgbio.2014.08.013,-1.0,-0.6816957727041651,0.31830422729583485
MLDB-004180,LOMO,Au,mono,Au,10.3390/pharmaceutics14102064,0.34,1.4212575433973806,1.0812575433973806
MLDB-004181,LOMO,Au,mono,Au,10.3390/pharmaceutics14102064,1.32,1.4569440017704098,0.13694400177040977
MLDB-004182,LOMO,Au,mono,Au,10.3390/pharmaceutics14102064,1.96,1.4545493902305973,0.5054506097694027
MLDB-004183,LOMO,Au,mono,Au,10.3390/pharmaceutics14102064,0.22,1.4281468018213384,1.2081468018213384
MLDB-004184,LOMO,Au,mono,Au,10.3390/pharmaceutics14102064,0.42,1.5268283411995525,1.1068283411995525
MLDB-004185,LOMO,Au,mono,Au,10.3390/pharmaceutics14102064,1.47,1.7229225238512904,0.25292252385129044
MLDB-004186,LOMO,Au,mono,Au,10.3390/pharmaceutics14102064,1.11,1.643637276905878,0.5336372769058779
MLDB-004187,LOMO,Au,mono,Au,10.3390/pharmaceutics14102064,3.4,1.5048670308729553,1.8951329691270447
MLDB-004207,LOMO,Au,mono,Au,10.1021/jacsau.0c00104,0.83,0.717448330783545,0.11255166921645499
MLDB-004208,LOMO,Au,mono,Au,10.1021/jacsau.0c00104,0.35,1.0566817271661495,0.7066817271661495
MLDB-004209,LOMO,Au,mono,Au,10.1016/j.jorganchem.2020.121340,0.78,0.036227791779964734,0.7437722082200353
MLDB-004210,LOMO,Au,mono,Au,10.1016/j.jorganchem.2020.121340,1.88,0.0023166458462967644,1.877683354153703
MLDB-004211,LOMO,Au,mono,Au,10.1016/j.jorganchem.2020.121340,0.69,-0.48197025479080724,1.171970254790807
MLDB-004212,LOMO,Au,mono,Au,10.1016/j.jorganchem.2020.121340,0.34,-0.5866958006526629,0.9266958006526629
MLDB-004213,LOMO,Au,mono,Au,10.1016/j.jorganchem.2020.121340,0.47,-0.7338337615229619,1.203833761522962
MLDB-004214,LOMO,Au,mono,Au,10.1016/j.jorganchem.2020.121340,1.08,0.012035203366850761,1.0679647966331494
MLDB-004215,LOMO,Au,mono,Au,10.1016/j.jorganchem.2020.121340,1.73,0.18138259860260347,1.5486174013973966
MLDB-004216,LOMO,Au,mono,Au,10.1016/j.jorganchem.2020.121340,1.03,-0.09955638814232814,1.129556388142328
MLDB-004217,LOMO,Au,mono,Au,10.1016/j.jorganchem.2020.121340,0.47,-0.4204252478698139,0.8904252478698138
MLDB-004218,LOMO,Au,mono,Au,10.1016/j.jorganchem.2020.121340,0.58,-0.5065301763158173,1.0865301763158173
MLDB-004219,LOMO,Au,mono,Au,10.1016/j.jorganchem.2020.121340,0.41,-0.09724358007379529,0.5072435800737952
MLDB-004220,LOMO,Au,mono,Au,10.1016/j.jorganchem.2020.121340,1.23,0.0050699577332881515,1.2249300422667118
MLDB-004221,LOMO,Au,mono,Au,10.1016/j.jorganchem.2020.121340,0.56,-0.22906286444093563,0.7890628644409357
MLDB-004222,LOMO,Au,mono,Au,10.1016/j.jorganchem.2020.121340,0.87,-0.4814318057119452,1.3514318057119452
MLDB-004223,LOMO,Au,mono,Au,10.1016/j.ejmech.2014.04.001,-1.04,-0.9453084044529357,0.0946915955470643
MLDB-004224,LOMO,Au,mono,Au,10.1016/j.ejmech.2014.04.001,-0.81,-1.0755492742583426,0.2655492742583425
MLDB-004225,LOMO,Au,mono,Au,10.1016/j.ejmech.2014.04.001,-0.01,-0.4368498994626691,0.4268498994626691
MLDB-004226,LOMO,Au,mono,Au,10.1016/j.ejmech.2014.04.001,-0.01,-0.5416604293944329,0.5316604293944329
MLDB-004227,LOMO,Au,mono,Au,10.1016/j.ejmech.2014.04.001,0.15,0.011813939374409785,0.13818606062559022
MLDB-004228,LOMO,Au,mono,Au,10.1016/j.ejmech.2014.04.001,0.18,-0.3678365162789266,0.5478365162789266
MLDB-004229,LOMO,Au,mono,Au,10.1016/j.ejmech.2014.04.001,-0.55,0.08865131571462241,0.6386513157146224
MLDB-004230,LOMO,Au,mono,Au,10.1016/j.ejmech.2014.04.001,-0.48,-0.02208854300524605,0.45791145699475394
MLDB-004231,LOMO,Au,mono,Au,10.1016/j.ejmech.2014.04.001,-0.3,-0.565612580797528,0.265612580797528
MLDB-004232,LOMO,Au,mono,Au,10.1016/j.ejmech.2014.04.001,-0.26,-0.8767296098099137,0.6167296098099136
MLDB-004233,LOMO,Au,mono,Au,10.1016/j.ejmech.2014.04.001,-0.51,-0.09334582746269297,0.416654172537307
MLDB-004234,LOMO,Au,mono,Au,10.1016/j.ejmech.2014.04.001,-0.46,-0.46352691053911443,0.003526910539114414
MLDB-004235,LOMO,Au,mono,Au,10.1016/j.jinorgbio.2016.11.009,0.4,0.41119470295816196,0.01119470295816194
MLDB-004236,LOMO,Au,mono,Au,10.1002/jlcr.3068,-1.92,-0.3181595746556199,1.60184042534438
MLDB-004237,LOMO,Au,mono,Au,10.1016/j.jinorgbio.2011.05.011,0.97,0.07694531369999752,0.8930546863000024
MLDB-004238,LOMO,Au,mono,Au,10.1016/j.jinorgbio.2011.05.011,2.42,0.19968844593053467,2.220311554069465
MLDB-004239,LOMO,Au,multi,Au,10.1039/c6dt01409g,-2.36,-0.35505344943336276,2.004946550566637
MLDB-004240,LOMO,Au,multi,Au,10.1039/c6dt01409g,-2.35,-0.11195413333242404,2.238045866667576
MLDB-004241,LOMO,Au,multi,Au,10.1039/c6dt01409g,-1.15,-0.33143785823917493,0.818562141760825
MLDB-004242,LOMO,Au,multi,Au,10.1039/c6dt01409g,-1.1,0.45615085494377244,1.5561508549437726
MLDB-004243,LOMO,Au,mono,Au,10.1016/j.ejmech.2019.111661,0.99,1.3756559572432092,0.3856559572432092
MLDB-004244,LOMO,Au,mono,Au,10.1016/j.ejmech.2019.111661,0.92,1.3290624312928139,0.40906243129281383
MLDB-004245,LOMO,Au,mono,Au,10.1016/j.ejmech.2019.111661,1.17,1.3001259198146728,0.13012591981467292
MLDB-004246,LOMO,Au,mono,Au,10.1016/j.ejmech.2019.111661,1.2,1.4204152995373862,0.22041529953738626
MLDB-004247,LOMO,Au,mono,Au,10.1016/j.ejmech.2019.111661,0.78,0.7657171748910118,0.014282825108988262
MLDB-004248,LOMO,Au,mono,Au,10.1016/j.ejmech.2019.111661,0.8,0.7376509639706899,0.06234903602931019
MLDB-004249,LOMO,Au,mono,Au,10.1016/j.ejmech.2019.111661,0.23,0.7594264420840564,0.5294264420840564
MLDB-004250,LOMO,Au,mono,Au,10.1016/j.ejmech.2019.111661,0.44,0.7592061244046922,0.31920612440469215
MLDB-004251,LOMO,Au,mono,Au,10.1002/ejic.201201411,-0.4,-0.5327729919684581,0.13277299196845804
MLDB-004252,LOMO,Au,mono,Au,10.1002/ejic.201201411,-0.34,-0.6076911123141515,0.2676911123141515
MLDB-004253,LOMO,Au,mono,Au,10.1002/ejic.201201411,-0.39,-0.32635466842418187,0.06364533157581814
MLDB-004254,LOMO,Au,mono,Au,10.1002/ejic.201201411,-0.14,-0.30604904145174877,0.16604904145174876
MLDB-004255,LOMO,Au,mono,Au,10.1039/b705008a,-0.46,-1.038196962758433,0.5781969627584331
MLDB-004256,LOMO,Au,mono,Au,10.1039/c7mt00017k,-1.98,-0.9971161412119032,0.9828838587880968
MLDB-004257,LOMO,Au,mono,Au,10.1039/c7mt00017k,0.38,-0.19698193696373206,0.5769819369637321
MLDB-004258,LOMO,Au,mono,Au,10.1039/c7mt00017k,-0.78,0.029811634873028788,0.8098116348730288
MLDB-004259,LOMO,Au,mono,Au,10.1039/b602560a,-1.09,-1.1051525479116027,0.015152547911602587
MLDB-004260,LOMO,Au,mono,Au,10.1039/b602560a,-0.83,-0.17352939532268224,0.6564706046773177
MLDB-004261,LOMO,Au,mono,Au,10.1039/b602560a,0.3,0.3909697759413392,0.0909697759413392
MLDB-004262,LOMO,Au,mono,Au,10.1039/b602560a,1.09,0.703746409268845,0.38625359073115506
MLDB-004263,LOMO,Au,mono,Au,10.1039/b602560a,1.73,0.3013392342530121,1.4286607657469879
MLDB-004264,LOMO,Au,multi,Au,10.1002/advs.202504729,-0.03,1.3338336180281445,1.3638336180281445
MLDB-004265,LOMO,Au,mono,Au,10.1039/d6qi00134c,0.09,0.6587596132647521,0.5687596132647521
MLDB-004266,LOMO,Au,mono,Au,10.1039/d6qi00134c,0.13,1.4099876464589782,1.2799876464589781
MLDB-004267,LOMO,Au,mono,Au,10.1039/d6qi00134c,0.14,1.603055133608698,1.463055133608698
MLDB-004268,LOMO,Au,mono,Au,10.1039/d6qi00134c,0.22,1.628351490905691,1.4083514909056911
MLDB-004269,LOMO,Au,mono,Au,10.1039/d6qi00134c,1.14,1.9192748917377058,0.7792748917377059
MLDB-004270,LOMO,Au,mono,Au,10.1039/d6qi00134c,0.44,1.473767158037497,1.033767158037497
MLDB-004271,LOMO,Au,mono,Au,10.1039/d6qi00134c,0.16,2.160279285937211,2.0002792859372107
MLDB-004272,LOMO,Au,mono,Au,10.1039/d6qi00134c,0.68,2.0919010277604517,1.4119010277604516
MLDB-004273,LOMO,Au,mono,Au,10.1039/d6qi00134c,0.93,1.908537374570806,0.978537374570806
MLDB-004274,LOMO,Au,mono,Au,10.1039/d6qi00134c,0.7,1.60445742686632,0.9044574268663201
MLDB-004275,LOMO,Au,mono,Au,10.1039/d6qi00134c,0.55,2.0622305961641003,1.5122305961641003
MLDB-004276,LOMO,Au,mono,Au,10.1039/d6qi00134c,0.21,1.1736288571741162,0.9636288571741163
MLDB-004277,LOMO,Au,mono,Au,10.1039/d6qi00134c,0.15,2.1087344088284836,1.9587344088284837
MLDB-004278,LOMO,Au,mono,Au,10.1039/d6qi00134c,1.09,1.839844273701322,0.749844273701322
MLDB-004279,LOMO,Au,mono,Au,10.1039/d6qi00134c,1.15,2.103820985143968,0.9538209851439681
MLDB-004280,LOMO,Au,mono,Au,10.1002/ceur.202500483,2.02,0.9251772302275161,1.094822769772484
MLDB-004281,LOMO,Au,mono,Au,10.1002/ceur.202500483,1.65,1.2555558779848526,0.39444412201514734
MLDB-004282,LOMO,Au,mono,Au,10.1002/ceur.202500483,1.54,1.543790007696934,0.003790007696933939
MLDB-004283,LOMO,Au,mono,Au,10.1002/ceur.202500483,1.5,0.9534356538565235,0.5465643461434765
MLDB-004284,LOMO,Au,mono,Au,10.1002/ceur.202500483,1.69,1.2969830097581918,0.39301699024180814
MLDB-004285,LOMO,Au,mono,Au,10.1002/ceur.202500483,2.62,1.1689443797588475,1.4510556202411526
MLDB-004286,LOMO,Au,mono,Au,10.1002/ceur.202500483,1.58,1.7364885895631736,0.15648858956317357
MLDB-004287,LOMO,Au,mono,Au,10.1002/ceur.202500483,1.38,1.8452681524967163,0.4652681524967164
MLDB-004288,LOMO,Au,mono,Au,10.1002/ceur.202500483,1.45,1.0260754586680443,0.4239245413319557
MLDB-004289,LOMO,Au,mono,Au,10.1002/ceur.202500483,1.79,1.6565013490364824,0.13349865096351765
MLDB-004290,LOMO,Au,mono,Au,10.1002/ceur.202500483,1.04,1.2910331008132085,0.2510331008132085
MLDB-004294,LOMO,Au,mono,Au,10.1021/acs.inorgchem.5c05908,1.9,1.910227045259024,0.01022704525902407
MLDB-004295,LOMO,Au,mono,Au,10.1021/acs.inorgchem.5c05908,1.7,1.9847566887932455,0.28475668879324556
MLDB-004296,LOMO,Au,mono,Au,10.1021/acs.inorgchem.5c05908,1.3,1.8568574149366504,0.5568574149366503
MLDB-004297,LOMO,Au,mono,Au,10.1021/acs.inorgchem.5c05908,2.1,2.03150509902301,0.06849490097699018
MLDB-004298,LOMO,Au,mono,Au,10.1021/acs.inorgchem.5c05908,1.5,1.382562759400795,0.11743724059920502
MLDB-004299,LOMO,Au,mono,Au,10.1021/acs.inorgchem.5c05908,1.8,1.286633283737682,0.5133667162623181
MLDB-004300,LOMO,Au,multi,Au,10.1021/acs.inorgchem.5c05908,1.0,2.1165752888728426,1.1165752888728426
MLDB-004301,LOMO,Au,multi,Au,10.1021/acs.inorgchem.5c05908,1.6,2.332252647976182,0.732252647976182
MLDB-004308,LOMO,Au,mono,Au,10.1039/d5sc05555e,1.6,0.7433813976519277,0.8566186023480724
MLDB-004309,LOMO,Au,mono,Au,10.1039/d5sc05555e,1.2,0.7695737757783968,0.43042622422160315
MLDB-004310,LOMO,Au,mono,Au,10.1039/d5sc05555e,1.5,1.2424719819880705,0.2575280180119295
MLDB-004311,LOMO,Au,mono,Au,10.1039/d5sc05555e,1.4,1.2165905475837806,0.1834094524162193
MLDB-004321,LOMO,Au,mono,Au,10.1016/j.ejmech.2024.116757,1.23,0.9306768612150458,0.2993231387849542
MLDB-004322,LOMO,Au,mono,Au,10.3390/antibiotics14020118,1.25,0.5086826282098739,0.7413173717901261
MLDB-004333,LOMO,Au,mono,Au,10.1039/d4dt01879f,0.81,0.5401501079090956,0.2698498920909045
MLDB-004334,LOMO,Au,mono,Au,10.1039/d4dt01879f,1.0,0.5113308012947996,0.4886691987052004
MLDB-004335,LOMO,Au,mono,Au,10.1039/d4dt01879f,1.27,0.30227611403601057,0.9677238859639894
MLDB-004336,LOMO,Au,mono,Au,10.1039/d4dt01879f,1.37,0.3650419298796369,1.004958070120363
MLDB-004337,LOMO,Au,mono,Au,10.1016/j.jorganchem.2024.123167,-0.35,1.039958557959528,1.389958557959528
MLDB-004338,LOMO,Au,mono,Au,10.1016/j.jorganchem.2024.123167,-0.46,1.1554144592205515,1.6154144592205515
MLDB-004339,LOMO,Au,mono,Au,10.1016/j.jorganchem.2024.123167,-0.49,1.153024807680982,1.643024807680982
MLDB-004340,LOMO,Au,mono,Au,10.1016/j.jorganchem.2024.123167,-0.64,1.0582756052373348,1.6982756052373347
MLDB-004341,LOMO,Au,mono,Au,10.1016/j.jorganchem.2024.123167,-0.54,1.180388695264071,1.720388695264071
MLDB-004343,LOMO,Au,mono,Au,10.1093/mtomcs/mfac056,1.13,1.0159856314817288,0.11401436851827107
MLDB-004344,LOMO,Au,mono,Au,10.1093/mtomcs/mfac056,1.87,0.19534860595437256,1.6746513940456276
MLDB-004345,LOMO,Au,mono,Au,10.1093/mtomcs/mfac056,0.82,-0.22638314928967163,1.0463831492896716
MLDB-004346,LOMO,Au,mono,Au,10.1093/mtomcs/mfac056,0.7,0.18703617034070155,0.5129638296592984
MLDB-004347,LOMO,Au,mono,Au,10.3390/biomedicines10061437,0.75,0.8819412893695029,0.1319412893695029
MLDB-004348,LOMO,Au,mono,Au,10.3390/biomedicines10061437,0.71,0.9769371798493799,0.2669371798493799
MLDB-004349,LOMO,Au,mono,Au,10.3390/biomedicines10061437,0.91,0.9708618738386915,0.06086187383869146
MLDB-004350,LOMO,Au,mono,Au,10.3390/biomedicines10061437,-0.4,-0.7472734965719598,0.3472734965719598
MLDB-004351,LOMO,Au,mono,Au,10.3390/biomedicines10061437,-0.78,-0.7879292910457113,0.007929291045711273
MLDB-004352,LOMO,Au,mono,Au,10.3390/biomedicines10061437,-0.83,-0.8616365460034492,0.03163654600344923
MLDB-004353,LOMO,Au,mono,Au,10.3390/biomedicines10061437,0.35,0.4195836963822985,0.0695836963822985
MLDB-004354,LOMO,Au,mono,Au,10.3390/biomedicines10061437,-0.13,0.41223775466527746,0.5422377546652775
MLDB-004355,LOMO,Au,mono,Au,10.3390/biomedicines10061437,0.42,0.7679187305581672,0.3479187305581672
MLDB-004356,LOMO,Au,mono,Au,10.3390/biomedicines10061437,0.36,0.7866395530976704,0.42663955309767043
MLDB-004357,LOMO,Au,mono,Au,10.1016/j.bcp.2024.116716,1.26,-0.1800198344619383,1.4400198344619384
MLDB-004358,LOMO,Au,mono,Au,10.1039/d2dt00836j,0.9,1.098663470536837,0.19866347053683697
MLDB-004689,LOMO,Au,mono,Au,10.1002/chem.202502613,0.99,0.9537707503287184,0.036229249671281605
MLDB-004692,LOMO,Au,mono,Au,10.1002/chem.202502613,1.53,0.9555005732944979,0.5744994267055021
MLDB-004772,LOMO,Au,mono,Au,10.1021/acs.inorgchem.9b02528,0.63,0.6170020213561214,0.012997978643878638
MLDB-004773,LOMO,Au,mono,Au,10.1021/acs.inorgchem.9b02528,1.33,0.562223884579996,0.7677761154200041
MLDB-004774,LOMO,Au,mono,Au,10.1021/acs.inorgchem.9b02528,0.66,0.6708730530652107,0.010873053065210692
MLDB-004775,LOMO,Au,mono,Au,10.1021/acs.inorgchem.9b02528,0.91,0.6138605524357056,0.29613944756429444
MLDB-004776,LOMO,Au,mono,Au,10.1021/acs.inorgchem.9b02528,1.03,0.6199602574709882,0.4100397425290119
MLDB-004777,LOMO,Au,mono,Au,10.1021/acs.inorgchem.9b02528,1.24,0.1051938032370026,1.1348061967629974
MLDB-004778,LOMO,Au,mono,Au,10.1021/acs.inorgchem.9b02528,1.2,0.11992698809842788,1.080073011901572
MLDB-002363,LOMO,Fe,multi,Fe,10.1002/chem.202101048,0.0,0.016107331242199156,0.016107331242199156
MLDB-002365,LOMO,Fe,multi,Fe,10.1002/chem.202101048,-0.46,0.050512299429124025,0.510512299429124
MLDB-002366,LOMO,Fe,multi,Fe,10.1002/chem.202101048,-1.1,-0.013229738995658309,1.0867702610043417
MLDB-002367,LOMO,Fe,multi,Fe,10.1002/chem.202101048,-0.25,-0.033639205630516464,0.21636079436948352
MLDB-002368,LOMO,Fe,multi,Fe,10.1002/chem.202101048,-1.01,-0.28165594555336215,0.7283440544466379
MLDB-002369,LOMO,Fe,multi,Fe,10.1002/chem.202101048,0.1,0.3372114836904526,0.2372114836904526
MLDB-002370,LOMO,Fe,multi,Fe,10.1002/chem.202101048,0.2,0.4992044649750452,0.2992044649750452
MLDB-002371,LOMO,Fe,multi,Fe,10.1021/acs.organomet.9b00681,-0.9,0.007606260624659604,0.9076062606246597
MLDB-002372,LOMO,Fe,multi,Fe,10.1021/acs.organomet.9b00681,-0.9,-0.6578441888602767,0.2421558111397233
MLDB-002373,LOMO,Fe,multi,Fe,10.1021/acs.organomet.9b00681,-0.27,-0.13317684093995344,0.13682315906004658
MLDB-002374,LOMO,Fe,multi,Fe,10.1021/acs.organomet.9b00681,-0.51,0.05814850583705679,0.5681485058370568
MLDB-002375,LOMO,Fe,multi,Fe,10.1021/acs.organomet.9b00681,0.29,0.16711805953448175,0.12288194046551823
MLDB-002376,LOMO,Fe,multi,Fe,10.1021/acs.organomet.9b00681,-0.09,0.3269538440532298,0.41695384405322977
MLDB-002377,LOMO,Fe,multi,Fe,10.1021/acs.organomet.9b00681,-0.9,-0.29526707244441747,0.6047329275555826
MLDB-002381,LOMO,Fe,multi,Fe,10.1021/acs.organomet.9b00681,1.2,0.3779650404681815,0.8220349595318184
MLDB-002383,LOMO,Fe,multi,Fe,10.1021/acs.organomet.9b00681,1.0,0.4804533411639919,0.519546658836008
MLDB-002475,LOMO,Fe,mono,Fe,10.1021/acs.jmedchem.1c02186,0.46,0.7598113118710706,0.29981131187107063
MLDB-002552,LOMO,Fe,mono,Fe,10.1002/anie.202307838,0.68,0.6557448949064733,0.024255105093526796
MLDB-002565,LOMO,Fe,multi,Fe,10.1038/s41598-025-33889-5,1.865,1.0656410655298283,0.7993589344701717
MLDB-003108,LOMO,Fe,multi,Fe,10.3390/pharmaceutics13081158,0.45,1.052226637801425,0.6022266378014249
MLDB-003109,LOMO,Fe,multi,Fe,10.3390/pharmaceutics13081158,1.4,0.9895482885605589,0.41045171143944104
MLDB-003110,LOMO,Fe,multi,Fe,10.3390/pharmaceutics13081158,0.56,0.7893527213067746,0.22935272130677453
MLDB-003111,LOMO,Fe,multi,Fe,10.3390/pharmaceutics13081158,-0.75,0.07465137958235929,0.8246513795823593
MLDB-003112,LOMO,Fe,multi,Fe,10.3390/pharmaceutics13081158,-0.09,0.45739128823986247,0.5473912882398625
MLDB-003113,LOMO,Fe,multi,Fe,10.3390/pharmaceutics13081158,-0.77,0.07312234830500312,0.8431223483050031
MLDB-003114,LOMO,Fe,multi,Fe,10.3390/pharmaceutics13081158,-0.29,1.1198703920861615,1.4098703920861615
MLDB-003115,LOMO,Fe,multi,Fe,10.3390/pharmaceutics13081158,0.41,1.140525974109053,0.7305259741090531
MLDB-003116,LOMO,Fe,multi,Fe,10.3390/pharmaceutics13081158,-0.17,0.8256659495226008,0.9956659495226008
MLDB-003117,LOMO,Fe,multi,Fe,10.3390/pharmaceutics13081158,-0.26,0.5888873865011762,0.8488873865011762
MLDB-003118,LOMO,Fe,multi,Fe,10.3390/pharmaceutics13081158,-0.43,0.48550519431648825,0.9155051943164882
MLDB-003119,LOMO,Fe,multi,Fe,10.3390/pharmaceutics13081158,0.13,0.5954250213610666,0.46542502136106656
MLDB-003120,LOMO,Fe,multi,Fe,10.3390/pharmaceutics13081158,-0.46,0.7007115952360524,1.1607115952360525
MLDB-003121,LOMO,Fe,multi,Fe,10.3390/pharmaceutics13081158,0.37,0.7751459137186417,0.4051459137186417
MLDB-003122,LOMO,Fe,multi,Fe,10.3390/pharmaceutics13081158,-0.21,0.42790722105920964,0.6379072210592096
MLDB-003123,LOMO,Fe,multi,Fe,10.3390/pharmaceutics13081158,0.38,0.3962091662836527,0.01620916628365271
MLDB-003124,LOMO,Fe,multi,Fe,10.1021/acs.organomet.1c00519,-0.9,-1.0941736707666125,0.19417367076661252
MLDB-003125,LOMO,Fe,multi,Fe,10.1021/acs.organomet.1c00519,-0.71,-0.6660468050569468,0.043953194943053164
MLDB-003126,LOMO,Fe,multi,Fe,10.1021/acs.organomet.1c00519,-0.12,0.21748961924361085,0.33748961924361087
MLDB-003127,LOMO,Fe,multi,Fe,10.1021/acs.organomet.1c00519,-0.83,-0.6660468050569468,0.16395319494305316
MLDB-003128,LOMO,Fe,multi,Fe,10.1021/acs.organomet.1c00519,-0.53,-0.23572775792863251,0.2942722420713675
MLDB-003129,LOMO,Fe,multi,Fe,10.1021/acs.organomet.1c00519,0.43,0.4600939803432853,0.03009398034328531
MLDB-003130,LOMO,Fe,multi,Fe,10.1021/acs.organomet.1c00519,-0.7,0.16613572571049887,0.8661357257104988
MLDB-003131,LOMO,Fe,multi,Fe,10.1021/acs.organomet.1c00519,-0.19,0.7047310248529275,0.8947310248529274
MLDB-003132,LOMO,Fe,multi,Fe,10.1016/j.ejmech.2025.117364,-0.99,0.644340971689583,1.634340971689583
MLDB-003133,LOMO,Fe,multi,Fe,10.1016/j.ejmech.2025.117364,0.33,0.6096598279823062,0.2796598279823062
MLDB-003134,LOMO,Fe,multi,Fe,10.1016/j.ejmech.2025.117364,0.19,0.5504387633779269,0.36043876337792685
MLDB-003135,LOMO,Fe,multi,Fe,10.1016/j.ejmech.2025.117364,0.8,0.63583075957487,0.16416924042513004
MLDB-003136,LOMO,Fe,multi,Fe,10.1016/j.ejmech.2025.117364,-0.53,0.4834427111232938,1.0134427111232938
MLDB-003138,LOMO,Fe,mono,Fe,10.1002/aoc.4779,1.6,0.4782452397654068,1.1217547602345932
MLDB-003139,LOMO,Fe,mono,Fe,10.1002/aoc.4779,1.09,0.4884606141565671,0.601539385843433
MLDB-003140,LOMO,Fe,mono,Fe,10.1002/aoc.4779,0.99,0.0043136683526686795,0.9856863316473313
MLDB-003141,LOMO,Fe,mono,Fe,10.1002/aoc.4779,2.6,0.31564804864208007,2.28435195135792
MLDB-003142,LOMO,Fe,mono,Fe,10.1002/aoc.4779,1.97,0.6888802981641396,1.2811197018358604
MLDB-003143,LOMO,Fe,mono,Fe,10.1002/aoc.4779,2.0,0.6990956725552994,1.3009043274447007
MLDB-003144,LOMO,Fe,mono,Fe,10.1002/aoc.4779,1.01,0.003496330786689777,1.0065036692133102
MLDB-003145,LOMO,Fe,mono,Fe,10.1002/aoc.4779,2.4,0.5070784847898827,1.892921515210117
MLDB-003146,LOMO,Fe,multi,Fe,10.1002/chem.201902885,-0.2,0.18374870306373242,0.38374870306373243
MLDB-003147,LOMO,Fe,multi,Fe,10.1002/chem.201902885,0.2,0.3794496649785341,0.1794496649785341
MLDB-003148,LOMO,Fe,multi,Fe,10.1002/chem.201902885,-0.34,0.3272966521123716,0.6672966521123715
MLDB-003149,LOMO,Fe,multi,Fe,10.1002/chem.201902885,-0.6,0.10590131761962529,0.7059013176196253
MLDB-003150,LOMO,Fe,multi,Fe,10.1002/chem.201902885,-0.12,0.029802898748995714,0.14980289874899572
MLDB-003151,LOMO,Fe,multi,Fe,10.1002/chem.201902885,-0.3,-0.08559371237425703,0.21440628762574296
MLDB-003152,LOMO,Fe,multi,Fe,10.1002/chem.201902885,-1.0,-0.4959138799202206,0.5040861200797794
MLDB-003153,LOMO,Fe,multi,Fe,10.1002/chem.201902885,-1.2,-0.30760130787152795,0.892398692128472
MLDB-003154,LOMO,Fe,multi,Fe,10.1002/chem.201902885,0.9,0.5845238167313888,0.31547618326861127
MLDB-003155,LOMO,Fe,multi,Fe,10.1002/chem.201902885,0.4,0.7730505643045016,0.37305056430450156
MLDB-003156,LOMO,Fe,multi,Fe,10.1002/chem.201902885,0.0,0.5273410058132983,0.5273410058132983
MLDB-003157,LOMO,Fe,multi,Fe,10.1002/chem.201902885,-0.1,0.4790944206764784,0.5790944206764784
MLDB-003158,LOMO,Fe,multi,Fe,10.1002/chem.201902885,0.5,0.6719475971310361,0.17194759713103613
MLDB-003159,LOMO,Fe,multi,Fe,10.1002/chem.201902885,1.4,0.6052504630690937,0.7947495369309062
MLDB-003160,LOMO,Fe,multi,Fe,10.1002/chem.201902885,0.1,0.4434083837974602,0.3434083837974602
MLDB-003161,LOMO,Fe,multi,Fe,10.1002/chem.201902885,-0.6,0.25524696301592276,0.8552469630159227
MLDB-003162,LOMO,Fe,multi,Fe,10.1002/chem.201902885,0.0,0.410513998304502,0.410513998304502
MLDB-003163,LOMO,Fe,multi,Fe,10.1002/chem.201902885,0.2,0.8464656312976745,0.6464656312976744
MLDB-003164,LOMO,Fe,multi,Fe,10.1021/jacsau.1c00160,1.0,-0.36694927631073626,1.3669492763107363
MLDB-003165,LOMO,Fe,mono,Fe,10.1016/j.biomaterials.2015.08.031,-0.71,-1.7191237313980268,1.0091237313980268
MLDB-003166,LOMO,Fe,mono,Fe,10.1016/j.biomaterials.2015.08.031,-0.6,-1.279379542457369,0.6793795424573691
MLDB-003167,LOMO,Fe,mono,Fe,10.1016/j.biomaterials.2015.08.031,0.81,0.7029740113317667,0.10702598866823332
MLDB-003168,LOMO,Fe,mono,Fe,10.1016/j.biomaterials.2015.08.031,0.62,2.11245008722736,1.4924500872273598
MLDB-003169,LOMO,Fe,mono,Fe,10.1016/j.biomaterials.2015.08.031,0.93,2.1070001181764835,1.1770001181764833
MLDB-003182,LOMO,Fe,mono,Fe,10.3390/inorganics7010004,1.7,2.366610180414437,0.6666101804144369
MLDB-003183,LOMO,Fe,mono,Fe,10.3390/inorganics7010004,-2.2,-0.7617692106958106,1.4382307893041895
MLDB-003184,LOMO,Fe,mono,Fe,10.3390/inorganics7010004,-1.9,0.12505667196502918,2.025056671965029
MLDB-003185,LOMO,Fe,multi,Fe,10.1021/acs.organomet.1c00270,0.4,0.4581015320938652,0.058101532093865205
MLDB-003186,LOMO,Fe,multi,Fe,10.1021/acs.organomet.1c00270,0.24,0.15875142805286355,0.08124857194713644
MLDB-003187,LOMO,Fe,multi,Fe,10.1021/acs.organomet.1c00270,1.06,0.48565094467188547,0.5743490553281145
MLDB-003188,LOMO,Fe,multi,Fe,10.1021/acs.organomet.1c00270,-0.1,0.5180048697864523,0.6180048697864523
MLDB-003189,LOMO,Fe,multi,Fe,10.1021/acs.organomet.1c00270,0.8,0.8044868559503584,0.004486855950358359
MLDB-003190,LOMO,Fe,multi,Fe,10.1021/acs.organomet.1c00270,-0.19,0.49155133444730154,0.6815513344473015
MLDB-003191,LOMO,Fe,multi,Fe,10.1021/acs.organomet.1c00270,1.2,0.6646871775886481,0.5353128224113518
MLDB-003192,LOMO,Fe,multi,Fe,10.1021/acs.organomet.1c00270,1.07,0.9948348144051635,0.07516518559483654
MLDB-003193,LOMO,Fe,multi,Fe,10.1021/acs.organomet.1c00270,0.65,0.9951139718816591,0.34511397188165904
MLDB-003198,LOMO,Fe,multi,Fe,10.1021/acs.organomet.9b00813,0.77,0.1973457382352032,0.5726542617647968
MLDB-003199,LOMO,Fe,multi,Fe,10.1021/acs.organomet.9b00813,0.86,0.9785372062656134,0.11853720626561337
MLDB-003200,LOMO,Fe,multi,Fe,10.1021/acs.organomet.9b00813,1.0,0.9317586484828495,0.0682413515171505
MLDB-003201,LOMO,Fe,multi,Fe,10.1021/acs.organomet.9b00813,1.06,0.8366909788181581,0.22330902118184193
MLDB-003202,LOMO,Fe,multi,Fe,10.1021/acs.organomet.9b00813,0.75,0.5461801423798363,0.20381985762016375
MLDB-003203,LOMO,Fe,multi,Fe,10.1021/acs.organomet.9b00813,0.16,0.4637908151115736,0.3037908151115736
MLDB-003227,LOMO,Fe,mono,Fe,10.1021/acs.inorgchem.1c00001,0.25,0.8371538293940651,0.5871538293940651
MLDB-003228,LOMO,Fe,multi,Fe,10.1039/d2qi00534d,1.05,1.0259729698786013,0.02402703012139873
MLDB-003229,LOMO,Fe,multi,Fe,10.1039/d2qi00534d,0.55,0.7085403792970628,0.15854037929706277
MLDB-003230,LOMO,Fe,multi,Fe,10.1039/d2qi00534d,0.47,0.6575446369130377,0.1875446369130377
MLDB-003231,LOMO,Fe,multi,Fe,10.1039/d2qi00534d,0.66,0.8996631052155682,0.23966310521556822
MLDB-003232,LOMO,Fe,multi,Fe,10.1039/d2qi00534d,0.77,1.1106745244482037,0.3406745244482037
MLDB-003233,LOMO,Fe,multi,Fe,10.1039/d2qi00534d,0.49,0.21148375687647752,0.27851624312352247
MLDB-003234,LOMO,Fe,multi,Fe,10.1039/d2qi00534d,1.48,0.9752824822053806,0.5047175177946194
MLDB-003235,LOMO,Fe,multi,Fe,10.1039/d2qi00534d,0.26,0.08541055135718599,0.174589448642814
MLDB-003236,LOMO,Fe,multi,Fe,10.1039/d2qi00534d,-0.48,-0.4839932299719371,0.003993229971937129
MLDB-003237,LOMO,Fe,multi,Fe,10.1039/d2qi00534d,1.05,0.818027321455519,0.231972678544481
MLDB-003239,LOMO,Fe,multi,Fe,10.1039/d2qi00534d,1.5,1.5755374522634953,0.07553745226349529
MLDB-003243,LOMO,Fe,mono,Fe,10.1039/d5qi00623f,-0.84,-1.541559307104706,0.701559307104706
MLDB-003244,LOMO,Fe,mono,Fe,10.1039/d5qi00623f,-0.72,-1.0898682522923364,0.36986825229233644
MLDB-003245,LOMO,Fe,mono,Fe,10.1039/d5qi00623f,1.12,1.098265302182413,0.02173469781758719
MLDB-003246,LOMO,Fe,mono,Fe,10.1021/acs.organomet.6c00115,0.12,0.5501041160748525,0.43010411607485255
MLDB-003247,LOMO,Fe,mono,Fe,10.1021/acs.organomet.6c00115,0.36,0.7933267870214235,0.43332678702142347
MLDB-003248,LOMO,Fe,mono,Fe,10.1021/acs.organomet.6c00115,0.45,0.7055353012854447,0.2555353012854447
MLDB-003249,LOMO,Fe,mono,Fe,10.1021/acs.organomet.6c00115,0.65,0.7910347062986066,0.1410347062986066
MLDB-003252,LOMO,Fe,multi,Fe,10.1016/j.ejmech.2025.117304,-0.35,0.1058157366881294,0.45581573668812936
MLDB-003253,LOMO,Fe,multi,Fe,10.1016/j.ejmech.2025.117304,-0.77,-0.5761697072741203,0.1938302927258797
MLDB-003254,LOMO,Fe,multi,Fe,10.1016/j.ejmech.2025.117304,0.3,0.0689756953517727,0.2310243046482273
MLDB-003255,LOMO,Fe,multi,Fe,10.1016/j.ejmech.2025.117304,-0.48,-0.21762133161760405,0.26237866838239593
MLDB-003256,LOMO,Fe,multi,Fe,10.1016/j.ejmech.2025.117304,0.57,0.14472419376942747,0.4252758062305725
MLDB-003257,LOMO,Fe,multi,Fe,10.1016/j.ejmech.2025.117304,-0.33,-0.36851291219067844,0.03851291219067843
MLDB-003258,LOMO,Fe,multi,Fe,10.1016/j.ejmech.2025.117304,-0.48,-0.19622042105890122,0.28377957894109873
MLDB-003259,LOMO,Fe,multi,Fe,10.1016/j.ejmech.2025.117304,0.86,0.44735606900748603,0.41264393099251395
MLDB-003260,LOMO,Fe,multi,Fe,10.1016/j.ejmech.2025.117304,-0.02,0.10371415550648366,0.12371415550648367
MLDB-003261,LOMO,Fe,multi,Fe,10.1021/acs.inorgchem.3c03408,0.55,-0.18388982132243062,0.7338898213224306
MLDB-003262,LOMO,Fe,multi,Fe,10.1021/acs.inorgchem.3c03408,-0.38,-0.2094098673130788,0.1705901326869212
MLDB-003264,LOMO,Fe,multi,Fe,10.1039/d5qi01498k,-0.64,-0.4452546436093167,0.1947453563906833
MLDB-003265,LOMO,Fe,multi,Fe,10.1039/d5qi01498k,0.39,0.5971199387563004,0.20711993875630041
MLDB-003266,LOMO,Fe,multi,Fe,10.1039/d5qi01498k,-1.4,-0.36628551907203377,1.0337144809279661
MLDB-003267,LOMO,Fe,multi,Fe,10.1039/d5qi01498k,1.2,0.8224866043953529,0.37751339560464703
MLDB-003268,LOMO,Fe,multi,Fe,10.1039/d5qi01498k,0.75,0.8915474833710807,0.1415474833710807
MLDB-003269,LOMO,Fe,multi,Fe,10.1039/d5qi01498k,-0.58,0.5545245055066953,1.1345245055066953
MLDB-003270,LOMO,Fe,multi,Fe,10.1002/chem.202503129,0.3,0.0830257846373574,0.2169742153626426
MLDB-003271,LOMO,Fe,multi,Fe,10.1002/chem.202503129,1.04,0.5575888903563819,0.4824111096436181
MLDB-003272,LOMO,Fe,multi,Fe,10.1002/chem.202503129,1.3,0.23385847788705985,1.0661415221129402
MLDB-003273,LOMO,Fe,multi,Fe,10.1002/chem.202503129,0.74,0.5748841944270329,0.16511580557296712
MLDB-003274,LOMO,Fe,multi,Fe,10.1002/chem.202503129,0.73,0.5665064496900516,0.1634935503099484
MLDB-003277,LOMO,Fe,multi,Fe,10.1021/acs.jmedchem.4c00377,-0.7,-0.254292112099908,0.44570788790009197
MLDB-003278,LOMO,Fe,multi,Fe,10.1021/acs.jmedchem.4c00377,-0.17,0.021690602116340555,0.19169060211634056
MLDB-003284,LOMO,Fe,multi,Fe,10.1039/d3dt00186e,0.56,1.1889409837629126,0.6289409837629125
MLDB-003285,LOMO,Fe,multi,Fe,10.1039/d3dt00186e,0.8,1.292546058919424,0.49254605891942393
MLDB-003286,LOMO,Fe,multi,Fe,10.1039/d3dt00186e,0.49,1.2005945204240365,0.7105945204240365
MLDB-003287,LOMO,Fe,multi,Fe,10.1039/d3dt00186e,0.83,0.9991233722372156,0.16912337223721563
MLDB-003288,LOMO,Fe,multi,Fe,10.1039/d3dt00186e,0.65,1.3679023808955293,0.7179023808955293
MLDB-003289,LOMO,Fe,multi,Fe,10.1039/d3dt00186e,-0.31,0.4058282189707513,0.7158282189707512
MLDB-003290,LOMO,Fe,multi,Fe,10.1039/d3dt00186e,0.07,0.764892981743283,0.694892981743283
MLDB-003292,LOMO,Fe,multi,Fe,10.1039/d3dt00186e,-0.07,0.5546596679992412,0.6246596679992411
MLDB-003293,LOMO,Fe,multi,Fe,10.1093/mtomcs/mfac096,-0.77,-0.2094042101642354,0.5605957898357646
MLDB-003294,LOMO,Fe,multi,Fe,10.1093/mtomcs/mfac096,-0.3,-0.16502432140929169,0.1349756785907083
MLDB-003295,LOMO,Fe,multi,Fe,10.1093/mtomcs/mfac096,-0.88,-0.15301047800661366,0.7269895219933864
MLDB-003296,LOMO,Fe,multi,Fe,10.1093/mtomcs/mfac096,0.01,0.5349004534241786,0.5249004534241786
MLDB-003297,LOMO,Fe,multi,Fe,10.1093/mtomcs/mfac096,0.5,0.6842005434502119,0.18420054345021186
MLDB-003298,LOMO,Fe,multi,Fe,10.1093/mtomcs/mfac096,-0.1,0.4175423382410198,0.5175423382410198
MLDB-003299,LOMO,Fe,multi,Fe,10.1093/mtomcs/mfac096,-0.08,0.675015801467926,0.7550158014679259
MLDB-003300,LOMO,Fe,multi,Fe,10.1093/mtomcs/mfac096,0.2,0.7969829311255803,0.5969829311255803
MLDB-003301,LOMO,Fe,multi,Fe,10.1093/mtomcs/mfac096,0.66,0.8998094629469772,0.23980946294697714
MLDB-003302,LOMO,Fe,multi,Fe,10.1093/mtomcs/mfac096,0.87,0.9932475103380002,0.12324751033800019
MLDB-003303,LOMO,Fe,multi,Fe,10.1021/acs.jmedchem.5c01956,-0.7,-0.14789542180798756,0.5521045781920124
MLDB-003304,LOMO,Fe,multi,Fe,10.1021/acs.jmedchem.5c01956,0.07,-0.3281952175567082,0.3981952175567082
MLDB-003305,LOMO,Fe,multi,Fe,10.1021/acs.jmedchem.5c01956,1.36,0.6129075831429065,0.7470924168570936
MLDB-003306,LOMO,Fe,multi,Fe,10.1021/acs.jmedchem.5c01956,0.3,-0.2731115333798428,0.5731115333798428
MLDB-003307,LOMO,Fe,multi,Fe,10.1021/acs.jmedchem.5c01956,1.53,0.5287402714307586,1.0012597285692415
MLDB-003308,LOMO,Fe,multi,Fe,10.1021/acs.jmedchem.5c01956,0.2,0.294811987225066,0.09481198722506601
MLDB-003309,LOMO,Fe,multi,Fe,10.1021/acs.jmedchem.5c01956,0.8,0.7227374499989847,0.07726255000101534
MLDB-003310,LOMO,Fe,multi,Fe,10.1021/acs.jmedchem.5c01956,0.29,0.25275548244139645,0.03724451755860353
MLDB-003311,LOMO,Fe,multi,Fe,10.1039/d4md01011f,0.7,0.6300173760330787,0.06998262396692123
MLDB-003313,LOMO,Fe,multi,Fe,10.1039/d4md01011f,1.32,1.036256588203536,0.2837434117964641
MLDB-003315,LOMO,Fe,multi,Fe,10.1002/anie.202510795,0.64,1.3327887270859557,0.6927887270859557
MLDB-003316,LOMO,Fe,multi,Fe,10.1002/anie.202510795,0.11,0.9174259646991116,0.8074259646991117
MLDB-003317,LOMO,Fe,multi,Fe,10.1002/anie.202510795,0.71,1.4377209106909503,0.7277209106909504
MLDB-003318,LOMO,Fe,multi,Fe,10.1021/acs.inorgchem.5c01620,0.05,0.6056952280185299,0.5556952280185299
MLDB-003319,LOMO,Fe,multi,Fe,10.1021/acs.inorgchem.5c01620,-1.01,0.011925024780693148,1.0219250247806932
MLDB-003320,LOMO,Fe,multi,Fe,10.1021/acs.inorgchem.5c01620,0.62,1.0644888034047133,0.4444888034047133
MLDB-003321,LOMO,Fe,multi,Fe,10.1021/acs.inorgchem.5c01620,-0.76,-0.09006855852820933,0.6699314414717907
MLDB-003322,LOMO,Fe,mono,Fe,10.1021/acs.inorgchem.5c01620,1.04,1.1759418631319238,0.1359418631319238
MLDB-003328,LOMO,Fe,multi,Fe,10.1021/acs.jmedchem.4c00641,-0.76,-0.3525720727144493,0.4074279272855507
MLDB-003329,LOMO,Fe,multi,Fe,10.1021/acs.jmedchem.4c00641,-0.04,-0.19560030207531123,0.15560030207531123
MLDB-003330,LOMO,Fe,multi,Fe,10.1021/acs.jmedchem.4c00641,-0.55,-0.11986805874807502,0.430131941251925
MLDB-003331,LOMO,Fe,multi,Fe,10.1021/acs.jmedchem.4c00641,-0.74,-0.12927241717071705,0.610727582829283
MLDB-003332,LOMO,Fe,multi,Fe,10.1021/acs.jmedchem.4c00641,0.8,0.08667638415496745,0.7133236158450326
MLDB-003333,LOMO,Fe,multi,Fe,10.1021/acs.jmedchem.4c00641,-0.75,-0.6410298421021668,0.10897015789783315
MLDB-003334,LOMO,Fe,multi,Fe,10.1021/acs.jmedchem.4c00641,0.9,0.392566248424909,0.5074337515750911
MLDB-003335,LOMO,Fe,multi,Fe,10.1021/acs.jmedchem.4c00641,0.35,0.4859390768258769,0.13593907682587691
MLDB-003352,LOMO,Fe,multi,Fe,10.1039/d1nj04087a,0.42,-0.352961295516916,0.7729612955169161
MLDB-003353,LOMO,Fe,mono,Fe,10.1021/acs.jmedchem.4c01875,0.6,0.6175754375087888,0.01757543750878887
MLDB-003354,LOMO,Fe,multi,Fe,10.1016/j.cbi.2024.111318,-0.3,0.1058157366881294,0.40581573668812937
MLDB-003355,LOMO,Fe,multi,Fe,10.1016/j.cbi.2024.111318,-0.13,0.34372604669156603,0.47372604669156604
MLDB-003356,LOMO,Fe,multi,Fe,10.1016/j.cbi.2024.111318,0.15,0.05034311616610438,0.09965688383389562
MLDB-003357,LOMO,Fe,multi,Fe,10.1016/j.cbi.2024.111318,0.54,0.4140602959130452,0.12593970408695482
MLDB-003358,LOMO,Fe,multi,Fe,10.1016/j.cbi.2024.111318,-0.21,0.017268942574587064,0.22726894257458705
MLDB-003359,LOMO,Fe,multi,Fe,10.1016/j.cbi.2025.111561,-0.4,0.13559764037554486,0.5355976403755449
MLDB-003360,LOMO,Fe,multi,Fe,10.1016/j.cbi.2025.111561,-0.45,0.191811606693633,0.641811606693633
MLDB-003361,LOMO,Fe,multi,Fe,10.1016/j.cbi.2025.111561,-0.46,0.11057818057817666,0.5705781805781767
MLDB-003362,LOMO,Fe,multi,Fe,10.1016/j.cbi.2025.111561,-0.2,0.8398458625319689,1.0398458625319689
MLDB-003363,LOMO,Fe,multi,Fe,10.1016/j.cbi.2025.111561,0.16,0.47229898988029123,0.31229898988029126
MLDB-003364,LOMO,Fe,multi,Fe,10.1016/j.cbi.2023.110742,0.14,0.3475758897870836,0.20757588978708358
MLDB-003365,LOMO,Fe,multi,Fe,10.1016/j.cbi.2023.110742,0.02,0.5926258067071656,0.5726258067071656
MLDB-003366,LOMO,Fe,multi,Fe,10.1016/j.cbi.2023.110742,0.42,0.7823477308686544,0.3623477308686544
MLDB-003367,LOMO,Fe,multi,Fe,10.1016/j.cbi.2023.110742,0.47,0.64729606213613,0.17729606213613003
MLDB-003368,LOMO,Fe,multi,Fe,10.1016/j.cbi.2023.110742,-0.32,0.07357413638271143,0.39357413638271144
MLDB-003787,LOMO,Fe,mono,Fe,10.1039/d5dt01300c,0.51,-0.055071146264461864,0.5650711462644619
MLDB-004801,LOMO,Fe,mono,Fe,10.1016/j.molstruc.2021.130417,0.59,-0.4967426250398529,1.0867426250398529
MLDB-004802,LOMO,Fe,mono,Fe,10.1016/j.molstruc.2021.130417,0.28,-0.3705488358399941,0.6505488358399941
MLDB-004803,LOMO,Fe,mono,Fe,10.1016/j.molstruc.2021.130417,0.43,-0.3679461130946198,0.7979461130946197
MLDB-003490,LOMO,Tc,mono,Tc,10.1016/j.bmc.2022.117012,1.6,1.0791492388236656,0.5208507611763344
MLDB-003491,LOMO,Tc,mono,Tc,10.1016/j.bmc.2022.117012,2.2,1.161571785091822,1.0384282149081783
MLDB-003492,LOMO,Tc,mono,Tc,10.1016/j.bmc.2022.117012,2.03,1.210763816675224,0.8192361833247759
MLDB-003493,LOMO,Tc,mono,Tc,10.1016/j.bmc.2022.117012,2.81,1.2871415248098392,1.5228584751901608
MLDB-003494,LOMO,Tc,mono,Tc,10.1016/j.poly.2024.117236,2.9,0.9085705225300252,1.9914294774699748
MLDB-003495,LOMO,Tc,mono,Tc,10.1016/j.poly.2024.117236,3.1,1.3962002018466062,1.7037997981533939
MLDB-003610,LOMO,Tc,mono,Tc,10.1039/c7dt00043j,0.57,0.7618924759434426,0.1918924759434426
MLDB-003668,LOMO,Tc,mono,Tc,10.1039/c5ob00124b,1.98,0.5033318444426851,1.476668155557315
MLDB-003669,LOMO,Tc,mono,Tc,10.1039/c5ob00124b,2.01,0.42510101252389837,1.5848989874761015
MLDB-003670,LOMO,Tc,mono,Tc,10.1039/c5ob00124b,1.95,0.6499432418616239,1.3000567581383762
MLDB-003671,LOMO,Tc,mono,Tc,10.1039/c5ob00124b,2.32,0.618457960521671,1.701542039478329
MLDB-004828,LOMO,Tc,mono,Tc,10.1021/jm800530p,-1.67,-0.8135309800023072,0.8564690199976928
MLDB-004829,LOMO,Tc,mono,Tc,10.1021/jm800530p,-1.08,-0.9559705733639788,0.12402942663602123
MLDB-004830,LOMO,Tc,mono,Tc,10.1021/jm800530p,-0.42,-0.0848218382630319,0.33517816173696807
MLDB-004831,LOMO,Tc,mono,Tc,10.1021/jm800530p,-0.31,-0.07201530396254092,0.2379846960374591
MLDB-004832,LOMO,Tc,mono,Tc,10.1021/jm800530p,0.42,-0.0711052946113977,0.4911052946113977
MLDB-004833,LOMO,Tc,mono,Tc,10.1021/jm800530p,1.11,0.385065385529119,0.724934614470881
MLDB-004834,LOMO,Tc,mono,Tc,10.1021/acsomega.5c07584,-1.2,0.5760405795029719,1.776040579502972
MLDB-004835,LOMO,Tc,mono,Tc,10.1021/acsomega.5c07584,-1.22,0.5760405795029719,1.796040579502972
MLDB-004836,LOMO,Tc,mono,Tc,10.1021/acsomega.5c07584,-1.14,0.3264371712474063,1.4664371712474062
MLDB-004837,LOMO,Tc,mono,Tc,10.1021/acsomega.5c07584,-1.12,0.3264371712474063,1.4464371712474065
MLDB-004838,LOMO,Tc,mono,Tc,10.1021/acsomega.5c07584,0.49,0.4676047413806491,0.022395258619350877
MLDB-004839,LOMO,Tc,mono,Tc,10.1021/acsomega.5c07584,0.46,0.4676047413806491,0.007604741380649094
MLDB-004840,LOMO,Tc,mono,Tc,10.1021/acsomega.5c07584,0.7,0.6426240135042245,0.057375986495775466
MLDB-004841,LOMO,Tc,mono,Tc,10.1021/acsomega.5c07584,0.79,0.6426240135042245,0.14737598649577555
MLDB-004842,LOMO,Tc,mono,Tc,10.1021/acs.inorgchem.1c01992,1.54,1.1620522065563892,0.37794779344361085
MLDB-004843,LOMO,Tc,mono,Tc,10.1021/acs.inorgchem.1c01992,2.04,1.2348986736965544,0.8051013263034457
MLDB-004845,LOMO,Tc,mono,Tc,10.1021/acs.inorgchem.3c01934,-2.2,-1.144193461996585,1.0558065380034152
MLDB-004847,LOMO,Tc,mono,Tc,10.1021/acs.inorgchem.3c01934,-0.2,-0.5608966269441343,0.3608966269441343
MLDB-004849,LOMO,Tc,mono,Tc,10.1021/acs.inorgchem.3c01934,-0.08,-0.35593511485576584,0.27593511485576583
MLDB-004851,LOMO,Tc,mono,Tc,10.1021/acs.inorgchem.3c01934,0.2,0.01951570757846674,0.18048429242153327
MLDB-004853,LOMO,Tc,mono,Tc,10.1021/acs.inorgchem.3c01934,0.35,-0.1291871408488264,0.4791871408488264
MLDB-004855,LOMO,Tc,mono,Tc,10.1021/acs.inorgchem.3c01934,0.88,0.3777337356181771,0.502266264381823
MLDB-004856,LOMO,Tc,mono,Tc,10.1021/acsomega.4c05699,-1.15,-0.48553782934564443,0.6644621706543554
MLDB-004857,LOMO,Tc,mono,Tc,10.1021/acsomega.4c05699,-0.27,-0.4222967078946529,0.15229670789465288
MLDB-004860,LOMO,Tc,mono,Tc,10.1016/j.jorganchem.2025.123986,3.72,0.6767896916303031,3.043210308369697
MLDB-004861,LOMO,Tc,mono,Tc,10.1016/j.jorganchem.2025.123986,2.94,0.9776841279269466,1.9623158720730534
MLDB-004862,LOMO,Tc,mono,Tc,10.1016/j.jorganchem.2025.123986,3.99,1.4229853725503878,2.5670146274496126
MLDB-004863,LOMO,Tc,mono,Tc,10.1007/s13139-026-01041-4,0.72,-0.37131110165014264,1.0913111016501427
MLDB-004864,LOMO,Tc,mono,Tc,10.1007/s13139-026-01041-4,0.43,-0.6359493715351828,1.0659493715351829
MLDB-004865,LOMO,Tc,mono,Tc,10.3390/pharmaceutics16091213,3.2,1.1175852285781158,2.0824147714218846
MLDB-004866,LOMO,Tc,mono,Tc,10.1021/acs.inorgchem.3c02650,0.84,0.7456502693996913,0.09434973060030871
MLDB-004867,LOMO,Tc,mono,Tc,10.1021/acs.inorgchem.3c02650,0.97,1.0423906896530377,0.07239068965303774
MLDB-004868,LOMO,Tc,mono,Tc,10.1021/acs.inorgchem.3c02650,1.05,0.7575155848889852,0.29248441511101486
MLDB-004869,LOMO,Tc,mono,Tc,10.1021/acs.inorgchem.3c02650,0.95,0.5984202162787184,0.3515797837212815
MLDB-004870,LOMO,Tc,mono,Tc,10.1021/acs.inorgchem.3c02650,0.82,1.391187681804989,0.5711876818049891
MLDB-004871,LOMO,Tc,mono,Tc,10.3390/pharmaceutics17010100,1.03,0.7006417800875329,0.32935821991246717
MLDB-004872,LOMO,Tc,mono,Tc,10.3390/inorganics13110368,0.39,-0.024586868170255523,0.41458686817025553
MLDB-004873,LOMO,Tc,mono,Tc,10.3390/inorganics13110368,1.62,1.0494947714621778,0.5705052285378223
MLDB-004874,LOMO,Tc,mono,Tc,10.3390/inorganics13110368,1.98,0.6076863621047335,1.3723136378952665
MLDB-004875,LOMO,Tc,mono,Tc,10.3390/inorganics13110368,0.89,0.7438987283247743,0.14610127167522569
MLDB-004877,LOMO,Tc,mono,Tc,10.1016/j.heliyon.2023.e13169,-0.77134,0.7197850692751252,1.4911250692751252
MLDB-004878,LOMO,Tc,mono,Tc,10.3390/pharmaceutics16091210,1.2,0.24366453722054113,0.9563354627794588
MLDB-004879,LOMO,Tc,mono,Tc,10.3390/pharmaceutics16091210,2.3,0.38409710454729434,1.9159028954527055
MLDB-004880,LOMO,Tc,mono,Tc,10.3390/pharmaceutics16091210,2.7,0.4819998560535324,2.2180001439464676
MLDB-004881,LOMO,Tc,mono,Tc,10.3390/pharmaceutics16091210,1.8,0.29796640626247917,1.5020335937375209
MLDB-004882,LOMO,Tc,mono,Tc,10.3390/pharmaceutics16091210,2.0,0.24552208977571569,1.7544779102242842
MLDB-004883,LOMO,Tc,mono,Tc,10.3390/pharmaceutics16091210,1.6,-0.21421138516474683,1.814211385164747
MLDB-004884,LOMO,Tc,mono,Tc,10.1016/j.ejmcr.2024.100182,2.09,0.928203668777252,1.1617963312227477
MLDB-004885,LOMO,Tc,mono,Tc,10.3390/molecules28020820,1.2,-0.25246161412046403,1.452461614120464
MLDB-004886,LOMO,Tc,mono,Tc,10.3390/molecules28020820,0.75,0.3638510115560102,0.3861489884439898
MLDB-004887,LOMO,Tc,mono,Tc,10.3390/molecules28020820,1.5,-0.17714169477503397,1.677141694775034
MLDB-004888,LOMO,Tc,mono,Tc,10.3390/molecules28020820,1.1,0.028090479614879524,1.0719095203851206
MLDB-004889,LOMO,Tc,mono,Tc,10.3390/ph16091276,-2.7,-0.45702969383801867,2.2429703061619817
MLDB-004890,LOMO,Tc,mono,Tc,10.3390/ph16091276,-0.18,0.529725085761428,0.7097250857614279
MLDB-004891,LOMO,Tc,mono,Tc,10.3390/ph16091276,-0.06,1.059199262618328,1.119199262618328
MLDB-004892,LOMO,Tc,mono,Tc,10.3390/ph16091276,0.1,1.3070922148976152,1.207092214897615
MLDB-004893,LOMO,Tc,mono,Tc,10.3390/ph16091276,0.24,1.6902626461669015,1.4502626461669015
MLDB-004894,LOMO,Tc,mono,Tc,10.3390/inorganics12090254,2.45,0.7754143742547267,1.6745856257452734
MLDB-004895,LOMO,Tc,mono,Tc,10.3390/inorganics12090254,2.27,0.19020856990733734,2.0797914300926625
MLDB-004896,LOMO,Tc,mono,Tc,10.1021/acs.jmedchem.4c01425,-2.75,-1.0111191135208317,1.7388808864791683
MLDB-004897,LOMO,Tc,mono,Tc,10.1021/acs.jmedchem.4c01425,-2.34,-0.9577498259712949,1.382250174028705
MLDB-004898,LOMO,Tc,mono,Tc,10.1021/acs.jmedchem.4c01425,-1.76,-0.7664782547212136,0.9935217452787865
MLDB-004900,LOMO,Tc,mono,Tc,10.1016/j.nucmedbio.2022.01.004,-3.23,-2.1317271714729222,1.0982728285270777
MLDB-004902,LOMO,Tc,mono,Tc,10.1016/j.nucmedbio.2022.01.004,-2.1,-1.914588689148856,0.18541131085114415
MLDB-004903,LOMO,Tc,mono,Tc,10.1007/s10967-022-08363-5,-4.0,0.3094257730829806,4.309425773082981
MLDB-004904,LOMO,Tc,mono,Tc,10.1007/s10967-025-10080-8,0.98,1.0948849351364274,0.11488493513642739
MLDB-004905,LOMO,Tc,mono,Tc,10.1007/s10967-025-10080-8,1.65,1.2691212905854823,0.3808787094145176
MLDB-004909,LOMO,Tc,mono,Tc,10.1016/j.ejmech.2013.08.005,0.433,0.09269493847490223,0.34030506152509776
MLDB-004910,LOMO,Tc,mono,Tc,10.1016/j.jinorgbio.2012.03.001,1.08,1.3387064128110966,0.2587064128110965
MLDB-004911,LOMO,Tc,mono,Tc,10.1016/j.jinorgbio.2012.03.001,1.25,0.15314031224863542,1.0968596877513646
MLDB-004912,LOMO,Tc,mono,Tc,10.3390/molecules26020441,-0.75,0.8637545568196265,1.6137545568196265
MLDB-004913,LOMO,Tc,mono,Tc,10.3390/molecules26020441,0.52,-0.33710066090707325,0.8571006609070733
MLDB-004914,LOMO,Tc,mono,Tc,10.3390/molecules26020441,0.45,-0.03252322481369567,0.4825232248136957
MLDB-004915,LOMO,Tc,mono,Tc,10.1021/jm3014184,2.89,1.412317842212415,1.4776821577875852
MLDB-004916,LOMO,Tc,mono,Tc,10.1021/jm3014184,3.61,1.6724253211690772,1.9375746788309227
MLDB-004917,LOMO,Tc,mono,Tc,10.1021/jm3014184,3.45,1.6279751569020298,1.8220248430979704
MLDB-004918,LOMO,Tc,mono,Tc,10.1016/j.nucmedbio.2012.07.005,0.55,-1.5878030518122557,2.1378030518122557
MLDB-004919,LOMO,Tc,mono,Tc,10.1039/c8md00146d,-2.65,-0.5675438447116697,2.0824561552883303
MLDB-004920,LOMO,Tc,mono,Tc,10.1039/c8md00146d,-1.99,-0.12500424451231906,1.8649957554876808
MLDB-004921,LOMO,Tc,mono,Tc,10.1039/c8md00146d,-1.27,-0.002147033946515964,1.267852966053484
MLDB-004922,LOMO,Tc,mono,Tc,10.1039/c8md00146d,-0.44,0.12120936711151448,0.5612093671115145
MLDB-004923,LOMO,Tc,mono,Tc,10.1007/s10967-017-5617-z,-3.5,-1.0869114622776248,2.413088537722375
MLDB-004924,LOMO,Tc,mono,Tc,10.1002/aoc.5798,-2.21,-0.017534139588922047,2.192465860411078
MLDB-004925,LOMO,Tc,mono,Tc,10.1002/aoc.5798,-1.22,0.2943377169206558,1.5143377169206558
MLDB-004926,LOMO,Tc,mono,Tc,10.1021/jm5009488,2.24,0.5778790308041233,1.662120969195877
MLDB-004927,LOMO,Tc,mono,Tc,10.1021/jm5009488,2.68,0.5682018665322103,2.11179813346779
MLDB-004928,LOMO,Tc,mono,Tc,10.1021/jm5009488,3.09,0.34542513714378015,2.74457486285622
MLDB-004929,LOMO,Tc,mono,Tc,10.1016/j.bmcl.2012.08.083,2.52,0.2733913519079131,2.246608648092087
MLDB-004930,LOMO,Tc,mono,Tc,10.1002/jlcr.1438,1.49,1.759047496301902,0.26904749630190206
MLDB-004931,LOMO,Tc,mono,Tc,10.1039/c7md00635g,-3.71,-1.1673782763706964,2.5426217236293036
MLDB-004932,LOMO,Tc,mono,Tc,10.1039/c7md00635g,-1.31,-0.9791998427726594,0.3308001572273407
MLDB-004933,LOMO,Tc,mono,Tc,10.3390/pharmaceutics13040518,-2.43,0.1840011988915907,2.6140011988915908
MLDB-004934,LOMO,Tc,mono,Tc,10.3390/pharmaceutics13040518,-1.75,0.18870339473173334,1.9387033947317334
MLDB-004935,LOMO,Tc,mono,Tc,10.3390/molecules26154552,-1.92,0.2675900160883457,2.1875900160883455
MLDB-004936,LOMO,Tc,mono,Tc,10.3390/molecules26154552,-2.28,-0.6633866902592367,1.6166133097407631
MLDB-004937,LOMO,Tc,mono,Tc,10.1007/s10967-019-07005-7,-1.22,-0.027713102385835905,1.192286897614164
MLDB-004938,LOMO,Tc,mono,Tc,10.1007/s10967-019-07005-7,-0.72,0.11881326553889549,0.8388132655388955
MLDB-005085,LOMO,Tc,mono,Tc,10.1021/acs.jmedchem.6b00024,-2.16,-0.27728154151284823,1.882718458487152
MLDB-005086,LOMO,Tc,mono,Tc,10.1021/acs.jmedchem.6b00024,-1.18,-0.6232758646241787,0.5567241353758212
MLDB-005087,LOMO,Tc,mono,Tc,10.1021/acs.jmedchem.7b01834,3.04,1.5425471955846188,1.4974528044153812
MLDB-005088,LOMO,Tc,mono,Tc,10.1021/acs.jmedchem.7b01834,3.15,1.5101424222854165,1.6398575777145834
MLDB-005089,LOMO,Tc,mono,Tc,10.1021/acs.jmedchem.7b01834,2.88,1.339253177736052,1.540746822263948
MLDB-005090,LOMO,Tc,mono,Tc,10.1021/acs.jmedchem.7b01834,2.48,1.4210405570475437,1.0589594429524563
MLDB-005091,LOMO,Tc,mono,Tc,10.1021/acs.jmedchem.5b01378,2.44,0.5555373408649352,1.8844626591350648
MLDB-005092,LOMO,Tc,mono,Tc,10.1021/acs.jmedchem.5b01378,2.61,0.6648295947810587,1.9451704052189411
MLDB-005093,LOMO,Tc,mono,Tc,10.1021/acs.jmedchem.5b01378,2.92,0.7591440891971445,2.1608559108028556
MLDB-005094,LOMO,Tc,mono,Tc,10.1021/acs.jmedchem.5b01378,2.6,0.7574572068458619,1.8425427931541383
MLDB-005095,LOMO,Tc,mono,Tc,10.1021/acs.jmedchem.5b01378,1.72,0.41135823447719605,1.308641765522804
MLDB-005096,LOMO,Tc,mono,Tc,10.1021/acs.jmedchem.8b01191,1.39,1.449762825588879,0.05976282558887913
MLDB-005097,LOMO,Tc,mono,Tc,10.1021/acs.jmedchem.8b01191,0.92,1.642834431803076,0.722834431803076
MLDB-005098,LOMO,Tc,mono,Tc,10.1021/acs.jmedchem.8b01191,0.97,1.350790269705013,0.38079026970501295
MLDB-005099,LOMO,Tc,mono,Tc,10.1021/acs.jmedchem.8b01191,0.48,1.5841570142328076,1.1041570142328077
MLDB-005100,LOMO,Tc,mono,Tc,10.1021/acs.jmedchem.8b01949,2.52,0.9032510615630088,1.616748938436991
MLDB-005101,LOMO,Tc,mono,Tc,10.1021/acs.jmedchem.8b01949,1.84,1.157365215685557,0.6826347843144431
MLDB-005102,LOMO,Tc,mono,Tc,10.1021/acs.jmedchem.8b01949,1.5,0.45244281093460864,1.0475571890653914
MLDB-005103,LOMO,Tc,mono,Tc,10.1021/acs.jmedchem.8b01075,-2.13,-0.7395717910704783,1.3904282089295217
MLDB-005104,LOMO,Tc,mono,Tc,10.1021/acs.jmedchem.8b01075,-2.96,-0.6827197693851853,2.2772802306148145
MLDB-005105,LOMO,Tc,mono,Tc,10.1021/acs.jmedchem.8b01075,-2.15,-0.7578337286248392,1.3921662713751606
MLDB-005106,LOMO,Tc,mono,Tc,10.1021/acs.jmedchem.8b01075,-2.92,-0.9036343451331529,2.016365654866847
MLDB-005107,LOMO,Tc,mono,Tc,10.1021/acs.inorgchem.6b00972,1.44,0.09961981662365994,1.34038018337634
MLDB-005108,LOMO,Tc,mono,Tc,10.1021/acs.inorgchem.6b00972,1.87,0.8254206475907909,1.044579352409209
MLDB-005109,LOMO,Tc,mono,Tc,10.1021/acs.molpharmaceut.9b00540,1.476,0.8123671611694283,0.6636328388305717
MLDB-005110,LOMO,Tc,mono,Tc,10.1021/acs.molpharmaceut.9b00540,1.52,0.8165634399438672,0.7034365600561329
MLDB-005111,LOMO,Tc,mono,Tc,10.1021/acs.molpharmaceut.9b00540,1.616,0.7830895912338377,0.8329104087661624
MLDB-005112,LOMO,Tc,mono,Tc,10.1021/acs.molpharmaceut.9b00540,1.681,0.8118260390904429,0.8691739609095571
MLDB-005113,LOMO,Tc,mono,Tc,10.1021/acs.molpharmaceut.1c00816,-1.38,0.9632444862262602,2.34324448622626
MLDB-005114,LOMO,Tc,mono,Tc,10.1021/acs.molpharmaceut.1c00816,-2.44,-0.06905876662499477,2.3709412333750053
MLDB-005115,LOMO,Tc,mono,Tc,10.1021/acs.molpharmaceut.1c00816,-1.19,0.9009746739626966,2.0909746739626964
MLDB-005116,LOMO,Tc,mono,Tc,10.1021/acs.molpharmaceut.1c00816,-1.68,0.4734044955335113,2.153404495533511
MLDB-005117,LOMO,Tc,mono,Tc,10.1021/acs.molpharmaceut.1c00816,-2.39,-0.03953230389005373,2.350467696109946
MLDB-005118,LOMO,Tc,mono,Tc,10.1021/acs.molpharmaceut.1c00816,-1.97,-0.0535434644042556,1.9164565355957444
MLDB-005119,LOMO,Tc,mono,Tc,10.1021/acs.molpharmaceut.1c00816,-0.33,1.1898544052152122,1.5198544052152123
MLDB-005120,LOMO,Tc,mono,Tc,10.1021/acs.molpharmaceut.1c00816,-0.51,1.2196707480010374,1.7296707480010374
MLDB-005121,LOMO,Tc,mono,Tc,10.1021/acs.molpharmaceut.1c00816,-1.39,0.3082043509043854,1.6982043509043854
MLDB-005122,LOMO,Tc,mono,Tc,10.1021/acs.molpharmaceut.1c00816,0.38,1.5018647528908042,1.1218647528908043
MLDB-005123,LOMO,Tc,mono,Tc,10.1021/acs.molpharmaceut.1c00816,-0.47,0.8046237057478344,1.2746237057478345
MLDB-005124,LOMO,Tc,mono,Tc,10.1021/acs.molpharmaceut.1c00816,-2.33,-0.01924119750994516,2.3107588024900547
MLDB-005125,LOMO,Tc,mono,Tc,10.1021/acs.molpharmaceut.1c00816,-1.68,0.01904354547033981,1.6990435454703396
MLDB-005126,LOMO,Tc,mono,Tc,10.1021/acs.molpharmaceut.1c00816,-0.16,0.49661107962460116,0.6566110796246012
MLDB-005127,LOMO,Tc,mono,Tc,10.1021/acsmedchemlett.7b00294,2.35,1.1834009203466362,1.1665990796533638
MLDB-005128,LOMO,Tc,mono,Tc,10.1021/acs.molpharmaceut.6b00081,-2.44,-0.46637494588037615,1.9736250541196239
MLDB-005129,LOMO,Tc,mono,Tc,10.1021/acs.molpharmaceut.6b00081,-2.03,-0.5560405506910571,1.4739594493089427
MLDB-005130,LOMO,Tc,mono,Tc,10.1021/acs.molpharmaceut.6b00081,-3.25,-1.01306017641276,2.2369398235872398
MLDB-005131,LOMO,Tc,mono,Tc,10.1021/acs.molpharmaceut.6b00081,-2.41,0.1322788609098302,2.54227886090983
MLDB-005132,LOMO,Tc,mono,Tc,10.1021/acs.molpharmaceut.1c00712,-0.86,0.5598032883671027,1.4198032883671026
MLDB-005133,LOMO,Tc,mono,Tc,10.1021/acs.molpharmaceut.1c00712,-2.38,0.40697569841477954,2.7869756984147793
MLDB-005134,LOMO,Tc,mono,Tc,10.1021/acs.molpharmaceut.0c00070,-1.88,0.4326184733107908,2.3126184733107906
MLDB-005135,LOMO,Tc,mono,Tc,10.1021/acs.molpharmaceut.0c00070,-1.4,0.1499075048472616,1.5499075048472615
MLDB-005136,LOMO,Tc,mono,Tc,10.1016/j.ejmech.2012.02.014,1.12,-0.45152303380080905,1.5715230338008093
MLDB-005137,LOMO,Tc,mono,Tc,10.1016/j.ejmech.2012.02.014,0.87,-0.16997857613720543,1.0399785761372053
MLDB-005138,LOMO,Tc,mono,Tc,10.1016/j.ejmech.2012.02.014,1.1,-0.9559930862639299,2.05599308626393
MLDB-005139,LOMO,Tc,mono,Tc,10.1016/j.ejmech.2012.02.014,0.0,-0.24357822465776177,0.24357822465776177
MLDB-005140,LOMO,Tc,mono,Tc,10.1016/j.ejmech.2012.02.014,-0.02,-1.246644671469202,1.226644671469202
MLDB-005141,LOMO,Tc,mono,Tc,10.1016/j.ejmech.2015.05.014,1.82,0.7048003703150257,1.1151996296849744
MLDB-005142,LOMO,Tc,mono,Tc,10.1016/j.ejmech.2019.04.069,1.08,-0.059403433690550796,1.139403433690551
MLDB-005143,LOMO,Tc,mono,Tc,10.1016/j.ejmech.2019.04.069,1.1,-0.1790529843684349,1.279052984368435
MLDB-005144,LOMO,Tc,mono,Tc,10.1016/j.ejmech.2019.05.065,1.69,-0.034856184826192946,1.724856184826193
MLDB-005145,LOMO,Tc,mono,Tc,10.1016/j.ejmech.2019.05.065,2.11,-0.034856184826192946,2.144856184826193
MLDB-005146,LOMO,Tc,mono,Tc,10.1016/j.ejmech.2019.05.065,1.17,-0.33557284895763556,1.5055728489576354
MLDB-005147,LOMO,Tc,mono,Tc,10.1016/j.ejmech.2019.05.065,1.43,-0.33557284895763556,1.7655728489576354
MLDB-005148,LOMO,Tc,mono,Tc,10.1016/j.ejmech.2013.11.015,1.1,0.3111467787922287,0.7888532212077715
MLDB-005149,LOMO,Tc,mono,Tc,10.1016/j.ejmech.2013.11.015,1.21,-0.24522472408760956,1.4552247240876095
MLDB-005150,LOMO,Tc,mono,Tc,10.1016/j.ejmech.2013.11.015,1.13,-0.37496019881563303,1.504960198815633
MLDB-005151,LOMO,Tc,mono,Tc,10.1016/j.ejmech.2013.11.015,1.05,-0.7755918923715913,1.8255918923715915
MLDB-005152,LOMO,Tc,mono,Tc,10.1021/acs.inorgchem.5b01691,-0.28,-0.11209163839465992,0.16790836160534012
MLDB-005153,LOMO,Tc,mono,Tc,10.1039/c4dt02969k,2.1,0.8534442786485174,1.2465557213514828
MLDB-005154,LOMO,Tc,mono,Tc,10.1039/c4dt02969k,1.7,0.865880776197804,0.8341192238021959
MLDB-005155,LOMO,Tc,mono,Tc,10.1039/c4dt02969k,1.8,1.507553970746594,0.2924460292534061
MLDB-005156,LOMO,Tc,mono,Tc,10.1039/c4dt02969k,1.0,1.5025665391402192,0.5025665391402192
MLDB-005157,LOMO,Tc,mono,Tc,10.1039/c4dt02965h,-2.76,0.2962090446647392,3.056209044664739
MLDB-005158,LOMO,Tc,mono,Tc,10.1039/c4dt02965h,-2.05,-0.8374001976980795,1.2125998023019204
MLDB-000179,LOMO,Rh,mono,Rh,10.1002/ejic.201300820,1.45,1.3359056394350877,0.11409436056491229
MLDB-000180,LOMO,Rh,mono,Rh,10.1002/ejic.201300820,2.86,2.084729770204912,0.7752702297950878
MLDB-000225,LOMO,Rh,mono,Rh,10.1007/s00775-019-01665-2,-0.54,0.42540548918316484,0.9654054891831649
MLDB-000274,LOMO,Rh,mono,Rh,10.1016/j.bioorg.2021.105311,0.22,0.2944330166146882,0.07443301661468818
MLDB-000275,LOMO,Rh,mono,Rh,10.1016/j.bioorg.2021.105311,0.4,0.38687126794596577,0.013128732054034253
MLDB-000276,LOMO,Rh,mono,Rh,10.1016/j.bioorg.2021.105311,0.36,0.738511223008781,0.37851122300878104
MLDB-000277,LOMO,Rh,mono,Rh,10.1016/j.bioorg.2021.105311,0.39,0.4263598512115887,0.03635985121158869
MLDB-000428,LOMO,Rh,mono,Rh,10.1016/j.jinorgbio.2019.110885,2.58,0.7123446939451951,1.8676553060548051
MLDB-000477,LOMO,Rh,mono,Rh,10.1016/j.jinorgbio.2021.111400,1.74,1.1664955690178198,0.5735044309821802
MLDB-000478,LOMO,Rh,mono,Rh,10.1016/j.jinorgbio.2021.111400,2.27,1.3715718124523735,0.8984281875476265
MLDB-000591,LOMO,Rh,mono,Rh,10.1016/j.jorganchem.2015.10.008,1.09,0.8826628196585016,0.2073371803414985
MLDB-000592,LOMO,Rh,mono,Rh,10.1016/j.jorganchem.2017.06.027,-1.7,-0.28706310396452717,1.4129368960354727
MLDB-000593,LOMO,Rh,mono,Rh,10.1016/j.jorganchem.2017.06.027,-1.3,0.5283713046615885,1.8283713046615886
MLDB-000594,LOMO,Rh,mono,Rh,10.1016/j.jorganchem.2017.06.027,-0.89,0.9227788280308292,1.8127788280308292
MLDB-000595,LOMO,Rh,mono,Rh,10.1016/j.jorganchem.2017.06.027,-0.58,0.3395282704227513,0.9195282704227512
MLDB-000596,LOMO,Rh,mono,Rh,10.1016/j.jorganchem.2017.06.027,-1.03,-0.19380749173476858,0.8361925082652315
MLDB-000597,LOMO,Rh,mono,Rh,10.1016/j.jorganchem.2017.06.027,-0.84,0.5914513783232298,1.4314513783232297
MLDB-000598,LOMO,Rh,mono,Rh,10.1016/j.jorganchem.2017.06.027,-0.13,1.0375828273444705,1.1675828273444706
MLDB-000599,LOMO,Rh,mono,Rh,10.1016/j.jorganchem.2017.06.027,-0.02,0.4451497144354687,0.4651497144354687
MLDB-000600,LOMO,Rh,mono,Rh,10.1016/j.jorganchem.2017.06.027,-0.99,-0.37861334926452833,0.6113866507354717
MLDB-000601,LOMO,Rh,mono,Rh,10.1016/j.jorganchem.2017.06.027,-0.79,0.38591325374181995,1.17591325374182
MLDB-000602,LOMO,Rh,mono,Rh,10.1016/j.jorganchem.2017.06.027,0.06,0.8182123524994185,0.7582123524994184
MLDB-000603,LOMO,Rh,mono,Rh,10.1016/j.jorganchem.2017.06.027,0.01,0.3162947683112469,0.3062947683112469
MLDB-000618,LOMO,Rh,mono,Rh,10.1016/j.jorganchem.2018.07.035,-1.45,-0.25509509230051686,1.194904907699483
MLDB-000619,LOMO,Rh,mono,Rh,10.1016/j.jorganchem.2018.07.035,-0.35,-0.1673294940296856,0.18267050597031437
MLDB-000620,LOMO,Rh,mono,Rh,10.1016/j.jorganchem.2018.07.035,1.29,0.15166634001003854,1.1383336599899616
MLDB-000621,LOMO,Rh,mono,Rh,10.1016/j.jorganchem.2018.07.035,-1.87,0.17193551916987831,2.0419355191698783
MLDB-000622,LOMO,Rh,mono,Rh,10.1016/j.jorganchem.2018.07.035,-1.52,0.17929127800725553,1.6992912780072555
MLDB-000623,LOMO,Rh,mono,Rh,10.1016/j.jorganchem.2018.07.035,-1.31,0.11076490634360991,1.42076490634361
MLDB-000717,LOMO,Rh,mono,Rh,10.1021/acs.inorgchem.2c03279,1.44,1.557377810699201,0.11737781069920095
MLDB-000898,LOMO,Rh,mono,Rh,10.1021/acs.organomet.1c00572,1.49,1.179505602415113,0.31049439758488706
MLDB-000899,LOMO,Rh,mono,Rh,10.1021/acs.organomet.1c00572,1.43,1.1232566216071038,0.3067433783928961
MLDB-000900,LOMO,Rh,mono,Rh,10.1021/acs.organomet.1c00572,1.41,1.2305650602114915,0.17943493978850844
MLDB-000901,LOMO,Rh,mono,Rh,10.1021/acs.organomet.1c00572,1.49,1.2956586083771815,0.1943413916228185
MLDB-000902,LOMO,Rh,mono,Rh,10.1021/acs.organomet.1c00572,1.52,1.3734152119814016,0.14658478801859842
MLDB-000914,LOMO,Rh,mono,Rh,10.1021/acs.organomet.5b00475,1.19,1.1843266353213098,0.005673364678690174
MLDB-000915,LOMO,Rh,mono,Rh,10.1021/acs.organomet.5b00475,1.23,1.0646173107301846,0.16538268926981536
MLDB-000916,LOMO,Rh,mono,Rh,10.1021/acs.organomet.5b00475,1.15,0.9793587465368117,0.17064125346318826
MLDB-000954,LOMO,Rh,mono,Rh,10.1021/ic302196v,1.27,1.132574127371359,0.13742587262864103
MLDB-001148,LOMO,Rh,mono,Rh,10.1039/c7dt00439g,0.8,0.6188671025022281,0.18113289749777195
MLDB-001149,LOMO,Rh,mono,Rh,10.1039/c7dt00439g,-0.31,-0.4093993404780033,0.0993993404780033
MLDB-001150,LOMO,Rh,mono,Rh,10.1039/c7dt00439g,0.75,0.8342234455920532,0.08422344559205319
MLDB-001151,LOMO,Rh,mono,Rh,10.1039/c7dt00439g,-0.55,-0.23192193561958646,0.3180780643804136
MLDB-001152,LOMO,Rh,mono,Rh,10.1039/c7dt00439g,-0.63,0.7338508101176117,1.3638508101176117
MLDB-001153,LOMO,Rh,mono,Rh,10.1039/c7dt00439g,-1.22,-0.3257541134790533,0.8942458865209466
MLDB-001260,LOMO,Rh,mono,Rh,10.1039/d0dt01256d,-0.53,0.12096389353594075,0.6509638935359408
MLDB-001263,LOMO,Rh,mono,Rh,10.1039/d0dt01256d,-0.15,0.14328682728316514,0.29328682728316513
MLDB-001266,LOMO,Rh,mono,Rh,10.1039/d0dt01256d,0.11,0.19546070222548656,0.08546070222548656
MLDB-001323,LOMO,Rh,mono,Rh,10.1039/d1dt01053k,1.49,0.9723764194110561,0.5176235805889439
MLDB-001324,LOMO,Rh,mono,Rh,10.1039/d1dt01053k,2.34,1.534031055398948,0.8059689446010518
MLDB-001325,LOMO,Rh,mono,Rh,10.1039/d1dt01053k,2.86,1.2855757921970277,1.5744242078029722
MLDB-001449,LOMO,Rh,mono,Rh,10.3389/fchem.2023.1086267,1.6,1.7949712745267696,0.19497127452676954
MLDB-001487,LOMO,Rh,mono,Rh,10.3390/ijms23020813,1.6,2.076580217092514,0.47658021709251397
MLDB-001488,LOMO,Rh,mono,Rh,10.3390/ijms23020813,1.64,2.076580217092514,0.43658021709251416
MLDB-001489,LOMO,Rh,mono,Rh,10.3390/ijms23020813,1.8,1.5940865704640879,0.20591342953591218
MLDB-001490,LOMO,Rh,mono,Rh,10.3390/ijms23020813,1.85,1.8814017026471634,0.031401702647163354
MLDB-001666,LOMO,Rh,mono,Rh,10.1016/j.ejps.2025.107259,1.62,1.865775918976764,0.24577591897676387
MLDB-001670,LOMO,Rh,mono,Rh,10.1016/j.ejps.2025.107259,1.97,2.0436937315141117,0.07369373151411174
MLDB-001674,LOMO,Rh,mono,Rh,10.1016/j.ejps.2025.107259,1.33,1.6728399892181176,0.34283998921811754
MLDB-001678,LOMO,Rh,mono,Rh,10.1016/j.ejps.2025.107259,1.36,1.8784665040193451,0.518466504019345
MLDB-001688,LOMO,Rh,mono,Rh,10.3389/fchem.2025.1619991,1.79,1.8814017026471634,0.09140170264716341
MLDB-001692,LOMO,Rh,mono,Rh,10.3389/fchem.2025.1619991,1.64,1.7949712745267696,0.15497127452676973
MLDB-001746,LOMO,Rh,mono,Rh,10.3390/molecules28073058,1.64,2.0727158470383142,0.43271584703831434
MLDB-001753,LOMO,Rh,mono,Rh,10.3390/molecules28073058,1.2,1.3306501295860755,0.13065012958607558
MLDB-001757,LOMO,Rh,mono,Rh,10.3390/molecules28073058,1.41,1.0750867769716799,0.33491322302832005
MLDB-001761,LOMO,Rh,mono,Rh,10.3390/molecules28073058,1.13,1.070583255035003,0.05941674496499694
MLDB-001765,LOMO,Rh,mono,Rh,10.3390/molecules28073058,1.04,1.1496462380725276,0.1096462380725276
MLDB-001769,LOMO,Rh,mono,Rh,10.3390/molecules28073058,1.66,1.7043523207076527,0.044352320707652826
MLDB-002346,LOMO,Rh,mono,Rh,10.1016/j.bioorg.2023.106838,-0.5,0.17530129488109011,0.6753012948810901
MLDB-002347,LOMO,Rh,mono,Rh,10.1016/j.bioorg.2023.106838,0.39,1.014049492190892,0.624049492190892
MLDB-002348,LOMO,Rh,mono,Rh,10.1016/j.bioorg.2023.106838,0.31,0.9638366739998011,0.6538366739998012
MLDB-002349,LOMO,Rh,mono,Rh,10.1016/j.bioorg.2023.106838,0.5,0.5490619297326068,0.04906192973260681
MLDB-002351,LOMO,Rh,multi,Rh,10.1039/b915357h,0.32,-0.5989708383081606,0.9189708383081605
MLDB-002352,LOMO,Rh,multi,Rh,10.1039/b915357h,0.31,-0.5555188310121449,0.8655188310121449
MLDB-002353,LOMO,Rh,multi,Rh,10.1039/b915357h,0.41,-0.13845651626948047,0.5484565162694804
MLDB-002354,LOMO,Rh,multi,Rh,10.1039/b915357h,0.63,-0.1650714444639332,0.7950714444639332
MLDB-002355,LOMO,Rh,multi,Rh,10.1039/b915357h,1.02,-0.19504069979707375,1.2150406997970737
MLDB-003085,LOMO,Rh,mono,Rh,10.1021/acs.jmedchem.4c01220,0.64,-0.4225881407280425,1.0625881407280424
MLDB-003086,LOMO,Rh,mono,Rh,10.1021/acs.jmedchem.4c01220,0.87,0.2799131541802946,0.5900868458197054
MLDB-003217,LOMO,Rh,mono,Rh,10.3390/ijms24010593,-0.74,-0.20862010260871558,0.5313798973912844
MLDB-003219,LOMO,Rh,mono,Rh,10.3390/ijms24010593,-0.61,-0.1862971688614912,0.4237028311385088
MLDB-003221,LOMO,Rh,mono,Rh,10.3390/ijms24010593,-0.59,-0.13412329391916966,0.4558767060808303
MLDB-003223,LOMO,Rh,mono,Rh,10.3390/ijms24010593,-0.68,-0.12728559516715565,0.5527144048328444
MLDB-003749,LOMO,Rh,mono,Rh,10.1021/acs.jmedchem.3c00318,0.63,0.9125591819604889,0.2825591819604889
MLDB-003750,LOMO,Rh,mono,Rh,10.1021/acs.jmedchem.3c00318,0.62,1.2745906247640633,0.6545906247640633
MLDB-003751,LOMO,Rh,mono,Rh,10.1021/acs.jmedchem.3c00318,0.4,1.3538976104849558,0.9538976104849558
MLDB-003752,LOMO,Rh,mono,Rh,10.1021/acs.jmedchem.3c00318,0.2,0.4216700748395636,0.22167007483956358
MLDB-003753,LOMO,Rh,mono,Rh,10.1021/acs.jmedchem.3c00318,0.34,1.0910392807876628,0.7510392807876627
MLDB-003754,LOMO,Rh,mono,Rh,10.1021/acs.jmedchem.3c00318,0.17,0.7229387727205171,0.5529387727205171
MLDB-003755,LOMO,Rh,mono,Rh,10.1021/acs.jmedchem.3c00318,-2.22,1.3101606480360517,3.530160648036052
MLDB-003756,LOMO,Rh,mono,Rh,10.1021/acs.jmedchem.3c00318,-0.22,0.8343592262760845,1.0543592262760846
MLDB-003757,LOMO,Rh,mono,Rh,10.1021/acs.jmedchem.3c00318,0.7,0.8570008087608001,0.15700080876080014
MLDB-003758,LOMO,Rh,mono,Rh,10.1021/acs.jmedchem.3c00318,-2.45,1.152914722613536,3.6029147226135363
MLDB-003759,LOMO,Rh,mono,Rh,10.1021/acs.jmedchem.3c00318,0.55,1.2464583073316815,0.6964583073316815
MLDB-003778,LOMO,Rh,mono,Rh,10.1021/acs.inorgchem.5c01556,0.82,1.156589114974291,0.3365891149742911
MLDB-003779,LOMO,Rh,mono,Rh,10.1021/acs.inorgchem.5c01556,1.35,1.312445314850156,0.03755468514984406
MLDB-003780,LOMO,Rh,mono,Rh,10.1021/acs.inorgchem.5c01556,1.74,1.382480450861153,0.357519549138847
MLDB-003784,LOMO,Rh,mono,Rh,10.1021/acs.inorgchem.5c01556,-1.03,0.27471773164802227,1.3047177316480223
MLDB-003785,LOMO,Rh,mono,Rh,10.1021/acs.inorgchem.5c01556,-0.59,0.38456464047584943,0.9745646404758495
MLDB-003786,LOMO,Rh,mono,Rh,10.1021/acs.inorgchem.5c01556,-0.38,0.49705429372456333,0.8770542937245633
MLDB-003795,LOMO,Rh,mono,Rh,10.1021/acs.inorgchem.4c03975,0.97,0.8753314411382934,0.09466855886170655
MLDB-003796,LOMO,Rh,mono,Rh,10.1021/acs.inorgchem.4c03975,0.61,0.5157068328951236,0.09429316710487634
MLDB-003800,LOMO,Rh,mono,Rh,10.1021/acs.inorgchem.3c03801,0.52,-0.08377142144675401,0.603771421446754
MLDB-003939,LOMO,Rh,mono,Rh,10.3390/ijms222011281,0.05,0.35674267250171815,0.30674267250171816
MLDB-003940,LOMO,Rh,mono,Rh,10.3390/ijms222011281,0.11,0.43425833513627055,0.32425833513627056
MLDB-003941,LOMO,Rh,mono,Rh,10.3390/ijms222011281,0.15,0.46864799058694107,0.31864799058694104
MLDB-003942,LOMO,Rh,mono,Rh,10.3390/ijms222011281,0.37,0.2885275921093753,0.08147240789062471
MLDB-003943,LOMO,Rh,mono,Rh,10.3390/ijms222011281,0.41,0.3660432547439277,0.043956745256072294
MLDB-003944,LOMO,Rh,mono,Rh,10.3390/ijms222011281,0.41,0.4004329101945982,0.009567089805401774
MLDB-004531,LOMO,Rh,mono,Rh,10.1039/d3dt04138g,0.67,1.1883447681083597,0.5183447681083596
MLDB-004532,LOMO,Rh,mono,Rh,10.1039/d3dt04138g,0.93,1.9061133052185009,0.9761133052185008
MLDB-004535,LOMO,Rh,mono,Rh,10.1039/d3dt04138g,1.27,1.4314591576107671,0.16145915761076712
MLDB-004536,LOMO,Rh,mono,Rh,10.1039/d3dt04138g,1.55,2.1932141780643115,0.6432141780643115
MLDB-004539,LOMO,Rh,mono,Rh,10.1039/d3dt04138g,1.77,1.4654305984608322,0.3045694015391678
MLDB-004540,LOMO,Rh,mono,Rh,10.1039/d3dt04138g,1.85,2.2271856189143757,0.37718561891437563
MLDB-004760,LOMO,Rh,mono,Rh,10.1021/jacs.8b02271,1.4,-0.13963825046886924,1.5396382504688693
MLDB-004761,LOMO,Rh,mono,Rh,10.1021/jacs.8b02271,0.68,-0.021359335747760274,0.7013593357477603
MLDB-004762,LOMO,Rh,mono,Rh,10.1021/jacs.8b02271,0.69,0.06265633462046297,0.627343665379537
MLDB-004763,LOMO,Rh,mono,Rh,10.1021/jacs.8b02271,1.1,0.24918857747049297,0.8508114225295071
MLDB-004764,LOMO,Rh,mono,Rh,10.1021/jacs.8b02271,0.71,0.09789951362035955,0.6121004863796404
MLDB-000022,LOMO,Re,mono,Re,10.1002/anie.202008624,1.86,1.1092922522904505,0.7507077477095496
MLDB-000023,LOMO,Re,mono,Re,10.1002/anie.202008624,2.01,1.512923167725216,0.49707683227478383
MLDB-000024,LOMO,Re,mono,Re,10.1002/anie.202008624,2.51,1.505656458872397,1.0043435411276027
MLDB-000102,LOMO,Re,mono,Re,10.1002/chem.201505160,-1.09,0.45923535936063614,1.5492353593606363
MLDB-000103,LOMO,Re,mono,Re,10.1002/chem.201505160,2.86,1.7784634012747222,1.0815365987252776
MLDB-000104,LOMO,Re,multi,Re,10.1002/chem.201505160,-0.67,-0.37895878362386226,0.2910412163761378
MLDB-000105,LOMO,Re,multi,Re,10.1002/chem.201505160,3.12,1.2364428660788747,1.8835571339211254
MLDB-000232,LOMO,Re,mono,Re,10.1007/s00775-020-01827-7,-0.21,-0.4408822835445128,0.23088228354451282
MLDB-000233,LOMO,Re,mono,Re,10.1007/s00775-020-01827-7,-0.14,-0.15299750301860812,0.012997503018608109
MLDB-000234,LOMO,Re,mono,Re,10.1007/s00775-020-01827-7,0.38,-0.1994283754102497,0.5794283754102497
MLDB-000390,LOMO,Re,mono,Re,10.1016/j.jinorgbio.2010.02.004,-1.84,-0.545599776180536,1.294400223819464
MLDB-000485,LOMO,Re,mono,Re,10.1016/j.jinorgbio.2021.111537,0.66,0.2318497350384635,0.4281502649615365
MLDB-000486,LOMO,Re,mono,Re,10.1016/j.jinorgbio.2021.111537,1.08,1.2483381797365998,0.1683381797365997
MLDB-000487,LOMO,Re,mono,Re,10.1016/j.jinorgbio.2021.111537,1.54,1.674845944271004,0.13484594427100394
MLDB-000488,LOMO,Re,mono,Re,10.1016/j.jinorgbio.2021.111537,1.96,2.4268132109165323,0.4668132109165324
MLDB-000690,LOMO,Re,mono,Re,10.1021/acs.inorgchem.1c00418,1.73,1.8393287091330488,0.10932870913304882
MLDB-000691,LOMO,Re,mono,Re,10.1021/acs.inorgchem.1c00418,0.94,0.4885690732408853,0.45143092675911467
MLDB-000692,LOMO,Re,mono,Re,10.1021/acs.inorgchem.1c00418,0.71,0.4885690732408853,0.2214309267591147
MLDB-000693,LOMO,Re,mono,Re,10.1021/acs.inorgchem.1c00418,0.79,0.4885690732408853,0.30143092675911476
MLDB-000694,LOMO,Re,mono,Re,10.1021/acs.inorgchem.1c00418,-0.17,-0.6949769084867956,0.5249769084867956
MLDB-000947,LOMO,Re,mono,Re,10.1021/ic301948d,0.81,0.4846086985003145,0.32539130149968554
MLDB-000948,LOMO,Re,mono,Re,10.1021/ic301948d,1.09,0.8984966100812595,0.1915033899187406
MLDB-000949,LOMO,Re,mono,Re,10.1021/ic301948d,2.04,1.7953499142361755,0.24465008576382452
MLDB-000950,LOMO,Re,mono,Re,10.1021/ic301948d,1.37,0.6357701285729598,0.7342298714270403
MLDB-000993,LOMO,Re,mono,Re,10.1021/ml500158w,-0.36,0.16748277087360808,0.5274827708736081
MLDB-001230,LOMO,Re,mono,Re,10.1039/c9dt02198a,1.55,1.3934360968528838,0.1565639031471162
MLDB-001231,LOMO,Re,mono,Re,10.1039/c9dt02198a,2.1,1.693504441215893,0.40649555878410704
MLDB-001232,LOMO,Re,mono,Re,10.1039/c9dt02198a,1.49,1.7016140013188157,0.2116140013188157
MLDB-001233,LOMO,Re,mono,Re,10.1039/c9dt02198a,1.25,1.745119075481425,0.495119075481425
MLDB-001500,LOMO,Re,mono,Re,10.3390/inorganics11040142,-0.11,0.310157673305974,0.420157673305974
MLDB-001501,LOMO,Re,mono,Re,10.3390/inorganics11040142,0.65,1.8481760718643636,1.1981760718643635
MLDB-002688,LOMO,Re,multi,Re,10.1021/acs.jmedchem.5c00523,1.202,-0.35201740742417026,1.5540174074241702
MLDB-002691,LOMO,Re,multi,Re,10.1021/acs.jmedchem.5c00523,1.668,0.9632189971965995,0.7047810028034004
MLDB-002716,LOMO,Re,multi,Re,10.1021/acs.jmedchem.4c00406,2.39,-0.32173347243388933,2.7117334724338895
MLDB-002719,LOMO,Re,multi,Re,10.1021/acs.jmedchem.4c00406,1.359,-0.3569968399140528,1.7159968399140528
MLDB-003464,LOMO,Re,mono,Re,10.1021/acs.inorgchem.3c00730,1.84,0.35491443699971403,1.4850855630002862
MLDB-003465,LOMO,Re,mono,Re,10.1021/acs.inorgchem.3c00730,1.95,0.381127413796757,1.5688725862032429
MLDB-003466,LOMO,Re,mono,Re,10.1021/acs.inorgchem.3c00730,1.93,0.3292196274187197,1.6007803725812804
MLDB-003467,LOMO,Re,mono,Re,10.1021/acs.inorgchem.3c00730,1.56,0.3823495510352603,1.1776504489647397
MLDB-003468,LOMO,Re,mono,Re,10.1021/acs.inorgchem.3c00730,1.84,0.2228874493819691,1.617112550618031
MLDB-003469,LOMO,Re,mono,Re,10.1021/acs.inorgchem.3c00730,1.79,0.37628112660111174,1.4137188733988884
MLDB-003470,LOMO,Re,mono,Re,10.1021/acs.inorgchem.3c00730,2.01,0.2761814232198906,1.7338185767801093
MLDB-003471,LOMO,Re,mono,Re,10.1021/acs.inorgchem.3c00730,1.62,0.24397391838853094,1.376026081611469
MLDB-003481,LOMO,Re,multi,Re,10.1002/chem.202400217,0.8,1.662653032982285,0.862653032982285
MLDB-003482,LOMO,Re,multi,Re,10.1002/chem.202400217,0.9,1.6490340935800423,0.7490340935800422
MLDB-003483,LOMO,Re,multi,Re,10.1002/chem.202400217,0.7,1.6589439289759598,0.9589439289759598
MLDB-003484,LOMO,Re,mono,Re,10.1002/chem.202401720,0.78,0.9618315975431663,0.18183159754316625
MLDB-003485,LOMO,Re,mono,Re,10.1002/chem.202401720,0.82,0.9804061320155132,0.16040613201551324
MLDB-003486,LOMO,Re,mono,Re,10.1002/chem.202401720,0.61,1.1244059742680559,0.5144059742680559
MLDB-003487,LOMO,Re,mono,Re,10.1002/chem.202401720,0.93,1.2452541138240507,0.31525411382405066
MLDB-003488,LOMO,Re,mono,Re,10.1002/chem.202401720,1.18,1.210180200183212,0.030180200183212103
MLDB-003489,LOMO,Re,mono,Re,10.1002/chem.202401720,1.34,1.247029023380171,0.092970976619829
MLDB-003523,LOMO,Re,mono,Re,10.1021/acsami.7b01764,-0.46,0.5096771918056398,0.9696771918056397
MLDB-003524,LOMO,Re,mono,Re,10.1021/acsami.7b01764,0.03,0.33891372766421196,0.308913727664212
MLDB-003525,LOMO,Re,mono,Re,10.1021/acsami.7b01764,-0.06,0.4839494091934381,0.543949409193438
MLDB-003526,LOMO,Re,mono,Re,10.1021/acsami.7b01764,-0.11,0.21343615426703133,0.3234361542670313
MLDB-003527,LOMO,Re,mono,Re,10.1021/acsami.7b01764,0.75,1.5072964631263464,0.7572964631263464
MLDB-003528,LOMO,Re,mono,Re,10.1021/acsami.7b01764,0.6,1.2980314103375707,0.6980314103375708
MLDB-003529,LOMO,Re,mono,Re,10.1021/acsami.7b01764,0.58,1.502894608323772,0.922894608323772
MLDB-003530,LOMO,Re,mono,Re,10.1021/acsami.7b01764,0.84,1.1619150909978546,0.32191509099785465
MLDB-003666,LOMO,Re,mono,Re,10.1039/d4dt02992e,-0.3,-0.24907981727383954,0.050920182726160446
MLDB-003871,LOMO,Re,mono,Re,10.1016/j.jinorgbio.2024.112600,-0.39,0.5096771918056398,0.8996771918056398
MLDB-003872,LOMO,Re,mono,Re,10.1016/j.jinorgbio.2024.112600,-0.15,1.0186798468299785,1.1686798468299784
MLDB-003873,LOMO,Re,mono,Re,10.1016/j.jinorgbio.2024.112600,0.65,0.8498603639136906,0.19986036391369055
MLDB-003874,LOMO,Re,mono,Re,10.1021/acs.inorgchem.3c03110,0.3,-0.8419394107834859,1.141939410783486
MLDB-003875,LOMO,Re,mono,Re,10.1021/acs.inorgchem.3c03110,0.5,-0.7140801811977647,1.2140801811977648
MLDB-003876,LOMO,Re,mono,Re,10.1021/acs.inorgchem.3c03110,1.6,-0.13878916212679146,1.7387891621267915
MLDB-003898,LOMO,Re,mono,Re,10.1021/acsomega.3c01639,0.318,1.5218024438046032,1.203802443804603
MLDB-003919,LOMO,Re,mono,Re,10.1093/mtomcs/mfac008,-0.95,-0.4488595287129039,0.501140471287096
MLDB-003920,LOMO,Re,mono,Re,10.1093/mtomcs/mfac008,-0.75,0.4781499546718165,1.2281499546718164
MLDB-003921,LOMO,Re,mono,Re,10.1093/mtomcs/mfac008,-0.26,0.1729721329071537,0.4329721329071537
MLDB-003925,LOMO,Re,mono,Re,10.1039/d3dt04383e,1.23,1.1699825905641599,0.06001740943584011
MLDB-003926,LOMO,Re,mono,Re,10.1039/d3dt04383e,1.44,0.9804061320155132,0.45959386798448676
MLDB-003927,LOMO,Re,mono,Re,10.1039/d3dt04383e,1.68,1.0350794065990172,0.6449205934009827
MLDB-003928,LOMO,Re,mono,Re,10.1039/d3dt04383e,1.39,1.0281779668949842,0.3618220331050157
MLDB-003929,LOMO,Re,mono,Re,10.1039/d3dt04383e,1.48,1.1215335071615105,0.3584664928384895
MLDB-003930,LOMO,Re,mono,Re,10.1039/d3dt04383e,1.6,1.303172879843794,0.29682712015620605
MLDB-004054,LOMO,Re,mono,Re,10.1021/acs.jmedchem.5c02400,0.5196,0.8797727383837777,0.3601727383837777
MLDB-004105,LOMO,Re,mono,Re,10.1039/d3dt01667f,0.1669,1.0512984451698533,0.8843984451698532
MLDB-004106,LOMO,Re,multi,Re,10.1021/acsomega.2c08285,0.22,-0.4630913282245736,0.6830913282245736
MLDB-004176,LOMO,Re,mono,Re,10.1039/d3qi01653f,0.3,-0.81361490382351,1.11361490382351
MLDB-004177,LOMO,Re,mono,Re,10.1039/d3qi01653f,0.6,-0.8574202626828257,1.4574202626828257
MLDB-004178,LOMO,Re,mono,Re,10.1039/d3qi01653f,-0.5,-0.9816132830276173,0.4816132830276173
MLDB-004315,LOMO,Re,mono,Re,10.1039/d6dt00710d,-1.3,-1.474711696750722,0.17471169675072185
MLDB-004316,LOMO,Re,mono,Re,10.1039/d6dt00710d,-0.13,-0.8009498100210473,0.6709498100210473
MLDB-004317,LOMO,Re,mono,Re,10.1039/d6dt00710d,0.3,-0.07674801573227832,0.37674801573227834
MLDB-004318,LOMO,Re,mono,Re,10.1039/d6dt00710d,0.45,-0.08920626410160302,0.539206264101603
MLDB-004505,LOMO,Re,mono,Re,10.1021/acs.jmedchem.5c02210,1.32,1.3798491136183866,0.05984911361838652
MLDB-004509,LOMO,Re,mono,Re,10.1093/mtomcs/mfag002,1.46,0.9407914639405119,0.519208536059488
MLDB-004510,LOMO,Re,mono,Re,10.1093/mtomcs/mfag002,0.99,0.295922591198069,0.694077408801931
MLDB-004511,LOMO,Re,mono,Re,10.1093/mtomcs/mfag002,1.23,1.043789082972186,0.1862109170278139
MLDB-004512,LOMO,Re,mono,Re,10.1093/mtomcs/mfag002,1.72,1.0291794394136307,0.6908205605863693
MLDB-004513,LOMO,Re,mono,Re,10.1093/mtomcs/mfag002,1.25,0.9852972363510524,0.2647027636489476
MLDB-004514,LOMO,Re,mono,Re,10.1093/mtomcs/mfag002,1.38,1.005980399931278,0.3740196000687219
MLDB-004515,LOMO,Re,mono,Re,10.1093/mtomcs/mfag002,1.43,1.0523326578793637,0.37766734212063624
MLDB-004527,LOMO,Re,mono,Re,10.1021/acsomega.5c06647,1.61,2.197108620214025,0.587108620214025
MLDB-004528,LOMO,Re,mono,Re,10.1021/acsomega.5c06647,1.67,2.165109050493751,0.4951090504937512
MLDB-004529,LOMO,Re,mono,Re,10.1021/acsomega.5c06647,1.71,2.242671055985045,0.5326710559850452
MLDB-004530,LOMO,Re,mono,Re,10.1021/acsomega.5c06647,1.71,2.2892072557953282,0.5792072557953283
MLDB-004844,LOMO,Re,mono,Re,10.1021/acs.inorgchem.3c01934,-1.9,-1.2459174641452793,0.6540825358547206
MLDB-004846,LOMO,Re,mono,Re,10.1021/acs.inorgchem.3c01934,-0.1,-0.47253364477352233,0.37253364477352235
MLDB-004848,LOMO,Re,mono,Re,10.1021/acs.inorgchem.3c01934,-0.02,-0.12467132058891062,0.10467132058891061
MLDB-004850,LOMO,Re,mono,Re,10.1021/acs.inorgchem.3c01934,0.22,0.21176621267141263,0.008233787328587372
MLDB-004852,LOMO,Re,mono,Re,10.1021/acs.inorgchem.3c01934,0.42,-0.072181878942697,0.492181878942697
MLDB-004854,LOMO,Re,mono,Re,10.1021/acs.inorgchem.3c01934,1.12,0.49307466261358074,0.6269253373864194
MLDB-004858,LOMO,Re,mono,Re,10.1021/acsomega.4c05699,-1.04,-0.6048797442001319,0.4351202557998681
MLDB-004859,LOMO,Re,mono,Re,10.1021/acsomega.4c05699,-0.19,-0.33817696051619883,0.14817696051619883
MLDB-004876,LOMO,Re,mono,Re,10.1021/acs.jmedchem.5c01760,1.07,0.08640740611349033,0.9835925938865098
MLDB-004899,LOMO,Re,mono,Re,10.1016/j.nucmedbio.2022.01.004,-3.11,-2.1706644773252672,0.9393355226747326
MLDB-004901,LOMO,Re,mono,Re,10.1016/j.nucmedbio.2022.01.004,-2.1,-1.8170927310613383,0.2829072689386618
MLDB-000004,LOMO,Os,mono,Os,10.1002/anie.202016456,1.01,1.3645086961342743,0.35450869613427427
MLDB-000005,LOMO,Os,mono,Os,10.1002/anie.202016456,1.02,1.3645086961342743,0.34450869613427426
MLDB-000006,LOMO,Os,mono,Os,10.1002/anie.202016456,1.02,1.6925433260957288,0.6725433260957288
MLDB-000007,LOMO,Os,mono,Os,10.1002/anie.202016456,1.01,1.6925433260957288,0.6825433260957288
MLDB-000008,LOMO,Os,mono,Os,10.1002/anie.202016456,1.04,1.4240120116003239,0.38401201160032383
MLDB-000144,LOMO,Os,multi,Os,10.1002/chem.202402861,0.92,0.8233781678844129,0.09662183211558717
MLDB-000467,LOMO,Os,mono,Os,10.1016/j.jinorgbio.2020.111154,1.59,0.280166642420514,1.309833357579486
MLDB-000468,LOMO,Os,mono,Os,10.1016/j.jinorgbio.2020.111154,0.11,-0.29413856103090996,0.40413856103090995
MLDB-000469,LOMO,Os,mono,Os,10.1016/j.jinorgbio.2020.111154,1.87,0.014808091346363053,1.855191908653637
MLDB-000470,LOMO,Os,mono,Os,10.1016/j.jinorgbio.2020.111154,1.1,-0.06886164622506002,1.16886164622506
MLDB-000471,LOMO,Os,mono,Os,10.1016/j.jinorgbio.2020.111154,2.29,0.7844744177470565,1.5055255822529436
MLDB-000472,LOMO,Os,mono,Os,10.1016/j.jinorgbio.2020.111154,2.6,0.808913297684073,1.7910867023159271
MLDB-000473,LOMO,Os,mono,Os,10.1016/j.jinorgbio.2020.111154,1.41,0.2109106502218461,1.1990893497781538
MLDB-000677,LOMO,Os,mono,Os,10.1021/acs.inorgchem.0c02137,-3.0,-1.6208045613894082,1.3791954386105918
MLDB-000678,LOMO,Os,mono,Os,10.1021/acs.inorgchem.0c02137,-1.423,-1.2244878884870845,0.1985121115129156
MLDB-000679,LOMO,Os,mono,Os,10.1021/acs.inorgchem.0c02137,-0.7,-0.48975981365273696,0.210240186347263
MLDB-000680,LOMO,Os,mono,Os,10.1021/acs.inorgchem.0c02137,-0.09,0.31102098304278203,0.401020983042782
MLDB-000681,LOMO,Os,mono,Os,10.1021/acs.inorgchem.0c02137,-1.645,-1.2859869996416033,0.35901300035839667
MLDB-000682,LOMO,Os,mono,Os,10.1021/acs.inorgchem.0c02137,-0.438,-0.31614761540686953,0.12185238459313047
MLDB-000683,LOMO,Os,mono,Os,10.1021/acs.inorgchem.0c02137,0.588,0.20846398408842032,0.37953601591157965
MLDB-000684,LOMO,Os,mono,Os,10.1021/acs.inorgchem.0c02137,1.305,1.278394816004543,0.02660518399545686
MLDB-000685,LOMO,Os,mono,Os,10.1021/acs.inorgchem.0c02137,1.461,1.3059655222119855,0.1550344777880146
MLDB-000989,LOMO,Os,mono,Os,10.1021/jm901556u,-0.51,-0.35919992156974795,0.15080007843025206
MLDB-000990,LOMO,Os,mono,Os,10.1021/jm901556u,0.22,-0.18027064227499437,0.40027064227499437
MLDB-000991,LOMO,Os,mono,Os,10.1021/jm901556u,0.86,0.27307179010467664,0.5869282098953233
MLDB-000992,LOMO,Os,mono,Os,10.1021/jm901556u,0.71,0.15394817241978023,0.5560518275802198
MLDB-000996,LOMO,Os,mono,Os,10.1021/om800774t,1.18,0.5169725872571281,0.6630274127428718
MLDB-000997,LOMO,Os,mono,Os,10.1038/nchem.2918,1.45,1.1994086745426789,0.2505913254573211
MLDB-000998,LOMO,Os,mono,Os,10.1038/nchem.2918,0.18,0.9543157523457644,0.7743157523457644
MLDB-000999,LOMO,Os,mono,Os,10.1038/nchem.2918,0.71,1.1124109281069714,0.40241092810697143
MLDB-001000,LOMO,Os,mono,Os,10.1038/nchem.2918,0.3,1.1735339523451247,0.8735339523451247
MLDB-001001,LOMO,Os,mono,Os,10.1038/nchem.2918,0.48,1.1541471255303557,0.6741471255303557
MLDB-001002,LOMO,Os,mono,Os,10.1038/nchem.2918,1.91,1.026000833192253,0.8839991668077469
MLDB-001003,LOMO,Os,mono,Os,10.1038/nchem.2918,2.3,1.233513773398961,1.0664862266010389
MLDB-001033,LOMO,Os,mono,Os,10.1039/c1dt10937e,-0.99,0.3053988069870764,1.2953988069870763
MLDB-001034,LOMO,Os,mono,Os,10.1039/c1dt10937e,-0.09,0.2940931793197478,0.38409317931974785
MLDB-001035,LOMO,Os,mono,Os,10.1039/c1dt10937e,0.08,0.24566683626030922,0.1656668362603092
MLDB-001036,LOMO,Os,mono,Os,10.1039/c1dt10937e,0.13,0.15806420143874922,0.028064201438749214
MLDB-001037,LOMO,Os,mono,Os,10.1039/c1dt10937e,-0.59,0.40427216587783793,0.994272165877838
MLDB-001038,LOMO,Os,mono,Os,10.1039/c1dt10937e,-1.45,0.27239177507789575,1.7223917750778956
MLDB-001074,LOMO,Os,mono,Os,10.1039/c4mt00034j,0.26,0.25942360195654285,0.0005763980434571603
MLDB-001075,LOMO,Os,mono,Os,10.1039/c4mt00034j,-0.3,0.47258059200887853,0.7725805920088785
MLDB-001076,LOMO,Os,mono,Os,10.1039/c4mt00034j,-0.57,0.2830628395043642,0.8530628395043642
MLDB-001141,LOMO,Os,mono,Os,10.1039/c7cc07776a,-1.24,-1.7284844471277383,0.4884844471277383
MLDB-001315,LOMO,Os,mono,Os,10.1039/d0sc03008b,-1.697,-1.3092998701300094,0.3877001298699907
MLDB-001316,LOMO,Os,mono,Os,10.1039/d0sc03008b,-2.243,-1.2559429115211278,0.9870570884788721
MLDB-001317,LOMO,Os,mono,Os,10.1039/d0sc03008b,-0.794,-0.43585492416887034,0.3581450758311297
MLDB-001318,LOMO,Os,mono,Os,10.1039/d0sc03008b,-0.341,0.04352730434588852,0.38452730434588855
MLDB-001319,LOMO,Os,mono,Os,10.1039/d0sc03008b,0.726,0.8747090602055427,0.14870906020554275
MLDB-001338,LOMO,Os,mono,Os,10.1039/d1dt02083h,1.4,0.7965815764447637,0.6034184235552362
MLDB-001442,LOMO,Os,mono,Os,10.3389/fchem.2023.1086267,2.5,0.4338979723871594,2.066102027612841
MLDB-001443,LOMO,Os,mono,Os,10.3389/fchem.2023.1086267,2.6,1.0718980483093268,1.5281019516906733
MLDB-001444,LOMO,Os,mono,Os,10.3389/fchem.2023.1086267,2.7,1.2804500731164834,1.4195499268835168
MLDB-001445,LOMO,Os,mono,Os,10.3389/fchem.2023.1086267,2.7,1.1987314658049562,1.501268534195044
MLDB-001446,LOMO,Os,mono,Os,10.3389/fchem.2023.1086267,2.8,1.209823867998839,1.590176132001161
MLDB-001447,LOMO,Os,mono,Os,10.3389/fchem.2023.1086267,2.33,1.8768392830156364,0.45316071698436367
MLDB-001483,LOMO,Os,mono,Os,10.3390/ijms23020813,3.32,2.2038215745855254,1.1161784254144744
MLDB-001484,LOMO,Os,mono,Os,10.3390/ijms23020813,2.87,2.2038215745855254,0.6661784254144747
MLDB-001485,LOMO,Os,mono,Os,10.3390/ijms23020813,2.36,1.8219673718972123,0.5380326281027876
MLDB-001486,LOMO,Os,mono,Os,10.3390/ijms23020813,2.33,2.1402341569557723,0.18976584304422772
MLDB-001664,LOMO,Os,mono,Os,10.1016/j.ejps.2025.107259,2.7,1.815195380205539,0.8848046197944612
MLDB-001668,LOMO,Os,mono,Os,10.1016/j.ejps.2025.107259,3.23,2.1297983167014944,1.1002016832985055
MLDB-001672,LOMO,Os,mono,Os,10.1016/j.ejps.2025.107259,1.7,1.704271894345505,0.004271894345505123
MLDB-001676,LOMO,Os,mono,Os,10.1016/j.ejps.2025.107259,1.47,2.1080033677750523,0.6380033677750523
MLDB-001686,LOMO,Os,mono,Os,10.3389/fchem.2025.1619991,1.67,2.1402341569557723,0.4702341569557724
MLDB-001690,LOMO,Os,mono,Os,10.3389/fchem.2025.1619991,1.39,1.8768392830156364,0.4868392830156365
MLDB-001693,LOMO,Os,mono,Os,10.3389/fchem.2025.1619991,1.97,1.0718980483093268,0.8981019516906732
MLDB-001744,LOMO,Os,mono,Os,10.3390/molecules28073058,1.78,2.3121351365674623,0.5321351365674623
MLDB-001748,LOMO,Os,mono,Os,10.3390/molecules28073058,2.64,1.9091950715205823,0.7308049284794178
MLDB-001751,LOMO,Os,mono,Os,10.3390/molecules28073058,2.15,1.6491606725811796,0.5008393274188203
MLDB-001755,LOMO,Os,mono,Os,10.3390/molecules28073058,1.32,1.6204675629901282,0.3004675629901281
MLDB-001759,LOMO,Os,mono,Os,10.3390/molecules28073058,1.59,1.3712252433424346,0.21877475665756552
MLDB-001763,LOMO,Os,mono,Os,10.3390/molecules28073058,1.42,1.5763448185311364,0.15634481853113646
MLDB-001767,LOMO,Os,mono,Os,10.3390/molecules28073058,2.21,1.8736397043854474,0.3363602956145526
MLDB-002885,LOMO,Os,mono,Os,10.1021/jacs.6c04446,0.995,1.2926633911896657,0.29766339118966567
MLDB-002886,LOMO,Os,mono,Os,10.1021/jacs.6c04446,1.088,1.8145164708519534,0.7265164708519534
MLDB-003251,LOMO,Os,mono,Os,10.1021/acs.organomet.6c00115,1.51,0.46180929750440486,1.0481907024955952
MLDB-003451,LOMO,Os,mono,Os,10.1016/j.ica.2025.122537,1.11,0.9096214174655006,0.20037858253449947
MLDB-003452,LOMO,Os,mono,Os,10.1016/j.ica.2025.122537,1.48,0.352530334579575,1.127469665420425
MLDB-003453,LOMO,Os,mono,Os,10.1016/j.ica.2025.122537,0.64,0.8697662262746848,0.2297662262746848
MLDB-003454,LOMO,Os,mono,Os,10.1016/j.ica.2025.122537,1.26,1.199788932969683,0.06021106703031709
MLDB-003455,LOMO,Os,mono,Os,10.1016/j.ica.2025.122537,0.81,1.1028274583212458,0.2928274583212458
MLDB-003474,LOMO,Os,mono,Os,10.1039/d3sc03932c,2.51,2.0697077928074585,0.44029220719254125
MLDB-003475,LOMO,Os,mono,Os,10.1039/d3sc03932c,2.43,1.7934927083842622,0.6365072916157379
MLDB-004722,LOMO,Os,multi,Os,10.1002/aoc.5785,0.03,0.028893787864970197,0.001106212135029802
MLDB-004725,LOMO,Os,multi,Os,10.1002/aoc.5785,0.15,-0.21019938671868627,0.36019938671868623
MLDB-004906,LOMO,Os,mono,Os,10.1021/acsami.9b19776,-1.114,-0.9984653469903532,0.11553465300964694
MLDB-004907,LOMO,Os,mono,Os,10.1021/acsami.9b19776,-1.635,-1.4493884472486767,0.18561155275132335
MLDB-000433,LOMO,Ag,mono,Ag,10.1016/j.jinorgbio.2020.110998,1.2,2.158277696114358,0.9582776961143582
MLDB-000774,LOMO,Ag,mono,Ag,10.1021/acs.inorgchem.4c02581,0.1,-0.1617214756698286,0.2617214756698286
MLDB-000776,LOMO,Ag,mono,Ag,10.1021/acs.inorgchem.4c02581,-1.9,-0.335175447029555,1.564824552970445
MLDB-000777,LOMO,Ag,mono,Ag,10.1021/acs.inorgchem.4c02581,-1.4,-0.6851523801534912,0.7148476198465087
MLDB-002570,LOMO,Ag,multi,Ag,10.1016/j.ejmech.2017.08.062,-0.63,0.48310084622476535,1.1131008462247654
MLDB-002571,LOMO,Ag,multi,Ag,10.1016/j.ejmech.2017.08.062,-0.5,0.5020778464312493,1.0020778464312494
MLDB-002572,LOMO,Ag,multi,Ag,10.1016/j.ejmech.2017.08.062,-0.21,0.38997065279247195,0.599970652792472
MLDB-002573,LOMO,Ag,mono,Ag,10.1007/s11243-018-0216-6,0.57,0.733999897975056,0.1639998979750561
MLDB-002574,LOMO,Ag,mono,Ag,10.1007/s11243-018-0216-6,0.81,0.9343622545340062,0.12436225453400618
MLDB-002575,LOMO,Ag,mono,Ag,10.1007/s11243-018-0216-6,0.96,0.9766999185821492,0.016699918582149254
MLDB-002576,LOMO,Ag,mono,Ag,10.1007/s11243-018-0216-6,0.74,0.7921325340950918,0.052132534095091776
MLDB-002577,LOMO,Ag,mono,Ag,10.1007/s11243-018-0216-6,0.94,1.0753106289743586,0.13531062897435864
MLDB-002578,LOMO,Ag,mono,Ag,10.1007/s11243-018-0216-6,0.98,0.9330809085354442,0.04691909146455575
MLDB-002582,LOMO,Ag,mono,Ag,10.1016/j.jinorgbio.2010.10.016,-2.24,-0.9607117156170556,1.2792882843829445
MLDB-002584,LOMO,Ag,mono,Ag,10.1080/24701556.2018.1504074,1.25,0.8213644025763008,0.42863559742369917
MLDB-002585,LOMO,Ag,mono,Ag,10.1080/24701556.2018.1504074,1.27,0.911111458939201,0.35888854106079904
MLDB-002588,LOMO,Ag,mono,Ag,10.1002/cmdc.201800672,0.9,0.7112474142978151,0.1887525857021849
MLDB-002589,LOMO,Ag,mono,Ag,10.1002/cmdc.201800672,0.5,0.9498500148117348,0.4498500148117348
MLDB-002590,LOMO,Ag,multi,Ag,10.1016/j.poly.2016.02.012,0.23,-0.5929968146775532,0.8229968146775531
MLDB-002593,LOMO,Ag,mono,Ag,10.1093/toxres/tfaa001,1.09,0.8768032240161545,0.21319677598384557
MLDB-002594,LOMO,Ag,mono,Ag,10.1093/toxres/tfaa001,0.09,0.89400582043547,0.8040058204354701
MLDB-002595,LOMO,Ag,mono,Ag,10.1093/toxres/tfaa001,0.03,0.8532864750357597,0.8232864750357597
MLDB-002596,LOMO,Ag,mono,Ag,10.1093/toxres/tfaa001,1.25,0.9267587968169294,0.3232412031830706
MLDB-002597,LOMO,Ag,multi,Ag,10.1039/c7dt01286a,-0.04,0.47023927794085196,0.510239277940852
MLDB-002598,LOMO,Ag,mono,Ag,10.1039/c7dt01286a,0.58,0.7869038773052133,0.2069038773052133
MLDB-002599,LOMO,Ag,mono,Ag,10.1039/c7dt01286a,0.91,1.0034162999454712,0.09341629994547118
MLDB-002600,LOMO,Ag,mono,Ag,10.1039/c7dt01286a,1.32,1.2463711240378044,0.0736288759621957
MLDB-002602,LOMO,Ag,mono,Ag,10.1039/c4dt03679d,-0.01,-1.0107613970495348,1.0007613970495348
MLDB-002603,LOMO,Ag,mono,Ag,10.1039/c4dt03679d,0.53,-0.9128655370067981,1.442865537006798
MLDB-002604,LOMO,Ag,mono,Ag,10.1039/c4dt03679d,0.56,-0.33652439611857027,0.8965243961185703
MLDB-002605,LOMO,Ag,mono,Ag,10.1039/c4dt03679d,0.1512,-0.8661714704203662,1.0173714704203662
MLDB-002606,LOMO,Ag,mono,Ag,10.1039/c4dt03679d,-1.96,-0.918868752305972,1.041131247694028
MLDB-002607,LOMO,Ag,mono,Ag,10.1021/acs.organomet.0c00069,0.37,0.6127318734984472,0.24273187349844716
MLDB-002608,LOMO,Ag,mono,Ag,10.1021/acs.organomet.0c00069,0.45,1.0863710551133317,0.6363710551133317
MLDB-002609,LOMO,Ag,mono,Ag,10.1021/acs.organomet.0c00069,0.55,1.0095765108346986,0.4595765108346985
MLDB-002610,LOMO,Ag,mono,Ag,10.1021/acs.organomet.0c00069,0.58,1.2587373830501767,0.6787373830501767
MLDB-002611,LOMO,Ag,mono,Ag,10.1021/acs.organomet.0c00069,0.3,0.9474932957727702,0.6474932957727701
MLDB-002612,LOMO,Ag,mono,Ag,10.1021/acs.organomet.0c00069,0.34,0.4662810085823902,0.12628100858239016
MLDB-002613,LOMO,Ag,mono,Ag,10.1021/acs.organomet.0c00069,0.42,0.9727106356236311,0.5527106356236311
MLDB-002614,LOMO,Ag,mono,Ag,10.1021/acs.organomet.0c00069,0.52,0.9657719413435681,0.4457719413435681
MLDB-002615,LOMO,Ag,mono,Ag,10.1021/acs.organomet.0c00069,0.55,1.2662016956390965,0.7162016956390964
MLDB-002616,LOMO,Ag,mono,Ag,10.1021/acs.organomet.0c00069,0.26,0.9743297314419399,0.7143297314419399
MLDB-002617,LOMO,Ag,mono,Ag,10.1021/acs.organomet.0c00069,0.41,0.6286309200327624,0.21863092003276247
MLDB-002618,LOMO,Ag,mono,Ag,10.1021/acs.organomet.0c00069,0.59,1.1410348840067654,0.5510348840067655
MLDB-002619,LOMO,Ag,mono,Ag,10.1021/acs.organomet.0c00069,0.36,1.0149592099339275,0.6549592099339275
MLDB-002620,LOMO,Ag,multi,Ag,10.1016/j.ica.2015.08.017,-0.43,-0.1192432184997907,0.3107567815002093
MLDB-002622,LOMO,Ag,multi,Ag,10.1039/d0dt01272f,0.42,-1.1100106436099766,1.5300106436099765
MLDB-002623,LOMO,Ag,multi,Ag,10.1039/d0dt01272f,0.33,-0.7461076806413869,1.076107680641387
MLDB-002624,LOMO,Ag,multi,Ag,10.1039/d0dt01272f,0.4,-1.1737242267673973,1.5737242267673972
MLDB-002625,LOMO,Ag,multi,Ag,10.3390/molecules26071871,0.37,-0.08731389219116642,0.4573138921911664
MLDB-002626,LOMO,Ag,mono,Ag,10.1039/c9dt01646e,-1.12,-0.8493806034708766,0.2706193965291235
MLDB-002627,LOMO,Ag,mono,Ag,10.1039/c9dt01646e,-0.38,0.15717446127845128,0.5371744612784513
MLDB-002628,LOMO,Ag,multi,Ag,10.5937/kgjsci2345079a,0.0035,0.3224223873573298,0.3189223873573298
MLDB-002629,LOMO,Ag,multi,Ag,10.5937/kgjsci2345079a,-0.0063,0.1465216040512867,0.1528216040512867
MLDB-002630,LOMO,Ag,multi,Ag,10.1016/j.molliq.2022.120921,0.898,0.6041154916611554,0.2938845083388446
MLDB-002631,LOMO,Ag,multi,Ag,10.1016/j.molliq.2022.120921,0.92,1.042814004144458,0.12281400414445798
MLDB-002632,LOMO,Ag,multi,Ag,10.1016/j.molliq.2022.120921,0.942,0.8569349557896259,0.08506504421037409
MLDB-002633,LOMO,Ag,mono,Ag,10.1002/aoc.6726,1.0,0.647307511751486,0.35269248824851396
MLDB-002634,LOMO,Ag,mono,Ag,10.1002/aoc.6726,1.3,0.635726405963394,0.664273594036606
MLDB-002635,LOMO,Ag,mono,Ag,10.1002/aoc.6726,1.5,0.8974032020722219,0.6025967979277781
MLDB-002636,LOMO,Ag,mono,Ag,10.1002/aoc.6726,1.1,0.7366137787783221,0.36338622122167796
MLDB-002637,LOMO,Ag,mono,Ag,10.1002/aoc.6726,1.3,0.710431186652094,0.589568813347906
MLDB-002638,LOMO,Ag,mono,Ag,10.1002/aoc.6726,1.1,0.8091247530798178,0.2908752469201823
MLDB-002639,LOMO,Ag,mono,Ag,10.1002/aoc.6726,1.4,0.850498812313875,0.5495011876861249
MLDB-002640,LOMO,Ag,mono,Ag,10.1002/aoc.6726,1.6,0.7536994914588628,0.8463005085411373
MLDB-002641,LOMO,Ag,mono,Ag,10.1002/aoc.6726,1.5,1.0090552656460987,0.4909447343539013
MLDB-002650,LOMO,Ag,mono,Ag,10.1016/j.jinorgbio.2025.113041,-1.4,0.11830136577359947,1.5183013657735993
MLDB-002655,LOMO,Ag,mono,Ag,10.1016/j.jinorgbio.2025.113041,-1.37,-0.0030582021965357108,1.3669417978034644
MLDB-002658,LOMO,Ag,mono,Ag,10.1002/ejic.202400133,1.6,0.855279600886696,0.7447203991133041
MLDB-002659,LOMO,Ag,mono,Ag,10.1002/ejic.202400133,1.52,0.885955261791306,0.634044738208694
MLDB-002660,LOMO,Ag,mono,Ag,10.1002/ejic.202400133,1.07,0.821218711935234,0.24878128806476607
MLDB-002661,LOMO,Ag,mono,Ag,10.1002/ejic.202400133,1.59,1.1725726195988277,0.41742738040117233
MLDB-002662,LOMO,Ag,mono,Ag,10.1002/ejic.202400133,1.45,0.5722415686229837,0.8777584313770163
MLDB-002663,LOMO,Ag,mono,Ag,10.1002/ejic.202400133,1.24,0.8267695570941991,0.4132304429058009
MLDB-002664,LOMO,Ag,mono,Ag,10.1002/ejic.202400133,1.4,0.7772282331253494,0.6227717668746505
MLDB-002665,LOMO,Ag,mono,Ag,10.1016/j.jinorgbio.2025.112845,-0.55,-0.46529018459768395,0.08470981540231609
MLDB-002666,LOMO,Ag,mono,Ag,10.1016/j.jinorgbio.2025.112845,-1.34,-0.4551214682088816,0.8848785317911185
MLDB-002667,LOMO,Ag,mono,Ag,10.1016/j.jinorgbio.2025.112845,-1.17,-0.5293062603517033,0.6406937396482967
MLDB-002668,LOMO,Ag,mono,Ag,10.1039/d4dt00851k,1.0,1.6635989238662625,0.6635989238662625
MLDB-002699,LOMO,Ag,mono,Ag,10.1016/j.jtemb.2023.127211,0.89,0.9595501702002625,0.06955017020026244
MLDB-002700,LOMO,Ag,mono,Ag,10.1016/j.jtemb.2023.127211,0.048,0.7823286590759887,0.7343286590759887
MLDB-002701,LOMO,Ag,mono,Ag,10.1016/j.jtemb.2023.127211,1.03,1.04110006074069,0.011100060740689921
MLDB-002702,LOMO,Ag,mono,Ag,10.1016/j.jtemb.2023.127211,1.25,1.079108137528017,0.17089186247198307
MLDB-004797,LOMO,Ag,mono,Ag,10.1002/aoc.3655,1.02,1.4964730994140905,0.47647309941409044
MLDB-004798,LOMO,Ag,mono,Ag,10.1002/aoc.3655,1.05,1.0619122802391892,0.01191228023918911
MLDB-004799,LOMO,Ag,mono,Ag,10.1002/aoc.3655,1.78,0.9144007377188177,0.8655992622811823
MLDB-004800,LOMO,Ag,mono,Ag,10.1002/aoc.3655,2.06,1.0454153488925249,1.0145846511074752
MLDB-001587,LOMO,Co,mono,Co,10.1039/d5dt02296g,0.94,-0.20701599651198913,1.147015996511989
MLDB-002384,LOMO,Co,multi,Co,10.1016/j.jinorgbio.2019.110963,-1.33,-0.8378184748991422,0.4921815251008579
MLDB-002385,LOMO,Co,multi,Co,10.1016/j.jinorgbio.2019.110963,-1.08,-0.4726374319539324,0.6073625680460677
MLDB-002388,LOMO,Co,mono,Co,10.1039/c9nj01269a,-0.86,-0.23406433713838237,0.6259356628616176
MLDB-002389,LOMO,Co,mono,Co,10.1039/c9nj01269a,0.17,-0.037158424236692064,0.20715842423669206
MLDB-002390,LOMO,Co,mono,Co,10.1039/c9nj01269a,0.24,0.28705104296260886,0.04705104296260887
MLDB-002391,LOMO,Co,mono,Co,10.1039/c9nj01269a,0.38,0.4294595061418931,0.049459506141893095
MLDB-002393,LOMO,Co,mono,Co,10.1039/d2md00394e,-1.477,0.9780586108203463,2.4550586108203465
MLDB-002395,LOMO,Co,mono,Co,10.1021/ic4016228,-1.99,-0.052071713414298726,1.9379282865857013
MLDB-002396,LOMO,Co,mono,Co,10.1021/ic4016228,-2.18,-0.060236164445222264,2.119763835554778
MLDB-002397,LOMO,Co,mono,Co,10.1021/ic4016228,-1.37,0.23151630269061801,1.601516302690618
MLDB-002398,LOMO,Co,mono,Co,10.1021/ic4016228,-2.45,-0.6241534965581147,1.8258465034418854
MLDB-002399,LOMO,Co,mono,Co,10.1021/ic4016228,-2.4,-0.5000422234120288,1.8999577765879712
MLDB-002405,LOMO,Co,mono,Co,10.3390/inorganics5010012,0.96,0.3537630814466295,0.6062369185533705
MLDB-002406,LOMO,Co,mono,Co,10.1002/aoc.6536,1.07,-0.6041447088279893,1.6741447088279893
MLDB-002407,LOMO,Co,mono,Co,10.1002/aoc.6536,1.59,0.31856561074454925,1.2714343892554507
MLDB-002408,LOMO,Co,mono,Co,10.1002/aoc.6536,1.13,-0.7354257894582775,1.8654257894582775
MLDB-002409,LOMO,Co,mono,Co,10.1002/aoc.6536,1.86,-0.243344505022775,2.103344505022775
MLDB-002412,LOMO,Co,mono,Co,10.1039/c8dt00577j,0.94,0.5093276220407809,0.4306723779592191
MLDB-002413,LOMO,Co,multi,Co,10.1039/c8dt00577j,1.91,0.17593156878264335,1.7340684312173567
MLDB-002414,LOMO,Co,multi,Co,10.1039/c8dt00577j,1.03,0.15085181099269823,0.8791481890073019
MLDB-002415,LOMO,Co,mono,Co,10.1002/cbic.201600368,0.67,0.1297505502319761,0.5402494497680239
MLDB-002416,LOMO,Co,mono,Co,10.1039/c8dt03448f,-0.3,-0.1518979662040136,0.14810203379598638
MLDB-002417,LOMO,Co,mono,Co,10.1039/c8dt03448f,0.04,0.0213647128734307,0.0186352871265693
MLDB-002418,LOMO,Co,mono,Co,10.1039/c8dt03448f,0.56,0.7646794241104519,0.2046794241104518
MLDB-002419,LOMO,Co,mono,Co,10.1021/acs.inorgchem.1c00444,1.11,0.663223171994201,0.4467768280057991
MLDB-002420,LOMO,Co,mono,Co,10.1021/acs.inorgchem.1c00444,1.25,0.5325529334608882,0.7174470665391118
MLDB-002421,LOMO,Co,mono,Co,10.1021/acs.inorgchem.1c00444,1.55,1.0815863082173216,0.46841369178267844
MLDB-002422,LOMO,Co,mono,Co,10.1021/acs.inorgchem.1c00444,1.23,0.5649771538180435,0.6650228461819565
MLDB-002423,LOMO,Co,mono,Co,10.1021/acs.inorgchem.1c00444,1.42,0.7421887210354329,0.677811278964567
MLDB-002424,LOMO,Co,mono,Co,10.1021/acs.inorgchem.1c00444,1.7,1.2622485190295356,0.43775148097046435
MLDB-002425,LOMO,Co,mono,Co,10.1080/07391102.2019.1624195,-2.23,-0.554422632314659,1.675577367685341
MLDB-002426,LOMO,Co,mono,Co,10.1080/07391102.2019.1624195,-2.8,-0.5159466890218831,2.2840533109781167
MLDB-002427,LOMO,Co,mono,Co,10.1016/j.jinorgbio.2025.113158,-2.51,0.6892301740455932,3.199230174045593
MLDB-002428,LOMO,Co,mono,Co,10.1016/j.jinorgbio.2025.113158,-1.86,1.631505982106541,3.491505982106541
MLDB-002429,LOMO,Co,mono,Co,10.1016/j.jinorgbio.2025.113158,-1.62,1.6099968190261045,3.2299968190261046
MLDB-002430,LOMO,Co,mono,Co,10.1016/j.inoche.2025.114915,0.96,0.15834526295274784,0.8016547370472521
MLDB-002431,LOMO,Co,mono,Co,10.1016/j.inoche.2025.114915,1.04,0.188317881653453,0.8516821183465471
MLDB-002432,LOMO,Co,mono,Co,10.1016/j.inoche.2025.114915,1.12,0.22442004002366586,0.8955799599763342
MLDB-002433,LOMO,Co,mono,Co,10.1016/j.inoche.2025.114915,1.18,0.2911904848841663,0.8888095151158336
MLDB-002434,LOMO,Co,mono,Co,10.1016/j.inoche.2025.114915,1.24,0.33761664322992074,0.9023833567700792
MLDB-002435,LOMO,Co,mono,Co,10.1016/j.inoche.2025.114915,1.31,0.4532835791831535,0.8567164208168465
MLDB-002436,LOMO,Co,mono,Co,10.1021/acs.inorgchem.3c03696,-0.67,-0.08017010165902796,0.5898298983409721
MLDB-002437,LOMO,Co,mono,Co,10.1021/acs.inorgchem.3c03696,-0.56,0.1896712339359962,0.7496712339359962
MLDB-002438,LOMO,Co,mono,Co,10.1021/acs.inorgchem.3c03696,-0.28,0.0584595486006054,0.33845954860060545
MLDB-002439,LOMO,Co,mono,Co,10.1021/acs.inorgchem.3c03696,-0.22,0.24019475872087812,0.4601947587208781
MLDB-002440,LOMO,Co,mono,Co,10.1002/anie.202317940,0.5,0.6711357984077095,0.17113579840770954
MLDB-002441,LOMO,Co,mono,Co,10.1002/cbic.202400484,0.88,0.16081815162419394,0.7191818483758061
MLDB-002442,LOMO,Co,mono,Co,10.1002/cbic.202400484,0.72,0.4810025591148518,0.23899744088514818
MLDB-002443,LOMO,Co,mono,Co,10.1002/cbic.202400484,0.98,0.27864416349462023,0.7013558365053798
MLDB-002444,LOMO,Co,mono,Co,10.1002/cbic.202400484,0.83,0.5381019386655266,0.2918980613344734
MLDB-002445,LOMO,Co,mono,Co,10.1002/cbic.202400484,1.17,0.43817517880560924,0.7318248211943907
MLDB-002446,LOMO,Co,mono,Co,10.1002/cbic.202400484,0.95,0.7763625988925626,0.1736374011074373
MLDB-002447,LOMO,Co,mono,Co,10.3390/molecules29122743,-1.11,-1.3958292200330489,0.2858292200330488
MLDB-002448,LOMO,Co,mono,Co,10.3390/molecules29122743,-0.38,-1.4611485201733603,1.0811485201733602
MLDB-002449,LOMO,Co,mono,Co,10.3390/molecules29122743,-1.46,-1.3958292200330489,0.06417077996695109
MLDB-002450,LOMO,Co,mono,Co,10.1016/j.ica.2023.121622,0.41,1.6176444185266632,1.2076444185266633
MLDB-002451,LOMO,Co,mono,Co,10.1016/j.ica.2023.121622,0.32,1.6641600281703242,1.344160028170324
MLDB-002452,LOMO,Co,mono,Co,10.1016/j.ica.2023.121622,0.65,1.5208066607223525,0.8708066607223525
MLDB-002453,LOMO,Co,mono,Co,10.1016/j.ica.2023.121622,0.42,1.0127261466210717,0.5927261466210718
MLDB-002454,LOMO,Co,mono,Co,10.1016/j.ica.2023.121622,0.95,1.719441809108478,0.769441809108478
MLDB-002456,LOMO,Co,multi,Co,10.1021/acs.jmedchem.5c03122,-0.74,-0.4523525336520339,0.2876474663479661
MLDB-002457,LOMO,Co,mono,Co,10.1016/j.jconrel.2025.113942,0.9,-1.5817013275938687,2.4817013275938686
MLDB-002458,LOMO,Co,mono,Co,10.1016/j.jconrel.2025.113942,1.9,-0.055537149873666015,1.955537149873666
MLDB-002465,LOMO,Co,mono,Co,10.3390/inorganics12080202,-1.57,-0.1034589540250615,1.4665410459749386
MLDB-002466,LOMO,Co,mono,Co,10.3390/inorganics12080202,-1.21,0.2742664757928226,1.4842664757928226
MLDB-002467,LOMO,Co,mono,Co,10.3390/inorganics12080202,-0.02,0.8325531265984242,0.8525531265984242
MLDB-002468,LOMO,Co,mono,Co,10.1002/cmdc.202500232,0.8861,0.5815667686038714,0.30453323139612865
MLDB-002469,LOMO,Co,mono,Co,10.1002/ajoc.202500417,0.75,0.7556871632231403,0.005687163223140335
MLDB-002470,LOMO,Co,mono,Co,10.1002/ajoc.202500417,0.89,0.5396875684111824,0.35031243158881764
MLDB-002471,LOMO,Co,mono,Co,10.1002/ajoc.202500417,0.95,0.26468182289588243,0.6853181771041175
MLDB-002472,LOMO,Co,mono,Co,10.1002/ajoc.202500417,1.05,1.499417594527055,0.4494175945270549
MLDB-002473,LOMO,Co,mono,Co,10.1002/ajoc.202500417,1.23,1.571593409544716,0.34159340954471595
MLDB-002474,LOMO,Co,mono,Co,10.1002/ajoc.202500417,1.37,1.3578226477956534,0.01217735220434668
MLDB-002476,LOMO,Co,mono,Co,10.1021/acs.jmedchem.1c02186,0.43,0.5110360090350272,0.08103600903502722
MLDB-002642,LOMO,Co,multi,Co,10.1039/d4dt03153a,0.91,1.0472872634199526,0.13728726341995257
MLDB-002643,LOMO,Co,multi,Co,10.1039/d4dt03153a,1.25,1.5187712079961406,0.2687712079961406
MLDB-002644,LOMO,Co,multi,Co,10.1039/d4dt03153a,1.07,0.8216813117197541,0.24831868828024595
MLDB-002645,LOMO,Co,multi,Co,10.1039/d4dt03153a,1.43,1.5021162783859283,0.07211627838592838
MLDB-002656,LOMO,Co,mono,Co,10.1039/d5md00360a,0.89,-0.36496704636358984,1.2549670463635898
MLDB-002657,LOMO,Co,mono,Co,10.1039/d5md00360a,0.55,0.1544184374836395,0.39558156251636056
MLDB-003020,LOMO,Co,mono,Co,10.1080/00958972.2018.1520984,0.6459,-0.012676536676106721,0.6585765366761067
MLDB-004706,LOMO,Co,mono,Co,10.1016/j.jinorgbio.2026.113228,-2.67,-1.7479876727987815,0.9220123272012184
MLDB-001578,LOMO,Pd,mono,Pd,10.1016/j.jphotochem.2025.116793,2.05,1.556178939502679,0.4938210604973208
MLDB-001955,LOMO,Pd,mono,Pd,10.1039/c8dt02389a,0.49,1.0680453070509537,0.5780453070509537
MLDB-001956,LOMO,Pd,mono,Pd,10.1039/c8dt02389a,-0.22,0.0659989097593584,0.2859989097593584
MLDB-001959,LOMO,Pd,mono,Pd,10.1039/c8dt02389a,-0.09,0.06729671843931304,0.15729671843931303
MLDB-002002,LOMO,Pd,mono,Pd,10.1016/j.ejmech.2018.09.035,-0.05,-0.017192210842592454,0.03280778915740755
MLDB-002057,LOMO,Pd,mono,Pd,10.1002/zaac.202200073,0.66,1.1040413262496604,0.4440413262496604
MLDB-002058,LOMO,Pd,mono,Pd,10.1002/zaac.202200073,0.86,0.7994101081699789,0.06058989183002106
MLDB-002059,LOMO,Pd,mono,Pd,10.1002/zaac.202200073,1.59,1.447456188370029,0.1425438116299711
MLDB-002060,LOMO,Pd,mono,Pd,10.1002/zaac.202200073,1.26,1.5478132370527404,0.2878132370527404
MLDB-002065,LOMO,Pd,mono,Pd,10.1002/zaac.202200073,0.85,1.4095845682519172,0.5595845682519173
MLDB-002066,LOMO,Pd,mono,Pd,10.1002/zaac.202200073,1.23,1.2899489755308813,0.0599489755308813
MLDB-002079,LOMO,Pd,mono,Pd,10.1016/j.bmcl.2020.127077,1.39,1.050854590166607,0.3391454098333928
MLDB-002216,LOMO,Pd,mono,Pd,10.1016/j.molstruc.2024.140306,-0.84,0.4717114875889389,1.3117114875889389
MLDB-002218,LOMO,Pd,mono,Pd,10.1016/j.molstruc.2024.140306,-0.8,0.3877904407543764,1.1877904407543765
MLDB-002219,LOMO,Pd,mono,Pd,10.1016/j.molstruc.2024.140306,-0.78,0.34946380722286885,1.1294638072228689
MLDB-002220,LOMO,Pd,mono,Pd,10.1016/j.molstruc.2024.140306,-0.7,0.1978189849456207,0.8978189849456206
MLDB-002337,LOMO,Pd,mono,Pd,10.1007/s10534-022-00362-z,0.072,-1.3516975463777081,1.4236975463777082
MLDB-002338,LOMO,Pd,mono,Pd,10.1007/s10637-016-0393-0,0.62,1.0412010043905717,0.42120100439057173
MLDB-002339,LOMO,Pd,mono,Pd,10.1007/s10637-016-0393-0,1.15,0.8738231353671758,0.2761768646328241
MLDB-002340,LOMO,Pd,mono,Pd,10.1007/s10637-016-0393-0,-0.46,1.180949447830139,1.640949447830139
MLDB-002341,LOMO,Pd,mono,Pd,10.1016/j.molstruc.2021.130535,-0.85,-1.1013749875291066,0.2513749875291066
MLDB-002342,LOMO,Pd,mono,Pd,10.1007/s13738-022-02519-6,-0.28,-0.16081186128080577,0.11918813871919426
MLDB-002343,LOMO,Pd,mono,Pd,10.1016/j.molstruc.2022.132937,-0.23,-0.3300367449109209,0.10003674491092088
MLDB-002344,LOMO,Pd,mono,Pd,10.1016/j.molstruc.2022.132937,-0.46,-1.4017287619863033,0.9417287619863033
MLDB-002345,LOMO,Pd,mono,Pd,10.1016/j.molstruc.2022.132937,-0.68,-1.0159379690154706,0.33593796901547057
MLDB-002350,LOMO,Pd,mono,Pd,10.1016/j.bioorg.2023.106838,0.35,0.8247840808127457,0.4747840808127457
MLDB-002356,LOMO,Pd,mono,Pd,10.1039/c9dt02873k,-1.99,-0.1272766621881995,1.8627233378118004
MLDB-002358,LOMO,Pd,mono,Pd,10.1039/d4dt01045k,0.58,0.7137181284700834,0.13371812847008346
MLDB-002359,LOMO,Pd,mono,Pd,10.1039/d4dt01045k,0.27,0.6492252596236641,0.37922525962366405
MLDB-002360,LOMO,Pd,mono,Pd,10.1039/d4dt01045k,0.14,0.5742062679453258,0.4342062679453258
MLDB-002361,LOMO,Pd,mono,Pd,10.1039/d4dt01045k,0.59,0.5623158072760525,0.02768419272394751
MLDB-002400,LOMO,Pd,mono,Pd,10.1016/j.molliq.2021.117853,-0.61,-0.4554930131403339,0.15450698685966607
MLDB-002586,LOMO,Pd,mono,Pd,10.1080/24701556.2018.1504074,0.49,1.0900986171615905,0.6000986171615905
MLDB-002587,LOMO,Pd,mono,Pd,10.1080/24701556.2018.1504074,0.56,1.09886971672264,0.53886971672264
MLDB-002682,LOMO,Pd,mono,Pd,10.1021/acs.inorgchem.5c04027,1.7,1.0501928081434149,0.6498071918565851
MLDB-002683,LOMO,Pd,mono,Pd,10.1021/acs.inorgchem.5c04027,2.32,1.7292232389057274,0.5907767610942725
MLDB-002684,LOMO,Pd,mono,Pd,10.1021/acs.inorgchem.5c04027,1.11,0.6359495557478297,0.47405044425217036
MLDB-002685,LOMO,Pd,mono,Pd,10.1021/acs.inorgchem.5c04027,1.94,0.6919741466216297,1.2480258533783704
MLDB-002692,LOMO,Pd,mono,Pd,10.1016/j.jinorgbio.2024.112749,-1.3,-0.7333632035789084,0.5666367964210917
MLDB-002693,LOMO,Pd,mono,Pd,10.1016/j.jinorgbio.2024.112749,-1.4,-0.17427606721154465,1.2257239327884553
MLDB-002694,LOMO,Pd,mono,Pd,10.1016/j.jinorgbio.2024.112749,0.2,0.656206884979758,0.456206884979758
MLDB-004128,LOMO,Pd,mono,Pd,10.1016/j.jinorgbio.2022.112083,-0.222,-0.008667477833291368,0.21333252216670864
MLDB-004129,LOMO,Pd,mono,Pd,10.1016/j.jinorgbio.2022.112083,-1.112,0.3320330986022215,1.4440330986022216
MLDB-004130,LOMO,Pd,mono,Pd,10.1016/j.jinorgbio.2022.112083,-0.313,0.45950008917136065,0.7725000891713607
MLDB-004131,LOMO,Pd,mono,Pd,10.1016/j.jinorgbio.2022.112083,-0.504,0.38620874881540834,0.8902087488154083
MLDB-004132,LOMO,Pd,mono,Pd,10.1016/j.jinorgbio.2022.112083,0.59,0.37278887728216986,0.2172111227178301
MLDB-004133,LOMO,Pd,mono,Pd,10.1016/j.jinorgbio.2022.112083,0.45,0.5151211557263788,0.06512115572637883
MLDB-004691,LOMO,Pd,mono,Pd,10.1002/chem.202502613,1.67,1.574074403360144,0.095925596639856
MLDB-004694,LOMO,Pd,mono,Pd,10.1002/chem.202502613,2.46,1.3319039115968279,1.128096088403172
MLDB-004783,LOMO,Pd,mono,Pd,10.1002/anie.202014242,0.36,0.5889060115608726,0.22890601156087265
MLDB-004811,LOMO,Pd,mono,Pd,10.1039/c7dt04347c,-0.6,-0.3836822601952076,0.21631773980479235
MLDB-004812,LOMO,Pd,mono,Pd,10.1039/c7dt04347c,-0.75,-0.13910687317918846,0.6108931268208115
MLDB-004814,LOMO,Pd,mono,Pd,10.1039/c6ra01441k,-0.56,-0.23186743605017138,0.3281325639498287
MLDB-002394,LOMO,Ni,mono,Ni,10.1039/d2md00394e,1.17,0.09909160830345731,1.0709083916965425
MLDB-002477,LOMO,Ni,mono,Ni,10.1021/acs.jmedchem.1c02186,0.35,0.6575063805728202,0.3075063805728202
MLDB-002480,LOMO,Ni,mono,Ni,10.1016/j.ejmech.2020.112632,-0.39,0.49077489316801565,0.8807748931680157
MLDB-002481,LOMO,Ni,mono,Ni,10.1016/j.ejmech.2020.112632,0.32,0.691805865375733,0.37180586537573296
MLDB-002482,LOMO,Ni,mono,Ni,10.1016/j.ejmech.2020.112632,0.735,0.9852145424362011,0.2502145424362011
MLDB-002483,LOMO,Ni,mono,Ni,10.1016/j.ejmech.2020.112632,-0.289,-0.31239728120010574,0.023397281200105757
MLDB-002484,LOMO,Ni,mono,Ni,10.1016/j.ejmech.2020.112632,-0.078,0.1635250267054559,0.2415250267054559
MLDB-002485,LOMO,Ni,mono,Ni,10.1016/j.ejmech.2020.112632,0.074,0.8659996048468642,0.7919996048468643
MLDB-002486,LOMO,Ni,mono,Ni,10.1016/j.jinorgbio.2008.12.016,2.94,1.0853823980403925,1.8546176019596075
MLDB-002487,LOMO,Ni,mono,Ni,10.1002/chem.202001578,0.63,0.8527747066868737,0.2227747066868737
MLDB-002488,LOMO,Ni,mono,Ni,10.1002/chem.202001578,1.21,1.120252700800367,0.08974729919963287
MLDB-002489,LOMO,Ni,mono,Ni,10.1002/chem.202001578,0.96,0.8472119214231066,0.11278807857689332
MLDB-002490,LOMO,Ni,mono,Ni,10.1002/chem.202001578,1.52,1.1286383429099205,0.39136165709007953
MLDB-002491,LOMO,Ni,mono,Ni,10.1002/chem.201701837,0.83,0.7861401429229161,0.04385985707708384
MLDB-002492,LOMO,Ni,mono,Ni,10.1002/chem.201701837,0.97,0.7666512805991124,0.2033487194008876
MLDB-002493,LOMO,Ni,mono,Ni,10.1002/chem.201701837,1.66,1.2924891246237893,0.36751087537621063
MLDB-002494,LOMO,Ni,mono,Ni,10.1002/chem.201701837,1.1,1.2059787822337817,0.10597878223378165
MLDB-002495,LOMO,Ni,mono,Ni,10.1002/chem.201701837,2.12,1.2430694257666075,0.8769305742333926
MLDB-002496,LOMO,Ni,mono,Ni,10.1002/chem.201701837,2.71,1.206967026420401,1.5030329735795989
MLDB-002497,LOMO,Ni,mono,Ni,10.1002/cbic.202400678,0.88,0.3505305653101655,0.5294694346898345
MLDB-002498,LOMO,Ni,mono,Ni,10.1002/cbic.202400678,0.97,0.3977972183648059,0.572202781635194
MLDB-002499,LOMO,Ni,mono,Ni,10.1002/cbic.202400678,1.18,0.48296247743442283,0.6970375225655772
MLDB-002500,LOMO,Ni,mono,Ni,10.1002/cbic.202400678,1.26,0.7407167904210133,0.5192832095789867
MLDB-002501,LOMO,Ni,mono,Ni,10.1002/cbic.202400678,1.35,1.0242168585013105,0.3257831414986896
MLDB-002502,LOMO,Ni,mono,Ni,10.1002/cbic.202400678,1.48,1.2756654185177376,0.20433458148226236
MLDB-002503,LOMO,Ni,mono,Ni,10.1021/acs.jmedchem.5c01372,0.96,0.1771114201436214,0.7828885798563785
MLDB-002504,LOMO,Ni,mono,Ni,10.1021/acs.jmedchem.5c01372,1.14,0.12253917094316148,1.0174608290568383
MLDB-002505,LOMO,Ni,mono,Ni,10.1021/acs.jmedchem.5c01372,1.26,0.6026385772658501,0.6573614227341499
MLDB-002506,LOMO,Ni,mono,Ni,10.1021/acs.jmedchem.5c01372,1.42,0.46976323556336813,0.9502367644366319
MLDB-002507,LOMO,Ni,multi,Ni,10.1007/s10973-013-3460-1,-0.37,-0.5052976348174849,0.1352976348174849
MLDB-002510,LOMO,Ni,mono,Ni,10.1021/acs.jmedchem.6c00108,1.4,-0.05176410480223969,1.4517641048022396
MLDB-002513,LOMO,Ni,mono,Ni,10.1002/aoc.6473,1.27,0.7224343812892505,0.5475656187107495
MLDB-002566,LOMO,Ni,multi,Ni,10.1038/s41598-025-33889-5,1.692,1.8438622289440934,0.1518622289440934
MLDB-002703,LOMO,Ni,mono,Ni,10.1016/j.jtemb.2023.127211,0.76,0.872581807730976,0.11258180773097604
MLDB-002704,LOMO,Ni,mono,Ni,10.1016/j.jtemb.2023.127211,0.035,0.7599077064593021,0.724907706459302
MLDB-002705,LOMO,Ni,mono,Ni,10.1016/j.jtemb.2023.127211,1.21,1.1160959511279034,0.09390404887209658
MLDB-002706,LOMO,Ni,mono,Ni,10.1016/j.jtemb.2023.127211,1.35,1.1162937350340212,0.2337062649659789
MLDB-004707,LOMO,Ni,mono,Ni,10.1016/j.jinorgbio.2026.113228,-2.21,-1.8300127881055546,0.3799872118944454
MLDB-004746,LOMO,Ni,mono,Ni,10.1021/acsomega.5c00069,-0.21,0.9355475371151871,1.145547537115187
MLDB-004747,LOMO,Ni,multi,Ni,10.1021/acsomega.5c00069,0.63,0.7887032792389185,0.15870327923891847
MLDB-004782,LOMO,Ni,mono,Ni,10.1002/anie.202014242,0.15,0.6222679163696121,0.4722679163696121
MLDB-002550,LOMO,Ga,mono,Ga,10.1002/anie.202307838,0.96,1.1387489778229885,0.1787489778229885
MLDB-002720,LOMO,Ga,mono,Ga,10.1021/acs.jmedchem.5c00969,1.6,1.5808129026404445,0.019187097359555594
MLDB-002721,LOMO,Ga,mono,Ga,10.1021/acs.jmedchem.5c03480,0.027,-0.7442233312263916,0.7712233312263916
MLDB-002723,LOMO,Ga,mono,Ga,10.1021/acs.jmedchem.5c03480,0.095,-0.43219849264686805,0.527198492646868
MLDB-002724,LOMO,Ga,mono,Ga,10.1021/acs.jmedchem.5c03480,1.471,-0.3569706695617863,1.8279706695617863
MLDB-002725,LOMO,Ga,mono,Ga,10.1021/acs.jmedchem.5c03480,0.076,-0.2920846657708442,0.3680846657708442
MLDB-002726,LOMO,Ga,mono,Ga,10.1021/acs.jmedchem.5c03480,0.604,-0.26736910169130756,0.8713691016913075
MLDB-002727,LOMO,Ga,mono,Ga,10.1002/cbic.202200532,0.27,0.32713588124518,0.05713588124517999
MLDB-002728,LOMO,Ga,mono,Ga,10.1002/cbic.202200532,-0.48,-1.4225102854151477,0.9425102854151477
MLDB-002729,LOMO,Ga,mono,Ga,10.1002/chem.202102207,0.14,0.8347834960050913,0.6947834960050913
MLDB-002730,LOMO,Ga,mono,Ga,10.1002/chem.202102207,0.04,0.7449770591449215,0.7049770591449215
MLDB-002731,LOMO,Ga,mono,Ga,10.1002/chem.202102207,0.09,1.5567263486968133,1.4667263486968132
MLDB-002732,LOMO,Ga,multi,Ga,10.1002/chem.202500747,1.51,1.413050948189232,0.09694905181076807
MLDB-002733,LOMO,Ga,multi,Ga,10.1002/chem.202500747,1.86,1.5958799646967663,0.2641200353032338
MLDB-002734,LOMO,Ga,multi,Ga,10.1002/chem.202500747,1.9,1.6723456241887864,0.2276543758112135
MLDB-002735,LOMO,Ga,multi,Ga,10.1002/chem.202500747,2.1,1.8100477237888661,0.28995227621113395
MLDB-002736,LOMO,Ga,mono,Ga,10.1016/j.ejmech.2026.118695,0.71,0.41451750826897715,0.2954824917310228
MLDB-002737,LOMO,Ga,mono,Ga,10.1016/j.ejmech.2026.118695,0.12,-0.15033907212581693,0.2703390721258169
MLDB-002738,LOMO,Ga,mono,Ga,10.1016/j.ejmech.2026.118695,0.45,-0.7230681645837789,1.1730681645837788
MLDB-002739,LOMO,Ga,mono,Ga,10.1016/j.ejmech.2026.118695,2.97,1.3455401862366587,1.6244598137633415
MLDB-002740,LOMO,Ga,mono,Ga,10.1016/j.ejmech.2026.118695,1.75,0.7429129480672791,1.0070870519327209
MLDB-002741,LOMO,Ga,mono,Ga,10.1016/j.ejmech.2026.118695,2.45,1.1969000302953543,1.2530999697046459
MLDB-002742,LOMO,Ga,mono,Ga,10.1021/acs.jmedchem.4c00249,1.33,1.8785762872677085,0.5485762872677085
MLDB-002743,LOMO,Ga,mono,Ga,10.1021/acs.jmedchem.4c00249,2.19,2.1677708567267286,0.0222291432732713
MLDB-002744,LOMO,Ga,mono,Ga,10.1021/acs.jmedchem.4c00249,1.24,2.204371050807177,0.9643710508071772
MLDB-002745,LOMO,Ga,mono,Ga,10.1021/acs.jmedchem.4c00249,1.86,2.101722721153189,0.2417227211531887
MLDB-002746,LOMO,Ga,mono,Ga,10.1016/j.jinorgbio.2025.113017,0.577,0.640679363408241,0.0636793634082411
MLDB-002747,LOMO,Ga,mono,Ga,10.1016/j.jinorgbio.2025.113017,1.048,0.596663505239081,0.4513364947609191
MLDB-002748,LOMO,Ga,mono,Ga,10.1016/j.jinorgbio.2025.113017,1.275,0.7275134626102145,0.5474865373897854
MLDB-002749,LOMO,Ga,mono,Ga,10.1016/j.jinorgbio.2025.113017,1.068,0.6709554128715459,0.39704458712845414
MLDB-002750,LOMO,Ga,mono,Ga,10.1016/j.jinorgbio.2025.113017,1.204,0.5991796499445077,0.6048203500554923
MLDB-002762,LOMO,Ga,mono,Ga,10.1016/j.jinorgbio.2006.07.003,0.88,1.4610557161625888,0.5810557161625888
MLDB-002763,LOMO,Ga,mono,Ga,10.1016/j.jinorgbio.2006.07.003,-1.15,0.6257862685481405,1.7757862685481403
MLDB-002764,LOMO,Ga,mono,Ga,10.1016/j.jinorgbio.2006.07.003,1.1,1.4960514414026458,0.3960514414026457
MLDB-002765,LOMO,Ga,mono,Ga,10.1016/j.jinorgbio.2006.07.003,-1.4,0.9817869046472948,2.381786904647295
MLDB-002766,LOMO,Ga,mono,Ga,10.1016/j.jinorgbio.2006.07.003,0.95,0.0930709811077898,0.8569290188922102
MLDB-002767,LOMO,Ga,mono,Ga,10.1016/j.jinorgbio.2006.07.003,-0.69,0.8103913594583761,1.500391359458376
MLDB-002768,LOMO,Ga,mono,Ga,10.1016/j.jinorgbio.2006.07.003,-0.05,0.568218392191084,0.6182183921910841
MLDB-002769,LOMO,Ga,mono,Ga,10.1016/j.jinorgbio.2006.07.003,0.47,0.027055786805825884,0.4429442131941741
MLDB-002459,LOMO,Zn,mono,Zn,10.1016/j.ica.2024.122443,1.36,0.6505209385263973,0.7094790614736028
MLDB-002478,LOMO,Zn,mono,Zn,10.1021/acs.jmedchem.1c02186,1.3,0.4919554462807078,0.8080445537192922
MLDB-002509,LOMO,Zn,multi,Zn,10.1007/s10973-013-3460-1,-0.43,-1.209067966252069,0.779067966252069
MLDB-002545,LOMO,Zn,mono,Zn,10.1007/s12011-013-9704-x,1.18,0.7600419816743822,0.41995801832561774
MLDB-002546,LOMO,Zn,mono,Zn,10.1016/j.poly.2019.01.012,0.74,0.26059411450134357,0.4794058854986564
MLDB-002547,LOMO,Zn,mono,Zn,10.1016/j.poly.2019.01.012,1.84,-0.14094250167699407,1.9809425016769941
MLDB-002548,LOMO,Zn,mono,Zn,10.1016/j.jinorgbio.2011.09.005,-0.45,0.5946518988350682,1.0446518988350681
MLDB-002549,LOMO,Zn,mono,Zn,10.1016/j.jinorgbio.2011.09.005,-0.29,0.11169896258095621,0.40169896258095616
MLDB-002551,LOMO,Zn,mono,Zn,10.1002/anie.202307838,0.86,0.7585590546733184,0.10144094532668158
MLDB-002553,LOMO,Zn,mono,Zn,10.3390/molecules23092253,0.89,0.7820164524268282,0.10798354757317186
MLDB-002554,LOMO,Zn,mono,Zn,10.3390/molecules23092253,0.97,0.6646522624616719,0.3053477375383281
MLDB-002555,LOMO,Zn,mono,Zn,10.3390/molecules23092253,1.24,0.5652221156348473,0.6747778843651527
MLDB-002556,LOMO,Zn,mono,Zn,10.3390/molecules23092253,1.67,1.1988834361437795,0.47111656385622047
MLDB-002558,LOMO,Zn,mono,Zn,10.1016/j.poly.2013.04.007,2.88,1.5229962700550168,1.357003729944983
MLDB-002559,LOMO,Zn,mono,Zn,10.2298/jsc230605066a,1.35,0.17699477621590548,1.1730052237840947
MLDB-002560,LOMO,Zn,mono,Zn,10.1002/anie.201907856,1.3,1.8160943145878552,0.5160943145878552
MLDB-002561,LOMO,Zn,mono,Zn,10.1002/anie.201907856,1.4,1.9768098354476287,0.5768098354476288
MLDB-002562,LOMO,Zn,mono,Zn,10.1002/anie.201907856,1.4,2.072217965739648,0.6722179657396481
MLDB-002563,LOMO,Zn,mono,Zn,10.1002/anie.201907856,2.0,1.7443264522742874,0.2556735477257126
MLDB-002568,LOMO,Zn,multi,Zn,10.1038/s41598-025-33889-5,0.806,1.5679247970638108,0.7619247970638108
MLDB-002569,LOMO,Zn,mono,Zn,10.1002/aoc.70208,-1.11,-1.1557825752125197,0.045782575212519605
MLDB-002646,LOMO,Zn,multi,Zn,10.1016/j.jinorgbio.2025.113041,0.54,-1.2987983904497793,1.8387983904497793
MLDB-002647,LOMO,Zn,mono,Zn,10.1016/j.jinorgbio.2025.113041,0.18,-0.9847756765264037,1.1647756765264037
MLDB-002648,LOMO,Zn,mono,Zn,10.1016/j.jinorgbio.2025.113041,-1.54,-2.3809724378631536,0.8409724378631536
MLDB-002651,LOMO,Zn,multi,Zn,10.1016/j.jinorgbio.2025.113041,-0.48,-1.3175094798735725,0.8375094798735725
MLDB-002652,LOMO,Zn,mono,Zn,10.1016/j.jinorgbio.2025.113041,-0.88,-1.093503096666282,0.21350309666628198
MLDB-002653,LOMO,Zn,mono,Zn,10.1016/j.jinorgbio.2025.113041,-1.24,-2.4904037418917877,1.2504037418917877
MLDB-002850,LOMO,Zn,mono,Zn,10.1007/s00775-023-02029-7,0.9,0.36866982842988394,0.5313301715701161
MLDB-002851,LOMO,Zn,mono,Zn,10.1007/s00775-023-02029-7,0.95,0.38714162703950017,0.5628583729604998
MLDB-002854,LOMO,Zn,mono,Zn,10.1007/s00775-023-02029-7,0.86,0.6135427673529241,0.24645723264707586
MLDB-002855,LOMO,Zn,mono,Zn,10.1007/s00775-023-02029-7,0.82,0.6877899310331271,0.13221006896687282
MLDB-003180,LOMO,Zn,mono,Zn,10.1021/acs.inorgchem.3c01066,0.86,0.5856624834872264,0.2743375165127736
MLDB-002392,LOMO,Mn,mono,Mn,10.1039/d2md00394e,1.166,0.10460319416770704,1.061396805832293
MLDB-002455,LOMO,Mn,multi,Mn,10.1021/acs.jmedchem.5c03122,-0.95,-0.671064307553315,0.2789356924466849
MLDB-002514,LOMO,Mn,mono,Mn,10.1021/acs.jmedchem.6b01799,-1.84,-1.261475375276983,0.5785246247230171
MLDB-002515,LOMO,Mn,mono,Mn,10.1021/acs.jmedchem.6b01799,-2.72,-3.2659644160322587,0.5459644160322585
MLDB-002516,LOMO,Mn,mono,Mn,10.1021/acs.jmedchem.6b01799,-3.07,-1.8929394195190836,1.1770605804809162
MLDB-002518,LOMO,Mn,mono,Mn,10.1016/j.jinorgbio.2010.06.012,0.67,-0.09374592160795625,0.7637459216079563
MLDB-002519,LOMO,Mn,mono,Mn,10.1016/j.jinorgbio.2010.06.012,-1.31,-0.28836546458499673,1.0216345354150034
MLDB-002520,LOMO,Mn,mono,Mn,10.1016/j.jinorgbio.2010.06.012,-0.4,-0.2380239734109665,0.1619760265890335
MLDB-002521,LOMO,Mn,mono,Mn,10.1039/c9mt00224c,0.48,0.060207321561113615,0.41979267843888635
MLDB-002522,LOMO,Mn,mono,Mn,10.1039/c9mt00224c,0.43,0.7438071167587438,0.3138071167587438
MLDB-002523,LOMO,Mn,mono,Mn,10.1039/c9mt00224c,1.68,1.3599709317909896,0.32002906820901034
MLDB-002524,LOMO,Mn,mono,Mn,10.1039/c9mt00224c,1.66,1.6068066714549796,0.053193328545020346
MLDB-002525,LOMO,Mn,mono,Mn,10.1021/jacs.5b13337,-0.76,0.9820665738906351,1.7420665738906351
MLDB-002526,LOMO,Mn,mono,Mn,10.1021/jacs.5b13337,0.15,1.1734678891135777,1.0234678891135778
MLDB-002527,LOMO,Mn,mono,Mn,10.1021/jacs.5b13337,1.25,1.1712325449574086,0.07876745504259142
MLDB-002528,LOMO,Mn,mono,Mn,10.1002/ejic.201200115,0.87,-0.5364290300872973,1.4064290300872972
MLDB-002529,LOMO,Mn,mono,Mn,10.1002/ejic.201200115,0.83,-0.38672855272775514,1.2167285527277552
MLDB-002530,LOMO,Mn,mono,Mn,10.1002/ejic.201200115,-0.52,-0.25372328534630567,0.26627671465369435
MLDB-002535,LOMO,Mn,mono,Mn,10.1021/acs.bioconjchem.8b00560,-2.33,-1.2314939618949257,1.0985060381050744
MLDB-002538,LOMO,Mn,mono,Mn,10.1142/s1088424623500475,1.82,0.5394952685024988,1.2805047314975013
MLDB-002539,LOMO,Mn,mono,Mn,10.1021/acsami.4c22606,0.83,0.3117289532488448,0.5182710467511551
MLDB-002540,LOMO,Mn,mono,Mn,10.1021/acsami.4c22606,1.11,0.4225812915242432,0.6874187084757569
MLDB-002541,LOMO,Mn,mono,Mn,10.1021/acsami.4c22606,1.18,0.6983851093747666,0.4816148906252333
MLDB-002542,LOMO,Mn,mono,Mn,10.1021/acsami.4c22606,1.38,0.7174550476946978,0.6625449523053021
MLDB-002543,LOMO,Mn,mono,Mn,10.3390/ph16040602,-0.93,-0.2672212326085367,0.6627787673914634
MLDB-002564,LOMO,Mn,multi,Mn,10.1038/s41598-025-33889-5,1.272,0.588824473744764,0.683175526255236
MLDB-004708,LOMO,Mn,mono,Mn,10.1016/j.jinorgbio.2026.113228,-2.06,-1.9253502063461239,0.1346497936538762
MLDB-000702,LOMO,V,mono,V,10.1021/acs.inorgchem.1c01899,0.966,0.2633144822636961,0.7026855177363038
MLDB-000703,LOMO,V,mono,V,10.1021/acs.inorgchem.1c01899,1.077,0.5303749204261523,0.5466250795738476
MLDB-000704,LOMO,V,mono,V,10.1021/acs.inorgchem.1c01899,1.166,0.2633144822636961,0.9026855177363038
MLDB-000705,LOMO,V,mono,V,10.1021/acs.inorgchem.1c01899,0.715,0.5547817148531743,0.16021828514682568
MLDB-000706,LOMO,V,mono,V,10.1021/acs.inorgchem.1c01899,1.316,0.2877212766907179,1.028278723309282
MLDB-002401,LOMO,V,mono,V,10.1021/acs.inorgchem.3c00326,1.135,0.8286810936611779,0.3063189063388221
MLDB-002402,LOMO,V,mono,V,10.1021/acs.inorgchem.3c00326,2.123,1.1010218571524788,1.0219781428475214
MLDB-002403,LOMO,V,mono,V,10.1021/acs.inorgchem.3c00326,1.911,1.0738188816880951,0.8371811183119049
MLDB-002404,LOMO,V,mono,V,10.1021/acs.inorgchem.3c00326,1.391,0.8899806319032233,0.5010193680967767
MLDB-002532,LOMO,V,mono,V,10.1021/acs.inorgchem.5c05201,1.24,0.044892969442827266,1.1951070305571727
MLDB-002533,LOMO,V,mono,V,10.1021/acs.inorgchem.5c05201,1.13,0.413760502353257,0.7162394976467429
MLDB-002534,LOMO,V,mono,V,10.1021/acs.inorgchem.5c05201,1.01,0.3263425694179195,0.6836574305820805
MLDB-002770,LOMO,V,mono,V,10.1007/s10534-022-00384-7,0.43,0.2897646348430991,0.14023536515690088
MLDB-002771,LOMO,V,mono,V,10.1007/s10534-022-00384-7,0.46,0.4045025413736321,0.0554974586263679
MLDB-002772,LOMO,V,mono,V,10.1007/s10534-022-00384-7,0.45,0.3856431506183041,0.06435684938169589
MLDB-002773,LOMO,V,mono,V,10.1007/s10534-022-00384-7,0.37,0.2583871779622584,0.11161282203774159
MLDB-002774,LOMO,V,mono,V,10.1016/j.ica.2012.06.015,0.54,0.19774763425069497,0.34225236574930507
MLDB-002775,LOMO,V,mono,V,10.1016/j.ica.2012.06.015,0.36,0.00534990396761745,0.3546500960323825
MLDB-002776,LOMO,V,mono,V,10.1016/j.ica.2012.06.015,0.43,-0.16028040932070406,0.590280409320704
MLDB-002777,LOMO,V,mono,V,10.1016/j.ica.2012.06.015,0.76,0.40958779152317704,0.350412208476823
MLDB-002778,LOMO,V,mono,V,10.1016/j.ica.2012.06.015,0.78,0.18076488661454454,0.5992351133854554
MLDB-002779,LOMO,V,mono,V,10.1016/j.ica.2012.06.015,0.67,0.11460618473293661,0.5553938152670634
MLDB-004319,LOMO,V,mono,V,10.1002/asia.70388,0.27,0.9716936790322399,0.7016936790322399
MLDB-000001,LOGO,group 8,mono,Ru,10.1002/adhm.202403563,-2.6,0.12348608474711796,2.723486084747118
MLDB-000002,LOGO,group 8,mono,Ru,10.1002/adhm.202403563,2.3,1.2576176561679593,1.0423823438320405
MLDB-000003,LOGO,group 8,mono,Ru,10.1002/adhm.202403563,3.0,1.2399310599307358,1.7600689400692642
MLDB-000004,LOGO,group 8,mono,Os,10.1002/anie.202016456,1.01,1.190791838872928,0.18079183887292793
MLDB-000005,LOGO,group 8,mono,Os,10.1002/anie.202016456,1.02,1.190791838872928,0.17079183887292793
MLDB-000006,LOGO,group 8,mono,Os,10.1002/anie.202016456,1.02,1.4013639445162256,0.3813639445162256
MLDB-000007,LOGO,group 8,mono,Os,10.1002/anie.202016456,1.01,1.4013639445162256,0.3913639445162256
MLDB-000008,LOGO,group 8,mono,Os,10.1002/anie.202016456,1.04,1.333958113283463,0.293958113283463
MLDB-000009,LOGO,group 8,mono,Ru,10.1002/ange.202505689,-0.96,-1.224933465785314,0.26493346578531396
MLDB-000010,LOGO,group 8,mono,Ru,10.1002/ange.202505689,0.65,0.8155247118913075,0.16552471189130746
MLDB-000011,LOGO,group 8,mono,Ru,10.1002/ange.202505689,0.75,-0.06360826361358549,0.8136082636135855
MLDB-000012,LOGO,group 8,mono,Ru,10.1002/ange.202505689,-0.94,0.7499359124028044,1.6899359124028044
MLDB-000013,LOGO,group 8,mono,Ru,10.1002/ange.202505689,0.85,1.8943684813425192,1.0443684813425191
MLDB-000014,LOGO,group 8,mono,Ru,10.1002/ange.202505689,1.2,1.295680566895192,0.09568056689519211
MLDB-000015,LOGO,group 8,mono,Ru,10.1002/anie.202006089,-2.06,0.15612922666984003,2.2161292266698402
MLDB-000016,LOGO,group 8,mono,Ru,10.1002/anie.202006089,-2.15,0.47199877411171576,2.6219987741117157
MLDB-000017,LOGO,group 8,mono,Ru,10.1002/anie.202006089,-0.96,0.6846922908411808,1.6446922908411807
MLDB-000018,LOGO,group 8,mono,Ru,10.1002/anie.202006089,-0.62,0.4686401766983398,1.0886401766983398
MLDB-000019,LOGO,group 8,mono,Ru,10.1002/anie.202006089,-0.22,0.48921995023386716,0.7092199502338672
MLDB-000020,LOGO,group 8,mono,Ru,10.1002/anie.202006089,0.43,1.1329408987969858,0.7029408987969858
MLDB-000021,LOGO,group 8,mono,Ru,10.1002/anie.202006089,0.92,0.9306090624350011,0.010609062435001038
MLDB-000035,LOGO,group 8,mono,Ru,10.1002/aoc.5896,0.6,1.0697418762727147,0.4697418762727147
MLDB-000036,LOGO,group 8,mono,Ru,10.1002/aoc.5896,0.5,0.8775113557793728,0.3775113557793728
MLDB-000037,LOGO,group 8,mono,Ru,10.1002/aoc.5896,-2.3,-0.3161410290316864,1.9838589709683134
MLDB-000038,LOGO,group 8,mono,Ru,10.1002/aoc.5896,0.9,0.05979292387662149,0.8402070761233785
MLDB-000039,LOGO,group 8,mono,Ru,10.1002/aoc.5896,0.9,1.4841698958550804,0.5841698958550804
MLDB-000040,LOGO,group 8,mono,Ru,10.1002/aoc.5896,0.6,1.2894037231474451,0.6894037231474451
MLDB-000041,LOGO,group 8,mono,Ru,10.1002/aoc.5896,-2.4,-0.45064408910952836,1.9493559108904717
MLDB-000042,LOGO,group 8,mono,Ru,10.1002/aoc.5896,0.3,-0.08274249945549436,0.3827424994554943
MLDB-000043,LOGO,group 8,mono,Ru,10.1002/aoc.5896,1.6,1.7844968646600998,0.18449686466009974
MLDB-000044,LOGO,group 8,mono,Ru,10.1002/aoc.5896,0.2,1.3651777597790273,1.1651777597790274
MLDB-000045,LOGO,group 8,mono,Ru,10.1002/aoc.5896,-2.4,-0.45337908224845025,1.9466209177515497
MLDB-000046,LOGO,group 8,mono,Ru,10.1002/aoc.5896,0.6,0.13837348707820257,0.4616265129217974
MLDB-000047,LOGO,group 8,mono,Ru,10.1002/asia.201501048,1.31,0.6072777594654996,0.7027222405345005
MLDB-000051,LOGO,group 8,mono,Ru,10.1002/asia.202100917,-1.5,5.488199881585048e-05,1.5000548819988158
MLDB-000052,LOGO,group 8,mono,Ru,10.1002/asia.202100917,-1.0,0.9623140063821632,1.9623140063821634
MLDB-000053,LOGO,group 8,mono,Ru,10.1002/asia.202100917,-0.35,0.9063324617104973,1.2563324617104974
MLDB-000054,LOGO,group 8,mono,Ru,10.1002/asia.202100917,-0.8,0.13680359029979153,0.9368035902997915
MLDB-000055,LOGO,group 8,mono,Ru,10.1002/asia.202100917,1.11,0.5462206731305763,0.5637793268694238
MLDB-000056,LOGO,group 8,mono,Ru,10.1002/asia.202100917,1.0,0.6417165346193556,0.3582834653806444
MLDB-000057,LOGO,group 8,mono,Ru,10.1002/asia.202100917,1.25,1.2095750171001844,0.040424982899815554
MLDB-000058,LOGO,group 8,mono,Ru,10.1002/asia.202100917,1.64,1.091495030091757,0.5485049699082429
MLDB-000059,LOGO,group 8,mono,Ru,10.1002/asia.202100917,1.15,1.0920322101729534,0.057967789827046534
MLDB-000060,LOGO,group 8,mono,Ru,10.1002/asia.202300047,-0.85,-0.7145528637869137,0.13544713621308624
MLDB-000061,LOGO,group 8,mono,Ru,10.1002/asia.202300047,-0.17,0.09455627494215078,0.2645562749421508
MLDB-000062,LOGO,group 8,mono,Ru,10.1002/cbic.201000782,-2.08,0.21469871783341118,2.2946987178334113
MLDB-000063,LOGO,group 8,mono,Ru,10.1002/cbic.201000782,-1.24,0.33866308831991426,1.5786630883199142
MLDB-000068,LOGO,group 8,mono,Ru,10.1002/cbic.202000289,1.87,0.5423151750547957,1.3276848249452045
MLDB-000069,LOGO,group 8,mono,Ru,10.1002/cbic.202000289,2.27,0.9880992752094011,1.281900724790599
MLDB-000070,LOGO,group 8,mono,Ru,10.1002/cbic.202000289,3.29,1.095330166522589,2.194669833477411
MLDB-000071,LOGO,group 8,mono,Ru,10.1002/cbic.202000289,3.34,1.0976417861467664,2.242358213853233
MLDB-000072,LOGO,group 8,mono,Ru,10.1002/cbic.202000289,3.56,1.2649170148637674,2.295082985136233
MLDB-000076,LOGO,group 8,mono,Ru,10.1002/cbic.202400734,0.3,0.9607751360258223,0.6607751360258223
MLDB-000077,LOGO,group 8,mono,Ru,10.1002/cbic.202400734,0.85,0.8870746871784693,0.03707468717846929
MLDB-000078,LOGO,group 8,mono,Ru,10.1002/cbic.202400734,0.55,1.1341395931701972,0.5841395931701971
MLDB-000079,LOGO,group 8,mono,Ru,10.1002/cbic.202400734,0.7,1.0103486136176083,0.31034861361760835
MLDB-000080,LOGO,group 8,mono,Ru,10.1002/cbic.202400734,1.2,1.3646982728855601,0.16469827288556016
MLDB-000081,LOGO,group 8,mono,Ru,10.1002/cbic.202400734,0.6,1.3033400569293476,0.7033400569293476
MLDB-000087,LOGO,group 8,mono,Ru,10.1002/chem.201402796,-0.27,0.1023613020662574,0.3723613020662574
MLDB-000088,LOGO,group 8,mono,Ru,10.1002/chem.201402796,-0.42,0.41665118378920857,0.8366511837892086
MLDB-000089,LOGO,group 8,mono,Ru,10.1002/chem.201402796,-0.74,0.24499357844085848,0.9849935784408584
MLDB-000090,LOGO,group 8,mono,Ru,10.1002/chem.201402796,-0.45,0.03897964655155417,0.4889796465515542
MLDB-000091,LOGO,group 8,mono,Ru,10.1002/chem.201402796,-0.62,0.08748222310567066,0.7074822231056707
MLDB-000092,LOGO,group 8,mono,Ru,10.1002/chem.201402796,-0.36,0.23599989139865,0.59599989139865
MLDB-000093,LOGO,group 8,mono,Ru,10.1002/chem.201500561,-3.85,0.0285314522430304,3.8785314522430303
MLDB-000096,LOGO,group 8,mono,Ru,10.1002/chem.201502154,1.55,0.7253031778792254,0.8246968221207747
MLDB-000097,LOGO,group 8,mono,Ru,10.1002/chem.201502154,0.95,1.1321240298163033,0.18212402981630338
MLDB-000098,LOGO,group 8,mono,Ru,10.1002/chem.201502154,-1.0,0.3714369538721768,1.371436953872177
MLDB-000099,LOGO,group 8,mono,Ru,10.1002/chem.201502154,-1.4,0.3508862974752733,1.7508862974752732
MLDB-000100,LOGO,group 8,mono,Ru,10.1002/chem.201502154,0.9,0.726716550239058,0.173283449760942
MLDB-000101,LOGO,group 8,mono,Ru,10.1002/chem.201502154,0.6,1.255555325891814,0.655555325891814
MLDB-000120,LOGO,group 8,mono,Ru,10.1002/chem.201701392,-0.52,0.5223201553470616,1.0423201553470616
MLDB-000121,LOGO,group 8,mono,Ru,10.1002/chem.201701392,-0.2,0.6275156795745739,0.827515679574574
MLDB-000132,LOGO,group 8,mono,Ru,10.1002/chem.202002970,0.92,0.08410442825620656,0.8358955717437935
MLDB-000133,LOGO,group 8,mono,Ru,10.1002/chem.202002970,0.61,0.3726384419815572,0.23736155801844278
MLDB-000134,LOGO,group 8,mono,Ru,10.1002/chem.202003486,0.7,0.6006703131775848,0.09932968682241516
MLDB-000135,LOGO,group 8,mono,Ru,10.1002/chem.202003486,0.6,0.6700778525947311,0.0700778525947311
MLDB-000136,LOGO,group 8,mono,Ru,10.1002/chem.202003486,1.8,1.4047624873467384,0.3952375126532617
MLDB-000137,LOGO,group 8,mono,Ru,10.1002/chem.202003486,1.5,1.3235350408506508,0.17646495914934923
MLDB-000141,LOGO,group 8,mono,Ru,10.1002/chem.202202694,1.45,1.0419132157655093,0.40808678423449063
MLDB-000142,LOGO,group 8,mono,Ru,10.1002/chem.202202694,1.47,1.3051169162812288,0.16488308371877114
MLDB-000143,LOGO,group 8,mono,Ru,10.1002/chem.202202694,1.63,1.049015656002642,0.5809843439973579
MLDB-000144,LOGO,group 8,multi,Os,10.1002/chem.202402861,0.92,0.7912561109877473,0.12874388901225275
MLDB-000149,LOGO,group 8,mono,Ru,10.1002/cmdc.201700240,2.3,1.0949655162296128,1.205034483770387
MLDB-000150,LOGO,group 8,mono,Ru,10.1002/cmdc.201700240,1.9,1.1242055296978637,0.7757944703021362
MLDB-000151,LOGO,group 8,multi,Ru,10.1002/cmdc.201700240,1.7,0.5422358957956366,1.1577641042043634
MLDB-000152,LOGO,group 8,mono,Ru,10.1002/cmdc.201700240,1.6,-0.010882091292313758,1.6108820912923139
MLDB-000153,LOGO,group 8,mono,Ru,10.1002/cmdc.201700240,1.5,0.6479967494667961,0.8520032505332039
MLDB-000154,LOGO,group 8,multi,Ru,10.1002/cmdc.201700240,1.0,0.19374935638249277,0.8062506436175072
MLDB-000155,LOGO,group 8,mono,Ru,10.1002/cmdc.201700240,-0.2,0.13998837311732093,0.33998837311732094
MLDB-000156,LOGO,group 8,mono,Ru,10.1002/cmdc.201700240,-0.2,0.10126882503786927,0.3012688250378693
MLDB-000157,LOGO,group 8,mono,Ru,10.1002/cmdc.201700240,-0.4,0.3381027365466099,0.73810273654661
MLDB-000158,LOGO,group 8,multi,Ru,10.1002/cmdc.201700240,-0.6,0.12972786684733936,0.7297278668473394
MLDB-000159,LOGO,group 8,mono,Ru,10.1002/cmdc.201700240,-1.1,-0.196975174509228,0.9030248254907721
MLDB-000160,LOGO,group 8,multi,Ru,10.1002/cmdc.201700240,-1.9,-0.031192037105061243,1.8688079628949388
MLDB-000161,LOGO,group 8,mono,Ru,10.1002/cmdc.201700240,1.6,1.2327256995642581,0.36727430043574194
MLDB-000162,LOGO,group 8,mono,Ru,10.1002/cmdc.201700240,1.4,1.298462560130034,0.101537439869966
MLDB-000163,LOGO,group 8,multi,Ru,10.1002/cmdc.201700240,0.5,0.6768300814108716,0.17683008141087164
MLDB-000164,LOGO,group 8,mono,Ru,10.1002/cmdc.201700240,-0.9,0.1332433394282782,1.0332433394282783
MLDB-000165,LOGO,group 8,mono,Ru,10.1002/cmdc.201700240,-0.6,0.7956832769985543,1.3956832769985543
MLDB-000166,LOGO,group 8,multi,Ru,10.1002/cmdc.201700240,-1.4,0.32900406254341646,1.7290040625434164
MLDB-000167,LOGO,group 8,mono,Ru,10.1002/cmdc.201700240,-1.3,0.2655532046003764,1.5655532046003764
MLDB-000168,LOGO,group 8,mono,Ru,10.1002/cmdc.201700240,-0.9,0.23424739669043335,1.1342473966904334
MLDB-000169,LOGO,group 8,mono,Ru,10.1002/cmdc.201700240,-1.4,0.46586996241684164,1.8658699624168416
MLDB-000170,LOGO,group 8,multi,Ru,10.1002/cmdc.201700240,-1.0,0.2574950927175712,1.2574950927175712
MLDB-000171,LOGO,group 8,mono,Ru,10.1002/cmdc.201700240,-1.5,-0.035368759236579166,1.4646312407634208
MLDB-000172,LOGO,group 8,multi,Ru,10.1002/cmdc.201700240,-1.3,0.10805624388499639,1.4080562438849964
MLDB-000173,LOGO,group 8,mono,Ru,10.1002/cptc.202300292,-0.44,0.20468188856117903,0.644681888561179
MLDB-000174,LOGO,group 8,mono,Ru,10.1002/cptc.202300292,0.51,0.8012279250168003,0.2912279250168003
MLDB-000175,LOGO,group 8,mono,Ru,10.1002/cptc.202300292,-0.5,0.14972471694366718,0.6497247169436672
MLDB-000176,LOGO,group 8,mono,Ru,10.1002/cptc.202300292,0.46,0.7834999801534721,0.3234999801534721
MLDB-000181,LOGO,group 8,mono,Ru,10.1002/ejic.201500602,-1.13,-0.08395091854196651,1.0460490814580334
MLDB-000182,LOGO,group 8,mono,Ru,10.1002/ejic.201500602,-0.85,0.42614924907600066,1.2761492490760007
MLDB-000183,LOGO,group 8,mono,Ru,10.1002/ejic.201500602,-0.36,0.17221053809063047,0.5322105380906305
MLDB-000198,LOGO,group 8,mono,Ru,10.1002/ejic.201801339,0.36,0.6482674554006961,0.2882674554006961
MLDB-000199,LOGO,group 8,mono,Ru,10.1002/ejic.201801339,1.41,1.033412568183232,0.3765874318167679
MLDB-000200,LOGO,group 8,mono,Ru,10.1002/ejic.201801339,0.32,0.9517029614131357,0.6317029614131358
MLDB-000201,LOGO,group 8,mono,Ru,10.1002/ejic.202000702,0.56,0.8320998676933281,0.27209986769332806
MLDB-000202,LOGO,group 8,mono,Ru,10.1002/ejic.202100468,-1.1,-0.5935325125535792,0.5064674874464209
MLDB-000203,LOGO,group 8,mono,Ru,10.1002/ejic.202100468,-0.44,-0.6589792342506777,0.21897923425067772
MLDB-000204,LOGO,group 8,mono,Ru,10.1002/ejic.202100468,0.28,0.25045992481214774,0.029540075187852288
MLDB-000205,LOGO,group 8,mono,Ru,10.1002/ejic.202100468,0.75,0.23232582324002998,0.51767417675997
MLDB-000206,LOGO,group 8,mono,Ru,10.1002/ejic.202100468,-0.69,-0.08393311704505886,0.606066882954941
MLDB-000207,LOGO,group 8,mono,Ru,10.1002/ejic.202100468,-0.36,0.151604666650006,0.511604666650006
MLDB-000208,LOGO,group 8,mono,Ru,10.1002/ejic.202100468,-0.61,0.11990253514490425,0.7299025351449042
MLDB-000209,LOGO,group 8,mono,Ru,10.1002/ejic.202100468,1.4,0.7784620654480957,0.6215379345519042
MLDB-000210,LOGO,group 8,mono,Ru,10.1002/ejic.202300758,-0.307,-0.02421238259016542,0.2827876174098346
MLDB-000211,LOGO,group 8,mono,Ru,10.1002/ejic.202300758,-0.545,0.13717146449916312,0.6821714644991632
MLDB-000212,LOGO,group 8,mono,Ru,10.1002/ejic.202300758,0.249,-0.6101542097263878,0.8591542097263878
MLDB-000213,LOGO,group 8,mono,Ru,10.1002/elps.201700443,-0.4,-0.7930262890855486,0.3930262890855486
MLDB-000214,LOGO,group 8,mono,Ru,10.1002/elps.201700443,-1.36,0.4605365761713581,1.8205365761713583
MLDB-000215,LOGO,group 8,mono,Ru,10.1002/elps.201700443,-1.84,0.5773630302681502,2.41736303026815
MLDB-000216,LOGO,group 8,mono,Ru,10.1002/elps.201700443,-1.7,0.3513786551730226,2.0513786551730226
MLDB-000217,LOGO,group 8,mono,Ru,10.1007/s00775-017-1479-7,1.13,0.6687458070643816,0.4612541929356183
MLDB-000218,LOGO,group 8,mono,Ru,10.1007/s00775-017-1479-7,-1.14,0.07459360629961218,1.214593606299612
MLDB-000219,LOGO,group 8,mono,Ru,10.1007/s00775-017-1528-2,-1.09,0.511876289971162,1.601876289971162
MLDB-000220,LOGO,group 8,mono,Ru,10.1007/s00775-017-1528-2,-0.52,0.4033361596352512,0.9233361596352512
MLDB-000223,LOGO,group 8,mono,Ru,10.1007/s00775-019-01665-2,0.22,0.3630631828205456,0.14306318282054561
MLDB-000226,LOGO,group 8,mono,Ru,10.1007/s00775-019-01743-5,1.41,0.09095999222159176,1.3190400077784081
MLDB-000227,LOGO,group 8,mono,Ru,10.1007/s00775-019-01743-5,1.26,0.07093706737051958,1.1890629326294804
MLDB-000228,LOGO,group 8,mono,Ru,10.1007/s00775-019-01743-5,1.72,0.47766507274970416,1.2423349272502957
MLDB-000229,LOGO,group 8,mono,Ru,10.1007/s00775-019-01743-5,1.47,0.31402223510593297,1.155977764894067
MLDB-000230,LOGO,group 8,mono,Ru,10.1007/s00775-019-01743-5,2.11,0.22627401043791512,1.8837259895620848
MLDB-000231,LOGO,group 8,mono,Ru,10.1007/s00775-019-01743-5,1.89,0.55319818896713,1.3368018110328699
MLDB-000235,LOGO,group 8,mono,Ru,10.1007/s00775-020-01835-7,-2.95,-0.1797977996646919,2.770202200335308
MLDB-000236,LOGO,group 8,mono,Ru,10.1007/s00775-020-01835-7,-2.08,0.4053708882295122,2.4853708882295122
MLDB-000237,LOGO,group 8,mono,Ru,10.1007/s00775-020-01835-7,0.42,1.1673134738380442,0.7473134738380443
MLDB-000238,LOGO,group 8,mono,Ru,10.1007/s00775-020-01835-7,-3.1,0.00929373593103144,3.1092937359310313
MLDB-000241,LOGO,group 8,mono,Ru,10.1007/s00775-023-01998-z,1.93,0.07834361571529491,1.8516563842847051
MLDB-000242,LOGO,group 8,mono,Ru,10.1007/s00775-023-01998-z,2.04,0.4961117684993614,1.5438882315006386
MLDB-000243,LOGO,group 8,mono,Ru,10.1007/s10534-017-0008-z,0.14,0.007949887144957144,0.13205011285504287
MLDB-000244,LOGO,group 8,mono,Ru,10.1007/s10534-017-0008-z,0.35,0.7091710895109147,0.3591710895109147
MLDB-000245,LOGO,group 8,mono,Ru,10.1007/s10534-017-0008-z,-0.4,0.14435786724956676,0.5443578672495668
MLDB-000246,LOGO,group 8,mono,Ru,10.1007/s11243-018-0203-y,-0.42,-0.2617373552255889,0.1582626447744111
MLDB-000247,LOGO,group 8,mono,Ru,10.1007/s11243-018-0203-y,-0.65,-0.11196280031961925,0.5380371996803808
MLDB-000266,LOGO,group 8,mono,Ru,10.1016/j.bioorg.2019.02.010,0.228,-0.10331455178541231,0.3313145517854123
MLDB-000267,LOGO,group 8,mono,Ru,10.1016/j.bioorg.2019.02.010,0.573,0.3197702107296701,0.25322978927032985
MLDB-000268,LOGO,group 8,mono,Ru,10.1016/j.bioorg.2019.02.010,0.437,0.5967855305650183,0.15978553056501826
MLDB-000269,LOGO,group 8,mono,Ru,10.1016/j.bioorg.2019.02.010,0.793,0.6957277456138543,0.09727225438614573
MLDB-000270,LOGO,group 8,mono,Ru,10.1016/j.bioorg.2021.105311,-0.71,0.09740490273505652,0.8074049027350565
MLDB-000271,LOGO,group 8,mono,Ru,10.1016/j.bioorg.2021.105311,-0.91,0.14665101924274238,1.0566510192427425
MLDB-000272,LOGO,group 8,mono,Ru,10.1016/j.bioorg.2021.105311,-0.95,0.06537451683543541,1.0153745168354353
MLDB-000273,LOGO,group 8,mono,Ru,10.1016/j.bioorg.2021.105311,-0.88,0.30423695368510845,1.1842369536851085
MLDB-000289,LOGO,group 8,mono,Ru,10.1016/j.cbi.2021.109522,-1.38,0.8423327588225115,2.2223327588225112
MLDB-000290,LOGO,group 8,mono,Ru,10.1016/j.cbi.2021.109522,-0.63,0.9898328729067589,1.619832872906759
MLDB-000291,LOGO,group 8,mono,Ru,10.1016/j.cbi.2021.109522,-0.91,0.8960677887794124,1.8060677887794125
MLDB-000292,LOGO,group 8,mono,Ru,10.1016/j.cbi.2021.109522,-0.68,0.8598820724014283,1.5398820724014284
MLDB-000294,LOGO,group 8,mono,Ru,10.1016/j.cbi.2021.109522,0.71,0.9827619527590813,0.2727619527590813
MLDB-000295,LOGO,group 8,mono,Ru,10.1016/j.chphi.2023.100424,1.2,-0.3362716889949393,1.5362716889949393
MLDB-000296,LOGO,group 8,mono,Ru,10.1016/j.chphi.2023.100424,1.86,0.21634248968660544,1.6436575103133946
MLDB-000297,LOGO,group 8,mono,Ru,10.1016/j.dyepig.2016.08.059,0.67,0.7833286263207218,0.11332862632072171
MLDB-000298,LOGO,group 8,mono,Ru,10.1016/j.dyepig.2016.08.059,0.19,0.8590352647918937,0.6690352647918938
MLDB-000303,LOGO,group 8,mono,Ru,10.1016/j.dyepig.2020.108867,0.85,1.2491120327556504,0.39911203275565044
MLDB-000304,LOGO,group 8,mono,Ru,10.1016/j.dyepig.2020.108867,0.75,1.2686296576930751,0.5186296576930751
MLDB-000305,LOGO,group 8,mono,Ru,10.1016/j.dyepig.2020.108867,0.77,1.2940659434356663,0.5240659434356663
MLDB-000308,LOGO,group 8,mono,Ru,10.1016/j.ejmech.2013.12.041,-1.45,-0.8743942913643565,0.5756057086356434
MLDB-000309,LOGO,group 8,mono,Ru,10.1016/j.ejmech.2013.12.041,-1.59,-0.46148975989488195,1.1285102401051181
MLDB-000310,LOGO,group 8,mono,Ru,10.1016/j.ejmech.2013.12.041,-0.74,-0.15966174434943955,0.5803382556505604
MLDB-000311,LOGO,group 8,mono,Ru,10.1016/j.ejmech.2013.12.041,-0.53,0.2582560476552245,0.7882560476552245
MLDB-000312,LOGO,group 8,mono,Ru,10.1016/j.ejmech.2013.12.041,0.2,-0.027974552095096975,0.22797455209509698
MLDB-000313,LOGO,group 8,mono,Ru,10.1016/j.ejmech.2013.12.041,0.03,-0.2826052283590277,0.3126052283590277
MLDB-000314,LOGO,group 8,mono,Ru,10.1016/j.ejmech.2013.12.041,-0.75,-0.8351205776975221,0.08512057769752213
MLDB-000315,LOGO,group 8,mono,Ru,10.1016/j.ejmech.2013.12.041,-0.09,1.211197958656193,1.301197958656193
MLDB-000316,LOGO,group 8,mono,Ru,10.1016/j.ejmech.2013.12.041,1.13,0.600210481830082,0.5297895181699179
MLDB-000317,LOGO,group 8,multi,Fe-Ru,10.1016/j.ejmech.2014.06.052,1.18,0.9548963432019778,0.22510365679802213
MLDB-000318,LOGO,group 8,multi,Fe-Ru,10.1016/j.ejmech.2014.06.052,1.2,1.1958772420255255,0.004122757974474478
MLDB-000319,LOGO,group 8,multi,Fe-Ru,10.1016/j.ejmech.2014.06.052,1.21,0.9278347663707334,0.2821652336292666
MLDB-000334,LOGO,group 8,mono,Ru,10.1016/j.ejmech.2018.12.021,1.3,1.9376606805827006,0.6376606805827005
MLDB-000335,LOGO,group 8,mono,Ru,10.1016/j.ejmech.2018.12.021,1.5,1.9729988548843547,0.47299885488435467
MLDB-000336,LOGO,group 8,mono,Ru,10.1016/j.ejmech.2018.12.021,1.0,1.9811563502766967,0.9811563502766967
MLDB-000346,LOGO,group 8,mono,Ru,10.1016/j.ejmech.2020.112562,1.02,1.2181731535490643,0.19817315354906428
MLDB-000347,LOGO,group 8,mono,Ru,10.1016/j.ejmech.2020.112562,1.12,0.9995030728865992,0.12049692711340088
MLDB-000348,LOGO,group 8,mono,Ru,10.1016/j.ejmech.2020.112562,-1.65,-0.05456736761807924,1.5954326323819206
MLDB-000349,LOGO,group 8,mono,Ru,10.1016/j.ejmech.2020.112562,-1.07,0.4316674573334314,1.5016674573334314
MLDB-000350,LOGO,group 8,mono,Ru,10.1016/j.ejmech.2020.112605,0.52,-0.3629221630006614,0.8829221630006614
MLDB-000351,LOGO,group 8,mono,Ru,10.1016/j.ejmech.2020.112605,0.51,-0.21885582922933863,0.7288558292293387
MLDB-000352,LOGO,group 8,mono,Ru,10.1016/j.ejmech.2020.112605,0.54,-0.1454203124459286,0.6854203124459286
MLDB-000353,LOGO,group 8,mono,Ru,10.1016/j.ejmech.2020.112605,0.83,0.4595619007679086,0.37043809923209137
MLDB-000354,LOGO,group 8,mono,Ru,10.1016/j.ejmech.2020.112605,0.77,-0.05520917634192887,0.8252091763419289
MLDB-000355,LOGO,group 8,mono,Ru,10.1016/j.ejmech.2020.112605,0.92,0.6064310535721653,0.3135689464278347
MLDB-000356,LOGO,group 8,mono,Ru,10.1016/j.ejmech.2022.114312,-0.22,1.1119377822235395,1.3319377822235394
MLDB-000357,LOGO,group 8,mono,Ru,10.1016/j.ejmech.2022.114312,-0.14,0.08347858321422134,0.22347858321422137
MLDB-000358,LOGO,group 8,mono,Ru,10.1016/j.ejmech.2022.114312,-0.03,0.63246876369955,0.66246876369955
MLDB-000359,LOGO,group 8,mono,Ru,10.1016/j.ejmech.2022.114312,1.4,1.4885577485587855,0.08855774855878562
MLDB-000361,LOGO,group 8,mono,Ru,10.1016/j.ejmech.2022.114772,1.24,-0.11999978080173893,1.359999780801739
MLDB-000362,LOGO,group 8,mono,Ru,10.1016/j.ejmech.2022.114772,0.67,-0.108972201669217,0.7789722016692171
MLDB-000363,LOGO,group 8,mono,Ru,10.1016/j.ejmech.2022.114772,0.93,-0.22575460227164976,1.1557546022716498
MLDB-000364,LOGO,group 8,mono,Ru,10.1016/j.ejmech.2022.114772,0.29,0.7442099776389908,0.4542099776389908
MLDB-000365,LOGO,group 8,mono,Ru,10.1016/j.ejmech.2022.114772,0.78,0.6907135651607871,0.08928643483921295
MLDB-000366,LOGO,group 8,mono,Ru,10.1016/j.ejmech.2022.114772,0.48,0.6775492583388991,0.19754925833889914
MLDB-000367,LOGO,group 8,mono,Ru,10.1016/j.ejmech.2023.115541,0.475,1.3256462071317292,0.8506462071317292
MLDB-000368,LOGO,group 8,mono,Ru,10.1016/j.ejmech.2023.115541,0.328,1.3516649880521039,1.0236649880521038
MLDB-000369,LOGO,group 8,mono,Ru,10.1016/j.ejmech.2023.115985,1.2,-0.07815798103006234,1.2781579810300623
MLDB-000370,LOGO,group 8,mono,Ru,10.1016/j.ejmech.2023.115985,1.8,0.0020843077626066047,1.7979156922373933
MLDB-000377,LOGO,group 8,mono,Ru,10.1016/j.ejmech.2025.117470,0.31,0.4297225313470286,0.1197225313470286
MLDB-000378,LOGO,group 8,mono,Ru,10.1016/j.ejmech.2025.117470,-1.1,0.14286376798376477,1.2428637679837649
MLDB-000379,LOGO,group 8,mono,Ru,10.1016/j.ica.2016.04.011,-0.68,1.1286683236752162,1.8086683236752163
MLDB-000383,LOGO,group 8,mono,Ru,10.1016/j.ica.2016.11.021,0.9,1.3528328859094034,0.4528328859094034
MLDB-000384,LOGO,group 8,mono,Ru,10.1016/j.ica.2017.09.056,-1.1,0.37943713488764924,1.4794371348876494
MLDB-000385,LOGO,group 8,mono,Ru,10.1016/j.ica.2017.09.056,-0.6,0.1359887042810177,0.7359887042810177
MLDB-000386,LOGO,group 8,mono,Ru,10.1016/j.ica.2022.121241,0.9,0.822131015539255,0.07786898446074497
MLDB-000387,LOGO,group 8,mono,Ru,10.1016/j.ica.2022.121241,0.96,1.2672492935176265,0.30724929351762653
MLDB-000391,LOGO,group 8,mono,Ru,10.1016/j.jinorgbio.2015.07.016,0.4,-0.4183664453986621,0.8183664453986621
MLDB-000392,LOGO,group 8,mono,Ru,10.1016/j.jinorgbio.2015.07.016,0.5,1.0084668838654594,0.5084668838654594
MLDB-000393,LOGO,group 8,mono,Ru,10.1016/j.jinorgbio.2015.07.016,0.21,-0.4214366512627252,0.6314366512627252
MLDB-000394,LOGO,group 8,mono,Ru,10.1016/j.jinorgbio.2015.07.016,0.1,0.2253206328834201,0.1253206328834201
MLDB-000395,LOGO,group 8,mono,Ru,10.1016/j.jinorgbio.2015.07.016,1.12,0.6073342302695159,0.5126657697304842
MLDB-000396,LOGO,group 8,mono,Ru,10.1016/j.jinorgbio.2015.07.016,0.45,0.510302546092331,0.060302546092331044
MLDB-000397,LOGO,group 8,mono,Ru,10.1016/j.jinorgbio.2015.07.016,1.2,1.073034271828102,0.12696572817189788
MLDB-000398,LOGO,group 8,mono,Ru,10.1016/j.jinorgbio.2015.07.016,0.35,0.4139016201894017,0.06390162018940171
MLDB-000399,LOGO,group 8,mono,Ru,10.1016/j.jinorgbio.2015.07.016,0.24,0.6337007456020689,0.3937007456020689
MLDB-000400,LOGO,group 8,mono,Ru,10.1016/j.jinorgbio.2015.12.016,-0.47,0.2288805132664406,0.6988805132664406
MLDB-000401,LOGO,group 8,mono,Ru,10.1016/j.jinorgbio.2015.12.016,-0.75,0.3522163688843695,1.1022163688843696
MLDB-000402,LOGO,group 8,mono,Ru,10.1016/j.jinorgbio.2016.06.023,0.6,0.7466715765783356,0.14667157657833563
MLDB-000403,LOGO,group 8,mono,Ru,10.1016/j.jinorgbio.2016.06.023,0.48,0.5222857305060638,0.04228573050606377
MLDB-000404,LOGO,group 8,mono,Ru,10.1016/j.jinorgbio.2016.10.001,0.27,-0.6168059492323977,0.8868059492323977
MLDB-000405,LOGO,group 8,mono,Ru,10.1016/j.jinorgbio.2016.10.001,0.2,0.47159362647232306,0.27159362647232305
MLDB-000406,LOGO,group 8,mono,Ru,10.1016/j.jinorgbio.2016.10.001,0.39,0.03214240587440207,0.3578575941255979
MLDB-000417,LOGO,group 8,mono,Ru,10.1016/j.jinorgbio.2019.01.006,-0.43,0.29782563408551743,0.7278256340855174
MLDB-000418,LOGO,group 8,mono,Ru,10.1016/j.jinorgbio.2019.01.006,-0.95,-0.8389348002410381,0.1110651997589619
MLDB-000419,LOGO,group 8,mono,Ru,10.1016/j.jinorgbio.2019.01.006,-0.09,0.3169804811244678,0.40698048112446783
MLDB-000420,LOGO,group 8,mono,Ru,10.1016/j.jinorgbio.2019.01.006,-0.06,0.506632427283747,0.5666324272837471
MLDB-000421,LOGO,group 8,mono,Ru,10.1016/j.jinorgbio.2019.01.006,-0.04,0.3534388072683137,0.3934388072683137
MLDB-000422,LOGO,group 8,mono,Ru,10.1016/j.jinorgbio.2019.01.006,0.51,0.9617197785199376,0.4517197785199376
MLDB-000435,LOGO,group 8,mono,Ru,10.1016/j.jinorgbio.2020.111080,1.95,0.948646240799275,1.001353759200725
MLDB-000436,LOGO,group 8,mono,Ru,10.1016/j.jinorgbio.2020.111080,1.18,0.5098788453888892,0.6701211546111108
MLDB-000437,LOGO,group 8,mono,Ru,10.1016/j.jinorgbio.2020.111080,1.0,0.4233487930532338,0.5766512069467662
MLDB-000438,LOGO,group 8,mono,Ru,10.1016/j.jinorgbio.2020.111080,-0.17,0.3055780000012009,0.4755780000012009
MLDB-000439,LOGO,group 8,mono,Ru,10.1016/j.jinorgbio.2020.111080,0.22,0.5337487437748236,0.31374874377482365
MLDB-000440,LOGO,group 8,mono,Ru,10.1016/j.jinorgbio.2020.111080,-0.54,0.4808984902004387,1.0208984902004388
MLDB-000441,LOGO,group 8,mono,Ru,10.1016/j.jinorgbio.2020.111080,1.34,0.938252283768729,0.40174771623127103
MLDB-000442,LOGO,group 8,mono,Ru,10.1016/j.jinorgbio.2020.111080,0.83,0.49483743269866926,0.3351625673013307
MLDB-000443,LOGO,group 8,mono,Ru,10.1016/j.jinorgbio.2020.111080,-1.15,0.18866266391746678,1.3386626639174666
MLDB-000444,LOGO,group 8,mono,Ru,10.1016/j.jinorgbio.2020.111099,0.49,-0.39331206167723787,0.8833120616772379
MLDB-000445,LOGO,group 8,mono,Ru,10.1016/j.jinorgbio.2020.111099,1.2,1.3267434253695267,0.12674342536952676
MLDB-000446,LOGO,group 8,mono,Ru,10.1016/j.jinorgbio.2020.111099,0.3,-0.22547549531605948,0.5254754953160594
MLDB-000447,LOGO,group 8,mono,Ru,10.1016/j.jinorgbio.2020.111099,0.55,-0.7354101304461214,1.2854101304461214
MLDB-000448,LOGO,group 8,mono,Ru,10.1016/j.jinorgbio.2020.111099,1.4,1.2224605581804346,0.17753944181956527
MLDB-000449,LOGO,group 8,mono,Ru,10.1016/j.jinorgbio.2020.111099,0.33,-0.5130689737751958,0.8430689737751957
MLDB-000450,LOGO,group 8,mono,Ru,10.1016/j.jinorgbio.2020.111099,0.48,-0.6666337030279308,1.1466337030279308
MLDB-000451,LOGO,group 8,mono,Ru,10.1016/j.jinorgbio.2020.111099,1.0,0.8867016939919471,0.11329830600805291
MLDB-000452,LOGO,group 8,mono,Ru,10.1016/j.jinorgbio.2020.111099,0.5,-0.7441409463107593,1.2441409463107593
MLDB-000453,LOGO,group 8,mono,Ru,10.1016/j.jinorgbio.2020.111099,1.1,1.0519082332518435,0.04809176674815663
MLDB-000454,LOGO,group 8,mono,Ru,10.1016/j.jinorgbio.2020.111099,0.52,-0.45092366271567236,0.9709236627156723
MLDB-000455,LOGO,group 8,mono,Ru,10.1016/j.jinorgbio.2020.111099,0.63,1.1859003464831332,0.5559003464831332
MLDB-000456,LOGO,group 8,mono,Ru,10.1016/j.jinorgbio.2020.111099,0.59,-0.2851824013940234,0.8751824013940234
MLDB-000457,LOGO,group 8,mono,Ru,10.1016/j.jinorgbio.2020.111099,0.56,-0.22871733493208243,0.7887173349320825
MLDB-000458,LOGO,group 8,mono,Ru,10.1016/j.jinorgbio.2020.111099,0.5,-0.6000195628850733,1.1000195628850733
MLDB-000459,LOGO,group 8,mono,Ru,10.1016/j.jinorgbio.2020.111099,0.65,1.055739981665014,0.4057399816650139
MLDB-000460,LOGO,group 8,mono,Ru,10.1016/j.jinorgbio.2020.111099,0.6,0.7553451383399141,0.15534513833991415
MLDB-000461,LOGO,group 8,mono,Ru,10.1016/j.jinorgbio.2020.111099,0.54,-1.1263693971142419,1.666369397114242
MLDB-000462,LOGO,group 8,mono,Ru,10.1016/j.jinorgbio.2020.111099,0.62,0.8631448935399832,0.24314489353998325
MLDB-000463,LOGO,group 8,mono,Ru,10.1016/j.jinorgbio.2020.111099,0.56,-1.043702939190586,1.6037029391905862
MLDB-000464,LOGO,group 8,mono,Ru,10.1016/j.jinorgbio.2020.111099,0.27,0.6490661657697916,0.3790661657697916
MLDB-000465,LOGO,group 8,mono,Ru,10.1016/j.jinorgbio.2020.111132,-0.17,0.7344256486779477,0.9044256486779477
MLDB-000466,LOGO,group 8,mono,Ru,10.1016/j.jinorgbio.2020.111132,-1.32,-0.4142407986835669,0.9057592013164332
MLDB-000467,LOGO,group 8,mono,Os,10.1016/j.jinorgbio.2020.111154,1.59,0.506814154012332,1.0831858459876682
MLDB-000468,LOGO,group 8,mono,Os,10.1016/j.jinorgbio.2020.111154,0.11,0.2803855292781512,0.1703855292781512
MLDB-000469,LOGO,group 8,mono,Os,10.1016/j.jinorgbio.2020.111154,1.87,0.3056125660070465,1.5643874339929535
MLDB-000470,LOGO,group 8,mono,Os,10.1016/j.jinorgbio.2020.111154,1.1,-0.19887990092259797,1.298879900922598
MLDB-000471,LOGO,group 8,mono,Os,10.1016/j.jinorgbio.2020.111154,2.29,0.805708458683849,1.484291541316151
MLDB-000472,LOGO,group 8,mono,Os,10.1016/j.jinorgbio.2020.111154,2.6,0.9711002684697537,1.6288997315302463
MLDB-000473,LOGO,group 8,mono,Os,10.1016/j.jinorgbio.2020.111154,1.41,0.6166082536982591,0.7933917463017408
MLDB-000474,LOGO,group 8,mono,Ru,10.1016/j.jinorgbio.2021.111380,1.74,0.9734153906915733,0.7665846093084266
MLDB-000475,LOGO,group 8,mono,Ru,10.1016/j.jinorgbio.2021.111380,1.23,0.9008291756234242,0.32917082437657574
MLDB-000476,LOGO,group 8,mono,Ru,10.1016/j.jinorgbio.2021.111380,1.53,0.9912297496946171,0.538770250305383
MLDB-000483,LOGO,group 8,mono,Ru,10.1016/j.jinorgbio.2021.111497,0.72,1.0728844028434994,0.3528844028434994
MLDB-000484,LOGO,group 8,mono,Ru,10.1016/j.jinorgbio.2021.111497,0.45,0.7744106536438743,0.3244106536438743
MLDB-000492,LOGO,group 8,mono,Ru,10.1016/j.jinorgbio.2021.111625,0.6,-0.1860004789161373,0.7860004789161372
MLDB-000493,LOGO,group 8,mono,Ru,10.1016/j.jinorgbio.2021.111625,0.4,-0.16034898656457272,0.5603489865645728
MLDB-000494,LOGO,group 8,mono,Ru,10.1016/j.jinorgbio.2022.111729,-2.95,0.11201684582274102,3.062016845822741
MLDB-000495,LOGO,group 8,mono,Ru,10.1016/j.jinorgbio.2022.111729,-2.53,0.24976880389469266,2.7797688038946924
MLDB-000496,LOGO,group 8,mono,Ru,10.1016/j.jinorgbio.2022.111729,2.56,1.1462774094360377,1.4137225905639623
MLDB-000497,LOGO,group 8,mono,Ru,10.1016/j.jinorgbio.2022.111803,-1.87,-0.09035347553257031,1.7796465244674298
MLDB-000498,LOGO,group 8,mono,Ru,10.1016/j.jinorgbio.2022.111803,-1.25,-0.09346984652593152,1.1565301534740684
MLDB-000504,LOGO,group 8,mono,Ru,10.1016/j.jinorgbio.2022.112005,0.31,0.5959831004655567,0.2859831004655567
MLDB-000505,LOGO,group 8,mono,Ru,10.1016/j.jinorgbio.2022.112005,0.61,0.909879994520235,0.29987999452023506
MLDB-000506,LOGO,group 8,mono,Ru,10.1016/j.jinorgbio.2022.112058,-1.73,0.39797465394833725,2.1279746539483373
MLDB-000507,LOGO,group 8,mono,Ru,10.1016/j.jinorgbio.2022.112058,1.48,0.7653421542072868,0.7146578457927132
MLDB-000508,LOGO,group 8,mono,Ru,10.1016/j.jinorgbio.2022.112058,-0.41,0.31912820287968086,0.7291282028796808
MLDB-000509,LOGO,group 8,mono,Ru,10.1016/j.jinorgbio.2022.112058,-0.52,0.6412385159260044,1.1612385159260046
MLDB-000510,LOGO,group 8,mono,Ru,10.1016/j.jinorgbio.2022.112058,-1.5,0.3213634458550595,1.8213634458550594
MLDB-000511,LOGO,group 8,mono,Ru,10.1016/j.jinorgbio.2022.112058,0.42,0.6596835277500224,0.23968352775002238
MLDB-000512,LOGO,group 8,mono,Ru,10.1016/j.jinorgbio.2022.112058,0.98,0.7653421542072868,0.2146578457927132
MLDB-000513,LOGO,group 8,mono,Ru,10.1016/j.jinorgbio.2022.112058,-1.25,0.21427049267265524,1.4642704926726553
MLDB-000514,LOGO,group 8,mono,Ru,10.1016/j.jinorgbio.2022.112058,1.27,0.5523601846399224,0.7176398153600776
MLDB-000515,LOGO,group 8,mono,Ru,10.1016/j.jinorgbio.2022.112058,1.42,0.5523601846399224,0.8676398153600775
MLDB-000516,LOGO,group 8,mono,Ru,10.1016/j.jinorgbio.2023.112195,1.28,1.569473979126384,0.28947397912638406
MLDB-000517,LOGO,group 8,mono,Ru,10.1016/j.jinorgbio.2023.112295,3.1,0.9751333206008046,2.1248666793991955
MLDB-000518,LOGO,group 8,mono,Ru,10.1016/j.jinorgbio.2023.112310,0.57,1.455001305643381,0.8850013056433811
MLDB-000519,LOGO,group 8,mono,Ru,10.1016/j.jinorgbio.2023.112310,-0.95,0.9253076422841233,1.8753076422841233
MLDB-000520,LOGO,group 8,mono,Ru,10.1016/j.jinorgbio.2023.112329,-0.078,1.3201274149621838,1.3981274149621838
MLDB-000521,LOGO,group 8,mono,Ru,10.1016/j.jinorgbio.2023.112329,0.229,1.2146572112588105,0.9856572112588106
MLDB-000522,LOGO,group 8,mono,Ru,10.1016/j.jinorgbio.2023.112329,0.378,1.15335566292384,0.77535566292384
MLDB-000523,LOGO,group 8,mono,Ru,10.1016/j.jinorgbio.2023.112365,0.46,1.7794527929207096,1.3194527929207096
MLDB-000524,LOGO,group 8,mono,Ru,10.1016/j.jinorgbio.2023.112365,0.24,0.6737883758839895,0.43378837588398955
MLDB-000525,LOGO,group 8,mono,Ru,10.1016/j.jinorgbio.2023.112436,0.56,0.2797908867756871,0.28020911322431297
MLDB-000526,LOGO,group 8,mono,Ru,10.1016/j.jinorgbio.2023.112436,0.7,0.7833268290155602,0.08332682901556021
MLDB-000527,LOGO,group 8,mono,Ru,10.1016/j.jinorgbio.2023.112436,1.19,0.39783458118825515,0.7921654188117448
MLDB-000528,LOGO,group 8,mono,Ru,10.1016/j.jinorgbio.2023.112436,1.32,0.83950860266903,0.48049139733097
MLDB-000529,LOGO,group 8,mono,Ru,10.1016/j.jinorgbio.2023.112436,0.33,0.24914856345357703,0.08085143654642299
MLDB-000530,LOGO,group 8,mono,Ru,10.1016/j.jinorgbio.2023.112436,0.39,0.4142492965149904,0.02424929651499036
MLDB-000531,LOGO,group 8,mono,Ru,10.1016/j.jinorgbio.2023.112436,0.45,0.10906618918345137,0.3409338108165486
MLDB-000532,LOGO,group 8,mono,Ru,10.1016/j.jinorgbio.2023.112436,0.89,0.384126489086281,0.505873510913719
MLDB-000533,LOGO,group 8,mono,Ru,10.1016/j.jinorgbio.2023.112436,1.17,0.16594128527935237,1.0040587147206477
MLDB-000534,LOGO,group 8,mono,Ru,10.1016/j.jinorgbio.2024.112631,1.11,1.1186968403414936,0.008696840341493539
MLDB-000536,LOGO,group 8,mono,Ru,10.1016/j.jinorgbio.2024.112778,0.92,0.6483343372692388,0.2716656627307612
MLDB-000537,LOGO,group 8,mono,Ru,10.1016/j.jinorgbio.2024.112778,0.88,0.9518306160262159,0.07183061602621588
MLDB-000538,LOGO,group 8,mono,Ru,10.1016/j.jinorgbio.2024.112778,1.96,0.8913986027629651,1.068601397237035
MLDB-000539,LOGO,group 8,mono,Ru,10.1016/j.jinorgbio.2024.112778,1.99,0.9563227427026951,1.0336772572973048
MLDB-000543,LOGO,group 8,mono,Ru,10.1016/j.jinorgbio.2025.112959,2.84,2.290159148036202,0.5498408519637978
MLDB-000574,LOGO,group 8,mono,Ru,10.1016/j.jorganchem.2010.09.067,-0.33,0.11996813405849453,0.44996813405849456
MLDB-000575,LOGO,group 8,mono,Ru,10.1016/j.jorganchem.2010.09.067,-0.27,0.21862456483218562,0.48862456483218564
MLDB-000576,LOGO,group 8,mono,Ru,10.1016/j.jorganchem.2010.09.067,-0.24,0.27455012844197924,0.5145501284419792
MLDB-000577,LOGO,group 8,mono,Ru,10.1016/j.jorganchem.2010.09.067,0.22,-0.02521115589783931,0.24521115589783932
MLDB-000578,LOGO,group 8,mono,Ru,10.1016/j.jorganchem.2010.09.067,0.06,0.0013458972249098971,0.0586541027750901
MLDB-000579,LOGO,group 8,mono,Ru,10.1016/j.jorganchem.2010.09.067,-1.6,-0.3378070413884563,1.2621929586115437
MLDB-000580,LOGO,group 8,mono,Ru,10.1016/j.jorganchem.2010.09.067,-0.93,0.09591888858634048,1.0259188885863406
MLDB-000581,LOGO,group 8,mono,Ru,10.1016/j.jorganchem.2010.09.067,-0.66,-0.2578613500408441,0.40213864995915594
MLDB-000582,LOGO,group 8,mono,Ru,10.1016/j.jorganchem.2012.06.027,1.25,1.285954038380394,0.035954038380394016
MLDB-000583,LOGO,group 8,mono,Ru,10.1016/j.jorganchem.2012.06.027,1.14,1.0775150047027995,0.06248499529720042
MLDB-000584,LOGO,group 8,mono,Ru,10.1016/j.jorganchem.2012.06.027,0.14,1.0607882651093827,0.9207882651093827
MLDB-000585,LOGO,group 8,mono,Ru,10.1016/j.jorganchem.2012.06.027,-0.33,0.6709892381490667,1.0009892381490668
MLDB-000586,LOGO,group 8,mono,Ru,10.1016/j.jorganchem.2012.06.027,-0.68,-0.18767934515548648,0.4923206548445136
MLDB-000587,LOGO,group 8,mono,Ru,10.1016/j.jorganchem.2015.10.008,1.14,0.27982797613403587,0.860172023865964
MLDB-000588,LOGO,group 8,mono,Ru,10.1016/j.jorganchem.2015.10.008,1.15,1.0256832531370026,0.12431674686299732
MLDB-000589,LOGO,group 8,mono,Ru,10.1016/j.jorganchem.2015.10.008,1.17,0.6360705913057509,0.533929408694249
MLDB-000604,LOGO,group 8,mono,Ru,10.1016/j.jorganchem.2018.01.022,0.6,1.092095593262111,0.49209559326211105
MLDB-000605,LOGO,group 8,mono,Ru,10.1016/j.jorganchem.2018.01.022,0.67,1.3128964627805113,0.6428964627805113
MLDB-000606,LOGO,group 8,mono,Ru,10.1016/j.jorganchem.2018.01.022,0.62,1.3797837210541102,0.7597837210541102
MLDB-000607,LOGO,group 8,mono,Ru,10.1016/j.jorganchem.2018.01.022,1.29,1.1166145658277384,0.1733854341722616
MLDB-000608,LOGO,group 8,mono,Ru,10.1016/j.jorganchem.2018.01.022,1.02,1.2716596935003337,0.2516596935003337
MLDB-000609,LOGO,group 8,mono,Ru,10.1016/j.jorganchem.2018.01.022,1.2,1.2273141124672151,0.027314112467215157
MLDB-000610,LOGO,group 8,mono,Ru,10.1016/j.jorganchem.2018.01.022,1.14,1.2990506262269101,0.15905062622691024
MLDB-000611,LOGO,group 8,mono,Ru,10.1016/j.jorganchem.2018.01.022,1.33,1.013185223228751,0.31681477677124903
MLDB-000624,LOGO,group 8,mono,Ru,10.1016/j.jorganchem.2019.121094,-1.2,-0.022315765598275097,1.1776842344017249
MLDB-000633,LOGO,group 8,mono,Ru,10.1016/j.jphotobiol.2016.10.039,-0.72,1.3845203591018866,2.104520359101887
MLDB-000634,LOGO,group 8,mono,Ru,10.1016/j.jphotobiol.2016.10.039,-0.84,1.322124383773248,2.162124383773248
MLDB-000635,LOGO,group 8,mono,Ru,10.1016/j.jphotobiol.2016.10.039,-0.69,1.6950822844515565,2.3850822844515562
MLDB-000636,LOGO,group 8,mono,Ru,10.1016/j.lfs.2018.12.010,-1.39,-0.08872551440687042,1.3012744855931295
MLDB-000637,LOGO,group 8,mono,Ru,10.1016/j.lfs.2018.12.010,-1.15,-0.09693307308205824,1.0530669269179416
MLDB-000638,LOGO,group 8,mono,Ru,10.1016/j.lfs.2018.12.010,-1.0,0.14827240250082385,1.1482724025008237
MLDB-000639,LOGO,group 8,mono,Ru,10.1016/j.molstruc.2024.138997,-2.81,0.38667399810055486,3.1966739981005547
MLDB-000640,LOGO,group 8,mono,Ru,10.1016/j.molstruc.2024.138997,0.25,0.3536598854565047,0.10365988545650467
MLDB-000641,LOGO,group 8,mono,Ru,10.1016/j.molstruc.2024.138997,0.53,0.4951135206853793,0.034886479314620744
MLDB-000642,LOGO,group 8,mono,Ru,10.1016/j.molstruc.2024.140748,2.05,0.2412524376289211,1.8087475623710787
MLDB-000643,LOGO,group 8,multi,Ru,10.1016/j.molstruc.2024.140748,1.12,-0.13311791213220142,1.2531179121322016
MLDB-000644,LOGO,group 8,multi,Ru,10.1016/j.molstruc.2024.140748,0.68,0.018855699685561618,0.6611443003144384
MLDB-000645,LOGO,group 8,mono,Ru,10.1016/j.msec.2020.111106,0.45,0.68369588343414,0.23369588343414
MLDB-000646,LOGO,group 8,mono,Ru,10.1016/j.msec.2020.111106,0.47,0.754613934725868,0.28461393472586805
MLDB-000647,LOGO,group 8,mono,Ru,10.1016/j.msec.2020.111106,0.54,0.6009830671574058,0.06098306715740576
MLDB-000648,LOGO,group 8,mono,Ru,10.1016/j.msec.2020.111106,0.48,0.484047917057201,0.004047917057201034
MLDB-000649,LOGO,group 8,mono,Ru,10.1016/j.msec.2020.111106,0.44,0.5554398997149891,0.11543989971498908
MLDB-000650,LOGO,group 8,mono,Ru,10.1016/j.msec.2020.111106,0.74,0.49116878258434393,0.24883121741565606
MLDB-000652,LOGO,group 8,mono,Ru,10.1016/j.poly.2017.07.025,-0.28,0.20345954428075935,0.4834595442807594
MLDB-000654,LOGO,group 8,mono,Ru,10.1016/j.poly.2017.07.025,0.01,-0.09103193849491058,0.10103193849491057
MLDB-000655,LOGO,group 8,mono,Ru,10.1016/j.poly.2017.07.025,-1.9,0.24147112980328897,2.1414711298032887
MLDB-000656,LOGO,group 8,mono,Ru,10.1016/j.poly.2017.07.025,-1.8,-0.004646391322967155,1.795353608677033
MLDB-000657,LOGO,group 8,mono,Ru,10.1016/j.poly.2017.07.025,1.3,1.4815383447425006,0.18153834474250052
MLDB-000658,LOGO,group 8,mono,Ru,10.1016/j.poly.2017.07.025,0.75,1.1506259882076695,0.4006259882076695
MLDB-000659,LOGO,group 8,mono,Ru,10.1016/j.poly.2017.11.035,0.8,0.8254337167947422,0.025433716794742156
MLDB-000660,LOGO,group 8,mono,Ru,10.1016/j.poly.2021.115169,0.203,0.6756528493075589,0.47265284930755885
MLDB-000661,LOGO,group 8,mono,Ru,10.1016/j.poly.2021.115169,0.026,0.5221768751655086,0.49617687516550857
MLDB-000662,LOGO,group 8,mono,Ru,10.1016/j.poly.2023.116780,0.79,0.10300275342935691,0.6869972465706431
MLDB-000663,LOGO,group 8,mono,Ru,10.1016/j.poly.2023.116780,1.43,0.3829033047283978,1.047096695271602
MLDB-000664,LOGO,group 8,mono,Ru,10.1016/j.poly.2023.116780,1.21,0.17118243925305826,1.0388175607469416
MLDB-000670,LOGO,group 8,mono,Ru,10.1021/acs.inorgchem.0c01433,1.45,1.0832720270981782,0.3667279729018218
MLDB-000671,LOGO,group 8,mono,Ru,10.1021/acs.inorgchem.0c01433,1.26,0.9813800857410915,0.27861991425890853
MLDB-000674,LOGO,group 8,mono,Ru,10.1021/acs.inorgchem.0c01835,1.34,0.41482017826817597,0.9251798217318241
MLDB-000675,LOGO,group 8,mono,Ru,10.1021/acs.inorgchem.0c01835,1.14,0.19112038443908208,0.9488796155609178
MLDB-000676,LOGO,group 8,mono,Ru,10.1021/acs.inorgchem.0c01835,0.88,0.5311459503547056,0.34885404964529443
MLDB-000677,LOGO,group 8,mono,Os,10.1021/acs.inorgchem.0c02137,-3.0,-0.23137719431108358,2.7686228056889166
MLDB-000678,LOGO,group 8,mono,Os,10.1021/acs.inorgchem.0c02137,-1.423,0.07557822146572686,1.4985782214657268
MLDB-000679,LOGO,group 8,mono,Os,10.1021/acs.inorgchem.0c02137,-0.7,0.026355442787840362,0.7263554427878404
MLDB-000680,LOGO,group 8,mono,Os,10.1021/acs.inorgchem.0c02137,-0.09,0.19934002770831855,0.28934002770831857
MLDB-000681,LOGO,group 8,mono,Os,10.1021/acs.inorgchem.0c02137,-1.645,0.45232759526004657,2.0973275952600465
MLDB-000682,LOGO,group 8,mono,Os,10.1021/acs.inorgchem.0c02137,-0.438,0.6770977097568832,1.1150977097568833
MLDB-000683,LOGO,group 8,mono,Os,10.1021/acs.inorgchem.0c02137,0.588,0.5002582745182607,0.08774172548173931
MLDB-000684,LOGO,group 8,mono,Os,10.1021/acs.inorgchem.0c02137,1.305,0.7912992156289388,0.5137007843710611
MLDB-000685,LOGO,group 8,mono,Os,10.1021/acs.inorgchem.0c02137,1.461,0.7393417341156192,0.7216582658843809
MLDB-000686,LOGO,group 8,mono,Ru,10.1021/acs.inorgchem.0c03820,1.03,1.1581208449297284,0.12812084492972842
MLDB-000687,LOGO,group 8,mono,Ru,10.1021/acs.inorgchem.0c03820,-0.6,1.6947712282537726,2.2947712282537727
MLDB-000695,LOGO,group 8,mono,Ru,10.1021/acs.inorgchem.1c01482,-0.64,1.2514706588896292,1.891470658889629
MLDB-000696,LOGO,group 8,mono,Ru,10.1021/acs.inorgchem.1c01482,-0.37,1.5340624470970876,1.9040624470970875
MLDB-000697,LOGO,group 8,mono,Ru,10.1021/acs.inorgchem.1c01482,-0.28,1.4128097147324374,1.6928097147324375
MLDB-000698,LOGO,group 8,mono,Ru,10.1021/acs.inorgchem.1c01850,1.45,0.6583679203174407,0.7916320796825592
MLDB-000699,LOGO,group 8,mono,Ru,10.1021/acs.inorgchem.1c01850,2.57,0.4883495672046394,2.08165043279536
MLDB-000700,LOGO,group 8,mono,Ru,10.1021/acs.inorgchem.1c01850,1.34,0.7386145898022812,0.6013854101977189
MLDB-000701,LOGO,group 8,mono,Ru,10.1021/acs.inorgchem.1c01850,1.73,0.5845361256253852,1.1454638743746148
MLDB-000707,LOGO,group 8,mono,Ru,10.1021/acs.inorgchem.1c02929,1.45,0.526211539165424,0.923788460834576
MLDB-000708,LOGO,group 8,mono,Ru,10.1021/acs.inorgchem.1c02929,2.2,1.7609327408908009,0.4390672591091993
MLDB-000709,LOGO,group 8,mono,Ru,10.1021/acs.inorgchem.1c02929,3.21,1.6265981409532586,1.5834018590467414
MLDB-000710,LOGO,group 8,mono,Ru,10.1021/acs.inorgchem.2c00714,0.16,0.31607783483219637,0.15607783483219637
MLDB-000711,LOGO,group 8,mono,Ru,10.1021/acs.inorgchem.2c00714,-0.19,1.6012792613799103,1.7912792613799102
MLDB-000712,LOGO,group 8,multi,Ru,10.1021/acs.inorgchem.2c00714,-0.85,1.5219135134379578,2.3719135134379576
MLDB-000713,LOGO,group 8,mono,Ru,10.1021/acs.inorgchem.2c03279,1.28,1.241138661462922,0.03886133853707796
MLDB-000714,LOGO,group 8,mono,Ru,10.1021/acs.inorgchem.2c03279,1.02,1.190839134646151,0.17083913464615108
MLDB-000715,LOGO,group 8,mono,Ru,10.1021/acs.inorgchem.2c03279,0.78,0.9794553904381597,0.19945539043815963
MLDB-000718,LOGO,group 8,mono,Ru,10.1021/acs.inorgchem.3c00183,0.17,1.1076219878384026,0.9376219878384026
MLDB-000719,LOGO,group 8,mono,Ru,10.1021/acs.inorgchem.3c00183,0.61,1.7209424076556763,1.1109424076556764
MLDB-000720,LOGO,group 8,mono,Ru,10.1021/acs.inorgchem.3c00183,0.3,1.3033289460233681,1.003328946023368
MLDB-000721,LOGO,group 8,mono,Ru,10.1021/acs.inorgchem.3c00585,2.34,1.275366827993306,1.064633172006694
MLDB-000722,LOGO,group 8,mono,Ru,10.1021/acs.inorgchem.3c00585,1.47,1.4749169557643667,0.004916955764366682
MLDB-000723,LOGO,group 8,mono,Ru,10.1021/acs.inorgchem.3c00585,1.93,1.3438068784021804,0.5861931215978196
MLDB-000724,LOGO,group 8,mono,Ru,10.1021/acs.inorgchem.3c00757,1.15,1.324633625109955,0.17463362510995517
MLDB-000725,LOGO,group 8,mono,Ru,10.1021/acs.inorgchem.3c00757,1.45,1.1983110108140735,0.2516889891859264
MLDB-000726,LOGO,group 8,mono,Ru,10.1021/acs.inorgchem.3c00757,1.68,1.2175910546628557,0.4624089453371443
MLDB-000727,LOGO,group 8,mono,Ru,10.1021/acs.inorgchem.3c00757,0.89,1.4034371281213782,0.5134371281213782
MLDB-000728,LOGO,group 8,mono,Ru,10.1021/acs.inorgchem.3c00757,1.24,1.538920321719169,0.29892032171916894
MLDB-000729,LOGO,group 8,mono,Ru,10.1021/acs.inorgchem.3c00757,1.91,1.319496341774419,0.5905036582255809
MLDB-000730,LOGO,group 8,mono,Ru,10.1021/acs.inorgchem.3c00757,1.35,0.9405308479355993,0.4094691520644008
MLDB-000731,LOGO,group 8,mono,Ru,10.1021/acs.inorgchem.3c00757,1.89,0.8514906078004335,1.0385093921995665
MLDB-000732,LOGO,group 8,mono,Ru,10.1021/acs.inorgchem.3c00757,2.14,0.8647823148792075,1.2752176851207926
MLDB-000733,LOGO,group 8,mono,Ru,10.1021/acs.inorgchem.3c00757,1.24,1.0718674870597436,0.16813251294025644
MLDB-000734,LOGO,group 8,mono,Ru,10.1021/acs.inorgchem.3c00757,1.4,1.0759622770163912,0.32403772298360867
MLDB-000735,LOGO,group 8,mono,Ru,10.1021/acs.inorgchem.3c00757,2.45,1.0785409042555898,1.3714590957444104
MLDB-000736,LOGO,group 8,mono,Ru,10.1021/acs.inorgchem.3c01125,1.21,0.11856081443192211,1.0914391855680778
MLDB-000737,LOGO,group 8,mono,Ru,10.1021/acs.inorgchem.3c01125,1.34,0.398531406243407,0.9414685937565931
MLDB-000738,LOGO,group 8,mono,Ru,10.1021/acs.inorgchem.3c01125,1.67,0.04773855835277836,1.6222614416472216
MLDB-000739,LOGO,group 8,mono,Ru,10.1021/acs.inorgchem.3c01125,2.09,0.043975863065887334,2.0460241369341126
MLDB-000740,LOGO,group 8,mono,Ru,10.1021/acs.inorgchem.3c01984,-0.03,1.2569516641947835,1.2869516641947836
MLDB-000741,LOGO,group 8,mono,Ru,10.1021/acs.inorgchem.3c01984,0.81,1.0853264006253298,0.27532640062532976
MLDB-000742,LOGO,group 8,mono,Ru,10.1021/acs.inorgchem.3c01984,0.82,0.07658318302963754,0.7434168169703624
MLDB-000745,LOGO,group 8,mono,Ru,10.1021/acs.inorgchem.3c01984,2.4,0.12474476149873634,2.2752552385012637
MLDB-000748,LOGO,group 8,mono,Ru,10.1021/acs.inorgchem.3c01984,2.3,-0.09662710298082067,2.3966271029808204
MLDB-000749,LOGO,group 8,mono,Ru,10.1021/acs.inorgchem.3c01984,1.5,1.2928418878511183,0.2071581121488817
MLDB-000750,LOGO,group 8,mono,Ru,10.1021/acs.inorgchem.3c01984,2.3,1.0949236527959407,1.205076347204059
MLDB-000751,LOGO,group 8,mono,Ru,10.1021/acs.inorgchem.3c01984,1.1,0.07067483680830616,1.029325163191694
MLDB-000752,LOGO,group 8,mono,Ru,10.1021/acs.inorgchem.3c01984,-1.6,-0.035368759236579166,1.5646312407634209
MLDB-000753,LOGO,group 8,mono,Ru,10.1021/acs.inorgchem.3c01984,-1.3,-0.196975174509228,1.103024825490772
MLDB-000754,LOGO,group 8,mono,Ru,10.1021/acs.inorgchem.3c01984,-1.5,-0.01607624481966688,1.483923755180333
MLDB-000758,LOGO,group 8,mono,Ru,10.1021/acs.inorgchem.3c03716,-2.8,-0.525771535849691,2.2742284641503088
MLDB-000759,LOGO,group 8,mono,Ru,10.1021/acs.inorgchem.3c03716,-0.29,-0.409322955826855,0.11932295582685504
MLDB-000760,LOGO,group 8,mono,Ru,10.1021/acs.inorgchem.3c03716,-2.3,-0.21133196280031225,2.0886680371996875
MLDB-000761,LOGO,group 8,mono,Ru,10.1021/acs.inorgchem.3c03716,-2.5,-0.525771535849691,1.974228464150309
MLDB-000762,LOGO,group 8,mono,Ru,10.1021/acs.inorgchem.3c03716,-1.1,-0.409322955826855,0.6906770441731451
MLDB-000763,LOGO,group 8,mono,Ru,10.1021/acs.inorgchem.3c03716,-2.5,-0.21133196280031225,2.2886680371996877
MLDB-000764,LOGO,group 8,mono,Ru,10.1021/acs.inorgchem.3c03716,-1.8,-0.525771535849691,1.274228464150309
MLDB-000765,LOGO,group 8,mono,Ru,10.1021/acs.inorgchem.3c03716,0.62,-0.409322955826855,1.029322955826855
MLDB-000766,LOGO,group 8,mono,Ru,10.1021/acs.inorgchem.3c03716,-2.4,-0.21133196280031225,2.1886680371996876
MLDB-000767,LOGO,group 8,mono,Ru,10.1021/acs.inorgchem.4c00650,1.25,0.3891569210564083,0.8608430789435917
MLDB-000768,LOGO,group 8,mono,Ru,10.1021/acs.inorgchem.4c00650,1.47,0.6963357946800343,0.7736642053199657
MLDB-000769,LOGO,group 8,mono,Ru,10.1021/acs.inorgchem.4c00650,2.31,1.680847077616097,0.629152922383903
MLDB-000770,LOGO,group 8,mono,Ru,10.1021/acs.inorgchem.4c02235,0.26,0.28681897576077386,0.026818975760773855
MLDB-000771,LOGO,group 8,mono,Ru,10.1021/acs.inorgchem.4c02235,0.048,0.16897812555623534,0.12097812555623534
MLDB-000772,LOGO,group 8,mono,Ru,10.1021/acs.inorgchem.4c02235,0.31,0.5225547116604818,0.21255471166048184
MLDB-000773,LOGO,group 8,mono,Ru,10.1021/acs.inorgchem.4c02235,-0.018,0.25420946964455937,0.2722094696445594
MLDB-000788,LOGO,group 8,mono,Ru,10.1021/acs.inorgchem.5c00896,1.014,1.696617565273577,0.6826175652735771
MLDB-000789,LOGO,group 8,mono,Ru,10.1021/acs.inorgchem.5c00896,1.032,1.895674093262679,0.863674093262679
MLDB-000790,LOGO,group 8,mono,Ru,10.1021/acs.inorgchem.5c00896,1.396,1.694828168125254,0.29882816812525403
MLDB-000791,LOGO,group 8,mono,Ru,10.1021/acs.inorgchem.5c00896,1.51,1.694828168125254,0.18482816812525393
MLDB-000792,LOGO,group 8,mono,Ru,10.1021/acs.inorgchem.7b01065,0.76,-0.6355655067769933,1.3955655067769932
MLDB-000793,LOGO,group 8,mono,Ru,10.1021/acs.inorgchem.7b01065,1.5,0.18912386583089702,1.3108761341691029
MLDB-000794,LOGO,group 8,mono,Ru,10.1021/acs.inorgchem.7b01065,1.2,0.1334646430342362,1.0665353569657638
MLDB-000795,LOGO,group 8,mono,Ru,10.1021/acs.inorgchem.7b01065,1.4,-0.22160300673371355,1.6216030067337135
MLDB-000811,LOGO,group 8,mono,Ru,10.1021/acs.inorgchem.7b01959,1.36,2.0746162315526355,0.7146162315526354
MLDB-000813,LOGO,group 8,mono,Ru,10.1021/acs.inorgchem.8b00689,1.5,1.1258765547442282,0.3741234452557718
MLDB-000814,LOGO,group 8,mono,Ru,10.1021/acs.inorgchem.8b00689,2.1,0.9305612272157037,1.1694387727842965
MLDB-000815,LOGO,group 8,mono,Ru,10.1021/acs.inorgchem.8b00689,2.8,1.0262748923509246,1.7737251076490752
MLDB-000816,LOGO,group 8,mono,Ru,10.1021/acs.inorgchem.8b00689,3.1,0.9772238320203155,2.1227761679796844
MLDB-000817,LOGO,group 8,mono,Ru,10.1021/acs.inorgchem.8b00882,-0.78,0.951450259772659,1.731450259772659
MLDB-000819,LOGO,group 8,mono,Ru,10.1021/acs.inorgchem.8b00882,-0.91,0.7992853321002383,1.7092853321002384
MLDB-000820,LOGO,group 8,mono,Ru,10.1021/acs.inorgchem.8b00882,-0.64,0.8089187708376596,1.4489187708376596
MLDB-000821,LOGO,group 8,mono,Ru,10.1021/acs.inorgchem.8b00882,-0.26,0.7629026094033734,1.0229026094033733
MLDB-000833,LOGO,group 8,mono,Ru,10.1021/acs.inorgchem.8b02161,1.7,1.9135390350697017,0.21353903506970173
MLDB-000834,LOGO,group 8,mono,Ru,10.1021/acs.inorgchem.8b02161,1.8,2.471339731710796,0.6713397317107959
MLDB-000835,LOGO,group 8,mono,Ru,10.1021/acs.inorgchem.8b02161,1.1,1.8643233076360732,0.7643233076360731
MLDB-000836,LOGO,group 8,mono,Ru,10.1021/acs.inorgchem.8b02161,1.2,2.0247195083110854,0.8247195083110854
MLDB-000839,LOGO,group 8,mono,Ru,10.1021/acs.inorgchem.9b00282,0.72,1.2813733652859465,0.5613733652859465
MLDB-000848,LOGO,group 8,mono,Ru,10.1021/acs.jmedchem.0c02257,-0.15,0.6780776236947844,0.8280776236947844
MLDB-000849,LOGO,group 8,mono,Ru,10.1021/acs.jmedchem.0c02257,0.08,0.843442100566973,0.763442100566973
MLDB-000850,LOGO,group 8,mono,Ru,10.1021/acs.jmedchem.0c02257,0.28,0.12381030042601746,0.15618969957398257
MLDB-000852,LOGO,group 8,mono,Ru,10.1021/acs.jmedchem.2c00722,1.18,0.3828378863984821,0.7971621136015179
MLDB-000853,LOGO,group 8,mono,Ru,10.1021/acs.jmedchem.2c00722,-0.33,-0.08586209453960737,0.24413790546039266
MLDB-000854,LOGO,group 8,mono,Ru,10.1021/acs.jmedchem.2c00722,-0.15,-0.24902920770514325,0.09902920770514326
MLDB-000855,LOGO,group 8,mono,Ru,10.1021/acs.jmedchem.2c00722,0.58,0.5175878456530166,0.06241215434698333
MLDB-000856,LOGO,group 8,mono,Ru,10.1021/acs.jmedchem.2c00722,-0.05,0.055572504279451006,0.105572504279451
MLDB-000857,LOGO,group 8,mono,Ru,10.1021/acs.jmedchem.2c00722,1.11,-0.05879695276889859,1.1687969527688986
MLDB-000858,LOGO,group 8,mono,Ru,10.1021/acs.jmedchem.2c00722,-0.02,0.18541188002267575,0.20541188002267574
MLDB-000859,LOGO,group 8,mono,Ru,10.1021/acs.jmedchem.2c00722,0.34,1.1741246630035438,0.8341246630035437
MLDB-000860,LOGO,group 8,mono,Ru,10.1021/acs.jmedchem.2c00722,-0.2,0.4241236820181619,0.6241236820181619
MLDB-000861,LOGO,group 8,mono,Ru,10.1021/acs.jmedchem.3c01156,0.82,0.8277651379987454,0.007765137998745453
MLDB-000862,LOGO,group 8,mono,Ru,10.1021/acs.jmedchem.3c01156,1.13,1.3218437831855114,0.19184378318551154
MLDB-000863,LOGO,group 8,mono,Ru,10.1021/acs.jmedchem.3c01156,1.22,1.6443498849475866,0.42434988494758663
MLDB-000867,LOGO,group 8,mono,Ru,10.1021/acs.jmedchem.4c01467,0.59,2.4298184623329786,1.8398184623329787
MLDB-000868,LOGO,group 8,mono,Ru,10.1021/acs.jmedchem.4c01467,1.03,1.0973615856081969,0.06736158560819683
MLDB-000869,LOGO,group 8,mono,Ru,10.1021/acs.jmedchem.4c01908,0.91,-0.10184258272991875,1.0118425827299187
MLDB-000870,LOGO,group 8,multi,Ru,10.1021/acs.jmedchem.4c01908,1.63,-0.07768322678242988,1.7076832267824298
MLDB-000871,LOGO,group 8,multi,Ru,10.1021/acs.jmedchem.4c01908,2.06,0.594499075561274,1.465500924438726
MLDB-000872,LOGO,group 8,multi,Ru,10.1021/acs.jmedchem.4c01908,2.01,0.9554302127646382,1.0545697872353617
MLDB-000873,LOGO,group 8,multi,Ru,10.1021/acs.jmedchem.4c01908,2.44,0.13030713616791254,2.3096928638320873
MLDB-000882,LOGO,group 8,mono,Ru,10.1021/acs.molpharmaceut.4c01046,-2.31,-0.7145528637869137,1.5954471362130862
MLDB-000883,LOGO,group 8,mono,Ru,10.1021/acs.molpharmaceut.4c01046,-0.978,0.635357255114456,1.613357255114456
MLDB-000884,LOGO,group 8,mono,Ru,10.1021/acs.molpharmaceut.4c01046,-1.43,0.7353999803684602,2.16539998036846
MLDB-000885,LOGO,group 8,mono,Ru,10.1021/acs.molpharmaceut.5b00417,-0.03,0.6811579274245998,0.7111579274245998
MLDB-000886,LOGO,group 8,mono,Ru,10.1021/acs.molpharmaceut.5b00417,0.07,0.9298060021371565,0.8598060021371565
MLDB-000887,LOGO,group 8,mono,Ru,10.1021/acs.molpharmaceut.6b00348,-2.32,-0.3008667534750866,2.0191332465249134
MLDB-000888,LOGO,group 8,mono,Ru,10.1021/acs.molpharmaceut.6b00348,-2.01,0.05667288806923399,2.0666728880692338
MLDB-000889,LOGO,group 8,mono,Ru,10.1021/acs.molpharmaceut.6b00348,-1.58,0.43361596702015864,2.0136159670201588
MLDB-000890,LOGO,group 8,mono,Ru,10.1021/acs.molpharmaceut.6b00348,-1.07,0.42167855054320175,1.4916785505432018
MLDB-000891,LOGO,group 8,mono,Ru,10.1021/acs.organomet.0c00092,1.68,1.5796114390683498,0.10038856093165016
MLDB-000892,LOGO,group 8,mono,Ru,10.1021/acs.organomet.0c00092,1.94,1.4957481623134155,0.4442518376865845
MLDB-000893,LOGO,group 8,mono,Ru,10.1021/acs.organomet.0c00092,1.48,1.3768712052760201,0.10312879472397984
MLDB-000894,LOGO,group 8,mono,Ru,10.1021/acs.organomet.0c00092,1.28,1.6422367054008813,0.36223670540088126
MLDB-000895,LOGO,group 8,mono,Ru,10.1021/acs.organomet.0c00092,1.31,1.6074274431218416,0.29742744312184155
MLDB-000896,LOGO,group 8,mono,Ru,10.1021/acs.organomet.0c00092,1.19,1.4808247050450558,0.29082470504505586
MLDB-000903,LOGO,group 8,mono,Ru,10.1021/acs.organomet.1c00572,0.91,1.2770578627357543,0.36705786273575425
MLDB-000904,LOGO,group 8,mono,Ru,10.1021/acs.organomet.2c00604,1.53,0.401324725355514,1.1286752746444861
MLDB-000905,LOGO,group 8,mono,Ru,10.1021/acs.organomet.2c00604,0.449,-0.21632323000083553,0.6653232300008356
MLDB-000906,LOGO,group 8,mono,Ru,10.1021/acs.organomet.2c00604,0.922,-0.3110618568581762,1.2330618568581762
MLDB-000907,LOGO,group 8,mono,Ru,10.1021/acs.organomet.2c00604,0.447,0.08895772172560647,0.35804227827439356
MLDB-000908,LOGO,group 8,mono,Ru,10.1021/acs.organomet.2c00604,0.315,-0.09345673969714509,0.4084567396971451
MLDB-000909,LOGO,group 8,mono,Ru,10.1021/acs.organomet.2c00604,0.296,-0.11669929136372754,0.4126992913637275
MLDB-000910,LOGO,group 8,mono,Ru,10.1021/acs.organomet.2c00604,0.652,-0.1346966361748423,0.7866966361748423
MLDB-000917,LOGO,group 8,mono,Ru,10.1021/acs.organomet.5b00868,0.46,0.7614039101595295,0.30140391015952944
MLDB-000918,LOGO,group 8,mono,Ru,10.1021/acs.organomet.5b00868,0.43,0.9629561938534485,0.5329561938534486
MLDB-000919,LOGO,group 8,mono,Ru,10.1021/acs.organomet.5b00868,0.61,1.2876230181750064,0.6776230181750064
MLDB-000920,LOGO,group 8,mono,Ru,10.1021/acs.organomet.5b00868,0.85,1.2671511874818344,0.41715118748183444
MLDB-000921,LOGO,group 8,mono,Ru,10.1021/acs.organomet.5b00868,0.24,1.2294005763936624,0.9894005763936624
MLDB-000923,LOGO,group 8,mono,Ru,10.1021/acsabm.1c00284,-2.52,0.21410896870782078,2.7341089687078206
MLDB-000924,LOGO,group 8,mono,Ru,10.1021/acsabm.1c00284,-1.4,0.3926823112093267,1.7926823112093266
MLDB-000925,LOGO,group 8,mono,Ru,10.1021/acsabm.1c00284,-2.76,-0.19872743349943078,2.561272566500569
MLDB-000926,LOGO,group 8,mono,Ru,10.1021/acsabm.1c00284,-1.97,0.274400755165169,2.244400755165169
MLDB-000951,LOGO,group 8,mono,Ru,10.1021/ic302196v,1.27,0.48859686205443253,0.7814031379455675
MLDB-000952,LOGO,group 8,mono,Ru,10.1021/ic302196v,1.28,1.0743651056036931,0.2056348943963069
MLDB-000956,LOGO,group 8,mono,Ru,10.1021/ja307288s,-1.81,-0.9536121606197497,0.8563878393802503
MLDB-000957,LOGO,group 8,mono,Ru,10.1021/ja307288s,-1.58,-0.7248821978510634,0.8551178021489366
MLDB-000958,LOGO,group 8,mono,Ru,10.1021/ja307288s,-0.21,0.2951658651341805,0.5051658651341805
MLDB-000959,LOGO,group 8,mono,Ru,10.1021/ja307288s,-0.05,0.514201956912646,0.5642019569126461
MLDB-000962,LOGO,group 8,mono,Ru,10.1021/jacs.4c15036,-1.05,0.9281681865980462,1.9781681865980463
MLDB-000963,LOGO,group 8,mono,Ru,10.1021/jacs.4c15036,-0.81,1.025529344883492,1.835529344883492
MLDB-000964,LOGO,group 8,mono,Ru,10.1021/jacs.4c15036,-0.88,0.987538008994549,1.867538008994549
MLDB-000965,LOGO,group 8,mono,Ru,10.1021/jacs.4c15036,-1.42,-0.7145528637869137,0.7054471362130862
MLDB-000970,LOGO,group 8,mono,Ru,10.1021/jacs.9b13620,0.2,-0.03529651226135233,0.23529651226135234
MLDB-000971,LOGO,group 8,mono,Ru,10.1021/jacs.9b13620,0.3,0.1714368448596319,0.1285631551403681
MLDB-000972,LOGO,group 8,mono,Ru,10.1021/jacs.9b13620,0.4,0.13695575988684072,0.2630442401131593
MLDB-000973,LOGO,group 8,mono,Ru,10.1021/jacs.9b13620,0.2,-0.11515178192234216,0.31515178192234217
MLDB-000974,LOGO,group 8,mono,Ru,10.1021/jacs.9b13620,0.7,0.18223720190766127,0.5177627980923387
MLDB-000975,LOGO,group 8,mono,Ru,10.1021/jacs.9b13620,1.4,1.0900907510636044,0.3099092489363955
MLDB-000976,LOGO,group 8,mono,Ru,10.1021/jacs.9b13620,1.7,1.1494985152723967,0.5505014847276033
MLDB-000983,LOGO,group 8,mono,Ru,10.1021/jm500455p,-1.78,-0.01081117577204392,1.769188824227956
MLDB-000984,LOGO,group 8,mono,Ru,10.1021/jm500455p,-1.92,0.13590257636096806,2.055902576360968
MLDB-000985,LOGO,group 8,mono,Ru,10.1021/jm500455p,-0.81,0.7351277188378114,1.5451277188378114
MLDB-000986,LOGO,group 8,mono,Ru,10.1021/jm500455p,-0.79,0.4177548119854181,1.207754811985418
MLDB-000987,LOGO,group 8,mono,Ru,10.1021/jm500455p,-1.03,0.42167855054320175,1.4516785505432017
MLDB-000988,LOGO,group 8,mono,Ru,10.1021/jm500455p,0.57,1.5053788424614822,0.9353788424614823
MLDB-000989,LOGO,group 8,mono,Os,10.1021/jm901556u,-0.51,0.266810580588115,0.776810580588115
MLDB-000990,LOGO,group 8,mono,Os,10.1021/jm901556u,0.22,0.21409805941736007,0.005901940582639931
MLDB-000991,LOGO,group 8,mono,Os,10.1021/jm901556u,0.86,0.24085102699759764,0.6191489730024023
MLDB-000992,LOGO,group 8,mono,Os,10.1021/jm901556u,0.71,0.16016726642062862,0.5498327335793713
MLDB-000994,LOGO,group 8,mono,Ru,10.1021/om800774t,0.98,0.4726942949002063,0.5073057050997937
MLDB-000995,LOGO,group 8,mono,Ru,10.1021/om800774t,1.79,0.874005739359438,0.915994260640562
MLDB-000996,LOGO,group 8,mono,Os,10.1021/om800774t,1.18,0.5731817136878677,0.6068182863121322
MLDB-000997,LOGO,group 8,mono,Os,10.1038/nchem.2918,1.45,1.1369358468340671,0.31306415316593283
MLDB-000998,LOGO,group 8,mono,Os,10.1038/nchem.2918,0.18,1.2297509813460932,1.0497509813460932
MLDB-000999,LOGO,group 8,mono,Os,10.1038/nchem.2918,0.71,1.1952734684250617,0.4852734684250617
MLDB-001000,LOGO,group 8,mono,Os,10.1038/nchem.2918,0.3,1.1157532616502264,0.8157532616502263
MLDB-001001,LOGO,group 8,mono,Os,10.1038/nchem.2918,0.48,1.3049157639562126,0.8249157639562126
MLDB-001002,LOGO,group 8,mono,Os,10.1038/nchem.2918,1.91,1.2017766411903363,0.7082233588096636
MLDB-001003,LOGO,group 8,mono,Os,10.1038/nchem.2918,2.3,1.3291447388493063,0.9708552611506935
MLDB-001004,LOGO,group 8,mono,Ru,10.1038/s41467-020-16993-0,2.6,1.0327095697330948,1.5672904302669053
MLDB-001005,LOGO,group 8,mono,Ru,10.1038/s41467-020-16993-0,2.7,0.9399987928784806,1.7600012071215194
MLDB-001006,LOGO,group 8,mono,Ru,10.1038/s41467-020-16993-0,2.3,0.5192446303326018,1.7807553696673981
MLDB-001007,LOGO,group 8,mono,Ru,10.1038/s41467-020-16993-0,1.7,0.9681722309827131,0.7318277690172869
MLDB-001008,LOGO,group 8,mono,Ru,10.1038/s41467-020-16993-0,1.4,0.722183615199123,0.6778163848008769
MLDB-001009,LOGO,group 8,mono,Ru,10.1038/s41467-020-16993-0,0.7,0.3325064875724589,0.3674935124275411
MLDB-001010,LOGO,group 8,mono,Ru,10.1038/s41467-020-16993-0,0.5,0.577855958367863,0.07785595836786297
MLDB-001011,LOGO,group 8,mono,Ru,10.1038/srep31973,0.403,0.5125672125445665,0.10956721254456647
MLDB-001012,LOGO,group 8,mono,Ru,10.1038/srep31973,0.076,0.61459600148526,0.53859600148526
MLDB-001033,LOGO,group 8,mono,Os,10.1039/c1dt10937e,-0.99,-0.20032136492010028,0.7896786350798997
MLDB-001034,LOGO,group 8,mono,Os,10.1039/c1dt10937e,-0.09,-0.14766887792166716,0.05766887792166717
MLDB-001035,LOGO,group 8,mono,Os,10.1039/c1dt10937e,0.08,-0.17268598877842087,0.25268598877842086
MLDB-001036,LOGO,group 8,mono,Os,10.1039/c1dt10937e,0.13,-0.21717108460317106,0.34717108460317103
MLDB-001037,LOGO,group 8,mono,Os,10.1039/c1dt10937e,-0.59,0.25654029890905977,0.8465402989090598
MLDB-001038,LOGO,group 8,mono,Os,10.1039/c1dt10937e,-1.45,0.23386909480934268,1.6838690948093427
MLDB-001039,LOGO,group 8,mono,Ru,10.1039/c2dt12136k,-0.962,0.3824203042609036,1.3444203042609035
MLDB-001040,LOGO,group 8,mono,Ru,10.1039/c2dt12136k,-1.01,0.3824203042609036,1.3924203042609036
MLDB-001068,LOGO,group 8,mono,Ru,10.1039/c4dt02748e,0.57,0.8769447596571182,0.3069447596571182
MLDB-001069,LOGO,group 8,mono,Ru,10.1039/c4dt02748e,0.63,0.8888233219191894,0.25882332191918944
MLDB-001074,LOGO,group 8,mono,Os,10.1039/c4mt00034j,0.26,0.1887512279076784,0.07124877209232161
MLDB-001075,LOGO,group 8,mono,Os,10.1039/c4mt00034j,-0.3,1.0082006956744325,1.3082006956744325
MLDB-001076,LOGO,group 8,mono,Os,10.1039/c4mt00034j,-0.57,0.8374659144076562,1.407465914407656
MLDB-001077,LOGO,group 8,mono,Ru,10.1039/c5dt00169b,0.91,1.005408570217439,0.09540857021743887
MLDB-001078,LOGO,group 8,mono,Ru,10.1039/c5dt00169b,0.88,0.6253725313696831,0.25462746863031693
MLDB-001079,LOGO,group 8,mono,Ru,10.1039/c5dt00169b,1.36,0.6466209232126743,0.7133790767873258
MLDB-001080,LOGO,group 8,mono,Ru,10.1039/c5dt00169b,1.85,1.149101507207974,0.7008984927920261
MLDB-001081,LOGO,group 8,mono,Ru,10.1039/c5dt00169b,2.62,0.817626644429083,1.8023733555709172
MLDB-001090,LOGO,group 8,mono,Ru,10.1039/c5dt02081f,-0.7,-0.04286411705770941,0.6571358829422905
MLDB-001091,LOGO,group 8,mono,Ru,10.1039/c5dt02081f,-1.1,0.005261374511763888,1.1052613745117639
MLDB-001092,LOGO,group 8,mono,Ru,10.1039/c5dt02081f,-1.4,0.06038005650778132,1.4603800565077811
MLDB-001093,LOGO,group 8,mono,Ru,10.1039/c5dt02446c,-1.1,-0.7570036897703406,0.3429963102296595
MLDB-001094,LOGO,group 8,mono,Ru,10.1039/c5dt02446c,-0.35,0.3834982905041564,0.7334982905041564
MLDB-001095,LOGO,group 8,mono,Ru,10.1039/c5dt02446c,0.63,0.6128727699871426,0.01712723001285743
MLDB-001096,LOGO,group 8,mono,Ru,10.1039/c5dt04132e,-1.33,-0.7891212733652805,0.5408787266347196
MLDB-001097,LOGO,group 8,mono,Ru,10.1039/c5dt04132e,-1.45,-0.6312493000826002,0.8187506999173998
MLDB-001111,LOGO,group 8,mono,Ru,10.1039/c6dt01270a,-1.6,-0.8091206705571375,0.7908793294428625
MLDB-001112,LOGO,group 8,mono,Ru,10.1039/c6dt01270a,0.5,-0.10743645177670469,0.6074364517767047
MLDB-001113,LOGO,group 8,mono,Ru,10.1039/c6dt01270a,0.9,-0.18174362236178765,1.0817436223617878
MLDB-001114,LOGO,group 8,mono,Ru,10.1039/c6dt01270a,1.2,-0.11985852641761431,1.3198585264176144
MLDB-001122,LOGO,group 8,mono,Ru,10.1039/c6nj01936f,2.59,0.6002395674381212,1.9897604325618787
MLDB-001123,LOGO,group 8,mono,Ru,10.1039/c6nj01936f,2.72,0.6081241487573887,2.1118758512426115
MLDB-001124,LOGO,group 8,mono,Ru,10.1039/c6nj01936f,2.48,0.5814132088433547,1.8985867911566454
MLDB-001125,LOGO,group 8,mono,Ru,10.1039/c6nj01936f,2.23,0.9137830126889933,1.3162169873110066
MLDB-001126,LOGO,group 8,mono,Ru,10.1039/c6nj01936f,2.35,0.8641540475309037,1.4858459524690963
MLDB-001127,LOGO,group 8,mono,Ru,10.1039/c6nj01936f,1.99,0.8292478252716665,1.1607521747283336
MLDB-001128,LOGO,group 8,mono,Ru,10.1039/c6qi00197a,2.49,1.3136803159111474,1.1763196840888528
MLDB-001129,LOGO,group 8,mono,Ru,10.1039/c6qi00197a,2.55,1.2401167311942753,1.3098832688057245
MLDB-001130,LOGO,group 8,mono,Ru,10.1039/c6qi00197a,2.36,0.8384403664674609,1.521559633532539
MLDB-001131,LOGO,group 8,mono,Ru,10.1039/c6qi00197a,2.18,1.3656989925151344,0.8143010074848658
MLDB-001132,LOGO,group 8,mono,Ru,10.1039/c6qi00197a,2.23,1.335339685806079,0.8946603141939209
MLDB-001133,LOGO,group 8,mono,Ru,10.1039/c6qi00197a,1.82,1.0845835800592838,0.7354164199407163
MLDB-001134,LOGO,group 8,mono,Ru,10.1039/c6sc00268d,-1.4,0.1468974206568428,1.5468974206568427
MLDB-001135,LOGO,group 8,mono,Ru,10.1039/c6sc00268d,-0.85,0.4177548119854181,1.267754811985418
MLDB-001140,LOGO,group 8,mono,Ru,10.1039/c7cc07776a,-2.23,-0.753027829781026,1.476972170218974
MLDB-001141,LOGO,group 8,mono,Os,10.1039/c7cc07776a,-1.24,-0.7978897829366882,0.4421102170633118
MLDB-001142,LOGO,group 8,mono,Ru,10.1039/c7dt00439g,0.78,0.6869414673764267,0.09305853262357333
MLDB-001143,LOGO,group 8,mono,Ru,10.1039/c7dt00439g,-0.59,-0.27416577164121997,0.31583422835878
MLDB-001144,LOGO,group 8,mono,Ru,10.1039/c7dt00439g,0.54,0.8583940467301804,0.31839404673018035
MLDB-001145,LOGO,group 8,mono,Ru,10.1039/c7dt00439g,-0.78,-0.16010800630403182,0.6198919936959681
MLDB-001146,LOGO,group 8,mono,Ru,10.1039/c7dt00439g,0.1,0.6948010370774209,0.5948010370774209
MLDB-001147,LOGO,group 8,mono,Ru,10.1039/c7dt00439g,-1.05,-0.23803569145026068,0.8119643085497393
MLDB-001163,LOGO,group 8,mono,Ru,10.1039/c7dt02051a,-2.19,-0.15909176749562284,2.0309082325043772
MLDB-001164,LOGO,group 8,mono,Ru,10.1039/c7dt02051a,-2.2,-0.8705936353214825,1.3294063646785177
MLDB-001165,LOGO,group 8,mono,Ru,10.1039/c7dt02051a,-2.17,-0.23151748854018225,1.9384825114598176
MLDB-001166,LOGO,group 8,mono,Ru,10.1039/c7dt02051a,-2.2,-0.8276442180781726,1.3723557819218275
MLDB-001174,LOGO,group 8,mono,Ru,10.1039/c7dt04451h,-1.33,0.9685578148525491,2.298557814852549
MLDB-001175,LOGO,group 8,mono,Ru,10.1039/c7dt04451h,-0.43,1.0526388415550976,1.4826388415550975
MLDB-001176,LOGO,group 8,mono,Ru,10.1039/c7dt04451h,-0.2,1.2311569146375492,1.4311569146375491
MLDB-001177,LOGO,group 8,mono,Ru,10.1039/c7dt04451h,-0.15,1.1478584675216543,1.2978584675216542
MLDB-001178,LOGO,group 8,mono,Ru,10.1039/c7dt04451h,-0.47,1.2418484582733653,1.7118484582733653
MLDB-001191,LOGO,group 8,mono,Ru,10.1039/c8dt02947d,0.9,0.12694581871032276,0.7730541812896773
MLDB-001192,LOGO,group 8,mono,Ru,10.1039/c8dt02947d,0.84,0.9425957780534435,0.10259577805344355
MLDB-001193,LOGO,group 8,mono,Ru,10.1039/c8dt02947d,0.77,0.29717529096899564,0.4728247090310044
MLDB-001194,LOGO,group 8,mono,Ru,10.1039/c8dt02947d,0.69,0.905950699847245,0.21595069984724502
MLDB-001195,LOGO,group 8,mono,Ru,10.1039/c8dt03266a,1.15,0.893311342036388,0.25668865796361195
MLDB-001196,LOGO,group 8,mono,Ru,10.1039/c8qi00941d,0.2,-0.28655898017731224,0.48655898017731225
MLDB-001197,LOGO,group 8,mono,Ru,10.1039/c8qi00941d,1.3,0.4618090991180973,0.8381909008819027
MLDB-001198,LOGO,group 8,mono,Ru,10.1039/c8qi00941d,1.3,-0.15719749303625594,1.457197493036256
MLDB-001208,LOGO,group 8,mono,Ru,10.1039/c9cc05826e,1.6,1.1621041171206759,0.43789588287932424
MLDB-001209,LOGO,group 8,mono,Ru,10.1039/c9cc05826e,1.77,0.8691939604355832,0.9008060395644168
MLDB-001212,LOGO,group 8,mono,Ru,10.1039/c9dt00921c,0.89,0.8694334932973843,0.020566506702615728
MLDB-001213,LOGO,group 8,mono,Ru,10.1039/c9dt00921c,1.1,0.8194510597821646,0.2805489402178355
MLDB-001214,LOGO,group 8,mono,Ru,10.1039/c9dt00921c,0.92,1.0335278343780445,0.11352783437804448
MLDB-001215,LOGO,group 8,mono,Ru,10.1039/c9dt00921c,0.94,0.6996797888419748,0.24032021115802515
MLDB-001216,LOGO,group 8,mono,Ru,10.1039/c9dt00921c,0.88,0.6887876384731879,0.1912123615268121
MLDB-001217,LOGO,group 8,mono,Ru,10.1039/c9dt00921c,0.82,0.7956176118759529,0.024382388124047027
MLDB-001218,LOGO,group 8,mono,Ru,10.1039/c9dt00921c,0.49,0.4916390575040498,0.0016390575040498012
MLDB-001219,LOGO,group 8,mono,Ru,10.1039/c9dt00921c,0.79,0.6148520273525044,0.1751479726474956
MLDB-001220,LOGO,group 8,mono,Ru,10.1039/c9dt00921c,0.78,0.5878409653328606,0.19215903466713946
MLDB-001221,LOGO,group 8,mono,Ru,10.1039/c9dt01594a,-1.09,0.07957504554528987,1.16957504554529
MLDB-001222,LOGO,group 8,mono,Ru,10.1039/c9dt01594a,-1.07,0.14373707119955395,1.213737071199554
MLDB-001223,LOGO,group 8,mono,Ru,10.1039/c9dt01594a,-1.15,0.24122784159843919,1.3912278415984392
MLDB-001224,LOGO,group 8,mono,Ru,10.1039/c9dt01594a,-1.14,0.4577507611744048,1.5977507611744046
MLDB-001225,LOGO,group 8,mono,Ru,10.1039/c9dt01905g,0.17,0.47319773930705983,0.30319773930705984
MLDB-001226,LOGO,group 8,mono,Ru,10.1039/c9dt01905g,0.18,0.30222606164929694,0.12222606164929695
MLDB-001227,LOGO,group 8,mono,Ru,10.1039/c9dt01905g,0.15,0.3363707974283835,0.1863707974283835
MLDB-001228,LOGO,group 8,mono,Ru,10.1039/c9dt01905g,0.71,0.18215293435378907,0.5278470656462109
MLDB-001229,LOGO,group 8,mono,Ru,10.1039/c9dt01905g,0.64,0.4830508021295684,0.1569491978704316
MLDB-001242,LOGO,group 8,mono,Ru,10.1039/c9nj03663f,-0.7,1.2456196186858433,1.9456196186858432
MLDB-001243,LOGO,group 8,mono,Ru,10.1039/c9nj03663f,-1.429,0.9878506925202178,2.416850692520218
MLDB-001244,LOGO,group 8,mono,Ru,10.1039/c9nj03663f,-1.002,0.9647424648212717,1.9667424648212717
MLDB-001250,LOGO,group 8,mono,Ru,10.1039/d0cc02417a,2.02,1.1965428135341523,0.8234571864658478
MLDB-001251,LOGO,group 8,mono,Ru,10.1039/d0cc02417a,1.84,0.9487130103317324,0.8912869896682677
MLDB-001252,LOGO,group 8,mono,Ru,10.1039/d0cc02417a,1.64,1.1631715740086448,0.4768284259913551
MLDB-001253,LOGO,group 8,mono,Ru,10.1039/d0cc02417a,1.59,0.7332203023361603,0.8567796976638398
MLDB-001254,LOGO,group 8,mono,Ru,10.1039/d0cc02417a,2.06,1.1955534951726958,0.8644465048273042
MLDB-001256,LOGO,group 8,mono,Ru,10.1039/d0dt01040e,0.75,0.24009070145897485,0.5099092985410252
MLDB-001257,LOGO,group 8,mono,Ru,10.1039/d0dt01040e,1.06,0.8661983278912228,0.1938016721087773
MLDB-001258,LOGO,group 8,mono,Ru,10.1039/d0dt01256d,-0.75,0.3219990787773008,1.0719990787773008
MLDB-001259,LOGO,group 8,mono,Ru,10.1039/d0dt01256d,-0.35,0.07767904651076683,0.4276790465107668
MLDB-001261,LOGO,group 8,mono,Ru,10.1039/d0dt01256d,-0.8,0.35349985505327924,1.1534998550532793
MLDB-001262,LOGO,group 8,mono,Ru,10.1039/d0dt01256d,0.05,0.11904948573772157,0.06904948573772157
MLDB-001264,LOGO,group 8,mono,Ru,10.1039/d0dt01256d,-0.6,0.37013748352026454,0.9701374835202645
MLDB-001265,LOGO,group 8,mono,Ru,10.1039/d0dt01256d,0.43,0.16283811969416181,0.2671618803058382
MLDB-001267,LOGO,group 8,mono,Ru,10.1039/d0dt01412e,1.04,1.1918579519168255,0.1518579519168255
MLDB-001268,LOGO,group 8,mono,Ru,10.1039/d0dt01412e,2.14,1.0954459927612785,1.0445540072387216
MLDB-001269,LOGO,group 8,mono,Ru,10.1039/d0dt01412e,1.23,1.1941194305697418,0.03588056943025819
MLDB-001270,LOGO,group 8,mono,Ru,10.1039/d0dt01412e,0.41,1.2437823213181118,0.8337823213181119
MLDB-001271,LOGO,group 8,mono,Ru,10.1039/d0dt01412e,0.79,1.1774032347482455,0.38740323474824545
MLDB-001272,LOGO,group 8,mono,Ru,10.1039/d0dt01412e,0.44,1.1695959841520007,0.7295959841520008
MLDB-001273,LOGO,group 8,mono,Ru,10.1039/d0dt01412e,0.05,1.212395597918976,1.162395597918976
MLDB-001274,LOGO,group 8,mono,Ru,10.1039/d0dt01476a,1.1,1.1911004504597213,0.09110045045972126
MLDB-001275,LOGO,group 8,mono,Ru,10.1039/d0dt01476a,1.3,1.0859552907058794,0.21404470929412067
MLDB-001276,LOGO,group 8,mono,Ru,10.1039/d0dt01476a,1.7,1.0053101245765208,0.6946898754234792
MLDB-001280,LOGO,group 8,mono,Ru,10.1039/d0dt02069a,1.01,1.0636996957389597,0.05369969573895972
MLDB-001281,LOGO,group 8,mono,Ru,10.1039/d0dt02069a,0.72,0.5587293335578302,0.1612706664421698
MLDB-001282,LOGO,group 8,mono,Ru,10.1039/d0dt02069a,0.42,0.8230515079567828,0.40305150795678285
MLDB-001283,LOGO,group 8,mono,Ru,10.1039/d0dt02069a,0.99,0.8307009677036081,0.15929903229639186
MLDB-001284,LOGO,group 8,mono,Ru,10.1039/d0dt02967j,-0.06,0.72060405339241,0.7806040533924099
MLDB-001285,LOGO,group 8,mono,Ru,10.1039/d0dt02967j,-0.71,0.3727174056580545,1.0827174056580544
MLDB-001293,LOGO,group 8,mono,Ru,10.1039/d0dt03974h,0.05,-0.11517560999224201,0.165175609992242
MLDB-001294,LOGO,group 8,mono,Ru,10.1039/d0dt03974h,0.16,0.31079747834365845,0.15079747834365845
MLDB-001295,LOGO,group 8,mono,Ru,10.1039/d0dt03974h,0.27,0.7716786752889915,0.5016786752889915
MLDB-001296,LOGO,group 8,mono,Ru,10.1039/d0dt03974h,-2.31,-0.9343411945959426,1.3756588054040575
MLDB-001297,LOGO,group 8,mono,Ru,10.1039/d0mt00019a,-1.54,0.22511715997926718,1.7651171599792672
MLDB-001298,LOGO,group 8,mono,Ru,10.1039/d0mt00019a,-0.86,0.8276993143299964,1.6876993143299965
MLDB-001299,LOGO,group 8,mono,Ru,10.1039/d0mt00019a,-0.11,1.4124060528455766,1.5224060528455767
MLDB-001300,LOGO,group 8,mono,Ru,10.1039/d0mt00019a,0.36,1.6298136855792245,1.2698136855792246
MLDB-001301,LOGO,group 8,mono,Ru,10.1039/d0mt00019a,-0.9,0.18887027901919645,1.0888702790191964
MLDB-001308,LOGO,group 8,mono,Ru,10.1039/d0nj04137h,0.61,0.5938440526611393,0.01615594733886072
MLDB-001309,LOGO,group 8,mono,Ru,10.1039/d0nj04137h,0.81,0.6848038124632974,0.1251961875367027
MLDB-001310,LOGO,group 8,mono,Ru,10.1039/d0nj04137h,0.92,0.7350299219920114,0.1849700780079886
MLDB-001311,LOGO,group 8,mono,Ru,10.1039/d0nj04137h,0.78,0.6199516999257113,0.16004830007428872
MLDB-001312,LOGO,group 8,mono,Ru,10.1039/d0nj04137h,0.7,0.44322309446112285,0.2567769055388771
MLDB-001315,LOGO,group 8,mono,Os,10.1039/d0sc03008b,-1.697,-0.1358320203722139,1.5611679796277862
MLDB-001316,LOGO,group 8,mono,Os,10.1039/d0sc03008b,-2.243,-0.08949646981483872,2.1535035301851613
MLDB-001317,LOGO,group 8,mono,Os,10.1039/d0sc03008b,-0.794,0.07392703612264494,0.867927036122645
MLDB-001318,LOGO,group 8,mono,Os,10.1039/d0sc03008b,-0.341,-0.12031119166503515,0.22068880833496488
MLDB-001319,LOGO,group 8,mono,Os,10.1039/d0sc03008b,0.726,0.1683911251260523,0.5576088748739476
MLDB-001326,LOGO,group 8,mono,Ru,10.1039/d1dt01556g,0.98,0.39737458080049737,0.5826254191995026
MLDB-001328,LOGO,group 8,multi,Ru,10.1039/d1dt01556g,1.39,0.4839236286315735,0.9060763713684263
MLDB-001331,LOGO,group 8,mono,Ru,10.1039/d1dt02083h,1.08,0.577855958367863,0.5021440416321371
MLDB-001332,LOGO,group 8,mono,Ru,10.1039/d1dt02083h,1.56,0.45186847593106966,1.1081315240689305
MLDB-001333,LOGO,group 8,mono,Ru,10.1039/d1dt02083h,1.4,0.24574399109153058,1.1542560089084692
MLDB-001334,LOGO,group 8,mono,Ru,10.1039/d1dt02083h,0.92,0.40280516253763576,0.5171948374623643
MLDB-001335,LOGO,group 8,mono,Ru,10.1039/d1dt02083h,0.35,0.49056260758568215,0.14056260758568218
MLDB-001336,LOGO,group 8,mono,Ru,10.1039/d1dt02083h,1.77,0.5131688972784499,1.25683110272155
MLDB-001337,LOGO,group 8,mono,Ru,10.1039/d1dt02083h,1.56,0.41468867474773624,1.1453113252522638
MLDB-001338,LOGO,group 8,mono,Os,10.1039/d1dt02083h,1.4,0.5330217625169059,0.866978237483094
MLDB-001339,LOGO,group 8,mono,Ru,10.1039/d1dt03274g,0.25,0.11671330910476012,0.13328669089523987
MLDB-001340,LOGO,group 8,mono,Ru,10.1039/d1dt03274g,-0.26,0.38340106418351816,0.6434010641835182
MLDB-001341,LOGO,group 8,mono,Ru,10.1039/d1dt03274g,-0.1,0.07924740459774131,0.1792474045977413
MLDB-001346,LOGO,group 8,mono,Ru,10.1039/d2dt01137a,0.7,0.874078994169085,0.174078994169085
MLDB-001347,LOGO,group 8,mono,Ru,10.1039/d2dt03009h,-0.04,-0.06037168623374233,0.02037168623374233
MLDB-001348,LOGO,group 8,mono,Ru,10.1039/d2dt03009h,-0.25,0.026988438868893457,0.27698843886889346
MLDB-001349,LOGO,group 8,mono,Ru,10.1039/d2dt03009h,0.46,1.0091013503099997,0.5491013503099997
MLDB-001353,LOGO,group 8,mono,Ru,10.1039/d2dt03405k,0.65,-0.23589994528473512,0.8858999452847351
MLDB-001354,LOGO,group 8,mono,Ru,10.1039/d2dt03405k,-0.26,0.1862537821536923,0.44625378215369227
MLDB-001355,LOGO,group 8,mono,Ru,10.1039/d2dt03405k,0.86,0.408105254354758,0.451894745645242
MLDB-001356,LOGO,group 8,mono,Ru,10.1039/d2dt03405k,1.02,0.6504517707336552,0.3695482292663448
MLDB-001362,LOGO,group 8,mono,Ru,10.1039/d2ra02677e,0.49,-0.20840614007660532,0.6984061400766053
MLDB-001363,LOGO,group 8,mono,Ru,10.1039/d2ra02677e,1.2,-0.3106500073958246,1.5106500073958244
MLDB-001364,LOGO,group 8,mono,Ru,10.1039/d2ra02677e,0.3,-0.15003456425785344,0.45003456425785343
MLDB-001365,LOGO,group 8,mono,Ru,10.1039/d2ra02677e,0.55,0.42090448690516136,0.1290955130948387
MLDB-001366,LOGO,group 8,mono,Ru,10.1039/d2ra02677e,1.4,-0.24215677452851464,1.6421567745285146
MLDB-001367,LOGO,group 8,mono,Ru,10.1039/d2ra02677e,0.33,-0.305324949019674,0.635324949019674
MLDB-001368,LOGO,group 8,mono,Ru,10.1039/d2ra02677e,0.48,-0.3038749954730232,0.7838749954730232
MLDB-001369,LOGO,group 8,mono,Ru,10.1039/d2ra02677e,1.0,0.8803351348576033,0.11966486514239671
MLDB-001378,LOGO,group 8,mono,Ru,10.1039/d3dt00537b,0.81,1.4044406114961934,0.5944406114961933
MLDB-001379,LOGO,group 8,mono,Ru,10.1039/d3dt00537b,1.37,1.2590109067020947,0.1109890932979054
MLDB-001380,LOGO,group 8,mono,Ru,10.1039/d3dt00537b,0.97,1.2107671264200457,0.24076712642004572
MLDB-001381,LOGO,group 8,mono,Ru,10.1039/d3dt00537b,0.95,1.5940279502498798,0.6440279502498798
MLDB-001382,LOGO,group 8,mono,Ru,10.1039/d3dt01348k,0.15,0.8050150959356803,0.6550150959356803
MLDB-001383,LOGO,group 8,mono,Ru,10.1039/d3dt02037a,1.48,0.8659287854159187,0.6140712145840813
MLDB-001384,LOGO,group 8,mono,Ru,10.1039/d3dt02037a,1.57,0.828089514858567,0.7419104851414331
MLDB-001385,LOGO,group 8,mono,Ru,10.1039/d3dt02037a,1.6,0.7758472823170655,0.8241527176829346
MLDB-001386,LOGO,group 8,mono,Ru,10.1039/d3dt02037a,1.75,0.7871790071999131,0.9628209928000869
MLDB-001387,LOGO,group 8,mono,Ru,10.1039/d3dt02037a,1.91,0.8055076474769384,1.1044923525230614
MLDB-001388,LOGO,group 8,mono,Ru,10.1039/d3dt02037a,2.01,0.7555333860922733,1.2544666139077265
MLDB-001390,LOGO,group 8,mono,Ru,10.1039/d3dt02941g,0.79,0.5201471660713737,0.26985283392862636
MLDB-001391,LOGO,group 8,mono,Ru,10.1039/d3dt02941g,1.85,0.8313805080052714,1.0186194919947287
MLDB-001392,LOGO,group 8,mono,Ru,10.1039/d4cc04126g,0.6,0.5394587162087231,0.06054128379127688
MLDB-001393,LOGO,group 8,mono,Ru,10.1039/d4dt00497c,0.43,0.4061522122998588,0.023847787700141176
MLDB-001394,LOGO,group 8,mono,Ru,10.1039/d4dt00497c,0.25,0.4997009256278847,0.2497009256278847
MLDB-001395,LOGO,group 8,mono,Ru,10.1039/d4dt00497c,1.55,0.7878410118963666,0.7621589881036335
MLDB-001396,LOGO,group 8,mono,Ru,10.1039/d4dt00497c,0.83,0.5943504039267125,0.2356495960732875
MLDB-001397,LOGO,group 8,mono,Ru,10.1039/d4dt01191k,0.89,1.0714029649419456,0.18140296494194563
MLDB-001398,LOGO,group 8,mono,Ru,10.1039/d4dt01191k,1.0,1.4048216875100064,0.40482168751000636
MLDB-001399,LOGO,group 8,mono,Ru,10.1039/d4dt01845a,1.23,1.3918655624000915,0.16186556240009153
MLDB-001400,LOGO,group 8,mono,Ru,10.1039/d4dt01845a,1.86,1.2095689105183067,0.6504310894816934
MLDB-001401,LOGO,group 8,mono,Ru,10.1039/d4dt01845a,1.69,1.1529867775960472,0.5370132224039528
MLDB-001402,LOGO,group 8,mono,Ru,10.1039/d4dt02562h,-0.11,0.7718414167994678,0.8818414167994678
MLDB-001403,LOGO,group 8,mono,Ru,10.1039/d4dt02562h,-0.23,1.013553831488141,1.243553831488141
MLDB-001404,LOGO,group 8,mono,Ru,10.1039/d4dt02562h,-0.41,0.8536279064355266,1.2636279064355265
MLDB-001405,LOGO,group 8,mono,Ru,10.1039/d4dt02562h,-0.17,1.0648253488994963,1.2348253488994962
MLDB-001406,LOGO,group 8,mono,Ru,10.1039/d4dt03456b,0.09,0.8881198081141537,0.7981198081141537
MLDB-001407,LOGO,group 8,mono,Ru,10.1039/d4dt03456b,0.28,0.6040342721131376,0.3240342721131376
MLDB-001408,LOGO,group 8,mono,Ru,10.1039/d5qi00546a,1.22,0.6040126201555751,0.6159873798444249
MLDB-001409,LOGO,group 8,mono,Ru,10.1039/d5qi00546a,0.91,0.6148331054763888,0.2951668945236112
MLDB-001410,LOGO,group 8,mono,Ru,10.1039/d5qi00546a,0.98,0.8959916955604061,0.08400830443959384
MLDB-001414,LOGO,group 8,mono,Ru,10.1080/00958972.2019.1630614,-1.27,0.6191387939245185,1.8891387939245186
MLDB-001415,LOGO,group 8,mono,Ru,10.1080/00958972.2019.1630614,-0.53,0.659596811328915,1.189596811328915
MLDB-001419,LOGO,group 8,mono,Ru,10.1093/mtomcs/mfac072,-0.98109,1.647019755988619,2.628109755988619
MLDB-001420,LOGO,group 8,mono,Ru,10.1093/mtomcs/mfac072,0.428897,1.721435575660211,1.292538575660211
MLDB-001421,LOGO,group 8,mono,Ru,10.1093/mtomcs/mfac072,1.49152,1.9244399238113459,0.4329199238113459
MLDB-001425,LOGO,group 8,mono,Ru,10.1155/2020/8890950,1.4,1.186214985555043,0.2137850144449569
MLDB-001426,LOGO,group 8,mono,Ru,10.1155/2020/8890950,0.9,0.7856894959435576,0.11431050405644239
MLDB-001427,LOGO,group 8,mono,Ru,10.1371/journal.pone.0183275,-0.4,0.14435786724956676,0.5443578672495668
MLDB-001428,LOGO,group 8,mono,Ru,10.1371/journal.pone.0183275,0.26,-0.0014475402613649763,0.26144754026136496
MLDB-001429,LOGO,group 8,mono,Ru,10.1371/journal.pone.0183275,0.55,0.144798170608847,0.405201829391153
MLDB-001430,LOGO,group 8,mono,Ru,10.1371/journal.pone.0183275,0.06,-0.27007040275406374,0.33007040275406374
MLDB-001431,LOGO,group 8,mono,Ru,10.1371/journal.pone.0183275,0.77,-0.07066573437071191,0.8406657343707119
MLDB-001434,LOGO,group 8,mono,Ru,10.21577/0103-5053.20190214,0.34,0.7390440465733673,0.3990440465733673
MLDB-001435,LOGO,group 8,mono,Ru,10.21577/0103-5053.20190214,0.41,0.4483266661175941,0.03832666611759411
MLDB-001436,LOGO,group 8,mono,Ru,10.21577/0103-5053.20190214,0.4,0.44981481792898115,0.049814817928981125
MLDB-001437,LOGO,group 8,mono,Ru,10.21577/0103-5053.20190214,0.66,0.37712020400398977,0.28287979599601026
MLDB-001438,LOGO,group 8,mono,Ru,10.21577/0103-5053.20200020,0.95,0.35292992090871894,0.5970700790912811
MLDB-001439,LOGO,group 8,mono,Ru,10.21577/0103-5053.20200020,1.22,0.08711382819851399,1.132886171801486
MLDB-001440,LOGO,group 8,mono,Ru,10.21577/0103-5053.20200020,1.31,-0.21753629426251042,1.5275362942625104
MLDB-001441,LOGO,group 8,multi,Fe-Ru,10.21577/0103-5053.20200020,1.54,0.475622011198052,1.064377988801948
MLDB-001442,LOGO,group 8,mono,Os,10.3389/fchem.2023.1086267,2.5,0.9239682166806932,1.5760317833193067
MLDB-001443,LOGO,group 8,mono,Os,10.3389/fchem.2023.1086267,2.6,1.4208194183237115,1.1791805816762886
MLDB-001444,LOGO,group 8,mono,Os,10.3389/fchem.2023.1086267,2.7,1.5148876012833852,1.185112398716615
MLDB-001445,LOGO,group 8,mono,Os,10.3389/fchem.2023.1086267,2.7,1.7048067196234609,0.9951932803765393
MLDB-001446,LOGO,group 8,mono,Os,10.3389/fchem.2023.1086267,2.8,1.858638052928699,0.9413619470713008
MLDB-001447,LOGO,group 8,mono,Os,10.3389/fchem.2023.1086267,2.33,1.8495009735592243,0.4804990264407758
MLDB-001448,LOGO,group 8,mono,Ru,10.3389/fchem.2023.1086267,2.21,1.7692148853908973,0.44078511460910264
MLDB-001455,LOGO,group 8,mono,Ru,10.3389/fmolb.2023.1252285,-0.874,-0.10167848015831278,0.7723215198416872
MLDB-001456,LOGO,group 8,mono,Ru,10.3389/fmolb.2023.1252285,0.014,0.055488298995056466,0.04148829899505647
MLDB-001457,LOGO,group 8,mono,Ru,10.3389/fmolb.2023.1252285,0.077,-0.15789890776370563,0.23489890776370564
MLDB-001458,LOGO,group 8,mono,Ru,10.3389/fonc.2021.682968,0.617,1.096075084322324,0.47907508432232393
MLDB-001459,LOGO,group 8,mono,Ru,10.3389/fonc.2021.682968,0.839,1.0666087568972662,0.22760875689726623
MLDB-001463,LOGO,group 8,mono,Ru,10.3390/ijms221910454,2.85,1.8241045844086277,1.0258954155913724
MLDB-001464,LOGO,group 8,mono,Ru,10.3390/ijms221910454,2.41,1.8706208878894182,0.539379112110582
MLDB-001465,LOGO,group 8,mono,Ru,10.3390/ijms221910454,2.04,1.5712996008763345,0.46870039912366557
MLDB-001466,LOGO,group 8,mono,Ru,10.3390/ijms221910454,2.44,1.8706208878894182,0.5693791121105818
MLDB-001467,LOGO,group 8,mono,Ru,10.3390/ijms221910454,0.44,-0.1640047645912199,0.6040047645912199
MLDB-001468,LOGO,group 8,mono,Ru,10.3390/ijms221910454,1.63,0.8144281128387534,0.8155718871612465
MLDB-001469,LOGO,group 8,mono,Ru,10.3390/ijms23020813,2.79,2.087673112684798,0.702326887315202
MLDB-001470,LOGO,group 8,mono,Ru,10.3390/ijms23020813,-0.96,-0.03269651034906172,0.9273034896509382
MLDB-001483,LOGO,group 8,mono,Os,10.3390/ijms23020813,3.32,1.9243819610420554,1.3956180389579445
MLDB-001484,LOGO,group 8,mono,Os,10.3390/ijms23020813,2.87,1.9243819610420554,0.9456180389579447
MLDB-001485,LOGO,group 8,mono,Os,10.3390/ijms23020813,2.36,1.6102090028510725,0.7497909971489274
MLDB-001486,LOGO,group 8,mono,Os,10.3390/ijms23020813,2.33,1.9091040538801443,0.4208959461198558
MLDB-001491,LOGO,group 8,mono,Ru,10.3390/ijms241511896,2.75,0.7346440453731157,2.015355954626884
MLDB-001492,LOGO,group 8,mono,Ru,10.3390/ijms241511896,-1.65,-0.2012059698236729,1.4487940301763271
MLDB-001493,LOGO,group 8,mono,Ru,10.3390/ijms241511896,0.0,0.3782431480498732,0.3782431480498732
MLDB-001494,LOGO,group 8,mono,Ru,10.3390/ijms241511896,0.88,0.592133065949505,0.287866934050495
MLDB-001495,LOGO,group 8,mono,Ru,10.3390/ijms241511896,2.45,0.22532624124265796,2.2246737587573424
MLDB-001496,LOGO,group 8,mono,Ru,10.3390/ijms241511896,-1.12,0.15327661571094106,1.2732766157109412
MLDB-001497,LOGO,group 8,mono,Ru,10.3390/ijms241511896,-0.14,0.4459265537717126,0.5859265537717127
MLDB-001498,LOGO,group 8,mono,Ru,10.3390/inorganics11040142,-0.88,0.558869746470675,1.438869746470675
MLDB-001499,LOGO,group 8,mono,Ru,10.3390/inorganics11040142,0.57,1.6120159519066273,1.0420159519066274
MLDB-001513,LOGO,group 8,mono,Ru,10.3390/molecules28010040,0.525,0.3484720485330315,0.17652795146696854
MLDB-001514,LOGO,group 8,mono,Ru,10.3390/molecules28010040,0.497,1.0843791336747017,0.5873791336747017
MLDB-001519,LOGO,group 8,mono,Ru,10.3390/ph14060518,-0.43,0.7174226253823034,1.1474226253823034
MLDB-001520,LOGO,group 8,mono,Ru,10.3390/ph14060518,-0.1,0.848834471543598,0.948834471543598
MLDB-001521,LOGO,group 8,mono,Ru,10.3390/ph14060518,0.31,0.9162024248678355,0.6062024248678355
MLDB-001522,LOGO,group 8,mono,Ru,10.3390/ph14060518,0.92,1.0427509834723214,0.12275098347232138
MLDB-001523,LOGO,group 8,mono,Ru,10.3390/ph14060518,1.22,1.1743235750526753,0.04567642494732471
MLDB-001524,LOGO,group 8,mono,Ru,10.3390/ph14060518,1.37,1.2106333785499217,0.1593666214500784
MLDB-001533,LOGO,group 8,mono,Ru,10.1021/jm501095r,-2.5,0.10471923536098313,2.604719235360983
MLDB-001534,LOGO,group 8,mono,Ru,10.1021/jm501095r,-0.76,0.4082449312897766,1.1682449312897767
MLDB-001535,LOGO,group 8,mono,Ru,10.1021/jm501095r,-0.43,0.7882276147527792,1.2182276147527793
MLDB-001536,LOGO,group 8,mono,Ru,10.1021/jm501095r,-1.48,1.0348126093908518,2.5148126093908516
MLDB-001537,LOGO,group 8,mono,Ru,10.1021/jm501095r,1.36,1.2297459610635224,0.1302540389364777
MLDB-001538,LOGO,group 8,mono,Ru,10.1021/jm501095r,-0.21,0.27937209706603133,0.48937209706603135
MLDB-001539,LOGO,group 8,mono,Ru,10.1021/jm501095r,1.0,0.7385806350233707,0.2614193649766293
MLDB-001540,LOGO,group 8,mono,Ru,10.1039/d0cc04397d,1.07,0.9488063870574514,0.12119361294254871
MLDB-001541,LOGO,group 8,mono,Ru,10.1039/d0cc04397d,0.49,0.9624833739321048,0.4724833739321048
MLDB-001542,LOGO,group 8,mono,Ru,10.1039/d0cc04397d,-2.28,-0.035368759236579166,2.244631240763421
MLDB-001543,LOGO,group 8,mono,Ru,10.1039/d0cc04397d,-2.76,-0.5482298915382365,2.211770108461763
MLDB-001546,LOGO,group 8,mono,Ru,10.1039/c4sc00116h,-1.57,0.30668513182922924,1.8766851318292292
MLDB-001547,LOGO,group 8,multi,Ru,10.1039/c4sc00116h,-1.26,-0.23448962460807116,1.0255103753919288
MLDB-001548,LOGO,group 8,multi,Ru,10.1039/c4sc00116h,-1.38,0.475693355316229,1.855693355316229
MLDB-001549,LOGO,group 8,multi,Ru,10.1039/c4sc00116h,-1.41,0.475693355316229,1.885693355316229
MLDB-001550,LOGO,group 8,multi,Ru,10.1039/c4sc00116h,-1.36,0.475693355316229,1.8356933553162291
MLDB-001551,LOGO,group 8,mono,Ru,10.1039/c4mt00044g,-0.41,-0.4866777489517451,0.07667774895174512
MLDB-001552,LOGO,group 8,mono,Ru,10.1039/c4mt00044g,-0.33,0.23249878929500198,0.562498789295002
MLDB-001553,LOGO,group 8,mono,Ru,10.1039/c4mt00044g,0.42,0.6386721356764533,0.21867213567645333
MLDB-001554,LOGO,group 8,mono,Ru,10.1039/c4mt00044g,2.67,1.0513627041028093,1.6186372958971906
MLDB-001555,LOGO,group 8,mono,Ru,10.1007/s00775-014-1187-5,0.328,1.2251589127470537,0.8971589127470536
MLDB-001556,LOGO,group 8,mono,Ru,10.1007/s00775-014-1187-5,0.484,1.2569516641947835,0.7729516641947836
MLDB-001557,LOGO,group 8,mono,Ru,10.1007/s00775-014-1187-5,1.857,1.2675060903076838,0.5894939096923162
MLDB-001558,LOGO,group 8,mono,Ru,10.1007/s00775-014-1187-5,1.114,1.3367983895425637,0.2227983895425636
MLDB-001559,LOGO,group 8,mono,Ru,10.1007/s00775-014-1187-5,0.413,1.4020485245650447,0.9890485245650447
MLDB-001560,LOGO,group 8,mono,Ru,10.1002/cbic.200900013,-1.21,-0.7092495430757012,0.5007504569242988
MLDB-001561,LOGO,group 8,mono,Ru,10.1002/cbic.200900013,0.55,0.7000539372435228,0.15005393724352278
MLDB-001562,LOGO,group 8,mono,Ru,10.1002/cbic.200900013,-0.28,0.317691017831081,0.597691017831081
MLDB-001563,LOGO,group 8,mono,Ru,10.1002/cbic.200900013,-0.37,-0.5088052400863439,0.13880524008634387
MLDB-001564,LOGO,group 8,mono,Ru,10.1002/cbic.200900013,-0.99,0.38879391854679207,1.3787939185467921
MLDB-001580,LOGO,group 8,mono,Ru,10.1016/j.jphotochem.2025.116793,2.4,1.3075246215281426,1.0924753784718573
MLDB-001663,LOGO,group 8,mono,Ru,10.1016/j.ejps.2025.107259,2.07,1.6342594104137145,0.43574058958628537
MLDB-001664,LOGO,group 8,mono,Os,10.1016/j.ejps.2025.107259,2.7,1.6695306867770974,1.0304693132229028
MLDB-001667,LOGO,group 8,mono,Ru,10.1016/j.ejps.2025.107259,2.13,1.8649386563133448,0.2650613436866551
MLDB-001668,LOGO,group 8,mono,Os,10.1016/j.ejps.2025.107259,3.23,1.9358619489556028,1.2941380510443972
MLDB-001671,LOGO,group 8,mono,Ru,10.1016/j.ejps.2025.107259,1.72,1.6904972321372227,0.02950276786277728
MLDB-001672,LOGO,group 8,mono,Os,10.1016/j.ejps.2025.107259,1.7,1.717867653303942,0.017867653303942133
MLDB-001675,LOGO,group 8,mono,Ru,10.1016/j.ejps.2025.107259,2.04,1.7689092273337812,0.27109077266621884
MLDB-001676,LOGO,group 8,mono,Os,10.1016/j.ejps.2025.107259,1.47,1.8398325199760392,0.3698325199760393
MLDB-001679,LOGO,group 8,mono,Ru,10.3389/fchem.2025.1619991,-2.13,-0.3394090597228883,1.7905909402771116
MLDB-001681,LOGO,group 8,mono,Ru,10.3389/fchem.2025.1619991,-1.15,-0.3007576445930501,0.8492423554069498
MLDB-001683,LOGO,group 8,mono,Ru,10.3389/fchem.2025.1619991,-1.96,-0.7448107841258176,1.2151892158741824
MLDB-001685,LOGO,group 8,mono,Ru,10.3389/fchem.2025.1619991,1.88,1.8241045844086277,0.05589541559137223
MLDB-001686,LOGO,group 8,mono,Os,10.3389/fchem.2025.1619991,1.67,1.9091040538801443,0.23910405388014433
MLDB-001689,LOGO,group 8,mono,Ru,10.3389/fchem.2025.1619991,1.61,1.7692148853908973,0.15921488539089723
MLDB-001690,LOGO,group 8,mono,Os,10.3389/fchem.2025.1619991,1.39,1.8495009735592243,0.45950097355922437
MLDB-001693,LOGO,group 8,mono,Os,10.3389/fchem.2025.1619991,1.97,1.4208194183237115,0.5491805816762885
MLDB-001700,LOGO,group 8,mono,Ru,10.1016/j.jinorgbio.2024.112790,3.25,1.5539708454211192,1.6960291545788808
MLDB-001743,LOGO,group 8,mono,Ru,10.3390/molecules28073058,2.72,1.9640100162493188,0.7559899837506814
MLDB-001744,LOGO,group 8,mono,Os,10.3390/molecules28073058,1.78,2.0622151570854315,0.28221515708543143
MLDB-001747,LOGO,group 8,mono,Ru,10.3390/molecules28073058,2.06,1.802093775592082,0.257906224407918
MLDB-001748,LOGO,group 8,mono,Os,10.3390/molecules28073058,2.64,1.862924043208495,0.7770759567915051
MLDB-001749,LOGO,group 8,mono,Ru,10.3390/molecules28073058,-1.91,-0.28991167855176897,1.620088321448231
MLDB-001750,LOGO,group 8,mono,Ru,10.3390/molecules28073058,1.15,1.501566852295197,0.35156685229519713
MLDB-001751,LOGO,group 8,mono,Os,10.3390/molecules28073058,2.15,1.5180745245322773,0.6319254754677226
MLDB-001754,LOGO,group 8,mono,Ru,10.3390/molecules28073058,1.39,1.5201334730498335,0.13013347304983358
MLDB-001755,LOGO,group 8,mono,Os,10.3390/molecules28073058,1.32,1.5303062031008723,0.21030620310087222
MLDB-001758,LOGO,group 8,mono,Ru,10.3390/molecules28073058,1.31,1.4854450786187667,0.17544507861876668
MLDB-001759,LOGO,group 8,mono,Os,10.3390/molecules28073058,1.59,1.50499388364663,0.08500611635337019
MLDB-001762,LOGO,group 8,mono,Ru,10.3390/molecules28073058,1.26,1.4810775789369859,0.22107757893698587
MLDB-001763,LOGO,group 8,mono,Os,10.3390/molecules28073058,1.42,1.4898708608715507,0.06987086087155081
MLDB-001766,LOGO,group 8,mono,Ru,10.3390/molecules28073058,2.22,1.8466715304499692,0.37332846955003096
MLDB-001767,LOGO,group 8,mono,Os,10.3390/molecules28073058,2.21,1.854879420657287,0.355120579342713
MLDB-002073,LOGO,group 8,mono,Ru,10.1002/chem.201803630,0.63,0.8754451553865114,0.24544515538651135
MLDB-002307,LOGO,group 8,multi,Fe-Ru,10.1021/acs.jmedchem.2c01174,1.1,1.005709983812536,0.09429001618746402
MLDB-002308,LOGO,group 8,multi,Fe-Ru,10.1021/acs.jmedchem.2c01174,0.9,1.2063465103142008,0.3063465103142008
MLDB-002309,LOGO,group 8,mono,Ru,10.1021/acs.jmedchem.2c01174,1.0,0.4038208314915755,0.5961791685084246
MLDB-002310,LOGO,group 8,multi,Fe-Ru,10.1021/acs.jmedchem.2c01174,1.2,0.7337332349507872,0.4662667650492127
MLDB-002311,LOGO,group 8,mono,Ru,10.1021/acs.jmedchem.2c01174,1.1,0.23912551396455897,0.8608744860354411
MLDB-002312,LOGO,group 8,mono,Ru,10.1021/acs.jmedchem.2c01174,1.2,0.322318438998941,0.8776815610010589
MLDB-002363,LOGO,group 8,multi,Fe,10.1002/chem.202101048,0.0,0.8705308829847702,0.8705308829847702
MLDB-002365,LOGO,group 8,multi,Fe,10.1002/chem.202101048,-0.46,0.7979971538050072,1.2579971538050072
MLDB-002366,LOGO,group 8,multi,Fe,10.1002/chem.202101048,-1.1,0.7411033774074178,1.841103377407418
MLDB-002367,LOGO,group 8,multi,Fe,10.1002/chem.202101048,-0.25,0.7328644556916993,0.9828644556916993
MLDB-002368,LOGO,group 8,multi,Fe,10.1002/chem.202101048,-1.01,0.48123692673413343,1.4912369267341334
MLDB-002369,LOGO,group 8,multi,Fe,10.1002/chem.202101048,0.1,0.6862965171254443,0.5862965171254443
MLDB-002370,LOGO,group 8,multi,Fe,10.1002/chem.202101048,0.2,0.5515062735184832,0.35150627351848324
MLDB-002371,LOGO,group 8,multi,Fe,10.1021/acs.organomet.9b00681,-0.9,-0.001581358349798668,0.8984186416502014
MLDB-002372,LOGO,group 8,multi,Fe,10.1021/acs.organomet.9b00681,-0.9,-0.5089188995753836,0.3910811004246164
MLDB-002373,LOGO,group 8,multi,Fe,10.1021/acs.organomet.9b00681,-0.27,0.6416133518082745,0.9116133518082745
MLDB-002374,LOGO,group 8,multi,Fe,10.1021/acs.organomet.9b00681,-0.51,0.7174705565062782,1.2274705565062782
MLDB-002375,LOGO,group 8,multi,Fe,10.1021/acs.organomet.9b00681,0.29,0.6122670178777292,0.3222670178777292
MLDB-002376,LOGO,group 8,multi,Fe,10.1021/acs.organomet.9b00681,-0.09,0.85770186762224,0.94770186762224
MLDB-002377,LOGO,group 8,multi,Fe,10.1021/acs.organomet.9b00681,-0.9,0.07377707636809379,0.9737770763680939
MLDB-002381,LOGO,group 8,multi,Fe,10.1021/acs.organomet.9b00681,1.2,1.2839329764139673,0.08393297641396735
MLDB-002383,LOGO,group 8,multi,Fe,10.1021/acs.organomet.9b00681,1.0,0.797030671977839,0.20296932802216106
MLDB-002410,LOGO,group 8,multi,Ru,10.1016/j.ejmech.2019.06.061,-0.68,0.9845747494792698,1.6645747494792698
MLDB-002411,LOGO,group 8,multi,Ru,10.1016/j.ejmech.2019.06.061,0.53,0.7188891902493466,0.18888919024934658
MLDB-002475,LOGO,group 8,mono,Fe,10.1021/acs.jmedchem.1c02186,0.46,0.6934428144512651,0.23344281445126508
MLDB-002552,LOGO,group 8,mono,Fe,10.1002/anie.202307838,0.68,0.669993978536674,0.010006021463326076
MLDB-002565,LOGO,group 8,multi,Fe,10.1038/s41598-025-33889-5,1.865,1.3333020927064185,0.5316979072935815
MLDB-002671,LOGO,group 8,mono,Ru,10.1021/acs.inorgchem.5c04198,-0.99,-0.5611605119725493,0.42883948802745064
MLDB-002672,LOGO,group 8,mono,Ru,10.1021/acs.inorgchem.5c04198,0.42,0.33979579863088594,0.08020420136911405
MLDB-002673,LOGO,group 8,mono,Ru,10.1021/acs.inorgchem.5c04198,-1.15,-0.3024379065865687,0.8475620934134311
MLDB-002674,LOGO,group 8,mono,Ru,10.1021/acs.inorgchem.5c04198,-0.73,0.015024497888288838,0.7450244978882888
MLDB-002675,LOGO,group 8,mono,Ru,10.1021/acs.inorgchem.5c04198,-0.32,0.12723849586602762,0.4472384958660276
MLDB-002676,LOGO,group 8,mono,Ru,10.1021/acs.inorgchem.5c04198,-1.11,0.09487728034559799,1.204877280345598
MLDB-002677,LOGO,group 8,mono,Ru,10.1021/acs.inorgchem.5c04198,-1.07,0.6480246080854005,1.7180246080854005
MLDB-002678,LOGO,group 8,mono,Ru,10.1021/acs.inorgchem.5c04198,-1.5,0.394739769090696,1.894739769090696
MLDB-002679,LOGO,group 8,mono,Ru,10.1021/acs.inorgchem.5c04198,-1.8,0.2776747518026759,2.077674751802676
MLDB-002686,LOGO,group 8,multi,Ru,10.1021/acs.jmedchem.5c00523,0.819,1.3814274303511096,0.5624274303511096
MLDB-002689,LOGO,group 8,multi,Ru,10.1021/acs.jmedchem.5c00523,1.117,1.770211997054485,0.653211997054485
MLDB-002714,LOGO,group 8,multi,Ru,10.1021/acs.jmedchem.4c00406,0.91,1.700707494324152,0.790707494324152
MLDB-002717,LOGO,group 8,multi,Ru,10.1021/acs.jmedchem.4c00406,0.362,1.4203076497316027,1.0583076497316029
MLDB-002814,LOGO,group 8,mono,Ru,10.1016/j.jinorgbio.2021.111467,-1.8,-0.7111177207054062,1.0888822792945938
MLDB-002816,LOGO,group 8,mono,Ru,10.1016/j.jinorgbio.2021.111467,-1.4,-1.0290327329242328,0.3709672670757671
MLDB-002885,LOGO,group 8,mono,Os,10.1021/jacs.6c04446,0.995,1.132586501726226,0.137586501726226
MLDB-002886,LOGO,group 8,mono,Os,10.1021/jacs.6c04446,1.088,0.8843904034448407,0.20360959655515942
MLDB-002943,LOGO,group 8,multi,Ru,10.1039/c8dt02965b,0.92,0.9756922060493178,0.055692206049317794
MLDB-002944,LOGO,group 8,multi,Ru,10.1039/c8dt02965b,0.9,1.0660329319092783,0.16603293190927826
MLDB-002945,LOGO,group 8,multi,Ru,10.1039/c8dt02965b,0.78,-0.32878073553694526,1.1087807355369452
MLDB-002946,LOGO,group 8,multi,Ru,10.1039/c8dt02965b,1.4,1.45018668734452,0.05018668734452003
MLDB-003096,LOGO,group 8,mono,Ru,10.1016/j.jinorgbio.2023.112284,-0.41,1.1110842815325352,1.5210842815325352
MLDB-003097,LOGO,group 8,mono,Ru,10.1016/j.jinorgbio.2023.112284,-0.61,0.034691109189241315,0.6446911091892413
MLDB-003098,LOGO,group 8,mono,Ru,10.1016/j.jinorgbio.2023.112284,-0.74,0.7205608070685954,1.4605608070685954
MLDB-003108,LOGO,group 8,multi,Fe,10.3390/pharmaceutics13081158,0.45,0.7078210389387101,0.25782103893871006
MLDB-003109,LOGO,group 8,multi,Fe,10.3390/pharmaceutics13081158,1.4,1.0913744766077773,0.3086255233922226
MLDB-003110,LOGO,group 8,multi,Fe,10.3390/pharmaceutics13081158,0.56,0.5896144425275415,0.029614442527541418
MLDB-003111,LOGO,group 8,multi,Fe,10.3390/pharmaceutics13081158,-0.75,0.25969801957147715,1.009698019571477
MLDB-003112,LOGO,group 8,multi,Fe,10.3390/pharmaceutics13081158,-0.09,0.6988997946577213,0.7888997946577213
MLDB-003113,LOGO,group 8,multi,Fe,10.3390/pharmaceutics13081158,-0.77,0.39702978550460827,1.1670297855046083
MLDB-003114,LOGO,group 8,multi,Fe,10.3390/pharmaceutics13081158,-0.29,1.2017795408381973,1.4917795408381973
MLDB-003115,LOGO,group 8,multi,Fe,10.3390/pharmaceutics13081158,0.41,1.2118177958211658,0.8018177958211659
MLDB-003116,LOGO,group 8,multi,Fe,10.3390/pharmaceutics13081158,-0.17,1.1098764238484244,1.2798764238484244
MLDB-003117,LOGO,group 8,multi,Fe,10.3390/pharmaceutics13081158,-0.26,0.6879838923070063,0.9479838923070063
MLDB-003118,LOGO,group 8,multi,Fe,10.3390/pharmaceutics13081158,-0.43,0.5459003995376381,0.9759003995376381
MLDB-003119,LOGO,group 8,multi,Fe,10.3390/pharmaceutics13081158,0.13,0.37280162647210824,0.24280162647210823
MLDB-003120,LOGO,group 8,multi,Fe,10.3390/pharmaceutics13081158,-0.46,1.0549846578852289,1.5149846578852288
MLDB-003121,LOGO,group 8,multi,Fe,10.3390/pharmaceutics13081158,0.37,1.2570399216266983,0.8870399216266983
MLDB-003122,LOGO,group 8,multi,Fe,10.3390/pharmaceutics13081158,-0.21,0.9214927911344452,1.1314927911344452
MLDB-003123,LOGO,group 8,multi,Fe,10.3390/pharmaceutics13081158,0.38,0.6559472398955352,0.27594723989553516
MLDB-003124,LOGO,group 8,multi,Fe,10.1021/acs.organomet.1c00519,-0.9,-1.5961565544260596,0.6961565544260596
MLDB-003125,LOGO,group 8,multi,Fe,10.1021/acs.organomet.1c00519,-0.71,-0.7600596494455568,0.05005964944555685
MLDB-003126,LOGO,group 8,multi,Fe,10.1021/acs.organomet.1c00519,-0.12,0.9040907531003122,1.024090753100312
MLDB-003127,LOGO,group 8,multi,Fe,10.1021/acs.organomet.1c00519,-0.83,-0.7600596494455568,0.06994035055444314
MLDB-003128,LOGO,group 8,multi,Fe,10.1021/acs.organomet.1c00519,-0.53,0.6467060142137597,1.1767060142137598
MLDB-003129,LOGO,group 8,multi,Fe,10.1021/acs.organomet.1c00519,0.43,1.4252474056154232,0.9952474056154232
MLDB-003130,LOGO,group 8,multi,Fe,10.1021/acs.organomet.1c00519,-0.7,0.3270325512624359,1.0270325512624359
MLDB-003131,LOGO,group 8,multi,Fe,10.1021/acs.organomet.1c00519,-0.19,1.093775228346477,1.283775228346477
MLDB-003132,LOGO,group 8,multi,Fe,10.1016/j.ejmech.2025.117364,-0.99,0.9908274144870958,1.9808274144870959
MLDB-003133,LOGO,group 8,multi,Fe,10.1016/j.ejmech.2025.117364,0.33,1.1215743699159424,0.7915743699159423
MLDB-003134,LOGO,group 8,multi,Fe,10.1016/j.ejmech.2025.117364,0.19,1.0202280842515,0.8302280842515
MLDB-003135,LOGO,group 8,multi,Fe,10.1016/j.ejmech.2025.117364,0.8,0.923796390976329,0.123796390976329
MLDB-003136,LOGO,group 8,multi,Fe,10.1016/j.ejmech.2025.117364,-0.53,0.3526224429197713,0.8826224429197713
MLDB-003138,LOGO,group 8,mono,Fe,10.1002/aoc.4779,1.6,1.3347848092747818,0.26521519072521826
MLDB-003139,LOGO,group 8,mono,Fe,10.1002/aoc.4779,1.09,1.205827671721248,0.11582767172124786
MLDB-003140,LOGO,group 8,mono,Fe,10.1002/aoc.4779,0.99,0.13919787637809222,0.8508021236219078
MLDB-003141,LOGO,group 8,mono,Fe,10.1002/aoc.4779,2.6,1.2251048493406655,1.3748951506593345
MLDB-003142,LOGO,group 8,mono,Fe,10.1002/aoc.4779,1.97,1.6085564511534536,0.3614435488465464
MLDB-003143,LOGO,group 8,mono,Fe,10.1002/aoc.4779,2.0,1.4891199908273405,0.5108800091726595
MLDB-003144,LOGO,group 8,mono,Fe,10.1002/aoc.4779,1.01,0.16061297841621738,0.8493870215837827
MLDB-003145,LOGO,group 8,mono,Fe,10.1002/aoc.4779,2.4,1.4618918197076625,0.9381081802923374
MLDB-003146,LOGO,group 8,multi,Fe,10.1002/chem.201902885,-0.2,0.2465520390241957,0.4465520390241957
MLDB-003147,LOGO,group 8,multi,Fe,10.1002/chem.201902885,0.2,0.2626847234578496,0.06268472345784959
MLDB-003148,LOGO,group 8,multi,Fe,10.1002/chem.201902885,-0.34,0.6885734501268292,1.0285734501268293
MLDB-003149,LOGO,group 8,multi,Fe,10.1002/chem.201902885,-0.6,0.5412612439108029,1.1412612439108027
MLDB-003150,LOGO,group 8,multi,Fe,10.1002/chem.201902885,-0.12,0.14336910727066635,0.2633691072706663
MLDB-003151,LOGO,group 8,multi,Fe,10.1002/chem.201902885,-0.3,0.010553765825224331,0.3105537658252243
MLDB-003152,LOGO,group 8,multi,Fe,10.1002/chem.201902885,-1.0,-0.3002824755649156,0.6997175244350844
MLDB-003153,LOGO,group 8,multi,Fe,10.1002/chem.201902885,-1.2,-0.016427420303134543,1.1835725796968655
MLDB-003154,LOGO,group 8,multi,Fe,10.1002/chem.201902885,0.9,0.4670345231498858,0.4329654768501142
MLDB-003155,LOGO,group 8,multi,Fe,10.1002/chem.201902885,0.4,0.6133487597800991,0.21334875978009904
MLDB-003156,LOGO,group 8,multi,Fe,10.1002/chem.201902885,0.0,0.6302857232625586,0.6302857232625586
MLDB-003157,LOGO,group 8,multi,Fe,10.1002/chem.201902885,-0.1,1.0612144495223799,1.16121444952238
MLDB-003158,LOGO,group 8,multi,Fe,10.1002/chem.201902885,0.5,0.39674675804984005,0.10325324195015995
MLDB-003159,LOGO,group 8,multi,Fe,10.1002/chem.201902885,1.4,0.6518243277636067,0.7481756722363933
MLDB-003160,LOGO,group 8,multi,Fe,10.1002/chem.201902885,0.1,0.6904011054035186,0.5904011054035186
MLDB-003161,LOGO,group 8,multi,Fe,10.1002/chem.201902885,-0.6,0.9699014817030516,1.5699014817030514
MLDB-003162,LOGO,group 8,multi,Fe,10.1002/chem.201902885,0.0,0.5770238537790285,0.5770238537790285
MLDB-003163,LOGO,group 8,multi,Fe,10.1002/chem.201902885,0.2,0.5291827413549426,0.3291827413549426
MLDB-003164,LOGO,group 8,multi,Fe,10.1021/jacsau.1c00160,1.0,0.12808705549832214,0.8719129445016779
MLDB-003165,LOGO,group 8,mono,Fe,10.1016/j.biomaterials.2015.08.031,-0.71,-0.4609826074391081,0.24901739256089184
MLDB-003166,LOGO,group 8,mono,Fe,10.1016/j.biomaterials.2015.08.031,-0.6,0.07837054145134799,0.678370541451348
MLDB-003167,LOGO,group 8,mono,Fe,10.1016/j.biomaterials.2015.08.031,0.81,0.2399091631223724,0.5700908368776276
MLDB-003168,LOGO,group 8,mono,Fe,10.1016/j.biomaterials.2015.08.031,0.62,0.7491067552754623,0.12910675527546234
MLDB-003169,LOGO,group 8,mono,Fe,10.1016/j.biomaterials.2015.08.031,0.93,1.1121386675250395,0.1821386675250395
MLDB-003182,LOGO,group 8,mono,Fe,10.3390/inorganics7010004,1.7,1.0744981777228986,0.6255018222771014
MLDB-003183,LOGO,group 8,mono,Fe,10.3390/inorganics7010004,-2.2,-0.4792065089125566,1.7207934910874436
MLDB-003184,LOGO,group 8,mono,Fe,10.3390/inorganics7010004,-1.9,-0.34657778890338914,1.5534222110966107
MLDB-003185,LOGO,group 8,multi,Fe,10.1021/acs.organomet.1c00270,0.4,1.2504076176373986,0.8504076176373986
MLDB-003186,LOGO,group 8,multi,Fe,10.1021/acs.organomet.1c00270,0.24,0.8211609382344995,0.5811609382344995
MLDB-003187,LOGO,group 8,multi,Fe,10.1021/acs.organomet.1c00270,1.06,0.9554912470138683,0.10450875298613171
MLDB-003188,LOGO,group 8,multi,Fe,10.1021/acs.organomet.1c00270,-0.1,0.951044052352723,1.0510440523527231
MLDB-003189,LOGO,group 8,multi,Fe,10.1021/acs.organomet.1c00270,0.8,1.1705529191668071,0.3705529191668071
MLDB-003190,LOGO,group 8,multi,Fe,10.1021/acs.organomet.1c00270,-0.19,1.0039039964082488,1.1939039964082487
MLDB-003191,LOGO,group 8,multi,Fe,10.1021/acs.organomet.1c00270,1.2,0.818696344039158,0.3813036559608419
MLDB-003192,LOGO,group 8,multi,Fe,10.1021/acs.organomet.1c00270,1.07,1.0139548380415264,0.056045161958473644
MLDB-003193,LOGO,group 8,multi,Fe,10.1021/acs.organomet.1c00270,0.65,1.1873384848944368,0.5373384848944368
MLDB-003198,LOGO,group 8,multi,Fe,10.1021/acs.organomet.9b00813,0.77,0.8554356767801381,0.08543567678013808
MLDB-003199,LOGO,group 8,multi,Fe,10.1021/acs.organomet.9b00813,0.86,1.4828672629565152,0.6228672629565152
MLDB-003200,LOGO,group 8,multi,Fe,10.1021/acs.organomet.9b00813,1.0,1.2702982842006292,0.2702982842006292
MLDB-003201,LOGO,group 8,multi,Fe,10.1021/acs.organomet.9b00813,1.06,1.071928241474667,0.011928241474666867
MLDB-003202,LOGO,group 8,multi,Fe,10.1021/acs.organomet.9b00813,0.75,1.0036417314400912,0.25364173144009117
MLDB-003203,LOGO,group 8,multi,Fe,10.1021/acs.organomet.9b00813,0.16,1.0780228765853301,0.9180228765853301
MLDB-003215,LOGO,group 8,mono,Ru,10.3390/ph15020169,3.1,2.0005270943701254,1.0994729056298747
MLDB-003216,LOGO,group 8,mono,Ru,10.3390/ph15020169,3.84,2.2442093561768877,1.5957906438231122
MLDB-003218,LOGO,group 8,mono,Ru,10.3390/ijms24010593,-1.28,-0.07414783407099904,1.205852165929001
MLDB-003220,LOGO,group 8,mono,Ru,10.3390/ijms24010593,-0.29,-0.042647057795020614,0.24735294220497936
MLDB-003222,LOGO,group 8,mono,Ru,10.3390/ijms24010593,0.06,0.0011415761614195327,0.05885842383858046
MLDB-003224,LOGO,group 8,mono,Ru,10.3390/ijms24010593,-0.01,0.0011415761614195327,0.011141576161419533
MLDB-003225,LOGO,group 8,mono,Ru,10.3390/pharmaceutics14122583,2.6,0.5257519715148739,2.074248028485126
MLDB-003226,LOGO,group 8,mono,Ru,10.3390/pharmaceutics14122583,2.5,0.6194623183847229,1.880537681615277
MLDB-003227,LOGO,group 8,mono,Fe,10.1021/acs.inorgchem.1c00001,0.25,1.1583506866102826,0.9083506866102826
MLDB-003228,LOGO,group 8,multi,Fe,10.1039/d2qi00534d,1.05,0.6918671145979879,0.35813288540201216
MLDB-003229,LOGO,group 8,multi,Fe,10.1039/d2qi00534d,0.55,0.8622458601731974,0.31224586017319733
MLDB-003230,LOGO,group 8,multi,Fe,10.1039/d2qi00534d,0.47,0.7632688534268729,0.2932688534268729
MLDB-003231,LOGO,group 8,multi,Fe,10.1039/d2qi00534d,0.66,0.19432623597023344,0.46567376402976657
MLDB-003232,LOGO,group 8,multi,Fe,10.1039/d2qi00534d,0.77,1.06501181611055,0.29501181611054994
MLDB-003233,LOGO,group 8,multi,Fe,10.1039/d2qi00534d,0.49,-0.04362219863721511,0.533622198637215
MLDB-003234,LOGO,group 8,multi,Fe,10.1039/d2qi00534d,1.48,0.935126886020387,0.544873113979613
MLDB-003235,LOGO,group 8,multi,Fe,10.1039/d2qi00534d,0.26,-0.4015985008147865,0.6615985008147864
MLDB-003236,LOGO,group 8,multi,Fe,10.1039/d2qi00534d,-0.48,-0.5141341018818539,0.03413410188185395
MLDB-003237,LOGO,group 8,multi,Fe,10.1039/d2qi00534d,1.05,0.5089767226134644,0.5410232773865357
MLDB-003239,LOGO,group 8,multi,Fe,10.1039/d2qi00534d,1.5,1.53850438038055,0.03850438038055004
MLDB-003240,LOGO,group 8,multi,Fe-Ru,10.1039/c9mt00272c,1.22,0.3636476248920152,0.8563523751079848
MLDB-003241,LOGO,group 8,multi,Fe-Ru,10.1039/c9mt00272c,0.51,0.052540221433161366,0.4574597785668386
MLDB-003242,LOGO,group 8,multi,Fe-Ru,10.1039/c9mt00272c,0.92,0.37464698301090904,0.545353016989091
MLDB-003243,LOGO,group 8,mono,Fe,10.1039/d5qi00623f,-0.84,-0.9763724567108375,0.13637245671083753
MLDB-003244,LOGO,group 8,mono,Fe,10.1039/d5qi00623f,-0.72,-0.5290653840508139,0.19093461594918604
MLDB-003245,LOGO,group 8,mono,Fe,10.1039/d5qi00623f,1.12,0.8516331515097382,0.26836684849026193
MLDB-003246,LOGO,group 8,mono,Fe,10.1021/acs.organomet.6c00115,0.12,0.41775962412843237,0.2977596241284324
MLDB-003247,LOGO,group 8,mono,Fe,10.1021/acs.organomet.6c00115,0.36,0.5615214086284825,0.20152140862848256
MLDB-003248,LOGO,group 8,mono,Fe,10.1021/acs.organomet.6c00115,0.45,0.3254553007673069,0.12454469923269312
MLDB-003249,LOGO,group 8,mono,Fe,10.1021/acs.organomet.6c00115,0.65,0.46352502709570953,0.1864749729042905
MLDB-003250,LOGO,group 8,mono,Ru,10.1021/acs.organomet.6c00115,0.52,0.6863677562307156,0.16636775623071554
MLDB-003251,LOGO,group 8,mono,Os,10.1021/acs.organomet.6c00115,1.51,0.6961006279955367,0.8138993720044633
MLDB-003252,LOGO,group 8,multi,Fe,10.1016/j.ejmech.2025.117304,-0.35,0.7928222423802636,1.1428222423802636
MLDB-003253,LOGO,group 8,multi,Fe,10.1016/j.ejmech.2025.117304,-0.77,-0.16945981656419923,0.6005401834358008
MLDB-003254,LOGO,group 8,multi,Fe,10.1016/j.ejmech.2025.117304,0.3,0.43278119767227996,0.13278119767227997
MLDB-003255,LOGO,group 8,multi,Fe,10.1016/j.ejmech.2025.117304,-0.48,0.7359284280561856,1.2159284280561855
MLDB-003256,LOGO,group 8,multi,Fe,10.1016/j.ejmech.2025.117304,0.57,0.7253776218150818,0.15537762181508186
MLDB-003257,LOGO,group 8,multi,Fe,10.1016/j.ejmech.2025.117304,-0.33,0.6266177685599381,0.9566177685599382
MLDB-003258,LOGO,group 8,multi,Fe,10.1016/j.ejmech.2025.117304,-0.48,0.7795307413635574,1.2595307413635575
MLDB-003259,LOGO,group 8,multi,Fe,10.1016/j.ejmech.2025.117304,0.86,1.0828249146945856,0.22282491469458565
MLDB-003260,LOGO,group 8,multi,Fe,10.1016/j.ejmech.2025.117304,-0.02,1.0701400638248595,1.0901400638248595
MLDB-003261,LOGO,group 8,multi,Fe,10.1021/acs.inorgchem.3c03408,0.55,0.23670521781475523,0.3132947821852448
MLDB-003262,LOGO,group 8,multi,Fe,10.1021/acs.inorgchem.3c03408,-0.38,0.33659598961718484,0.7165959896171848
MLDB-003264,LOGO,group 8,multi,Fe,10.1039/d5qi01498k,-0.64,0.32814183063214725,0.9681418306321472
MLDB-003265,LOGO,group 8,multi,Fe,10.1039/d5qi01498k,0.39,1.0058147436779985,0.6158147436779985
MLDB-003266,LOGO,group 8,multi,Fe,10.1039/d5qi01498k,-1.4,0.20443917875746823,1.604439178757468
MLDB-003267,LOGO,group 8,multi,Fe,10.1039/d5qi01498k,1.2,0.9662615025032688,0.23373849749673115
MLDB-003268,LOGO,group 8,multi,Fe,10.1039/d5qi01498k,0.75,0.8988850376190772,0.14888503761907723
MLDB-003269,LOGO,group 8,multi,Fe,10.1039/d5qi01498k,-0.58,1.021061952478103,1.6010619524781031
MLDB-003270,LOGO,group 8,multi,Fe,10.1002/chem.202503129,0.3,0.44823640438218776,0.14823640438218777
MLDB-003271,LOGO,group 8,multi,Fe,10.1002/chem.202503129,1.04,1.4876843916027522,0.4476843916027522
MLDB-003272,LOGO,group 8,multi,Fe,10.1002/chem.202503129,1.3,1.1046871483740908,0.19531285162590928
MLDB-003273,LOGO,group 8,multi,Fe,10.1002/chem.202503129,0.74,1.3446866885469861,0.6046866885469862
MLDB-003274,LOGO,group 8,multi,Fe,10.1002/chem.202503129,0.73,1.2377160119631705,0.5077160119631705
MLDB-003277,LOGO,group 8,multi,Fe,10.1021/acs.jmedchem.4c00377,-0.7,-0.4595863817711869,0.24041361822881308
MLDB-003278,LOGO,group 8,multi,Fe,10.1021/acs.jmedchem.4c00377,-0.17,0.41317866750717097,0.583178667507171
MLDB-003280,LOGO,group 8,multi,Ru,10.1021/acs.inorgchem.4c01119,1.28,1.1781456132629582,0.10185438673704184
MLDB-003281,LOGO,group 8,multi,Ru,10.1021/acs.inorgchem.4c01119,1.2,1.0862424962731851,0.11375750372681481
MLDB-003284,LOGO,group 8,multi,Fe,10.1039/d3dt00186e,0.56,1.5372539400308316,0.9772539400308315
MLDB-003285,LOGO,group 8,multi,Fe,10.1039/d3dt00186e,0.8,1.5324588050595536,0.7324588050595535
MLDB-003286,LOGO,group 8,multi,Fe,10.1039/d3dt00186e,0.49,1.4143127225555137,0.9243127225555137
MLDB-003287,LOGO,group 8,multi,Fe,10.1039/d3dt00186e,0.83,1.0484136059675384,0.21841360596753845
MLDB-003288,LOGO,group 8,multi,Fe,10.1039/d3dt00186e,0.65,1.202731966306936,0.552731966306936
MLDB-003289,LOGO,group 8,multi,Fe,10.1039/d3dt00186e,-0.31,0.7886733198337059,1.098673319833706
MLDB-003290,LOGO,group 8,multi,Fe,10.1039/d3dt00186e,0.07,1.1832066829051673,1.1132066829051672
MLDB-003292,LOGO,group 8,multi,Fe,10.1039/d3dt00186e,-0.07,0.8429817730695396,0.9129817730695395
MLDB-003293,LOGO,group 8,multi,Fe,10.1093/mtomcs/mfac096,-0.77,0.13328005734079426,0.9032800573407943
MLDB-003294,LOGO,group 8,multi,Fe,10.1093/mtomcs/mfac096,-0.3,0.05625458277820894,0.35625458277820893
MLDB-003295,LOGO,group 8,multi,Fe,10.1093/mtomcs/mfac096,-0.88,-0.12499542416137287,0.7550045758386271
MLDB-003296,LOGO,group 8,multi,Fe,10.1093/mtomcs/mfac096,0.01,0.7076083549228793,0.6976083549228793
MLDB-003297,LOGO,group 8,multi,Fe,10.1093/mtomcs/mfac096,0.5,0.9915360892562112,0.4915360892562112
MLDB-003298,LOGO,group 8,multi,Fe,10.1093/mtomcs/mfac096,-0.1,1.0536988786946098,1.1536988786946099
MLDB-003299,LOGO,group 8,multi,Fe,10.1093/mtomcs/mfac096,-0.08,0.7377942030616909,0.8177942030616908
MLDB-003300,LOGO,group 8,multi,Fe,10.1093/mtomcs/mfac096,0.2,0.9076064050467253,0.7076064050467252
MLDB-003301,LOGO,group 8,multi,Fe,10.1093/mtomcs/mfac096,0.66,1.0142286806431462,0.35422868064314617
MLDB-003302,LOGO,group 8,multi,Fe,10.1093/mtomcs/mfac096,0.87,1.0391697628555865,0.1691697628555865
MLDB-003303,LOGO,group 8,multi,Fe,10.1021/acs.jmedchem.5c01956,-0.7,0.2376818768226152,0.9376818768226152
MLDB-003304,LOGO,group 8,multi,Fe,10.1021/acs.jmedchem.5c01956,0.07,0.016183537812326617,0.053816462187673386
MLDB-003305,LOGO,group 8,multi,Fe,10.1021/acs.jmedchem.5c01956,1.36,1.412403023187947,0.05240302318794687
MLDB-003306,LOGO,group 8,multi,Fe,10.1021/acs.jmedchem.5c01956,0.3,-0.039729284260570326,0.3397292842605703
MLDB-003307,LOGO,group 8,multi,Fe,10.1021/acs.jmedchem.5c01956,1.53,0.991792044142973,0.5382079558570271
MLDB-003308,LOGO,group 8,multi,Fe,10.1021/acs.jmedchem.5c01956,0.2,0.126650829746856,0.07334917025314402
MLDB-003309,LOGO,group 8,multi,Fe,10.1021/acs.jmedchem.5c01956,0.8,0.4586431647436309,0.3413568352563691
MLDB-003310,LOGO,group 8,multi,Fe,10.1021/acs.jmedchem.5c01956,0.29,0.07735259426938197,0.21264740573061802
MLDB-003311,LOGO,group 8,multi,Fe,10.1039/d4md01011f,0.7,1.3341450982330096,0.6341450982330097
MLDB-003313,LOGO,group 8,multi,Fe,10.1039/d4md01011f,1.32,1.870577394681985,0.550577394681985
MLDB-003315,LOGO,group 8,multi,Fe,10.1002/anie.202510795,0.64,1.3063341771251988,0.6663341771251988
MLDB-003316,LOGO,group 8,multi,Fe,10.1002/anie.202510795,0.11,1.1121234713487524,1.0021234713487523
MLDB-003317,LOGO,group 8,multi,Fe,10.1002/anie.202510795,0.71,1.4806969352445756,0.7706969352445756
MLDB-003318,LOGO,group 8,multi,Fe,10.1021/acs.inorgchem.5c01620,0.05,0.4831524844908861,0.4331524844908861
MLDB-003319,LOGO,group 8,multi,Fe,10.1021/acs.inorgchem.5c01620,-1.01,-0.09081373908173583,0.9191862609182642
MLDB-003320,LOGO,group 8,multi,Fe,10.1021/acs.inorgchem.5c01620,0.62,0.9868412165142734,0.36684121651427337
MLDB-003321,LOGO,group 8,multi,Fe,10.1021/acs.inorgchem.5c01620,-0.76,-0.01126949752600738,0.7487305024739926
MLDB-003322,LOGO,group 8,mono,Fe,10.1021/acs.inorgchem.5c01620,1.04,1.6985609864458469,0.6585609864458468
MLDB-003328,LOGO,group 8,multi,Fe,10.1021/acs.jmedchem.4c00641,-0.76,0.43329983001307554,1.1932998300130755
MLDB-003329,LOGO,group 8,multi,Fe,10.1021/acs.jmedchem.4c00641,-0.04,0.5382198141187342,0.5782198141187342
MLDB-003330,LOGO,group 8,multi,Fe,10.1021/acs.jmedchem.4c00641,-0.55,0.4177674369276541,0.9677674369276541
MLDB-003331,LOGO,group 8,multi,Fe,10.1021/acs.jmedchem.4c00641,-0.74,0.5354188767163591,1.2754188767163592
MLDB-003332,LOGO,group 8,multi,Fe,10.1021/acs.jmedchem.4c00641,0.8,0.9510875521189164,0.15108755211891634
MLDB-003333,LOGO,group 8,multi,Fe,10.1021/acs.jmedchem.4c00641,-0.75,0.12944655729402352,0.8794465572940235
MLDB-003334,LOGO,group 8,multi,Fe,10.1021/acs.jmedchem.4c00641,0.9,0.6127079802732395,0.28729201972676055
MLDB-003335,LOGO,group 8,multi,Fe,10.1021/acs.jmedchem.4c00641,0.35,0.43390605189727105,0.08390605189727107
MLDB-003336,LOGO,group 8,multi,Ru,10.1039/d4qi00096j,-1.07,-0.5201912437357652,0.5498087562642349
MLDB-003337,LOGO,group 8,multi,Ru,10.1039/d4qi00096j,0.06,0.7386867568849883,0.6786867568849884
MLDB-003338,LOGO,group 8,multi,Ru,10.1039/d4qi00096j,0.05,0.650369382063567,0.6003693820635669
MLDB-003339,LOGO,group 8,multi,Ru,10.1039/d4qi00096j,0.1,0.7393029320223103,0.6393029320223104
MLDB-003340,LOGO,group 8,multi,Ru,10.1039/d4qi00096j,0.74,0.6140779473787944,0.1259220526212056
MLDB-003341,LOGO,group 8,multi,Ru,10.1039/d4qi00096j,0.11,0.7311063821923766,0.6211063821923766
MLDB-003345,LOGO,group 8,multi,Ru,10.1021/acs.inorgchem.3c01731,-0.54,-0.03321092218142674,0.5067890778185733
MLDB-003346,LOGO,group 8,multi,Ru,10.1021/acs.inorgchem.3c01731,1.24,0.9568457977178383,0.2831542022821617
MLDB-003347,LOGO,group 8,multi,Ru,10.1021/acs.inorgchem.3c01731,0.89,1.3706537924220414,0.4806537924220414
MLDB-003348,LOGO,group 8,multi,Ru,10.1021/acs.inorgchem.3c01644,1.24,1.4184225864682674,0.17842258646826736
MLDB-003349,LOGO,group 8,multi,Fe-Ru,10.1021/acs.inorgchem.3c01644,1.37,1.1781796647008358,0.1918203352991643
MLDB-003350,LOGO,group 8,multi,Fe-Ru,10.1021/acs.inorgchem.3c01644,0.52,0.3791960034692647,0.14080399653073533
MLDB-003351,LOGO,group 8,multi,Ru,10.1021/acs.inorgchem.3c01644,-0.37,1.0336564792638179,1.4036564792638178
MLDB-003352,LOGO,group 8,multi,Fe,10.1039/d1nj04087a,0.42,-0.38770911849307826,0.8077091184930782
MLDB-003353,LOGO,group 8,mono,Fe,10.1021/acs.jmedchem.4c01875,0.6,0.32234397845002033,0.27765602154997965
MLDB-003354,LOGO,group 8,multi,Fe,10.1016/j.cbi.2024.111318,-0.3,0.7928222423802636,1.0928222423802636
MLDB-003355,LOGO,group 8,multi,Fe,10.1016/j.cbi.2024.111318,-0.13,0.8905974288558908,1.0205974288558908
MLDB-003356,LOGO,group 8,multi,Fe,10.1016/j.cbi.2024.111318,0.15,0.8181672013644781,0.668167201364478
MLDB-003357,LOGO,group 8,multi,Fe,10.1016/j.cbi.2024.111318,0.54,1.0514835658040946,0.5114835658040946
MLDB-003358,LOGO,group 8,multi,Fe,10.1016/j.cbi.2024.111318,-0.21,0.8950311753129906,1.1050311753129907
MLDB-003359,LOGO,group 8,multi,Fe,10.1016/j.cbi.2025.111561,-0.4,1.0478493744704425,1.4478493744704424
MLDB-003360,LOGO,group 8,multi,Fe,10.1016/j.cbi.2025.111561,-0.45,1.1665799939793686,1.6165799939793686
MLDB-003361,LOGO,group 8,multi,Fe,10.1016/j.cbi.2025.111561,-0.46,1.1681507225781762,1.6281507225781762
MLDB-003362,LOGO,group 8,multi,Fe,10.1016/j.cbi.2025.111561,-0.2,1.2710589554098792,1.4710589554098792
MLDB-003363,LOGO,group 8,multi,Fe,10.1016/j.cbi.2025.111561,0.16,1.0216897538702292,0.8616897538702292
MLDB-003364,LOGO,group 8,multi,Fe,10.1016/j.cbi.2023.110742,0.14,0.8923263161384852,0.7523263161384852
MLDB-003365,LOGO,group 8,multi,Fe,10.1016/j.cbi.2023.110742,0.02,1.1071718486671507,1.0871718486671507
MLDB-003366,LOGO,group 8,multi,Fe,10.1016/j.cbi.2023.110742,0.42,1.150869412614818,0.7308694126148181
MLDB-003367,LOGO,group 8,multi,Fe,10.1016/j.cbi.2023.110742,0.47,0.820320985365308,0.350320985365308
MLDB-003368,LOGO,group 8,multi,Fe,10.1016/j.cbi.2023.110742,-0.32,0.2796437663411326,0.5996437663411326
MLDB-003369,LOGO,group 8,mono,Ru,10.1016/j.jinorgbio.2022.111930,-1.05,-0.7145528637869137,0.3354471362130863
MLDB-003370,LOGO,group 8,mono,Ru,10.1016/j.jinorgbio.2022.111930,-1.24,0.5119646107885841,1.7519646107885842
MLDB-003371,LOGO,group 8,mono,Ru,10.1016/j.jinorgbio.2022.111930,-1.95,-0.5662487494771284,1.3837512505228715
MLDB-003372,LOGO,group 8,mono,Ru,10.1016/j.jinorgbio.2022.111930,-0.81,-0.4245249739020549,0.38547502609794515
MLDB-003373,LOGO,group 8,mono,Ru,10.1016/j.jinorgbio.2022.111930,-1.01,0.3740226454562066,1.3840226454562066
MLDB-003374,LOGO,group 8,mono,Ru,10.1016/j.jinorgbio.2022.111930,-0.69,-1.1246736195723734,0.4346736195723735
MLDB-003375,LOGO,group 8,mono,Ru,10.1016/j.jinorgbio.2022.111930,-1.78,-0.6238744769394745,1.1561255230605254
MLDB-003376,LOGO,group 8,mono,Ru,10.1002/chem.201404922,-1.27,-0.12416134901475236,1.1458386509852476
MLDB-003377,LOGO,group 8,mono,Ru,10.1002/chem.201404922,-0.85,0.055852492294999084,0.9058524922949991
MLDB-003378,LOGO,group 8,mono,Ru,10.1002/chem.201404922,-1.66,-0.2674200949160573,1.3925799050839427
MLDB-003379,LOGO,group 8,mono,Ru,10.1002/chem.201404922,-0.63,0.22044600765680183,0.8504460076568019
MLDB-003380,LOGO,group 8,mono,Ru,10.1002/chem.201404922,0.45,1.0337239007186545,0.5837239007186545
MLDB-003381,LOGO,group 8,mono,Ru,10.1002/chem.201404922,0.66,1.1022250392012267,0.4422250392012267
MLDB-003382,LOGO,group 8,mono,Ru,10.1002/chem.201404922,0.5,0.7885772349772067,0.28857723497720666
MLDB-003383,LOGO,group 8,mono,Ru,10.1002/chem.201404922,0.95,1.1968930116124354,0.2468930116124355
MLDB-003385,LOGO,group 8,mono,Ru,10.1021/acs.inorgchem.6b00359,0.38,-0.9128641176508229,1.2928641176508229
MLDB-003386,LOGO,group 8,mono,Ru,10.1021/acs.inorgchem.6b00359,0.27,-0.780926264248659,1.050926264248659
MLDB-003387,LOGO,group 8,mono,Ru,10.1021/acs.inorgchem.6b00359,-0.59,-1.254849636592259,0.664849636592259
MLDB-003388,LOGO,group 8,mono,Ru,10.1021/acs.inorgchem.6b00359,-1.12,-1.2546895964576816,0.13468959645768153
MLDB-003389,LOGO,group 8,mono,Ru,10.1021/acs.inorgchem.6b00359,-1.28,-1.5215424765791004,0.24154247657910033
MLDB-003390,LOGO,group 8,mono,Ru,10.1002/ejic.201500097,0.4,0.7759234764499274,0.3759234764499274
MLDB-003391,LOGO,group 8,mono,Ru,10.1002/ejic.201500097,-0.14,0.6483231375218523,0.7883231375218523
MLDB-003392,LOGO,group 8,mono,Ru,10.1021/acs.inorgchem.0c03706,0.06,0.717887181391555,0.657887181391555
MLDB-003393,LOGO,group 8,mono,Ru,10.1021/acs.inorgchem.0c03706,0.93,0.761925287296198,0.16807471270380203
MLDB-003394,LOGO,group 8,mono,Ru,10.1021/acs.inorgchem.0c03706,-1.33,0.3581603004018854,1.6881603004018855
MLDB-003395,LOGO,group 8,mono,Ru,10.1021/acs.inorgchem.0c03706,-0.54,0.2748495577936107,0.8148495577936108
MLDB-003396,LOGO,group 8,mono,Ru,10.1021/acs.inorgchem.0c03706,-1.19,0.47177112412241873,1.6617711241224187
MLDB-003402,LOGO,group 8,mono,Ru,10.1016/j.ejmech.2017.11.059,0.25,0.6070106438320412,0.3570106438320412
MLDB-003403,LOGO,group 8,mono,Ru,10.1002/cbic.202200398,1.29,1.2054133591316307,0.08458664086836931
MLDB-003404,LOGO,group 8,mono,Ru,10.1002/cbic.202200398,1.35,1.4499508341827103,0.09995083418271022
MLDB-003405,LOGO,group 8,mono,Ru,10.1002/cbic.202200398,1.24,1.1585876993891697,0.08141230061083027
MLDB-003406,LOGO,group 8,mono,Ru,10.1002/cbic.202200398,0.46,0.5581987578305877,0.09819875783058768
MLDB-003407,LOGO,group 8,mono,Ru,10.1002/cbic.202200398,0.68,-0.5831265634775263,1.2631265634775264
MLDB-003408,LOGO,group 8,mono,Ru,10.1021/acs.inorgchem.1c02979,0.44,0.33667332737737077,0.10332667262262923
MLDB-003409,LOGO,group 8,mono,Ru,10.1021/acs.inorgchem.1c02979,0.6,0.5780562815869371,0.021943718413062863
MLDB-003410,LOGO,group 8,mono,Ru,10.1021/acs.inorgchem.1c02979,0.98,0.6030977634625951,0.37690223653740484
MLDB-003411,LOGO,group 8,mono,Ru,10.1021/acs.inorgchem.1c02979,1.08,0.782232504722839,0.29776749527716107
MLDB-003412,LOGO,group 8,mono,Ru,10.1021/acs.inorgchem.1c02979,1.1,0.4551298672469487,0.6448701327530514
MLDB-003413,LOGO,group 8,mono,Ru,10.1021/acs.inorgchem.1c02979,1.42,0.6323813086757122,0.7876186913242877
MLDB-003414,LOGO,group 8,mono,Ru,10.1021/acs.inorgchem.1c02979,1.8,0.7678492921761415,1.0321507078238585
MLDB-003415,LOGO,group 8,mono,Ru,10.1021/acs.inorgchem.1c02979,2.64,0.9790071298221421,1.660992870177858
MLDB-003416,LOGO,group 8,mono,Ru,10.1021/acs.inorgchem.1c01539,0.26,0.6106435905826487,0.3506435905826487
MLDB-003417,LOGO,group 8,mono,Ru,10.1021/acs.inorgchem.1c01539,0.31,0.6686095581064444,0.3586095581064444
MLDB-003418,LOGO,group 8,mono,Ru,10.1021/acs.inorgchem.1c01539,0.24,0.9752376981932575,0.7352376981932575
MLDB-003419,LOGO,group 8,mono,Ru,10.1021/acs.inorgchem.1c01539,0.44,0.5862331664507333,0.1462331664507333
MLDB-003420,LOGO,group 8,mono,Ru,10.1021/acs.inorgchem.1c01539,0.36,1.0827330638423047,0.7227330638423047
MLDB-003421,LOGO,group 8,mono,Ru,10.1021/acs.inorgchem.1c01363,2.09,1.7737693815119382,0.31623061848806167
MLDB-003422,LOGO,group 8,mono,Ru,10.1021/acs.inorgchem.1c01363,2.66,1.3850414787461367,1.2749585212538634
MLDB-003423,LOGO,group 8,mono,Ru,10.1021/acs.inorgchem.1c01363,0.63,1.1406330221299616,0.5106330221299616
MLDB-003424,LOGO,group 8,mono,Ru,10.1021/acs.inorgchem.1c01363,0.89,1.0700844415244517,0.1800844415244517
MLDB-003425,LOGO,group 8,mono,Ru,10.1021/acs.inorgchem.1c01363,1.29,1.0250368131133463,0.26496318688665377
MLDB-003426,LOGO,group 8,mono,Ru,10.1021/acs.inorgchem.1c01363,2.18,1.2966544147185228,0.8833455852814773
MLDB-003430,LOGO,group 8,mono,Ru,10.1021/acs.inorgchem.0c00694,-0.49,0.8844449323811393,1.3744449323811394
MLDB-003431,LOGO,group 8,mono,Ru,10.1021/acs.inorgchem.0c00694,0.26,0.9840813249073153,0.7240813249073152
MLDB-003432,LOGO,group 8,mono,Ru,10.1021/acs.inorgchem.0c00694,1.44,1.435900409765555,0.00409959023444495
MLDB-003433,LOGO,group 8,mono,Ru,10.1021/acs.inorgchem.0c00694,2.17,1.464127269120679,0.7058727308793209
MLDB-003434,LOGO,group 8,mono,Ru,10.1016/j.jorganchem.2014.09.005,-1.38,0.09879728612999736,1.4787972861299972
MLDB-003435,LOGO,group 8,mono,Ru,10.1016/j.jorganchem.2014.09.005,-0.83,-0.5190650585993148,0.3109349414006851
MLDB-003436,LOGO,group 8,mono,Ru,10.1016/j.jorganchem.2014.09.005,-1.3,0.36062163174063816,1.6606216317406381
MLDB-003437,LOGO,group 8,mono,Ru,10.1016/j.jorganchem.2014.09.005,-0.99,-0.08872551440687042,0.9012744855931296
MLDB-003438,LOGO,group 8,mono,Ru,10.1016/j.jorganchem.2014.09.005,-0.93,0.24983356106065113,1.1798335610606512
MLDB-003439,LOGO,group 8,mono,Ru,10.1016/j.bioadv.2022.213016,0.7,-0.4366007979730657,1.1366007979730657
MLDB-003440,LOGO,group 8,mono,Ru,10.1016/j.bioadv.2022.213016,0.78,0.4391749192004175,0.3408250807995825
MLDB-003441,LOGO,group 8,mono,Ru,10.1016/j.bioadv.2022.213016,0.78,0.4466572558720009,0.33334274412799914
MLDB-003442,LOGO,group 8,mono,Ru,10.1016/j.bioadv.2022.213016,0.78,0.20480573444165856,0.5751942655583415
MLDB-003443,LOGO,group 8,mono,Ru,10.1016/j.bioadv.2022.213016,0.78,0.10983413896028611,0.6701658610397139
MLDB-003444,LOGO,group 8,mono,Ru,10.1016/j.bioadv.2022.213016,-1.7,-1.0190209134079993,0.6809790865920007
MLDB-003445,LOGO,group 8,mono,Ru,10.1039/d0dt03490h,-0.638,0.09640777762188724,0.7344077776218872
MLDB-003446,LOGO,group 8,mono,Ru,10.1039/d0dt03490h,0.324,-0.10397669145483221,0.4279766914548322
MLDB-003447,LOGO,group 8,mono,Ru,10.1039/d0dt03490h,-0.656,0.20724601646908664,0.8632460164690867
MLDB-003448,LOGO,group 8,mono,Ru,10.1016/j.jinorgbio.2019.03.024,-0.46,-0.19677244074351954,0.26322755925648045
MLDB-003449,LOGO,group 8,mono,Ru,10.1016/j.jinorgbio.2019.03.024,-0.28,-0.016991285818887213,0.2630087141811128
MLDB-003450,LOGO,group 8,mono,Ru,10.1016/j.jinorgbio.2019.03.024,-0.19,0.5491710606913097,0.7391710606913098
MLDB-003451,LOGO,group 8,mono,Os,10.1016/j.ica.2025.122537,1.11,1.3105906598042045,0.20059065980420443
MLDB-003452,LOGO,group 8,mono,Os,10.1016/j.ica.2025.122537,1.48,1.3274868752620739,0.1525131247379261
MLDB-003453,LOGO,group 8,mono,Os,10.1016/j.ica.2025.122537,0.64,1.312977676367181,0.672977676367181
MLDB-003454,LOGO,group 8,mono,Os,10.1016/j.ica.2025.122537,1.26,1.3888729630646395,0.12887296306463947
MLDB-003455,LOGO,group 8,mono,Os,10.1016/j.ica.2025.122537,0.81,1.2151498747364229,0.40514987473642283
MLDB-003456,LOGO,group 8,mono,Ru,10.1016/j.jorganchem.2018.03.013,-0.67,1.0216425005726384,1.6916425005726383
MLDB-003457,LOGO,group 8,mono,Ru,10.1016/j.jorganchem.2018.03.013,-1.45,1.0379758072312857,2.487975807231286
MLDB-003458,LOGO,group 8,mono,Ru,10.1016/j.jorganchem.2018.03.013,-1.34,0.8630420790785456,2.2030420790785454
MLDB-003459,LOGO,group 8,mono,Ru,10.1016/j.jorganchem.2018.03.013,-0.37,1.3443020771415763,1.7143020771415762
MLDB-003460,LOGO,group 8,mono,Ru,10.1016/j.jorganchem.2018.03.013,-1.36,1.288972685260142,2.648972685260142
MLDB-003461,LOGO,group 8,mono,Ru,10.1016/j.jorganchem.2018.03.013,-1.28,1.2104182839708983,2.4904182839708984
MLDB-003472,LOGO,group 8,mono,Ru,10.1039/d3sc03932c,2.64,0.5696551134091716,2.0703448865908287
MLDB-003473,LOGO,group 8,mono,Ru,10.1039/d3sc03932c,2.66,0.016817648038839783,2.64318235196116
MLDB-003474,LOGO,group 8,mono,Os,10.1039/d3sc03932c,2.51,0.37959422258142206,2.1304057774185776
MLDB-003475,LOGO,group 8,mono,Os,10.1039/d3sc03932c,2.43,0.05300703976337743,2.3769929602366227
MLDB-003476,LOGO,group 8,mono,Ru,10.1007/s10534-018-0160-0,0.2133,0.3831964820460528,0.1698964820460528
MLDB-003477,LOGO,group 8,mono,Ru,10.1007/s10534-018-0160-0,0.1866,0.7205901835248724,0.5339901835248724
MLDB-003478,LOGO,group 8,mono,Ru,10.1007/s10534-018-0160-0,0.2733,0.5381543710679602,0.26485437106796017
MLDB-003479,LOGO,group 8,mono,Ru,10.1002/cbic.202300467,2.39,1.2514017212451964,1.1385982787548037
MLDB-003496,LOGO,group 8,multi,Ru,10.1021/acs.inorgchem.0c02928,0.2,0.22769818448765067,0.027698184487650657
MLDB-003497,LOGO,group 8,multi,Ru,10.1021/acs.inorgchem.0c02928,0.45,0.3775608815159949,0.07243911848400514
MLDB-003501,LOGO,group 8,mono,Ru,10.1021/acs.inorgchem.9b00853,0.3,1.3096132912888654,1.0096132912888653
MLDB-003502,LOGO,group 8,mono,Ru,10.1021/acs.inorgchem.9b00853,0.28,1.4382392295305333,1.1582392295305333
MLDB-003503,LOGO,group 8,mono,Ru,10.1021/acs.inorgchem.9b00853,0.42,0.5097495897654111,0.08974958976541109
MLDB-003504,LOGO,group 8,mono,Ru,10.1021/acs.inorgchem.9b00853,0.19,1.230507989233379,1.040507989233379
MLDB-003505,LOGO,group 8,mono,Ru,10.1016/j.ejmech.2017.09.007,1.38,1.386220779563515,0.006220779563515189
MLDB-003506,LOGO,group 8,mono,Ru,10.1016/j.ejmech.2017.09.007,1.22,1.097888639061499,0.12211136093850095
MLDB-003507,LOGO,group 8,mono,Ru,10.1021/acs.jmedchem.4c02089,1.93,1.3394388942929722,0.5905611057070277
MLDB-003509,LOGO,group 8,multi,Ru,10.1021/acs.inorgchem.7b01082,1.3,1.331636613968277,0.03163661396827688
MLDB-003510,LOGO,group 8,multi,Ru,10.1021/acs.inorgchem.7b01082,1.3,1.4504187667598627,0.15041876675986265
MLDB-003511,LOGO,group 8,multi,Ru,10.1021/acs.inorgchem.7b01082,1.6,1.4561008926158054,0.14389910738419465
MLDB-003512,LOGO,group 8,multi,Ru,10.1021/acs.inorgchem.7b01082,1.8,1.3327711275525127,0.46722887244748734
MLDB-003513,LOGO,group 8,multi,Ru,10.1021/acs.inorgchem.7b01082,1.4,1.004027756906786,0.395972243093214
MLDB-003514,LOGO,group 8,multi,Ru,10.1021/acs.inorgchem.7b01082,1.4,1.0053684767053208,0.3946315232946791
MLDB-003515,LOGO,group 8,multi,Ru,10.1021/acs.inorgchem.7b01082,1.5,0.9265492329027665,0.5734507670972335
MLDB-003531,LOGO,group 8,mono,Ru,10.1021/jacs.4c11820,-1.56,-0.3764856537842643,1.1835143462157358
MLDB-003532,LOGO,group 8,mono,Ru,10.1021/jacs.4c11820,-1.26,-0.9683740238777977,0.2916259761222023
MLDB-003543,LOGO,group 8,mono,Ru,10.1021/acsami.7b02977,0.34,0.9718173526112331,0.6318173526112332
MLDB-003544,LOGO,group 8,mono,Ru,10.1021/acsami.7b02977,0.18,0.9520357108480503,0.7720357108480502
MLDB-003545,LOGO,group 8,mono,Ru,10.1021/acsami.7b02977,0.46,1.0321289882925266,0.5721289882925267
MLDB-003546,LOGO,group 8,mono,Ru,10.1021/acsami.7b02977,0.19,1.2133903877324412,1.0233903877324413
MLDB-003547,LOGO,group 8,mono,Ru,10.1021/acsami.7b02977,0.26,1.2187660637020081,0.9587660637020081
MLDB-003548,LOGO,group 8,mono,Ru,10.1016/j.jinorgbio.2019.01.011,0.74,-0.0539754760027662,0.7939754760027662
MLDB-003549,LOGO,group 8,mono,Ru,10.1016/j.jinorgbio.2019.01.011,0.66,0.32710388563426296,0.3328961143657371
MLDB-003550,LOGO,group 8,mono,Ru,10.1016/j.jinorgbio.2019.01.011,0.41,-0.3772430376281547,0.7872430376281547
MLDB-003551,LOGO,group 8,mono,Ru,10.1016/j.jinorgbio.2019.110752,-1.49,-0.2720538563839996,1.2179461436160004
MLDB-003552,LOGO,group 8,mono,Ru,10.1016/j.jinorgbio.2019.110752,-1.33,-0.15961402544283776,1.1703859745571623
MLDB-003553,LOGO,group 8,mono,Ru,10.1016/j.jinorgbio.2019.110752,-0.95,-0.09795635390017016,0.8520436460998297
MLDB-003554,LOGO,group 8,mono,Ru,10.1016/j.jinorgbio.2019.110752,-1.25,-0.17141984396704646,1.0785801560329535
MLDB-003555,LOGO,group 8,mono,Ru,10.1016/j.jinorgbio.2019.110752,-1.68,-0.9667106138818381,0.7132893861181618
MLDB-003556,LOGO,group 8,mono,Ru,10.1016/j.jinorgbio.2019.110752,-1.34,-0.2817343581045069,1.0582656418954932
MLDB-003557,LOGO,group 8,mono,Ru,10.1016/j.jinorgbio.2019.110752,-1.21,0.05866249310572538,1.2686624931057253
MLDB-003558,LOGO,group 8,mono,Ru,10.1021/acs.molpharmaceut.8b00003,-0.62,0.21896960917981118,0.8389696091798111
MLDB-003559,LOGO,group 8,mono,Ru,10.1021/acs.molpharmaceut.8b00003,-0.55,0.5578412754840124,1.1078412754840126
MLDB-003560,LOGO,group 8,mono,Ru,10.1021/acs.molpharmaceut.8b00003,-0.31,0.4466632823949704,0.7566632823949704
MLDB-003561,LOGO,group 8,mono,Ru,10.1002/ejic.202200487,-1.01,0.12889928538933212,1.138899285389332
MLDB-003562,LOGO,group 8,mono,Ru,10.1002/ejic.202200487,0.69,0.6383388113440545,0.05166118865594549
MLDB-003563,LOGO,group 8,mono,Ru,10.1016/j.ica.2016.03.003,1.24,0.7918755736821486,0.44812442631785143
MLDB-003564,LOGO,group 8,mono,Ru,10.1016/j.ica.2016.03.003,1.26,0.7244637089916239,0.5355362910083761
MLDB-003565,LOGO,group 8,mono,Ru,10.1016/j.ica.2016.03.003,1.42,0.9158015479406741,0.5041984520593258
MLDB-003566,LOGO,group 8,mono,Ru,10.1016/j.ica.2016.03.003,1.45,0.7075857281982073,0.7424142718017926
MLDB-003567,LOGO,group 8,mono,Ru,10.1021/ic4031359,-2.04,-2.2300094093606853,0.19000940936068522
MLDB-003568,LOGO,group 8,mono,Ru,10.1021/ic4031359,-1.63,-1.4655807576014368,0.1644192423985631
MLDB-003569,LOGO,group 8,mono,Ru,10.1021/ic4031359,-1.13,-0.868370219706143,0.26162978029385686
MLDB-003570,LOGO,group 8,mono,Ru,10.1021/ic4031359,-1.55,-1.1688133707791795,0.3811866292208206
MLDB-003571,LOGO,group 8,mono,Ru,10.1021/ic4031359,-1.43,-1.1688133707791795,0.2611866292208205
MLDB-003572,LOGO,group 8,mono,Ru,10.1021/ic4031359,-1.77,-1.9402848964065729,0.17028489640657285
MLDB-003573,LOGO,group 8,mono,Ru,10.1021/ic4031359,-1.75,-1.444299136563223,0.30570086343677705
MLDB-003574,LOGO,group 8,mono,Ru,10.1021/ic4031359,-1.16,-1.3992452336016674,0.2392452336016675
MLDB-003575,LOGO,group 8,mono,Ru,10.1021/ic4031359,-1.47,-1.4289773324341464,0.0410226675658536
MLDB-003576,LOGO,group 8,mono,Ru,10.1021/ic4031359,-1.31,-0.8434190388287868,0.4665809611712133
MLDB-003577,LOGO,group 8,mono,Ru,10.1039/c9ra02615k,-1.57,0.016623792124840754,1.5866237921248407
MLDB-003578,LOGO,group 8,mono,Ru,10.1039/c9ra02615k,-2.82,-0.36023145539770096,2.4597685446022988
MLDB-003579,LOGO,group 8,multi,Fe-Ru,10.1002/cplu.202000022,-0.383,0.586437295782163,0.969437295782163
MLDB-003580,LOGO,group 8,multi,Fe-Ru,10.1002/cplu.202000022,-0.847,0.5059244006029887,1.3529244006029888
MLDB-003581,LOGO,group 8,mono,Ru,10.1002/anie.201507800,-3.54,-0.2724104970237958,3.2675895029762043
MLDB-003582,LOGO,group 8,mono,Ru,10.1002/anie.201507800,-3.05,0.48725791269449104,3.537257912694491
MLDB-003583,LOGO,group 8,mono,Ru,10.1002/anie.201507800,-1.55,0.919321462747814,2.469321462747814
MLDB-003584,LOGO,group 8,mono,Ru,10.1039/c7ra00658f,-0.35,0.3370835052362272,0.6870835052362272
MLDB-003585,LOGO,group 8,mono,Ru,10.1039/c7ra00658f,0.05,0.49492913822318263,0.44492913822318264
MLDB-003586,LOGO,group 8,mono,Ru,10.1039/c7ra00658f,-0.23,0.3159460341443818,0.5459460341443818
MLDB-003587,LOGO,group 8,mono,Ru,10.1039/c7ra00658f,-0.12,0.4119608363600284,0.5319608363600283
MLDB-003588,LOGO,group 8,mono,Ru,10.1007/s00775-021-01901-8,-1.71,-0.5093817989735151,1.2006182010264848
MLDB-003589,LOGO,group 8,mono,Ru,10.1007/s00775-021-01901-8,-1.44,-0.3166924255731783,1.1233075744268217
MLDB-003590,LOGO,group 8,mono,Ru,10.1007/s00775-021-01901-8,-1.43,-0.06347277265401424,1.3665272273459856
MLDB-003591,LOGO,group 8,mono,Ru,10.1007/s00775-021-01901-8,-1.28,0.16809460309805618,1.4480946030980562
MLDB-003592,LOGO,group 8,mono,Ru,10.1007/s00775-021-01901-8,-1.26,1.0518300514158123,2.3118300514158125
MLDB-003593,LOGO,group 8,mono,Ru,10.1007/s00775-021-01901-8,-1.03,1.3066502138645506,2.3366502138645506
MLDB-003594,LOGO,group 8,mono,Ru,10.1007/s00775-021-01901-8,-0.43,1.033283950643377,1.463283950643377
MLDB-003595,LOGO,group 8,mono,Ru,10.1007/s00775-021-01901-8,-0.06,1.420781179930112,1.480781179930112
MLDB-003596,LOGO,group 8,mono,Ru,10.1007/s00775-021-01901-8,1.17,1.218135999531387,0.04813599953138703
MLDB-003597,LOGO,group 8,mono,Ru,10.1007/s00775-021-01901-8,1.47,0.9664511301770352,0.5035488698229648
MLDB-003598,LOGO,group 8,mono,Ru,10.1007/s00775-021-01901-8,2.72,1.7398040984383742,0.980195901561626
MLDB-003599,LOGO,group 8,mono,Ru,10.1007/s00775-021-01901-8,3.21,1.6635244081808365,1.5464755918191635
MLDB-003600,LOGO,group 8,mono,Ru,10.1021/acs.molpharmaceut.8b01154,0.277,0.6116691366018908,0.3346691366018908
MLDB-003601,LOGO,group 8,mono,Ru,10.1021/acs.organomet.2c00290,1.06,0.7897883003620132,0.27021169963798686
MLDB-003602,LOGO,group 8,mono,Ru,10.1021/acs.organomet.2c00290,1.55,0.4814487571810264,1.0685512428189736
MLDB-003603,LOGO,group 8,mono,Ru,10.1021/acs.organomet.2c00290,1.38,0.8090225117868273,0.5709774882131726
MLDB-003604,LOGO,group 8,mono,Ru,10.1021/acs.organomet.2c00290,1.27,0.9126571422845136,0.35734285771548646
MLDB-003605,LOGO,group 8,mono,Ru,10.1021/acs.organomet.2c00290,1.92,0.8094221155751922,1.1105778844248078
MLDB-003606,LOGO,group 8,mono,Ru,10.1021/acs.organomet.2c00290,1.69,0.9559512383821205,0.7340487616178795
MLDB-003607,LOGO,group 8,mono,Ru,10.1039/c5dt04781a,0.42,0.16195550835527822,0.25804449164472176
MLDB-003608,LOGO,group 8,mono,Ru,10.1039/c5dt04781a,0.66,0.7821607374659997,0.12216073746599965
MLDB-003609,LOGO,group 8,mono,Ru,10.1039/c5dt04781a,3.2,1.0929591427849987,2.1070408572150017
MLDB-003612,LOGO,group 8,mono,Ru,10.1039/c7nj03267f,2.15,0.0900327531997875,2.0599672468002126
MLDB-003613,LOGO,group 8,mono,Ru,10.1039/c7nj03267f,-0.006,0.3678097894881713,0.3738097894881713
MLDB-003614,LOGO,group 8,mono,Ru,10.1039/c7nj03267f,-2.09,0.6175002858897591,2.707500285889759
MLDB-003615,LOGO,group 8,mono,Ru,10.1039/c7nj03267f,0.0087,0.8371718692997744,0.8284718692997743
MLDB-003616,LOGO,group 8,mono,Ru,10.1039/c2dt32216a,1.21,0.42171057809282775,0.7882894219071722
MLDB-003617,LOGO,group 8,mono,Ru,10.1039/c2dt32216a,1.29,0.32610050282676567,0.9638994971732344
MLDB-003619,LOGO,group 8,mono,Ru,10.1039/c8dt04687e,2.58,0.8270415977284552,1.752958402271545
MLDB-003620,LOGO,group 8,mono,Ru,10.1039/c8dt04687e,2.2,0.8766702612002033,1.3233297387997969
MLDB-003621,LOGO,group 8,mono,Ru,10.1039/c8dt04687e,2.51,0.9651475529456196,1.5448524470543803
MLDB-003622,LOGO,group 8,mono,Ru,10.1039/c4dt01392a,2.26,1.4185023925752276,0.8414976074247722
MLDB-003623,LOGO,group 8,mono,Ru,10.1039/c4dt01392a,0.58,1.1763569264780325,0.5963569264780325
MLDB-003624,LOGO,group 8,mono,Ru,10.1039/c4dt01392a,1.31,1.3438304522205449,0.033830452220544815
MLDB-003625,LOGO,group 8,mono,Ru,10.1039/c4dt01392a,1.88,1.2959717490427607,0.5840282509572392
MLDB-003626,LOGO,group 8,mono,Ru,10.1038/srep19449,-1.66,0.5142216526400949,2.174221652640095
MLDB-003627,LOGO,group 8,mono,Ru,10.1038/srep19449,0.26,0.8113260113460291,0.5513260113460291
MLDB-003628,LOGO,group 8,mono,Ru,10.1038/srep19449,0.67,1.0011198723202586,0.3311198723202585
MLDB-003629,LOGO,group 8,mono,Ru,10.1038/srep19449,1.32,1.255518570765716,0.06448142923428413
MLDB-003630,LOGO,group 8,mono,Ru,10.1039/d0cc00472c,-0.15,0.047094156077933734,0.19709415607793374
MLDB-003631,LOGO,group 8,mono,Ru,10.1039/d0cc00472c,0.3,0.48949278822375547,0.18949278822375548
MLDB-003632,LOGO,group 8,mono,Ru,10.1039/d0cc00472c,0.62,0.61361070304066,0.006389296959339985
MLDB-003633,LOGO,group 8,mono,Ru,10.1039/d0cc00472c,-0.17,0.17188033293114355,0.34188033293114356
MLDB-003634,LOGO,group 8,mono,Ru,10.1039/d0cc00472c,0.17,0.6149423467453073,0.4449423467453073
MLDB-003635,LOGO,group 8,mono,Ru,10.1039/d0cc00472c,0.51,0.787903673087199,0.277903673087199
MLDB-003641,LOGO,group 8,mono,Ru,10.1039/c7nj01828b,-0.82,1.482928777779522,2.3029287777795218
MLDB-003642,LOGO,group 8,mono,Ru,10.1039/c7nj01828b,-1.23,1.5476695011244685,2.7776695011244685
MLDB-003643,LOGO,group 8,mono,Ru,10.1039/c9dt00441f,-2.19,-0.7864172681452798,1.40358273185472
MLDB-003644,LOGO,group 8,mono,Ru,10.1039/c9dt00441f,-1.58,-0.03800426292033534,1.5419957370796646
MLDB-003645,LOGO,group 8,mono,Ru,10.1039/c9dt00441f,-1.08,0.009447329317902396,1.0894473293179026
MLDB-003646,LOGO,group 8,mono,Ru,10.1039/c9dt00441f,1.1,1.0012815631213339,0.09871843687866622
MLDB-003647,LOGO,group 8,mono,Ru,10.1039/d2dt00666a,0.45,0.3943834823823185,0.055616517617681493
MLDB-003648,LOGO,group 8,mono,Ru,10.1039/d2dt00666a,0.69,0.3135775069509709,0.376422493049029
MLDB-003649,LOGO,group 8,mono,Ru,10.1039/d2dt00666a,0.87,0.7819738592798262,0.08802614072017378
MLDB-003650,LOGO,group 8,mono,Ru,10.1039/d2dt00666a,1.1,0.5783493970266947,0.5216506029733053
MLDB-003651,LOGO,group 8,mono,Ru,10.1039/d2dt00666a,0.94,0.7446697529747617,0.19533024702523827
MLDB-003652,LOGO,group 8,mono,Ru,10.1039/d0ra09418h,-0.928,1.1026255695348444,2.0306255695348443
MLDB-003653,LOGO,group 8,mono,Ru,10.1039/d0ra09418h,-0.506,1.4496314514109454,1.9556314514109454
MLDB-003654,LOGO,group 8,mono,Ru,10.1039/c9cc05962h,-3.06,-0.11753531464393581,2.942464685356064
MLDB-003655,LOGO,group 8,mono,Ru,10.1039/c9cc05962h,-1.47,0.4409051457350089,1.9109051457350088
MLDB-003656,LOGO,group 8,mono,Ru,10.1039/c9cc05962h,-1.12,0.43185559715403143,1.5518555971540315
MLDB-003657,LOGO,group 8,mono,Ru,10.1039/c9cc05962h,-0.33,1.1218589743094622,1.4518589743094623
MLDB-003658,LOGO,group 8,mono,Ru,10.1039/d4tb02559h,0.17,1.122202922202443,0.952202922202443
MLDB-003659,LOGO,group 8,mono,Ru,10.1039/d4tb02559h,0.34,1.12200726598171,0.7820072659817099
MLDB-003660,LOGO,group 8,mono,Ru,10.1039/d4tb02559h,0.3,1.3553257209735279,1.0553257209735278
MLDB-003661,LOGO,group 8,mono,Ru,10.1039/d4tb02559h,1.3,1.2741218852217902,0.025878114778209893
MLDB-003662,LOGO,group 8,mono,Ru,10.1039/d4dt03536d,0.17,0.6899840149138531,0.519984014913853
MLDB-003663,LOGO,group 8,mono,Ru,10.1039/d4dt03536d,0.54,1.1892056860112088,0.6492056860112088
MLDB-003664,LOGO,group 8,mono,Ru,10.1039/d4dt03536d,0.11,0.42959275858722984,0.31959275858722985
MLDB-003665,LOGO,group 8,mono,Ru,10.1039/d4dt02992e,-1.5,-1.030870009619092,0.4691299903809081
MLDB-003672,LOGO,group 8,mono,Ru,10.1039/d0dt03107k,0.69,1.0229478680170108,0.3329478680170108
MLDB-003673,LOGO,group 8,mono,Ru,10.1039/d0dt03107k,0.86,1.2084449343409447,0.3484449343409447
MLDB-003674,LOGO,group 8,mono,Ru,10.1039/d0dt03107k,0.9,1.2380021335646154,0.3380021335646154
MLDB-003675,LOGO,group 8,mono,Ru,10.1039/d0dt03107k,1.4,1.1874337383515765,0.2125662616484234
MLDB-003676,LOGO,group 8,mono,Ru,10.1039/d0dt03107k,1.29,1.2046363930364765,0.08536360696352352
MLDB-003677,LOGO,group 8,mono,Ru,10.1039/d0dt03107k,1.34,1.429462483809414,0.08946248380941402
MLDB-003678,LOGO,group 8,mono,Ru,10.1039/d0dt03107k,1.32,1.405307417587022,0.08530741758702187
MLDB-003679,LOGO,group 8,mono,Ru,10.1039/d0dt03107k,0.66,1.1167579754929882,0.45675797549298813
MLDB-003680,LOGO,group 8,mono,Ru,10.1039/d0dt03107k,0.68,1.1397397052421085,0.4597397052421085
MLDB-003681,LOGO,group 8,mono,Ru,10.1039/d0dt03107k,1.14,1.5445643907444881,0.40456439074448824
MLDB-003682,LOGO,group 8,mono,Ru,10.1039/d0dt03107k,1.07,1.5458871808475645,0.47588718084756443
MLDB-003683,LOGO,group 8,mono,Ru,10.1039/d0dt03107k,0.79,0.8292047045279454,0.03920470452794533
MLDB-003684,LOGO,group 8,mono,Ru,10.1039/d0dt03107k,0.92,0.9997733348461496,0.07977333484614957
MLDB-003685,LOGO,group 8,mono,Ru,10.1039/d0dt03107k,0.93,1.2159579083850671,0.28595790838506707
MLDB-003686,LOGO,group 8,mono,Ru,10.1039/d0dt03107k,0.95,1.2580588570082958,0.3080588570082958
MLDB-003687,LOGO,group 8,mono,Ru,10.1039/d0dt03107k,0.96,1.3709113371808541,0.41091133718085415
MLDB-003688,LOGO,group 8,mono,Ru,10.1039/d0dt03107k,0.97,1.5183727390235813,0.5483727390235813
MLDB-003689,LOGO,group 8,mono,Ru,10.1039/d0dt03107k,0.99,1.4684436841660566,0.47844368416605665
MLDB-003690,LOGO,group 8,mono,Ru,10.1039/d0dt03107k,1.17,1.4667528891819956,0.2967528891819957
MLDB-003691,LOGO,group 8,mono,Ru,10.1039/d0dt03107k,1.19,1.439504866387893,0.24950486638789315
MLDB-003692,LOGO,group 8,mono,Ru,10.1039/d0dt03107k,1.21,1.2851720906196835,0.07517209061968355
MLDB-003693,LOGO,group 8,mono,Ru,10.1039/d0dt03107k,1.23,1.8292847986950442,0.5992847986950443
MLDB-003694,LOGO,group 8,mono,Ru,10.1039/d0dt03107k,1.19,1.603718409305516,0.41371840930551596
MLDB-003695,LOGO,group 8,mono,Ru,10.1039/d0dt03107k,1.2,1.5367524286283762,0.3367524286283763
MLDB-003696,LOGO,group 8,mono,Ru,10.1039/d0dt03107k,0.99,1.564222591755166,0.574222591755166
MLDB-003697,LOGO,group 8,mono,Ru,10.1039/d0dt03107k,0.92,1.4465757873321163,0.5265757873321163
MLDB-003698,LOGO,group 8,mono,Ru,10.1039/d0dt03107k,1.3,1.6567208925309806,0.3567208925309806
MLDB-003699,LOGO,group 8,mono,Ru,10.1039/d0dt03107k,1.4,1.675866913665165,0.275866913665165
MLDB-003700,LOGO,group 8,mono,Ru,10.1039/d0dt03107k,1.45,1.6380552569849605,0.1880552569849605
MLDB-003701,LOGO,group 8,mono,Ru,10.1039/d0dt03107k,1.34,1.6380552569849605,0.2980552569849604
MLDB-003702,LOGO,group 8,mono,Ru,10.1039/d0dt03107k,1.2,1.6847679180492137,0.4847679180492137
MLDB-003703,LOGO,group 8,mono,Ru,10.1039/d0dt03107k,1.1,1.7053905879426046,0.6053905879426045
MLDB-003704,LOGO,group 8,mono,Ru,10.1039/d0dt03107k,0.97,2.0912571066175074,1.1212571066175074
MLDB-003705,LOGO,group 8,mono,Ru,10.1039/d0dt03107k,0.92,2.072262775683927,1.1522627756839272
MLDB-003706,LOGO,group 8,mono,Ru,10.1039/d0dt03107k,0.97,1.4415983947041755,0.4715983947041755
MLDB-003707,LOGO,group 8,mono,Ru,10.1039/d0dt03107k,1.17,1.6547940265940277,0.4847940265940278
MLDB-003708,LOGO,group 8,mono,Ru,10.1039/d0dt03107k,1.3,1.5078879204400628,0.20788792044006277
MLDB-003709,LOGO,group 8,mono,Ru,10.1039/d0dt03107k,1.35,1.5162202574959776,0.16622025749597746
MLDB-003710,LOGO,group 8,mono,Ru,10.1039/d0dt03107k,1.34,1.5162202574959776,0.17622025749597747
MLDB-003711,LOGO,group 8,mono,Ru,10.1039/d0dt03107k,1.07,1.5527782002955315,0.4827782002955314
MLDB-003712,LOGO,group 8,mono,Ru,10.1039/d0dt03107k,1.04,1.5252549243291036,0.48525492432910355
MLDB-003713,LOGO,group 8,mono,Ru,10.1039/d0dt03107k,0.97,1.2120113497546434,0.24201134975464345
MLDB-003714,LOGO,group 8,mono,Ru,10.1039/d0dt03107k,0.99,1.5444031412162855,0.5544031412162855
MLDB-003718,LOGO,group 8,mono,Ru,10.1016/j.jinorgbio.2017.12.017,-2.4,0.04739789905496334,2.4473978990549634
MLDB-003719,LOGO,group 8,mono,Ru,10.1016/j.jinorgbio.2017.12.017,-1.4,0.47653665313719157,1.8765366531371914
MLDB-003720,LOGO,group 8,mono,Ru,10.1016/j.jinorgbio.2017.12.017,-1.6,0.17271341092897877,1.7727134109289788
MLDB-003721,LOGO,group 8,mono,Ru,10.1016/j.jinorgbio.2017.12.017,-1.16,0.5612990297883483,1.7212990297883484
MLDB-003722,LOGO,group 8,mono,Ru,10.1016/j.jinorgbio.2017.12.017,-1.16,0.21524052732901366,1.3752405273290136
MLDB-003723,LOGO,group 8,mono,Ru,10.1016/j.jinorgbio.2017.12.017,-0.97,0.5906875805392462,1.5606875805392462
MLDB-003748,LOGO,group 8,mono,Ru,10.1021/acs.jmedchem.4c00545,1.22,0.5058837893573783,0.7141162106426217
MLDB-003775,LOGO,group 8,mono,Ru,10.1021/acs.inorgchem.5c01556,1.46,1.0976845367565127,0.3623154632434873
MLDB-003776,LOGO,group 8,mono,Ru,10.1021/acs.inorgchem.5c01556,1.97,1.3154750334909202,0.6545249665090798
MLDB-003777,LOGO,group 8,mono,Ru,10.1021/acs.inorgchem.5c01556,2.48,1.4300620754795466,1.0499379245204534
MLDB-003781,LOGO,group 8,mono,Ru,10.1021/acs.inorgchem.5c01556,-0.55,-0.3748802253167563,0.17511977468324375
MLDB-003782,LOGO,group 8,mono,Ru,10.1021/acs.inorgchem.5c01556,0.04,-0.2591058661022276,0.29910586610222756
MLDB-003783,LOGO,group 8,mono,Ru,10.1021/acs.inorgchem.5c01556,0.35,-0.2014338411113189,0.5514338411113189
MLDB-003787,LOGO,group 8,mono,Fe,10.1039/d5dt01300c,0.51,0.0941412369151852,0.41585876308481484
MLDB-003788,LOGO,group 8,mono,Ru,10.1021/acs.inorgchem.5c03505,0.8,1.434734704218591,0.6347347042185909
MLDB-003789,LOGO,group 8,mono,Ru,10.1021/acs.inorgchem.5c03505,0.91,1.2723841743954012,0.36238417439540116
MLDB-003790,LOGO,group 8,mono,Ru,10.1021/acs.inorgchem.5c03505,0.57,1.0490946388296187,0.4790946388296188
MLDB-003791,LOGO,group 8,mono,Ru,10.1021/acs.inorgchem.5c03505,-0.66,0.49844422773296027,1.1584442277329603
MLDB-003792,LOGO,group 8,mono,Ru,10.1021/acs.inorgchem.5c03505,-0.63,0.2940342452122303,0.9240342452122303
MLDB-003797,LOGO,group 8,mono,Ru,10.1021/acs.inorgchem.4c03975,1.28,1.1789829282511939,0.10101707174880614
MLDB-003798,LOGO,group 8,mono,Ru,10.1021/acs.inorgchem.4c03975,0.68,0.6648381452553287,0.015161854744671355
MLDB-003801,LOGO,group 8,mono,Ru,10.1016/j.jinorgbio.2023.112421,1.57,0.6063820614489399,0.9636179385510601
MLDB-003802,LOGO,group 8,mono,Ru,10.1016/j.jinorgbio.2023.112421,2.63,1.129589870772731,1.500410129227269
MLDB-003803,LOGO,group 8,mono,Ru,10.1016/j.jinorgbio.2023.112421,2.05,1.1142614934915032,0.9357385065084967
MLDB-003804,LOGO,group 8,mono,Ru,10.1016/j.jinorgbio.2023.112421,2.03,0.9727014182501085,1.0572985817498912
MLDB-003805,LOGO,group 8,mono,Ru,10.1016/j.jinorgbio.2023.112421,1.93,0.5712560750890555,1.3587439249109443
MLDB-003806,LOGO,group 8,mono,Ru,10.1016/j.ejmech.2024.116909,-1.91,-0.35466541457968986,1.55533458542031
MLDB-003807,LOGO,group 8,mono,Ru,10.1016/j.ejmech.2024.116909,0.35,1.1011904131369257,0.7511904131369257
MLDB-003808,LOGO,group 8,mono,Ru,10.1016/j.ejmech.2024.116909,-2.51,0.8554482079959354,3.365448207995935
MLDB-003809,LOGO,group 8,mono,Ru,10.1016/j.ejmech.2024.116909,-1.33,0.5194445701821319,1.8494445701821318
MLDB-003810,LOGO,group 8,mono,Ru,10.1016/j.ejmech.2024.116909,0.04,0.2733390688970654,0.23333906889706538
MLDB-003811,LOGO,group 8,mono,Ru,10.1016/j.ejmech.2024.116909,0.5,0.41503932613098277,0.08496067386901723
MLDB-003812,LOGO,group 8,mono,Ru,10.1016/j.jinorgbio.2025.112960,1.79,1.0789688315180284,0.7110311684819717
MLDB-003816,LOGO,group 8,mono,Ru,10.1016/j.jinorgbio.2022.112057,2.48,2.3024582009358356,0.17754179906416434
MLDB-003817,LOGO,group 8,mono,Ru,10.1016/j.jinorgbio.2025.112873,-0.41,0.3870671578878456,0.7970671578878457
MLDB-003818,LOGO,group 8,mono,Ru,10.1016/j.jinorgbio.2025.112873,-0.11,0.4944338427075077,0.6044338427075077
MLDB-003819,LOGO,group 8,mono,Ru,10.1016/j.jinorgbio.2025.112873,-0.37,0.8291740255659088,1.1991740255659087
MLDB-003820,LOGO,group 8,mono,Ru,10.1016/j.jinorgbio.2025.112873,-0.06,0.9647890229576629,1.0247890229576628
MLDB-003821,LOGO,group 8,mono,Ru,10.1016/j.jinorgbio.2025.112873,-1.96,-0.3810261959777818,1.578973804022218
MLDB-003822,LOGO,group 8,mono,Ru,10.1039/d1dt01604k,0.0327,0.7888828127276403,0.7561828127276403
MLDB-003823,LOGO,group 8,mono,Ru,10.1039/d1dt01604k,-0.1001,0.8931816185782396,0.9932816185782396
MLDB-003824,LOGO,group 8,mono,Ru,10.1039/d1dt01604k,0.2105,0.6148520273525044,0.4043520273525044
MLDB-003825,LOGO,group 8,mono,Ru,10.1039/d1dt01604k,-0.3494,0.4916390575040498,0.8410390575040498
MLDB-003826,LOGO,group 8,mono,Ru,10.1039/d1dt01604k,0.9452,0.6319735411455817,0.31322645885441835
MLDB-003827,LOGO,group 8,mono,Ru,10.1039/d1dt01604k,0.2795,0.6582600186705966,0.37876001867059655
MLDB-003828,LOGO,group 8,mono,Ru,10.1039/d1dt01604k,-0.1643,0.7134311942269139,0.8777311942269139
MLDB-003831,LOGO,group 8,mono,Ru,10.1021/acs.inorgchem.4c02583,-0.45,1.0546958186585644,1.5046958186585644
MLDB-003832,LOGO,group 8,mono,Ru,10.1021/acs.inorgchem.4c02583,-1.1,0.9314457352788197,2.0314457352788198
MLDB-003842,LOGO,group 8,mono,Ru,10.1021/acs.inorgchem.3c03471,1.23,0.8903271760667778,0.3396728239332222
MLDB-003843,LOGO,group 8,mono,Ru,10.1021/acs.inorgchem.3c03471,1.33,0.9930560283849384,0.3369439716150616
MLDB-003877,LOGO,group 8,mono,Ru,10.1002/cmdc.202300347,-2.6,-0.7145528637869137,1.8854471362130862
MLDB-003878,LOGO,group 8,mono,Ru,10.1002/cmdc.202300347,-0.3,0.32140137604520935,0.6214013760452093
MLDB-003879,LOGO,group 8,mono,Ru,10.1002/cmdc.202300347,-1.1,0.6219509018527491,1.7219509018527492
MLDB-003880,LOGO,group 8,mono,Ru,10.1002/cmdc.202300347,0.1,1.2251589127470537,1.1251589127470536
MLDB-003881,LOGO,group 8,mono,Ru,10.1002/cmdc.202300347,0.3,1.1644347710980882,0.8644347710980882
MLDB-003882,LOGO,group 8,mono,Ru,10.1002/cmdc.202300347,-2.1,-0.7092495430757012,1.390750456924299
MLDB-003883,LOGO,group 8,mono,Ru,10.1002/cmdc.202300347,0.6,0.3575656934015762,0.2424343065984238
MLDB-003884,LOGO,group 8,mono,Ru,10.1002/cmdc.202300347,1.2,0.5137859328330671,0.6862140671669329
MLDB-003885,LOGO,group 8,mono,Ru,10.1002/cmdc.202300347,0.9,1.0551956364597759,0.15519563645977585
MLDB-003886,LOGO,group 8,mono,Ru,10.1002/cmdc.202300347,1.6,0.9967048080016871,0.6032951919983129
MLDB-003896,LOGO,group 8,mono,Ru,10.1021/acsomega.3c01639,0.9268,0.724962834104175,0.201837165895825
MLDB-003945,LOGO,group 8,mono,Ru,10.3390/ijms222011281,0.35,0.19686393581861916,0.15313606418138082
MLDB-003946,LOGO,group 8,mono,Ru,10.3390/ijms222011281,0.45,0.21273301892009988,0.23726698107990013
MLDB-003947,LOGO,group 8,mono,Ru,10.3390/ijms222011281,0.61,0.25652165287654016,0.3534783471234598
MLDB-003948,LOGO,group 8,mono,Ru,10.3390/ijms222011281,0.61,0.2666522768927493,0.3433477231072507
MLDB-003949,LOGO,group 8,mono,Ru,10.3390/ijms222011281,0.73,0.28469178277886803,0.44530821722113195
MLDB-003950,LOGO,group 8,mono,Ru,10.3390/ijms222011281,0.78,0.3287896291325429,0.45121037086745713
MLDB-003961,LOGO,group 8,mono,Ru,10.1002/ejic.202400402,0.73,0.9486020753844735,0.21860207538447352
MLDB-003962,LOGO,group 8,mono,Ru,10.1002/ejic.202400402,-0.11,0.9267964463847077,1.0367964463847077
MLDB-003963,LOGO,group 8,mono,Ru,10.3390/molecules28104051,0.95,1.557280923642602,0.607280923642602
MLDB-003964,LOGO,group 8,mono,Ru,10.3390/molecules28104051,0.71,1.557280923642602,0.847280923642602
MLDB-003965,LOGO,group 8,mono,Ru,10.3390/molecules28104051,0.85,1.557280923642602,0.707280923642602
MLDB-003966,LOGO,group 8,mono,Ru,10.1002/chem.202301742,-0.37,0.3308231255832914,0.7008231255832914
MLDB-003967,LOGO,group 8,mono,Ru,10.1002/chem.202301742,0.03,0.6043057999118338,0.5743057999118337
MLDB-003968,LOGO,group 8,mono,Ru,10.1002/chem.202301742,0.35,0.7382451166156493,0.3882451166156493
MLDB-003969,LOGO,group 8,mono,Ru,10.31635/ccschem.022.202202074,-0.24,0.2423611732821166,0.4823611732821166
MLDB-003970,LOGO,group 8,mono,Ru,10.31635/ccschem.022.202202074,-1.3,0.33549731959580964,1.6354973195958098
MLDB-003971,LOGO,group 8,mono,Ru,10.31635/ccschem.022.202202074,-1.5,0.10879552691031774,1.6087955269103178
MLDB-003972,LOGO,group 8,multi,Fe-Ru,10.1039/d4dt03433c,0.35,0.4614864527069112,0.11148645270691121
MLDB-003975,LOGO,group 8,mono,Ru,10.1002/aoc.6512,0.92,0.8243464948535928,0.09565350514640725
MLDB-003976,LOGO,group 8,mono,Ru,10.1002/aoc.6512,1.1,0.9480454610399711,0.15195453896002897
MLDB-003977,LOGO,group 8,mono,Ru,10.1002/aoc.6512,1.45,0.8341626970215379,0.6158373029784621
MLDB-003978,LOGO,group 8,mono,Ru,10.1002/aoc.6512,1.21,1.1037209430420787,0.10627905695792128
MLDB-003979,LOGO,group 8,mono,Ru,10.1002/aoc.6512,1.63,1.0398452735337471,0.5901547264662528
MLDB-003980,LOGO,group 8,mono,Ru,10.1002/aoc.6512,1.87,0.9453795906971778,0.9246204093028223
MLDB-004023,LOGO,group 8,multi,Fe-Ru,10.1021/acs.organomet.2c00553,1.11,1.1084625169771742,0.0015374830228258585
MLDB-004024,LOGO,group 8,multi,Fe-Ru,10.1021/acs.organomet.2c00553,0.8,1.0660574516035366,0.26605745160353655
MLDB-004025,LOGO,group 8,multi,Fe-Ru,10.1021/acs.organomet.2c00553,1.04,1.034506459904448,0.00549354009555203
MLDB-004026,LOGO,group 8,multi,Fe-Ru,10.1021/acs.organomet.2c00553,1.02,1.0823530384267386,0.06235303842673856
MLDB-004027,LOGO,group 8,multi,Fe-Ru,10.1021/acs.organomet.2c00553,0.97,1.075402506393447,0.10540250639344695
MLDB-004028,LOGO,group 8,multi,Fe-Ru,10.1021/acs.organomet.2c00553,1.13,0.5771130713624474,0.5528869286375525
MLDB-004029,LOGO,group 8,multi,Fe-Ru,10.1021/acs.organomet.2c00553,1.76,0.9104644237136318,0.8495355762863682
MLDB-004030,LOGO,group 8,multi,Fe-Ru,10.1021/acs.organomet.2c00553,0.64,1.0252003176339657,0.38520031763396567
MLDB-004031,LOGO,group 8,multi,Fe-Ru,10.1021/acs.organomet.2c00553,0.55,0.8525344869330851,0.30253448693308505
MLDB-004032,LOGO,group 8,multi,Fe-Ru,10.1021/acs.organomet.2c00553,0.33,1.025647427694388,0.695647427694388
MLDB-004033,LOGO,group 8,multi,Fe-Ru,10.1021/acs.organomet.2c00553,1.22,1.0549566661280063,0.16504333387199366
MLDB-004034,LOGO,group 8,multi,Fe-Ru,10.1021/acs.organomet.2c00553,1.08,1.0638648431161726,0.016135156883827495
MLDB-004035,LOGO,group 8,multi,Fe-Ru,10.1021/acs.organomet.2c00553,1.22,1.1516072162499558,0.0683927837500442
MLDB-004036,LOGO,group 8,multi,Fe-Ru,10.1021/acs.organomet.2c00553,1.36,0.8361538519471967,0.5238461480528034
MLDB-004037,LOGO,group 8,multi,Fe-Ru,10.1021/acs.organomet.2c00553,1.26,0.9819528498351471,0.27804715016485293
MLDB-004038,LOGO,group 8,multi,Fe-Ru,10.1021/acs.organomet.2c00553,0.74,0.6790440510049651,0.06095594899503487
MLDB-004039,LOGO,group 8,multi,Fe-Ru,10.1021/acs.organomet.2c00553,0.79,0.9980330449081339,0.2080330449081339
MLDB-004040,LOGO,group 8,multi,Fe-Ru,10.1021/acs.organomet.2c00553,0.42,1.2746649942793737,0.8546649942793738
MLDB-004041,LOGO,group 8,multi,Fe-Ru,10.1021/acs.organomet.2c00553,1.86,0.8623968386254668,0.9976031613745333
MLDB-004042,LOGO,group 8,multi,Fe-Ru,10.1021/acs.organomet.2c00553,0.69,1.0926307815025191,0.4026307815025192
MLDB-004043,LOGO,group 8,multi,Fe-Ru,10.1021/acs.organomet.2c00553,1.09,1.1247927979983385,0.034792797998338454
MLDB-004044,LOGO,group 8,multi,Fe-Ru,10.1021/acs.organomet.2c00553,1.55,1.0937578884437356,0.4562421115562645
MLDB-004045,LOGO,group 8,multi,Fe-Ru,10.1021/acs.organomet.2c00553,1.17,1.2134288345425375,0.04342883454253754
MLDB-004046,LOGO,group 8,multi,Fe-Ru,10.1021/acs.organomet.2c00553,1.4,1.3014415350635833,0.09855846493641662
MLDB-004055,LOGO,group 8,mono,Ru,10.1021/acs.jmedchem.5c02400,-0.5197,0.608831035035786,1.128531035035786
MLDB-004077,LOGO,group 8,mono,Ru,10.1021/acs.jmedchem.4c00624,-1.12,0.4067391231060785,1.5267391231060787
MLDB-004078,LOGO,group 8,multi,Ru,10.1021/acs.jmedchem.4c00624,0.2,0.15249288632850438,0.04750711367149563
MLDB-004099,LOGO,group 8,mono,Ru,10.1039/d3dt01696j,-0.96,0.5570526536435425,1.5170526536435425
MLDB-004101,LOGO,group 8,mono,Ru,10.1039/d3dt01696j,-0.03,0.6451952100539324,0.6751952100539325
MLDB-004103,LOGO,group 8,mono,Ru,10.1039/d3dt01667f,0.0629,0.8021036155694297,0.7392036155694297
MLDB-004109,LOGO,group 8,mono,Ru,10.1039/d3dt02940a,0.3,0.9626493109170804,0.6626493109170803
MLDB-004110,LOGO,group 8,mono,Ru,10.1021/acs.inorgchem.3c03216,-1.853,-0.01607624481966688,1.836923755180333
MLDB-004111,LOGO,group 8,mono,Ru,10.1021/acs.inorgchem.3c03216,-1.524,0.07756370457473925,1.6015637045747393
MLDB-004112,LOGO,group 8,mono,Ru,10.1021/acs.inorgchem.3c03216,-0.81,0.2057640322700332,1.0157640322700332
MLDB-004113,LOGO,group 8,mono,Ru,10.1021/acs.inorgchem.3c03216,-0.212,0.03127570853189645,0.24327570853189645
MLDB-004114,LOGO,group 8,mono,Ru,10.1021/acs.inorgchem.3c03216,0.772,0.3365089251951164,0.43549107480488364
MLDB-004115,LOGO,group 8,mono,Ru,10.1093/nsr/nwae234,-2.01,0.6229104184258908,2.6329104184258907
MLDB-004116,LOGO,group 8,mono,Ru,10.1093/nsr/nwae234,-0.36,1.0371817771559175,1.3971817771559176
MLDB-004117,LOGO,group 8,mono,Ru,10.1093/nsr/nwae234,1.96,1.703546201046202,0.25645379895379805
MLDB-004118,LOGO,group 8,mono,Ru,10.1093/nsr/nwae234,-0.1,0.4262751632650477,0.5262751632650478
MLDB-004119,LOGO,group 8,mono,Ru,10.1093/nsr/nwae234,0.74,0.8525845821852207,0.11258458218522072
MLDB-004120,LOGO,group 8,mono,Ru,10.1093/nsr/nwae234,3.17,1.6887257771899948,1.481274222810005
MLDB-004121,LOGO,group 8,mono,Ru,10.1093/nsr/nwae234,0.41,0.5549164622685092,0.14491646226850924
MLDB-004122,LOGO,group 8,mono,Ru,10.1093/nsr/nwae234,3.43,1.1058809130399008,2.324119086960099
MLDB-004123,LOGO,group 8,mono,Ru,10.1093/nsr/nwae234,3.59,1.6413355219439947,1.9486644780560052
MLDB-004124,LOGO,group 8,mono,Ru,10.1021/acs.inorgchem.3c00736,-0.7,0.2228552279658469,0.9228552279658468
MLDB-004125,LOGO,group 8,mono,Ru,10.1021/acs.inorgchem.3c00736,-0.7,0.391339694162141,1.091339694162141
MLDB-004126,LOGO,group 8,mono,Ru,10.1021/acs.inorgchem.3c00736,0.1,0.9126806955731638,0.8126806955731638
MLDB-004127,LOGO,group 8,mono,Ru,10.1021/acs.inorgchem.3c00736,0.2,1.2470667732610363,1.0470667732610364
MLDB-004139,LOGO,group 8,mono,Ru,10.1039/d0cc01148g,1.36,1.1868965753388796,0.1731034246611205
MLDB-004140,LOGO,group 8,mono,Ru,10.1039/d0cc01148g,0.95,1.3429785971786885,0.39297859717868855
MLDB-004141,LOGO,group 8,mono,Ru,10.1039/d0cc01148g,-0.2,1.1085778740188788,1.3085778740188787
MLDB-004142,LOGO,group 8,mono,Ru,10.1039/d0cc01148g,0.03,1.0954423917827047,1.0654423917827047
MLDB-004149,LOGO,group 8,mono,Ru,10.1134/s1070363220120385,1.01,0.46872038946088357,0.5412796105391164
MLDB-004150,LOGO,group 8,mono,Ru,10.1134/s1070363220120385,0.88,0.30057611183217936,0.5794238881678206
MLDB-004151,LOGO,group 8,mono,Ru,10.1134/s1070363220120385,0.98,0.8804633921123549,0.09953660788764507
MLDB-004162,LOGO,group 8,mono,Ru,10.1021/acs.inorgchem.2c02214,2.52,0.913025193266204,1.606974806733796
MLDB-004163,LOGO,group 8,mono,Ru,10.1021/acs.inorgchem.2c02214,0.06,-0.344574845865821,0.404574845865821
MLDB-004164,LOGO,group 8,mono,Ru,10.1021/acs.inorgchem.2c02214,2.1,0.17152887472588527,1.928471125274115
MLDB-004165,LOGO,group 8,mono,Ru,10.1021/acs.inorgchem.2c02214,1.54,-0.4016562618543952,1.941656261854395
MLDB-004166,LOGO,group 8,mono,Ru,10.1021/acs.inorgchem.2c02214,-0.78,1.1183817350042822,1.8983817350042822
MLDB-004167,LOGO,group 8,mono,Ru,10.1021/acs.inorgchem.2c02214,-1.08,-0.14093183846450522,0.9390681615354949
MLDB-004168,LOGO,group 8,mono,Ru,10.1021/acs.inorgchem.2c02214,-0.25,0.37539779820395175,0.6253977982039518
MLDB-004169,LOGO,group 8,mono,Ru,10.1021/acs.inorgchem.2c02214,-0.88,-0.20206371179796695,0.677936288202033
MLDB-004312,LOGO,group 8,mono,Ru,10.1039/d5sc05555e,2.7,1.341977311008571,1.358022688991429
MLDB-004313,LOGO,group 8,mono,Ru,10.1039/d5sc05555e,2.2,1.3861041153738514,0.8138958846261488
MLDB-004314,LOGO,group 8,mono,Ru,10.1039/d5sc05555e,2.4,1.4826817491120305,0.9173182508879694
MLDB-004320,LOGO,group 8,mono,Ru,10.1155/bca/8899727,0.06,0.23372521966989307,0.17372521966989307
MLDB-004360,LOGO,group 8,mono,Ru,10.1007/s10534-019-00210-7,-2.1,-0.7835003652395456,1.3164996347604545
MLDB-004361,LOGO,group 8,mono,Ru,10.1007/s10534-019-00210-7,-0.6,-0.7930262890855486,0.19302628908554864
MLDB-004368,LOGO,group 8,mono,Ru,10.1016/j.jinorgbio.2022.112110,-0.8,-0.6309417477113807,0.16905825228861937
MLDB-004369,LOGO,group 8,mono,Ru,10.1016/j.jinorgbio.2022.112110,-0.05,-0.21331014718120136,0.16331014718120135
MLDB-004370,LOGO,group 8,mono,Ru,10.1016/j.jinorgbio.2022.112110,0.7,0.2670489555628202,0.43295104443717974
MLDB-004371,LOGO,group 8,mono,Ru,10.1016/j.jinorgbio.2022.112110,0.5,0.017463448134212987,0.48253655186578703
MLDB-004372,LOGO,group 8,mono,Ru,10.1016/j.jinorgbio.2022.112110,1.3,0.4872120488599308,0.8127879511400693
MLDB-004374,LOGO,group 8,mono,Ru,10.1016/j.jphotochem.2025.116897,1.21,1.344235050091754,0.13423505009175396
MLDB-004375,LOGO,group 8,mono,Ru,10.1016/j.jphotochem.2025.116897,0.32,1.3827487861294654,1.0627487861294653
MLDB-004376,LOGO,group 8,mono,Ru,10.1002/chem.202501492,0.07,0.7299958968716649,0.6599958968716648
MLDB-004377,LOGO,group 8,mono,Ru,10.1002/chem.202501492,0.34,0.8869704652520363,0.5469704652520362
MLDB-004378,LOGO,group 8,mono,Ru,10.1002/chem.202501492,-0.66,0.7299527934575006,1.3899527934575007
MLDB-004379,LOGO,group 8,mono,Ru,10.1002/chem.202501492,-0.72,0.9269252826407532,1.6469252826407532
MLDB-004384,LOGO,group 8,mono,Ru,10.1039/d6dt00689b,-0.1,1.2056776178359576,1.3056776178359577
MLDB-004385,LOGO,group 8,mono,Ru,10.1039/d6dt00689b,-0.01,1.1715670547415273,1.1815670547415273
MLDB-004386,LOGO,group 8,mono,Ru,10.1039/d6dt00689b,1.04,1.1644347710980882,0.1244347710980882
MLDB-004387,LOGO,group 8,mono,Ru,10.1016/j.cbi.2025.111842,-1.5,0.7049336951702514,2.2049336951702516
MLDB-004388,LOGO,group 8,mono,Ru,10.1016/j.cbi.2025.111842,0.13,-0.2863795444804506,0.4163795444804506
MLDB-004389,LOGO,group 8,mono,Ru,10.1016/j.cbi.2025.111842,1.39,0.35683165889877133,1.0331683411012285
MLDB-004390,LOGO,group 8,mono,Ru,10.1039/d5ra05336f,-0.93,0.0965803950701537,1.0265803950701538
MLDB-004391,LOGO,group 8,mono,Ru,10.1039/d5ra05336f,-0.77,0.24760112651432709,1.017601126514327
MLDB-004392,LOGO,group 8,mono,Ru,10.1039/d5ra05336f,-0.96,0.25285122526965115,1.212851225269651
MLDB-004393,LOGO,group 8,mono,Ru,10.1039/d5ra05336f,-1.2,0.32234278969337743,1.5223427896933774
MLDB-004394,LOGO,group 8,mono,Ru,10.1039/d5ra08313c,-0.78,0.06965946509969076,0.8496594650996908
MLDB-004395,LOGO,group 8,mono,Ru,10.1039/d5ra08313c,-0.06,0.0018421967487260303,0.06184219674872603
MLDB-004396,LOGO,group 8,mono,Ru,10.1039/d5ra08313c,0.36,0.46830829812502867,0.10830829812502868
MLDB-004397,LOGO,group 8,mono,Ru,10.1039/d5ra08313c,1.76,1.2329636319358945,0.5270363680641055
MLDB-004398,LOGO,group 8,mono,Ru,10.1039/d5ra08313c,1.03,1.2196987628217817,0.18969876282178166
MLDB-004399,LOGO,group 8,mono,Ru,10.1007/s00775-025-02122-z,-0.439,0.5203629429091635,0.9593629429091635
MLDB-004400,LOGO,group 8,mono,Ru,10.1007/s00775-025-02122-z,-0.733,0.2924983099245295,1.0254983099245294
MLDB-004401,LOGO,group 8,mono,Ru,10.1021/acs.inorgchem.5c03244,-2.0,-0.7183181029667645,1.2816818970332355
MLDB-004402,LOGO,group 8,mono,Ru,10.1021/acs.inorgchem.5c03244,-1.35,0.3071376937107743,1.6571376937107745
MLDB-004403,LOGO,group 8,mono,Ru,10.1021/acs.inorgchem.5c03244,-0.36,0.496599155500629,0.8565991555006289
MLDB-004404,LOGO,group 8,mono,Ru,10.1021/acs.inorgchem.5c03244,-0.18,0.6282544946967641,0.808254494696764
MLDB-004405,LOGO,group 8,mono,Ru,10.1021/acs.inorgchem.5c03244,0.36,0.8464253949772752,0.4864253949772752
MLDB-004406,LOGO,group 8,mono,Ru,10.1021/acs.inorgchem.5c03244,0.77,1.4398919131328922,0.6698919131328922
MLDB-004407,LOGO,group 8,mono,Ru,10.1021/acs.inorgchem.5c03244,1.69,1.3488006314697878,0.34119936853021215
MLDB-004408,LOGO,group 8,mono,Ru,10.1021/acs.inorgchem.5c03244,1.67,1.5371149096996366,0.13288509030036333
MLDB-004409,LOGO,group 8,mono,Ru,10.1016/j.jinorgbio.2016.02.020,1.3,1.29886300509402,0.001136994905980071
MLDB-004410,LOGO,group 8,mono,Ru,10.1016/j.jinorgbio.2016.02.020,1.33,1.1195647817439265,0.2104352182560736
MLDB-004411,LOGO,group 8,mono,Ru,10.1016/j.jinorgbio.2016.02.020,1.14,1.102065958101369,0.03793404189863092
MLDB-004412,LOGO,group 8,mono,Ru,10.1016/j.jinorgbio.2016.02.020,1.23,0.9938830301072109,0.23611696989278907
MLDB-004413,LOGO,group 8,mono,Ru,10.1016/j.jinorgbio.2016.02.020,1.06,0.9858411150098111,0.07415888499018897
MLDB-004414,LOGO,group 8,mono,Ru,10.1016/j.jinorgbio.2016.02.020,1.32,1.0182726648613092,0.3017273351386909
MLDB-004415,LOGO,group 8,mono,Ru,10.1016/j.jinorgbio.2016.02.020,1.45,0.8146934278756123,0.6353065721243877
MLDB-004416,LOGO,group 8,mono,Ru,10.1016/j.jinorgbio.2016.02.020,1.08,0.7071835110110088,0.3728164889889912
MLDB-004417,LOGO,group 8,mono,Ru,10.1016/j.jinorgbio.2016.02.020,1.2,0.5110740479412861,0.6889259520587139
MLDB-004418,LOGO,group 8,mono,Ru,10.1016/j.jinorgbio.2016.02.020,1.11,0.4041957994664197,0.7058042005335804
MLDB-004419,LOGO,group 8,mono,Ru,10.1016/j.jinorgbio.2016.02.020,0.98,0.9631387375884135,0.016861262411586475
MLDB-004420,LOGO,group 8,mono,Ru,10.1016/j.jinorgbio.2016.02.020,1.04,0.9179754898663444,0.12202451013365567
MLDB-004421,LOGO,group 8,mono,Ru,10.1016/j.jinorgbio.2016.02.020,1.02,0.7557341086559604,0.26426589134403966
MLDB-004422,LOGO,group 8,mono,Ru,10.1016/j.jinorgbio.2016.02.020,1.18,0.5316592456750995,0.6483407543249005
MLDB-004423,LOGO,group 8,mono,Ru,10.1016/j.jinorgbio.2016.02.020,0.87,0.6657280489748921,0.20427195102510787
MLDB-004424,LOGO,group 8,mono,Ru,10.1016/j.jinorgbio.2016.02.020,1.1,1.1856557739056022,0.08565577390560208
MLDB-004425,LOGO,group 8,mono,Ru,10.1016/j.jinorgbio.2016.02.020,1.15,1.1298112631977837,0.020188736802216223
MLDB-004426,LOGO,group 8,mono,Ru,10.1016/j.jinorgbio.2016.02.020,0.89,1.0717303446679336,0.18173034466793359
MLDB-004427,LOGO,group 8,mono,Ru,10.1016/j.jinorgbio.2016.02.020,0.95,0.7455898358439053,0.2044101641560947
MLDB-004428,LOGO,group 8,mono,Ru,10.1016/j.jinorgbio.2016.02.020,1.01,0.9704281996761009,0.039571800323899065
MLDB-004429,LOGO,group 8,mono,Ru,10.1016/j.jinorgbio.2016.02.020,0.99,1.0093913866357496,0.019391386635749575
MLDB-004430,LOGO,group 8,mono,Ru,10.1016/j.jinorgbio.2016.02.020,0.81,1.050097694952973,0.24009769495297295
MLDB-004431,LOGO,group 8,mono,Ru,10.1016/j.jinorgbio.2016.02.020,0.83,0.5701857073743891,0.25981429262561084
MLDB-004432,LOGO,group 8,mono,Ru,10.1021/acs.jmedchem.5c01371,0.82,0.39093711205990106,0.4290628879400989
MLDB-004433,LOGO,group 8,mono,Ru,10.1021/acs.jmedchem.5c01371,1.27,0.5991440071721621,0.6708559928278379
MLDB-004434,LOGO,group 8,mono,Ru,10.1021/acs.jmedchem.5c01371,1.0,0.10414769569874212,0.8958523043012578
MLDB-004435,LOGO,group 8,mono,Ru,10.1021/acs.jmedchem.5c01371,1.13,-0.06275141919379311,1.192751419193793
MLDB-004436,LOGO,group 8,mono,Ru,10.1021/acs.jmedchem.5c01371,1.42,0.3818803973920365,1.0381196026079635
MLDB-004437,LOGO,group 8,mono,Ru,10.1021/acs.jmedchem.5c01371,1.82,1.198777900334201,0.6212220996657991
MLDB-004438,LOGO,group 8,mono,Ru,10.1021/acs.jmedchem.5c01371,2.21,1.2205272629694504,0.9894727370305496
MLDB-004439,LOGO,group 8,mono,Ru,10.1021/acs.jmedchem.5c01371,1.61,0.7207040537570123,0.8892959462429878
MLDB-004440,LOGO,group 8,mono,Ru,10.1021/acs.jmedchem.5c01371,1.89,0.9420981558432657,0.9479018441567342
MLDB-004441,LOGO,group 8,mono,Ru,10.1016/j.jinorgbio.2025.113080,1.02,0.3586857793306962,0.6613142206693039
MLDB-004442,LOGO,group 8,mono,Ru,10.1016/j.jinorgbio.2025.113080,1.21,0.4669010061782768,0.7430989938217232
MLDB-004443,LOGO,group 8,mono,Ru,10.1002/smll.202503986,0.2759,0.9878908554996714,0.7119908554996714
MLDB-004444,LOGO,group 8,mono,Ru,10.1002/smll.202503986,-0.02381,1.0317974517453568,1.0556074517453569
MLDB-004445,LOGO,group 8,mono,Ru,10.1002/smll.202503986,-0.61603,1.0755359823381068,1.6915659823381066
MLDB-004446,LOGO,group 8,mono,Ru,10.1002/smll.202503986,-0.46199,0.9878908554996714,1.4498808554996714
MLDB-004447,LOGO,group 8,mono,Ru,10.1002/smll.202503986,-0.567,0.9487460769185301,1.51574607691853
MLDB-004448,LOGO,group 8,mono,Ru,10.1002/smll.202503986,-0.81574,1.138793822264558,1.9545338222645579
MLDB-004449,LOGO,group 8,mono,Ru,10.1002/smll.202503986,-0.2077,1.2531528786036232,1.4608528786036232
MLDB-004450,LOGO,group 8,mono,Ru,10.1002/smll.202503986,-0.43192,1.2408870699032384,1.6728070699032385
MLDB-004451,LOGO,group 8,mono,Ru,10.1002/smll.202503986,-0.71609,1.1683238840732313,1.8844138840732314
MLDB-004452,LOGO,group 8,mono,Ru,10.1002/smll.202503986,-0.20022,0.9286178008881154,1.1288378008881155
MLDB-004453,LOGO,group 8,mono,Ru,10.1002/smll.202503986,0.267763,1.4274023297995377,1.1596393297995378
MLDB-004454,LOGO,group 8,mono,Ru,10.1016/j.jinorgbio.2026.113247,1.63,0.7648755987751047,0.8651244012248952
MLDB-004455,LOGO,group 8,mono,Ru,10.1016/j.jinorgbio.2026.113247,1.48,0.9669957719054997,0.5130042280945003
MLDB-004456,LOGO,group 8,mono,Ru,10.3390/biom15040475,-1.9,-0.19184916251794137,1.7081508374820586
MLDB-004457,LOGO,group 8,mono,Ru,10.3390/biom15040475,-0.99,0.49811997573197275,1.4881199757319727
MLDB-004458,LOGO,group 8,mono,Ru,10.3390/biom15040475,-0.74,0.2634097017135776,1.0034097017135775
MLDB-004459,LOGO,group 8,mono,Ru,10.3390/biom15040475,-0.55,0.2317184559767714,0.7817184559767715
MLDB-004460,LOGO,group 8,mono,Ru,10.3390/biom15040475,0.84,0.8590952171597549,0.01909521715975493
MLDB-004461,LOGO,group 8,mono,Ru,10.1039/d5dt00256g,1.67,0.17352637185323314,1.4964736281467668
MLDB-004462,LOGO,group 8,mono,Ru,10.1021/acs.jmedchem.5c02644,0.62,-0.5723246590266221,1.192324659026622
MLDB-004463,LOGO,group 8,mono,Ru,10.1021/acs.jmedchem.5c02644,0.69,0.23988342794685016,0.4501165720531498
MLDB-004464,LOGO,group 8,mono,Ru,10.1021/acs.jmedchem.5c02644,0.51,-0.17575439279859859,0.6857543927985986
MLDB-004465,LOGO,group 8,mono,Ru,10.1021/acs.jmedchem.5c02644,0.82,0.5329778347400876,0.2870221652599123
MLDB-004466,LOGO,group 8,mono,Ru,10.1016/j.jinorgbio.2025.113044,2.42,1.0882655338699654,1.3317344661300345
MLDB-004467,LOGO,group 8,mono,Ru,10.1016/j.jinorgbio.2025.113044,2.07,1.2711860974105746,0.7988139025894252
MLDB-004468,LOGO,group 8,multi,Ru,10.1021/acsomega.5c07975,0.603,1.2496599306592358,0.6466599306592358
MLDB-004469,LOGO,group 8,multi,Ru,10.1021/acsomega.5c07975,1.133,0.7450021984379664,0.38799780156203356
MLDB-004470,LOGO,group 8,mono,Ru,10.1021/acs.jmedchem.5c00790,0.15,0.7695255412426206,0.6195255412426206
MLDB-004471,LOGO,group 8,mono,Ru,10.1021/acs.jmedchem.5c00790,-0.33,0.8589111734456255,1.1889111734456255
MLDB-004472,LOGO,group 8,mono,Ru,10.1021/acs.jmedchem.5c00790,-0.11,1.3231622596176689,1.433162259617669
MLDB-004473,LOGO,group 8,mono,Ru,10.1021/acs.jmedchem.5c00790,0.09,1.4125478918206726,1.3225478918206726
MLDB-004474,LOGO,group 8,mono,Ru,10.1021/acs.jmedchem.5c00790,0.048,1.0087503082280518,0.9607503082280517
MLDB-004475,LOGO,group 8,mono,Ru,10.1021/acs.jmedchem.5c00790,0.16,1.1144907509956157,0.9544907509956156
MLDB-004476,LOGO,group 8,mono,Ru,10.1021/acs.jmedchem.5c00790,-0.68,1.0131090619218721,1.6931090619218723
MLDB-004477,LOGO,group 8,mono,Ru,10.1021/acs.jmedchem.5c00790,-0.37,1.1047215475980066,1.4747215475980067
MLDB-004478,LOGO,group 8,mono,Ru,10.1021/acs.jmedchem.5c00790,-1.63,1.0645133010891752,2.694513301089175
MLDB-004479,LOGO,group 8,mono,Ru,10.1021/acs.jmedchem.5c00790,-0.48,1.1483328831502735,1.6283328831502735
MLDB-004480,LOGO,group 8,mono,Ru,10.1021/acs.jmedchem.5c00790,-0.36,0.8672777433864995,1.2272777433864994
MLDB-004481,LOGO,group 8,mono,Ru,10.1021/acs.jmedchem.5c00790,-1.48,0.9566633755895044,2.4366633755895046
MLDB-004482,LOGO,group 8,mono,Ru,10.1021/acs.jmedchem.5c00790,-0.34,1.491351175639589,1.831351175639589
MLDB-004483,LOGO,group 8,mono,Ru,10.1021/acs.jmedchem.5c00790,-1.26,1.5807368078425945,2.8407368078425943
MLDB-004484,LOGO,group 8,mono,Ru,10.1021/acs.jmedchem.5c00790,-0.55,1.0581829519136015,1.6081829519136015
MLDB-004485,LOGO,group 8,mono,Ru,10.1021/acs.jmedchem.5c00790,-1.33,1.1639233946811656,2.4939233946811656
MLDB-004486,LOGO,group 8,mono,Ru,10.1021/acs.jmedchem.5c00790,-1.02,1.2010921126023737,2.2210921126023737
MLDB-004487,LOGO,group 8,mono,Ru,10.1021/acs.jmedchem.5c00790,-1.35,1.2927045982785075,2.642704598278508
MLDB-004488,LOGO,group 8,mono,Ru,10.1021/acs.jmedchem.5c00790,-1.02,1.2231142432105082,2.243114243210508
MLDB-004489,LOGO,group 8,mono,Ru,10.1021/acs.jmedchem.5c00790,-3.06,1.3124998754135122,4.372499875413512
MLDB-004490,LOGO,group 8,mono,Ru,10.1016/j.inoche.2025.115038,-1.0074,0.7744986439892081,1.7818986439892082
MLDB-004491,LOGO,group 8,mono,Ru,10.1016/j.inoche.2025.115038,-1.7194,1.0186302415960877,2.7380302415960878
MLDB-004492,LOGO,group 8,mono,Ru,10.1021/acs.jmedchem.5c01643,-0.264,1.0580899483013742,1.3220899483013742
MLDB-004493,LOGO,group 8,mono,Ru,10.1021/acs.jmedchem.5c01643,0.062,1.0596565426433109,0.9976565426433108
MLDB-004494,LOGO,group 8,mono,Ru,10.1021/acs.jmedchem.5c01643,-0.96,0.9301208242916404,1.8901208242916403
MLDB-004495,LOGO,group 8,mono,Ru,10.1021/acs.jmedchem.5c01643,-1.78,0.22651092996303684,2.006510929963037
MLDB-004496,LOGO,group 8,mono,Ru,10.1021/acs.jmedchem.5c01643,-0.732,1.0127747253597805,1.7447747253597805
MLDB-004497,LOGO,group 8,multi,Ru,10.1002/aoc.70133,-0.82,0.7670944563584847,1.5870944563584848
MLDB-004498,LOGO,group 8,multi,Ru,10.1002/aoc.70133,0.78,0.8781931805099672,0.09819318050996717
MLDB-004500,LOGO,group 8,multi,Ru,10.1002/aoc.70133,-1.1,0.7782957601455304,1.8782957601455306
MLDB-004501,LOGO,group 8,multi,Ru,10.1002/aoc.70133,-0.77,1.0182888062647593,1.7882888062647593
MLDB-004502,LOGO,group 8,mono,Ru,10.1021/acs.jmedchem.5c02210,1.33,1.04099907238453,0.28900092761547014
MLDB-004506,LOGO,group 8,multi,Ru,10.1002/aoc.70146,1.64,1.3645446362766203,0.27545536372337964
MLDB-004507,LOGO,group 8,multi,Ru,10.1002/aoc.70146,2.23,1.5107632552781596,0.7192367447218404
MLDB-004508,LOGO,group 8,multi,Ru,10.1002/aoc.70146,1.93,1.4050145724868663,0.5249854275131336
MLDB-004516,LOGO,group 8,multi,Ru,10.1002/cbic.202500057,1.64,1.377575466477032,0.2624245335229678
MLDB-004517,LOGO,group 8,multi,Ru,10.1002/cbic.202500057,2.23,1.2199989728770912,1.0100010271229087
MLDB-004518,LOGO,group 8,multi,Ru,10.1002/cbic.202500057,1.93,1.3384374269115762,0.5915625730884237
MLDB-004519,LOGO,group 8,mono,Ru,10.1021/acs.jmedchem.5c02006,-0.42,-0.20327452717129166,0.21672547282870833
MLDB-004520,LOGO,group 8,mono,Ru,10.1021/acs.jmedchem.5c02006,0.62,0.34484710812406033,0.27515289187593966
MLDB-004521,LOGO,group 8,mono,Ru,10.1021/acs.jmedchem.5c02006,1.72,0.7872671393684982,0.9327328606315017
MLDB-004522,LOGO,group 8,mono,Ru,10.1021/acs.inorgchem.5c04797,0.57,-0.25068048665869813,0.8206804866586981
MLDB-004523,LOGO,group 8,mono,Ru,10.1021/acs.inorgchem.5c04797,0.62,0.19590291131552806,0.42409708868447193
MLDB-004524,LOGO,group 8,mono,Ru,10.1021/acs.inorgchem.5c04797,0.52,0.2963154062792696,0.2236845937207304
MLDB-004525,LOGO,group 8,mono,Ru,10.1021/acs.inorgchem.5c04797,1.03,1.8989138735734217,0.8689138735734216
MLDB-004526,LOGO,group 8,mono,Ru,10.1002/chem.202502095,1.17,0.816783380522156,0.3532166194778439
MLDB-004533,LOGO,group 8,mono,Ru,10.1039/d3dt04138g,0.88,1.2222479132291213,0.3422479132291213
MLDB-004534,LOGO,group 8,mono,Ru,10.1039/d3dt04138g,2.06,1.4177850277575854,0.6422149722424146
MLDB-004537,LOGO,group 8,mono,Ru,10.1039/d3dt04138g,1.48,1.4173850682230464,0.06261493177695354
MLDB-004538,LOGO,group 8,mono,Ru,10.1039/d3dt04138g,2.61,1.637624138796496,0.9723758612035038
MLDB-004541,LOGO,group 8,mono,Ru,10.1039/d3dt04138g,1.96,1.4943064863019282,0.46569351369807177
MLDB-004542,LOGO,group 8,mono,Ru,10.1039/d3dt04138g,3.02,1.7626640106461895,1.2573359893538105
MLDB-004543,LOGO,group 8,mono,Ru,10.1016/j.bioorg.2025.108213,0.97,1.2387913683444396,0.2687913683444396
MLDB-004544,LOGO,group 8,mono,Ru,10.1016/j.bioorg.2025.108213,0.37,1.446419796702247,1.0764197967022469
MLDB-004545,LOGO,group 8,mono,Ru,10.1016/j.bioorg.2025.108213,0.43,1.267562017140597,0.8375620171405971
MLDB-004546,LOGO,group 8,mono,Ru,10.1016/j.jinorgbio.2025.113134,-1.14,1.313858761821553,2.453858761821553
MLDB-004547,LOGO,group 8,mono,Ru,10.1016/j.jinorgbio.2025.113134,0.14,1.4944403733629714,1.3544403733629715
MLDB-004548,LOGO,group 8,mono,Ru,10.1039/d5sc03778f,1.33,1.3000862051427393,0.029913794857260756
MLDB-004550,LOGO,group 8,mono,Ru,10.1016/j.jinorgbio.2025.113056,-0.36,0.2842708972510032,0.6442708972510032
MLDB-004551,LOGO,group 8,mono,Ru,10.1016/j.jinorgbio.2025.113056,0.94,1.3228918966368874,0.3828918966368875
MLDB-004552,LOGO,group 8,mono,Ru,10.1021/acs.inorgchem.5c04859,-1.26,0.34750735119098936,1.6075073511909894
MLDB-004553,LOGO,group 8,mono,Ru,10.1021/acs.inorgchem.5c04859,-1.47,0.2655532046003764,1.7355532046003763
MLDB-004554,LOGO,group 8,mono,Ru,10.1021/acs.inorgchem.5c04859,-0.19,0.2303142685914009,0.42031426859140086
MLDB-004555,LOGO,group 8,mono,Ru,10.1021/acs.inorgchem.5c04859,-0.32,0.13998837311732093,0.45998837311732094
MLDB-004562,LOGO,group 8,multi,Ru,10.1002/aoc.7574,1.23,1.2189826969344306,0.011017303065569362
MLDB-004563,LOGO,group 8,multi,Ru,10.1002/aoc.7574,1.53,1.1840021556739029,0.34599784432609715
MLDB-004564,LOGO,group 8,multi,Ru,10.1002/aoc.7574,1.86,1.1150270424238107,0.7449729575761894
MLDB-004565,LOGO,group 8,mono,Ru,10.1002/anie.202405679,0.63,0.38380351332651635,0.24619648667348365
MLDB-004566,LOGO,group 8,mono,Ru,10.1002/anie.202405679,0.8,1.1947206100819425,0.3947206100819425
MLDB-004567,LOGO,group 8,mono,Ru,10.1002/anie.202405679,0.37,1.216646020890908,0.846646020890908
MLDB-004568,LOGO,group 8,multi,Ru,10.1021/acsami.4c11650,-0.269,1.0340301810037076,1.3030301810037077
MLDB-004569,LOGO,group 8,multi,Ru,10.1021/acsami.4c11650,-0.1214,0.7020922933909345,0.8234922933909344
MLDB-004570,LOGO,group 8,multi,Ru,10.1021/acsami.4c11650,0.0094,0.9529277924259965,0.9435277924259965
MLDB-004571,LOGO,group 8,multi,Ru,10.1021/acsami.4c11650,0.0434,1.4082565863747791,1.364856586374779
MLDB-004572,LOGO,group 8,mono,Ru,10.1016/j.jinorgbio.2024.112517,0.066,0.13847380632426215,0.07247380632426215
MLDB-004573,LOGO,group 8,mono,Ru,10.1016/j.jinorgbio.2024.112517,0.641,0.9960543316144469,0.3550543316144469
MLDB-004574,LOGO,group 8,mono,Ru,10.1016/j.jinorgbio.2024.112517,0.683,0.2012765596887941,0.48172344031120595
MLDB-004575,LOGO,group 8,mono,Ru,10.1016/j.jinorgbio.2024.112517,1.003,1.1100047206471337,0.10700472064713384
MLDB-004577,LOGO,group 8,mono,Ru,10.1016/j.jinorgbio.2024.112703,-0.11,-0.04170224434559694,0.06829775565440306
MLDB-004578,LOGO,group 8,mono,Ru,10.1016/j.jinorgbio.2024.112703,-0.25,0.07665854609884143,0.32665854609884143
MLDB-004579,LOGO,group 8,mono,Ru,10.1016/j.jinorgbio.2023.112424,0.126,-0.6632024801267575,0.7892024801267575
MLDB-004580,LOGO,group 8,mono,Ru,10.1016/j.jinorgbio.2023.112424,-0.371,-0.8681073614354765,0.4971073614354765
MLDB-004581,LOGO,group 8,mono,Ru,10.1016/j.jinorgbio.2023.112424,-0.49,-0.7978094185649368,0.3078094185649368
MLDB-004582,LOGO,group 8,mono,Ru,10.1016/j.jinorgbio.2023.112424,-0.627,-0.9236952299857943,0.29669522998579434
MLDB-004583,LOGO,group 8,multi,Ru,10.1021/acs.inorgchem.4c01265,1.73,1.4108189852539275,0.3191810147460725
MLDB-004584,LOGO,group 8,multi,Ru,10.1021/acs.inorgchem.4c01265,1.94,1.383536568776167,0.556463431223833
MLDB-004585,LOGO,group 8,multi,Ru,10.1021/acs.inorgchem.4c01265,2.23,1.2882349048672312,0.9417650951327687
MLDB-004587,LOGO,group 8,mono,Ru,10.1021/acs.inorgchem.3c04382,-2.2,0.7477144726919392,2.9477144726919393
MLDB-004588,LOGO,group 8,mono,Ru,10.1021/acs.inorgchem.3c04382,-1.9,0.6889517369311838,2.588951736931184
MLDB-004589,LOGO,group 8,mono,Ru,10.1021/acs.inorgchem.3c04382,-1.2,0.7887314476203274,1.9887314476203275
MLDB-004590,LOGO,group 8,mono,Ru,10.1021/acs.inorgchem.3c04382,-0.3,1.3140305731361248,1.6140305731361249
MLDB-004591,LOGO,group 8,mono,Ru,10.1021/acs.inorgchem.3c04382,1.2,1.0412639079418613,0.15873609205813866
MLDB-004592,LOGO,group 8,mono,Ru,10.1021/acs.inorgchem.3c04382,1.5,1.039069021683305,0.46093097831669505
MLDB-004593,LOGO,group 8,mono,Ru,10.1021/acs.inorgchem.3c04382,2.2,0.9300398292095059,1.2699601707904944
MLDB-004594,LOGO,group 8,mono,Ru,10.1039/d2md00430e,1.2,0.8814858746709485,0.31851412532905143
MLDB-004595,LOGO,group 8,mono,Ru,10.1039/d2md00430e,0.21,0.3542569822552644,0.14425698225526443
MLDB-004596,LOGO,group 8,mono,Ru,10.1039/d2md00430e,-1.3,0.020610926410705856,1.320610926410706
MLDB-004597,LOGO,group 8,mono,Ru,10.3390/ijms24065980,-1.2,-0.6148207347519336,0.5851792652480664
MLDB-004598,LOGO,group 8,mono,Ru,10.3390/ijms24065980,-0.1,-0.09921578188873668,0.0007842181112633212
MLDB-004599,LOGO,group 8,mono,Ru,10.3390/ijms24065980,0.8,-0.09612309729918922,0.8961230972991893
MLDB-004600,LOGO,group 8,mono,Ru,10.1016/j.jinorgbio.2019.110922,0.04,-0.6233684654393107,0.6633684654393107
MLDB-004601,LOGO,group 8,mono,Ru,10.1016/j.jinorgbio.2019.110922,0.11,-0.6233684654393107,0.7333684654393107
MLDB-004602,LOGO,group 8,mono,Ru,10.1016/j.jinorgbio.2019.110922,0.57,-0.6355655067769933,1.2055655067769933
MLDB-004603,LOGO,group 8,mono,Ru,10.1016/j.jinorgbio.2019.110922,1.1,-0.6355655067769933,1.7355655067769935
MLDB-004604,LOGO,group 8,mono,Ru,10.1016/j.jinorgbio.2019.110922,1.18,-0.6355655067769933,1.8155655067769931
MLDB-004605,LOGO,group 8,mono,Ru,10.1016/j.jinorgbio.2019.110922,1.36,-0.6355655067769933,1.9955655067769933
MLDB-004606,LOGO,group 8,mono,Ru,10.1016/j.jinorgbio.2019.110922,1.39,-0.6355655067769933,2.025565506776993
MLDB-004607,LOGO,group 8,mono,Ru,10.1016/j.jinorgbio.2019.110922,0.17,0.17565968547278757,0.005659685472787557
MLDB-004608,LOGO,group 8,mono,Ru,10.1016/j.jinorgbio.2019.110922,0.68,0.17565968547278757,0.5043403145272125
MLDB-004609,LOGO,group 8,mono,Ru,10.1016/j.jinorgbio.2019.110922,1.3,0.18912386583089702,1.1108761341691031
MLDB-004610,LOGO,group 8,mono,Ru,10.1016/j.jinorgbio.2019.110922,1.0,0.18912386583089702,0.810876134169103
MLDB-004611,LOGO,group 8,mono,Ru,10.1016/j.jinorgbio.2019.110922,1.4,0.18912386583089702,1.2108761341691028
MLDB-004612,LOGO,group 8,mono,Ru,10.1016/j.jinorgbio.2019.110922,1.5,0.18912386583089702,1.3108761341691029
MLDB-004613,LOGO,group 8,mono,Ru,10.1016/j.jinorgbio.2019.110922,1.63,0.18912386583089702,1.4408761341691028
MLDB-004614,LOGO,group 8,mono,Ru,10.1016/j.jinorgbio.2019.110922,1.7,0.18912386583089702,1.510876134169103
MLDB-004615,LOGO,group 8,mono,Ru,10.1016/j.jinorgbio.2019.110922,0.83,0.14686762215200352,0.6831323778479964
MLDB-004616,LOGO,group 8,mono,Ru,10.1016/j.jinorgbio.2019.110922,1.33,0.14686762215200352,1.1831323778479965
MLDB-004617,LOGO,group 8,mono,Ru,10.1016/j.jinorgbio.2019.110922,1.37,0.14686762215200352,1.2231323778479966
MLDB-004618,LOGO,group 8,mono,Ru,10.1016/j.jinorgbio.2019.110922,1.45,0.1334646430342362,1.3165353569657638
MLDB-004619,LOGO,group 8,mono,Ru,10.1016/j.jinorgbio.2019.110922,1.62,0.1334646430342362,1.486535356965764
MLDB-004620,LOGO,group 8,mono,Ru,10.1016/j.jinorgbio.2019.110922,1.81,0.1334646430342362,1.676535356965764
MLDB-004621,LOGO,group 8,mono,Ru,10.1016/j.jinorgbio.2019.110922,2.1,0.1334646430342362,1.966535356965764
MLDB-004622,LOGO,group 8,mono,Ru,10.1002/cmdc.202300065,-0.76,0.1441142525998064,0.9041142525998064
MLDB-004623,LOGO,group 8,mono,Ru,10.1002/cmdc.202300065,-0.21,0.46531130185651576,0.6753113018565158
MLDB-004624,LOGO,group 8,mono,Ru,10.1002/cmdc.202300065,-0.12,0.47230144635208704,0.592301446352087
MLDB-004625,LOGO,group 8,mono,Ru,10.1002/cmdc.202300065,-0.31,0.7081947521209221,1.018194752120922
MLDB-004626,LOGO,group 8,mono,Ru,10.1002/cmdc.202300065,-2.14,-0.5364264236870673,1.6035735763129328
MLDB-004627,LOGO,group 8,mono,Ru,10.1039/d3dt00059a,-0.07,-0.4853762516284748,0.4153762516284748
MLDB-004628,LOGO,group 8,mono,Ru,10.1039/d3dt00059a,-0.49,-0.24301952739408317,0.24698047260591682
MLDB-004629,LOGO,group 8,mono,Ru,10.1039/d3dt00059a,-0.19,-0.9046819998217261,0.7146819998217262
MLDB-004630,LOGO,group 8,mono,Ru,10.1039/d3dt00059a,-0.91,-0.38653269252637484,0.5234673074736251
MLDB-004631,LOGO,group 8,mono,Ru,10.1039/d3dt00059a,-0.72,-0.7373824801706222,0.017382480170622272
MLDB-004632,LOGO,group 8,mono,Ru,10.1016/j.jinorgbio.2023.112175,0.32,0.5963774561910185,0.27637745619101844
MLDB-004633,LOGO,group 8,mono,Ru,10.1016/j.jinorgbio.2023.112175,0.04,0.022955719132209448,0.017044280867790553
MLDB-004634,LOGO,group 8,mono,Ru,10.1016/j.jinorgbio.2023.112175,0.39,0.07095247878081681,0.3190475212191832
MLDB-004635,LOGO,group 8,mono,Ru,10.1016/j.jinorgbio.2023.112175,1.13,1.1425259695219878,0.012525969521987923
MLDB-004636,LOGO,group 8,mono,Ru,10.1021/acs.inorgchem.3c02606,1.5,1.170982174056481,0.329017825943519
MLDB-004637,LOGO,group 8,mono,Ru,10.1021/acs.inorgchem.3c02606,1.6,0.7537994992325139,0.8462005007674862
MLDB-004638,LOGO,group 8,mono,Ru,10.1021/acs.inorgchem.3c02606,1.0,0.5231624589782176,0.47683754102178244
MLDB-004639,LOGO,group 8,mono,Ru,10.1021/acs.inorgchem.3c02606,1.3,0.7318715903855965,0.5681284096144036
MLDB-004640,LOGO,group 8,mono,Ru,10.1039/d3dt03480a,-1.215,-0.604334581243984,0.6106654187560161
MLDB-004641,LOGO,group 8,mono,Ru,10.1039/d3dt03480a,0.336,0.5353177158874662,0.19931771588746622
MLDB-004642,LOGO,group 8,mono,Ru,10.3390/molecules28041529,-0.139,0.6473881245429125,0.7863881245429125
MLDB-004643,LOGO,group 8,mono,Ru,10.3390/molecules28041529,-0.07,0.6589515878453823,0.7289515878453823
MLDB-004644,LOGO,group 8,mono,Ru,10.3390/molecules28041529,-0.869,0.9299273658972395,1.7989273658972396
MLDB-004645,LOGO,group 8,mono,Ru,10.3390/molecules28041529,-0.71,1.0093905631329598,1.7193905631329598
MLDB-004646,LOGO,group 8,multi,Ru,10.1021/acs.inorgchem.3c00073,-0.56,0.7696052188927117,1.3296052188927119
MLDB-004647,LOGO,group 8,multi,Ru,10.1021/acs.inorgchem.3c00073,-0.422,1.0249421016415434,1.4469421016415434
MLDB-004648,LOGO,group 8,multi,Ru,10.1021/acs.inorgchem.3c00073,-0.186,0.5482977889273624,0.7342977889273623
MLDB-004649,LOGO,group 8,multi,Ru,10.1021/acs.inorgchem.3c00073,-0.634,1.0267834142357501,1.66078341423575
MLDB-004650,LOGO,group 8,multi,Ru,10.1021/acs.inorgchem.3c00073,-0.472,1.3163411891100654,1.7883411891100653
MLDB-004651,LOGO,group 8,multi,Ru,10.1021/acs.inorgchem.3c00073,-0.359,0.8504672788416081,1.209467278841608
MLDB-004652,LOGO,group 8,mono,Ru,10.1039/d3sc01844j,2.43,0.9813926220765183,1.4486073779234818
MLDB-004653,LOGO,group 8,mono,Ru,10.1039/d3sc01844j,0.68,1.4770613091167966,0.7970613091167965
MLDB-004654,LOGO,group 8,mono,Ru,10.3389/fchem.2022.1035741,1.1445,0.19965352473019937,0.9448464752698007
MLDB-004655,LOGO,group 8,mono,Ru,10.3389/fchem.2022.1035741,0.9681,0.7765536748477012,0.19154632515229875
MLDB-004656,LOGO,group 8,mono,Ru,10.3389/fchem.2022.1035741,1.7885,0.8876760971850962,0.9008239028149038
MLDB-004657,LOGO,group 8,mono,Ru,10.1002/chem.202103359,-2.02,-0.3764856537842643,1.6435143462157358
MLDB-004658,LOGO,group 8,mono,Ru,10.1002/chem.202103359,-1.03,0.07515784111178372,1.1051578411117837
MLDB-004659,LOGO,group 8,mono,Ru,10.1002/chem.202103359,-0.88,-0.4347582896625335,0.4452417103374665
MLDB-004662,LOGO,group 8,multi,Ru,10.1002/anie.202208721,0.18,0.8816253994089264,0.7016253994089263
MLDB-004668,LOGO,group 8,mono,Ru,10.1016/j.jinorgbio.2021.111666,1.29,-0.1564796701477469,1.446479670147747
MLDB-004669,LOGO,group 8,mono,Ru,10.3390/molecules27061897,-1.145,0.5804471175561899,1.72544711755619
MLDB-004670,LOGO,group 8,mono,Ru,10.3390/molecules27061897,-1.251,0.8066664717047868,2.0576664717047866
MLDB-004671,LOGO,group 8,mono,Ru,10.3390/molecules27061897,-0.6615,0.8099468685723115,1.4714468685723114
MLDB-004672,LOGO,group 8,mono,Ru,10.3390/molecules27061897,-1.414,0.5949607970667068,2.008960797066707
MLDB-004673,LOGO,group 8,mono,Ru,10.3390/molecules27061897,-1.428,0.7228785751104633,2.1508785751104633
MLDB-004674,LOGO,group 8,mono,Ru,10.3390/molecules27061897,-0.8077,0.7177306249351451,1.525430624935145
MLDB-004675,LOGO,group 8,mono,Ru,10.1021/acs.inorgchem.1c01651,-0.701,-0.9773715573686143,0.2763715573686143
MLDB-004676,LOGO,group 8,mono,Ru,10.1021/acs.inorgchem.1c01651,-0.451,-0.9437821776277114,0.4927821776277114
MLDB-004677,LOGO,group 8,mono,Ru,10.1021/acs.inorgchem.1c01651,-1.038,-0.9667549866454349,0.07124501335456512
MLDB-004678,LOGO,group 8,mono,Ru,10.1039/d2qi01079h,0.7,0.6106134022434049,0.08938659775659508
MLDB-004679,LOGO,group 8,mono,Ru,10.1039/d2qi01079h,-0.5,0.6293617368262255,1.1293617368262256
MLDB-004680,LOGO,group 8,mono,Ru,10.1111/php.13573,-1.22,0.5578675645203212,1.7778675645203212
MLDB-004681,LOGO,group 8,mono,Ru,10.1111/php.13573,-0.26,0.660478698006708,0.920478698006708
MLDB-004682,LOGO,group 8,multi,Ru,10.1039/d2sc01518h,0.741,0.47299540707374155,0.26800459292625844
MLDB-004721,LOGO,group 8,multi,Ru,10.1002/aoc.5785,-0.37,0.2981364333626909,0.6681364333626909
MLDB-004722,LOGO,group 8,multi,Os,10.1002/aoc.5785,0.03,0.3372847570028727,0.3072847570028727
MLDB-004724,LOGO,group 8,multi,Ru,10.1002/aoc.5785,-0.24,0.22643604207563447,0.4664360420756345
MLDB-004725,LOGO,group 8,multi,Os,10.1002/aoc.5785,0.15,0.27203052590055476,0.12203052590055477
MLDB-004753,LOGO,group 8,mono,Ru,10.1021/jacs.5c20295,-1.7,0.045780549500074506,1.7457805495000744
MLDB-004754,LOGO,group 8,mono,Ru,10.1021/jacs.5c20295,0.8,0.11898109521126164,0.6810189047887384
MLDB-004756,LOGO,group 8,mono,Ru,10.1021/acs.inorgchem.9b01044,0.66,0.6039621224013716,0.05603787759862844
MLDB-004757,LOGO,group 8,mono,Ru,10.1021/acs.inorgchem.9b01044,1.15,0.6406489870465981,0.5093510129534018
MLDB-004758,LOGO,group 8,mono,Ru,10.1021/acs.inorgchem.9b01044,1.55,0.8526174190105017,0.6973825809894983
MLDB-004759,LOGO,group 8,mono,Ru,10.1021/acs.inorgchem.9b01044,1.75,0.8464440227162,0.9035559772838
MLDB-004779,LOGO,group 8,mono,Ru,10.1021/acs.inorgchem.9b03585,0.11,0.819769914777701,0.709769914777701
MLDB-004780,LOGO,group 8,mono,Ru,10.1021/acs.inorgchem.9b03585,0.32,1.0147306127418088,0.6947306127418087
MLDB-004781,LOGO,group 8,mono,Ru,10.1021/acs.inorgchem.9b03585,0.23,0.4765840016671789,0.2465840016671789
MLDB-004785,LOGO,group 8,mono,Ru,10.1021/acs.inorgchem.1c02796,1.15,0.8552443490739414,0.2947556509260585
MLDB-004786,LOGO,group 8,mono,Ru,10.1021/acs.inorgchem.1c02796,-0.17,-0.5935325125535792,0.42353251255357915
MLDB-004787,LOGO,group 8,mono,Ru,10.1021/acs.inorgchem.1c02796,-0.33,-0.734053376109361,0.40405337610936104
MLDB-004788,LOGO,group 8,mono,Ru,10.1021/acs.inorgchem.1c02796,0.79,-0.41149132484495415,1.2014913248449541
MLDB-004789,LOGO,group 8,mono,Ru,10.1021/acs.inorgchem.1c02796,0.52,-0.7527515580914453,1.2727515580914455
MLDB-004790,LOGO,group 8,mono,Ru,10.1021/acs.inorgchem.1c02796,0.78,-0.5429865130684792,1.3229865130684793
MLDB-004791,LOGO,group 8,mono,Ru,10.1021/acs.inorgchem.1c02796,0.99,0.5739504101101434,0.41604958988985663
MLDB-004795,LOGO,group 8,mono,Ru,10.3390/ijms222413468,0.6,0.09273929151101862,0.5072607084889813
MLDB-004796,LOGO,group 8,mono,Ru,10.3390/ijms222413468,1.3,0.16238672839999993,1.1376132716
MLDB-004801,LOGO,group 8,mono,Fe,10.1016/j.molstruc.2021.130417,0.59,-0.7981663135864919,1.388166313586492
MLDB-004802,LOGO,group 8,mono,Fe,10.1016/j.molstruc.2021.130417,0.28,-0.7481047643933748,1.0281047643933747
MLDB-004803,LOGO,group 8,mono,Fe,10.1016/j.molstruc.2021.130417,0.43,-0.7858572290036913,1.2158572290036913
MLDB-004804,LOGO,group 8,mono,Ru,10.1016/j.jinorgbio.2008.06.004,1.16,0.41895164688414555,0.7410483531158544
MLDB-004805,LOGO,group 8,mono,Ru,10.1016/j.jinorgbio.2008.06.004,-1.27,-0.26878305817569614,1.0012169418243038
MLDB-004806,LOGO,group 8,mono,Ru,10.1016/j.jinorgbio.2008.06.004,0.38,0.8240152314282162,0.4440152314282162
MLDB-004807,LOGO,group 8,mono,Ru,10.1016/j.jinorgbio.2008.06.004,-2.0,-0.43643848862788887,1.563561511372111
MLDB-004906,LOGO,group 8,mono,Os,10.1021/acsami.9b19776,-1.114,0.3619068279489104,1.4759068279489105
MLDB-004907,LOGO,group 8,mono,Os,10.1021/acsami.9b19776,-1.635,0.0783486330283874,1.7133486330283874
MLDB-004961,LOGO,group 8,mono,Ru,10.1002/asia.70946,-0.43,0.6334444315748287,1.0634444315748286
MLDB-004962,LOGO,group 8,mono,Ru,10.1002/asia.70946,0.216,0.6717325997148318,0.4557325997148318
MLDB-004963,LOGO,group 8,mono,Ru,10.1002/asia.70946,-0.194,1.2140541814897547,1.4080541814897547
MLDB-004964,LOGO,group 8,mono,Ru,10.1002/asia.70946,0.102,1.071919648629267,0.969919648629267
MLDB-004965,LOGO,group 8,mono,Ru,10.1016/j.jinorgbio.2026.113291,-0.31,-1.4025093563384792,1.0925093563384791
MLDB-004966,LOGO,group 8,mono,Ru,10.1016/j.jinorgbio.2026.113291,-0.57,-1.17245907089924,0.60245907089924
MLDB-004967,LOGO,group 8,mono,Ru,10.1016/j.jinorgbio.2026.113291,-0.87,-1.5788134696937683,0.7088134696937683
MLDB-004968,LOGO,group 8,mono,Ru,10.1016/j.jinorgbio.2026.113291,-1.35,-1.2218217453683309,0.1281782546316692
MLDB-004969,LOGO,group 8,mono,Ru,10.1016/j.poly.2026.118306,0.314,-0.2237667860435534,0.5377667860435534
MLDB-004970,LOGO,group 8,mono,Ru,10.1016/j.poly.2026.118306,-0.326,0.4417686656711637,0.7677686656711638
MLDB-004974,LOGO,group 8,mono,Ru,10.1016/j.inoche.2026.117392,0.9,0.7224957111025501,0.17750428889744996
MLDB-004975,LOGO,group 8,mono,Ru,10.1016/j.inoche.2026.117392,0.45,1.0813876286603537,0.6313876286603537
MLDB-004976,LOGO,group 8,mono,Ru,10.1021/acs.analchem.9b03566,1.3,0.6648050378907453,0.6351949621092547
MLDB-004977,LOGO,group 8,mono,Ru,10.1021/acs.jmedchem.1c00360,-0.39,-0.8033138106749056,0.4133138106749056
MLDB-004978,LOGO,group 8,mono,Ru,10.1021/acs.jmedchem.1c00360,-0.42,-0.596647395689733,0.17664739568973303
MLDB-004979,LOGO,group 8,mono,Ru,10.1021/acs.jmedchem.1c00360,-0.21,-0.44273496744920704,0.23273496744920705
MLDB-004980,LOGO,group 8,mono,Ru,10.1021/acs.jmedchem.1c00360,-0.09,-0.8387280528021561,0.7487280528021562
MLDB-004981,LOGO,group 8,mono,Ru,10.1021/acs.jmedchem.1c00360,-0.43,-0.9365719325533891,0.5065719325533891
MLDB-004982,LOGO,group 8,mono,Ru,10.1021/acs.jmedchem.1c00360,-0.56,-0.7410416212529567,0.18104162125295664
MLDB-004983,LOGO,group 8,mono,Ru,10.1021/acs.jmedchem.1c00360,-0.8,-0.9084991219158104,0.10849912191581035
MLDB-004984,LOGO,group 8,mono,Ru,10.1021/acs.jmedchem.1c00360,-0.67,-0.948935180811725,0.27893518081172497
MLDB-004985,LOGO,group 8,mono,Ru,10.1021/acs.jmedchem.1c00360,-0.63,-0.9288996635462435,0.29889966354624353
MLDB-004986,LOGO,group 8,mono,Ru,10.1021/acs.jmedchem.1c00360,-0.12,-0.9901752376958948,0.8701752376958948
MLDB-004987,LOGO,group 8,mono,Ru,10.1021/acs.jmedchem.1c00360,-1.09,-0.7698607801635409,0.3201392198364592
MLDB-004988,LOGO,group 8,mono,Ru,10.1016/j.jinorgbio.2017.08.018,-0.33,0.2599075318721277,0.5899075318721276
MLDB-004989,LOGO,group 8,mono,Ru,10.1016/j.jinorgbio.2017.08.018,-0.39,-0.6654848709776253,0.2754848709776253
MLDB-004990,LOGO,group 8,mono,Ru,10.1016/j.jinorgbio.2017.08.018,-0.11,-0.4317951959100536,0.3217951959100536
MLDB-004991,LOGO,group 8,mono,Ru,10.1002/chem.201601332,-1.84,-0.043191061391472885,1.7968089386085273
MLDB-004992,LOGO,group 8,mono,Ru,10.1002/chem.201601332,1.32,0.26143135472199097,1.058568645278009
MLDB-004993,LOGO,group 8,mono,Ru,10.1002/chem.201601332,-1.49,0.24642995532813905,1.736429955328139
MLDB-004994,LOGO,group 8,mono,Ru,10.1002/chem.201601332,1.4,1.286853670444894,0.11314632955510584
MLDB-004995,LOGO,group 8,mono,Ru,10.1002/chem.201601332,-1.16,0.7372283022651012,1.897228302265101
MLDB-004996,LOGO,group 8,mono,Ru,10.1002/cmdc.201500127,0.86,0.22221203652258936,0.6377879634774106
MLDB-004997,LOGO,group 8,mono,Ru,10.1002/cmdc.201500127,1.55,0.8072635068633401,0.7427364931366599
MLDB-004998,LOGO,group 8,mono,Ru,10.1002/cmdc.201500127,1.82,0.9377387203985261,0.8822612796014739
MLDB-004999,LOGO,group 8,mono,Ru,10.1002/cplu.201800042,-1.45,0.2655532046003764,1.7155532046003763
MLDB-005000,LOGO,group 8,mono,Ru,10.1002/cplu.201800042,-1.35,0.918829405416246,2.268829405416246
MLDB-005001,LOGO,group 8,mono,Ru,10.1002/ejic.201402412,-0.98,0.14395895525335517,1.123958955253355
MLDB-005002,LOGO,group 8,mono,Ru,10.1002/ejic.201402412,-0.75,0.19460612195494884,0.9446061219549489
MLDB-005003,LOGO,group 8,mono,Ru,10.1016/j.bmc.2018.03.043,0.52,0.1634603996215305,0.35653960037846955
MLDB-005004,LOGO,group 8,mono,Ru,10.1016/j.bmc.2018.03.043,0.0043,0.3462080937151681,0.34190809371516806
MLDB-005005,LOGO,group 8,mono,Ru,10.1016/j.bmc.2018.03.043,-0.98,-0.18678361976707208,0.793216380232928
MLDB-005006,LOGO,group 8,multi,Fe-Ru,10.1016/j.biomaterials.2015.07.052,-1.11,0.17845209536055484,1.288452095360555
MLDB-005007,LOGO,group 8,mono,Ru,10.1016/j.biomaterials.2015.07.052,-1.76,-0.6436754626447494,1.1163245373552506
MLDB-005008,LOGO,group 8,mono,Ru,10.1007/s12011-014-9964-0,0.0,-0.8220677229833645,0.8220677229833645
MLDB-005009,LOGO,group 8,mono,Ru,10.1007/s12011-014-9964-0,0.15,-0.9548956216303521,1.104895621630352
MLDB-005010,LOGO,group 8,mono,Ru,10.1007/s12011-014-9964-0,0.36,-0.3395994401396629,0.6995994401396629
MLDB-005011,LOGO,group 8,mono,Ru,10.1007/s12011-014-9964-0,0.68,-0.34717427961976777,1.0271742796197678
MLDB-005012,LOGO,group 8,mono,Ru,10.1016/j.ica.2015.12.036,-1.28,-1.1588043652120577,0.12119563478794237
MLDB-005014,LOGO,group 8,mono,Ru,10.1016/j.ica.2015.10.010,-1.02,0.05529834297960793,1.075298342979608
MLDB-005015,LOGO,group 8,mono,Ru,10.1016/j.ica.2015.10.010,-0.51,0.3165612380611511,0.8265612380611511
MLDB-005016,LOGO,group 8,mono,Ru,10.1016/j.ejmech.2006.05.012,0.76,0.8131213507340951,0.053121350734095074
MLDB-005017,LOGO,group 8,multi,Ru,10.1016/j.jorganchem.2010.10.042,-0.48,-0.3699509109085466,0.11004908909145339
MLDB-005018,LOGO,group 8,multi,Ru,10.1038/nchem.406,-0.96,0.10805624388499639,1.0680562438849963
MLDB-005019,LOGO,group 8,multi,Ru,10.1038/nchem.406,-1.61,0.10280399040992487,1.712803990409925
MLDB-005020,LOGO,group 8,multi,Ru,10.1038/nchem.406,-0.77,0.22093387334418313,0.9909338733441831
MLDB-005021,LOGO,group 8,mono,Ru,10.1021/jacs.8b08853,0.26,0.9439847203308572,0.6839847203308572
MLDB-005022,LOGO,group 8,mono,Ru,10.1021/jacs.8b08853,1.27,0.8309143054374354,0.43908569456256463
MLDB-005023,LOGO,group 8,mono,Ru,10.1021/acsami.6b07038,-3.51,-0.7145528637869137,2.795447136213086
MLDB-005024,LOGO,group 8,mono,Ru,10.1021/acsami.6b07038,-2.45,-0.3764856537842643,2.073514346215736
MLDB-005025,LOGO,group 8,mono,Ru,10.1021/acsami.6b07038,-2.53,0.07957504554528987,2.6095750455452897
MLDB-005026,LOGO,group 8,mono,Ru,10.1021/acsami.6b07038,-1.76,0.1623921272420799,1.9223921272420799
MLDB-005027,LOGO,group 8,mono,Ru,10.1021/acsami.6b07038,-2.9,0.2655532046003764,3.1655532046003763
MLDB-005028,LOGO,group 8,mono,Ru,10.1021/acsami.6b07038,-1.39,0.42246256698550133,1.8124625669855012
MLDB-005029,LOGO,group 8,mono,Ru,10.1039/c4dt02139h,-2.9,0.38667399810055486,3.2866739981005546
MLDB-005030,LOGO,group 8,multi,Ru,10.1039/c4dt02139h,-2.9,0.14219543445219687,3.042195434452197
MLDB-005031,LOGO,group 8,multi,Ru,10.1039/c4dt02139h,-1.9,0.3300696162928577,2.2300696162928575
MLDB-005032,LOGO,group 8,multi,Ru,10.1039/c4dt02139h,-1.3,0.40952460243558125,1.7095246024355812
MLDB-005033,LOGO,group 8,multi,Ru,10.1039/c4dt02139h,-1.0,0.3997243333977281,1.399724333397728
MLDB-005034,LOGO,group 8,multi,Ru,10.1039/c4dt02139h,-0.8,0.3947838683702904,1.1947838683702905
MLDB-005035,LOGO,group 8,multi,Ru,10.1039/c4dt02139h,-1.7,0.45103959332607396,2.151039593326074
MLDB-005036,LOGO,group 8,multi,Ru,10.1039/c4dt02139h,-1.6,0.4412393242882208,2.0412393242882207
MLDB-005037,LOGO,group 8,multi,Ru,10.1039/c4dt02139h,-0.95,0.41397518459436494,1.3639751845943648
MLDB-005038,LOGO,group 8,multi,Ru,10.1039/c4dt02139h,-1.9,0.45103959332607396,2.3510395933260737
MLDB-005039,LOGO,group 8,multi,Ru,10.1039/c4dt02139h,-1.4,0.4412393242882208,1.8412393242882208
MLDB-005040,LOGO,group 8,multi,Ru,10.1039/c4dt02139h,-1.1,0.41397518459436494,1.513975184594365
MLDB-005041,LOGO,group 8,mono,Ru,10.1039/c7dt00670e,-1.31,0.35454485242042083,1.664544852420421
MLDB-005042,LOGO,group 8,mono,Ru,10.1039/c7dt00670e,-1.72,0.5042645403465111,2.2242645403465113
MLDB-005043,LOGO,group 8,mono,Ru,10.1039/c7dt00670e,-1.01,0.02046087137392035,1.0304608713739203
MLDB-005044,LOGO,group 8,mono,Ru,10.1039/c5tb01613d,-1.85,-0.1797977996646919,1.670202200335308
MLDB-005045,LOGO,group 8,mono,Ru,10.1039/c5tb01613d,-1.27,0.5543470394183817,1.8243470394183818
MLDB-005046,LOGO,group 8,mono,Ru,10.1039/c5tb01613d,1.8,1.298462560130034,0.5015374398699661
MLDB-005047,LOGO,group 8,multi,Fe-Ru,10.1039/c6ra05182k,-1.02,0.2691551557247341,1.289155155724734
MLDB-005048,LOGO,group 8,mono,Ru,10.1039/c6ra05182k,-1.31,-0.04301072894695613,1.266989271053044
MLDB-005049,LOGO,group 8,mono,Ru,10.1039/c7cc03469e,-1.42,-0.1797977996646919,1.240202200335308
MLDB-005050,LOGO,group 8,mono,Ru,10.1039/c7cc03469e,-1.33,-0.4976945937450383,0.8323054062549617
MLDB-005051,LOGO,group 8,mono,Ru,10.1039/c7cc03469e,0.28,1.276576151252655,0.996576151252655
MLDB-005052,LOGO,group 8,multi,Ru,10.1039/c9dt03221e,-1.9,0.4593455427509368,2.359345542750937
MLDB-005053,LOGO,group 8,multi,Ru,10.1039/c9dt03221e,-1.6,0.4593455427509368,2.059345542750937
MLDB-005054,LOGO,group 8,mono,Ru,10.1111/php.12378,-0.95,0.42226020091200617,1.3722602009120062
MLDB-005055,LOGO,group 8,mono,Ru,10.1111/php.12378,-0.16,0.9558977502961641,1.115897750296164
MLDB-005056,LOGO,group 8,mono,Ru,10.1111/php.12378,-0.91,0.5010612429614301,1.4110612429614302
MLDB-005057,LOGO,group 8,mono,Ru,10.1080/15257770.2019.1694685,0.92,0.3857307555612511,0.5342692444387489
MLDB-005058,LOGO,group 8,mono,Ru,10.1080/15257770.2019.1694685,0.71,0.2670426447306092,0.4429573552693908
MLDB-005059,LOGO,group 8,mono,Ru,10.1080/15257770.2019.1694685,0.82,0.9562074635671952,0.13620746356719526
MLDB-005060,LOGO,group 8,mono,Ru,10.1039/c9dt03464a,-1.12,-0.019246509409627265,1.1007534905903729
MLDB-005061,LOGO,group 8,mono,Ru,10.1039/c9dt03464a,-0.76,0.04399767721397913,0.8039976772139792
MLDB-005062,LOGO,group 8,mono,Ru,10.1039/c9dt03464a,-0.01,0.2918071862817792,0.3018071862817792
MLDB-005063,LOGO,group 8,mono,Ru,10.1039/c9dt03464a,0.6,0.7945377158016407,0.1945377158016407
MLDB-005064,LOGO,group 8,mono,Ru,10.1039/c9dt03464a,1.11,0.9395960933218711,0.170403906678129
MLDB-005065,LOGO,group 8,mono,Ru,10.1039/c9dt03464a,1.26,0.7043184742827002,0.5556815257172998
MLDB-005066,LOGO,group 8,mono,Ru,10.1039/d0nj00209g,1.32,-0.07837756347068632,1.3983775634706863
MLDB-005067,LOGO,group 8,mono,Ru,10.1039/d0nj00209g,0.808,0.6129769381190159,0.19502306188098417
MLDB-005068,LOGO,group 8,mono,Ru,10.1039/c7dt04595f,-1.83,0.4487384083717518,2.2787384083717517
MLDB-005069,LOGO,group 8,mono,Ru,10.1039/c7dt04595f,-1.41,0.4375601341219668,1.8475601341219667
MLDB-005070,LOGO,group 8,mono,Ru,10.1039/c7dt04595f,-1.33,0.6354140567289133,1.9654140567289133
MLDB-005071,LOGO,group 8,mono,Ru,10.1039/c7dt04595f,-1.58,0.4093156500111225,1.9893156500111226
MLDB-005072,LOGO,group 8,mono,Ru,10.1039/c8cc09186b,-1.41,0.4202935045385674,1.8302935045385673
MLDB-005073,LOGO,group 8,mono,Ru,10.1039/c8cc09186b,-1.26,0.5404347592670627,1.8004347592670626
MLDB-005074,LOGO,group 8,mono,Ru,10.1039/c8cc09186b,-0.97,0.6633055543621009,1.633305554362101
MLDB-005075,LOGO,group 8,mono,Ru,10.1039/c7nj02698f,-3.12,0.5754498629433163,3.6954498629433163
MLDB-005076,LOGO,group 8,mono,Ru,10.1039/c7nj02698f,-2.92,0.907354720457002,3.827354720457002
MLDB-005077,LOGO,group 8,mono,Ru,10.1039/c7nj02698f,-2.75,0.9982831613479537,3.7482831613479535
MLDB-005078,LOGO,group 8,mono,Ru,10.1039/c7nj02698f,-2.38,1.0547751407887085,3.4347751407887084
MLDB-005079,LOGO,group 8,mono,Ru,10.1039/c7nj02698f,-3.83,-0.5382696836015147,3.2917303163984855
MLDB-005080,LOGO,group 8,mono,Ru,10.1039/c7nj02698f,-3.68,-0.26511236915572295,3.414887630844277
MLDB-005081,LOGO,group 8,mono,Ru,10.1039/c8dt03295e,-1.3,0.507595323458725,1.8075953234587252
MLDB-005082,LOGO,group 8,mono,Ru,10.1039/c8dt03295e,-1.1,0.2866842046522014,1.3866842046522014
MLDB-005083,LOGO,group 8,mono,Ru,10.1039/c8dt03295e,0.58,0.614119683184939,0.034119683184939076
MLDB-005084,LOGO,group 8,mono,Ru,10.1039/c8nj04159h,1.94,1.4737075614573996,0.4662924385426004
MLDB-000025,LOGO,group 9,mono,Ir,10.1002/ange.202015009,2.05,0.9020251834924007,1.1479748165075991
MLDB-000026,LOGO,group 9,mono,Ir,10.1002/ange.202015009,2.61,1.4516716861528058,1.158328313847194
MLDB-000027,LOGO,group 9,mono,Ir,10.1002/ange.202015009,0.63,1.2417852360196062,0.6117852360196062
MLDB-000028,LOGO,group 9,mono,Ir,10.1002/ange.202015009,0.68,1.5867363913780776,0.9067363913780776
MLDB-000029,LOGO,group 9,mono,Ir,10.1002/anie.202202098,0.13,-0.23367001178690805,0.36367001178690805
MLDB-000030,LOGO,group 9,multi,Ir,10.1002/anie.202202098,0.54,-0.17494835833611536,0.7149483583361154
MLDB-000031,LOGO,group 9,mono,Ir,10.1002/aoc.4746,0.88,0.7873976978138858,0.0926023021861142
MLDB-000032,LOGO,group 9,mono,Ir,10.1002/aoc.4746,0.98,0.7386058306078724,0.24139416939212754
MLDB-000033,LOGO,group 9,mono,Ir,10.1002/aoc.4746,1.25,0.8121747290110483,0.43782527098895174
MLDB-000034,LOGO,group 9,mono,Ir,10.1002/aoc.4746,1.55,0.8949343432177804,0.6550656567822196
MLDB-000048,LOGO,group 9,mono,Ir,10.1002/asia.201801323,-2.01,-0.21454258040758442,1.7954574195924153
MLDB-000049,LOGO,group 9,mono,Ir,10.1002/asia.201801323,-1.07,0.38983917466357454,1.4598391746635746
MLDB-000050,LOGO,group 9,mono,Ir,10.1002/asia.201801323,-0.29,0.969212277031929,1.259212277031929
MLDB-000064,LOGO,group 9,mono,Ir,10.1002/cbic.201900268,-0.33,1.1187705041781748,1.4487705041781749
MLDB-000065,LOGO,group 9,mono,Ir,10.1002/cbic.201900268,0.12,1.1175990547984502,0.9975990547984502
MLDB-000066,LOGO,group 9,mono,Ir,10.1002/cbic.201900268,1.05,1.3317456872147673,0.2817456872147672
MLDB-000067,LOGO,group 9,mono,Ir,10.1002/cbic.201900268,1.44,1.6739943687034458,0.2339943687034458
MLDB-000073,LOGO,group 9,mono,Ir,10.1002/cbic.202000511,-0.68,-0.1285350268031103,0.5514649731968897
MLDB-000074,LOGO,group 9,mono,Ir,10.1002/cbic.202000511,0.97,0.42361435630698,0.5463856436930199
MLDB-000075,LOGO,group 9,mono,Ir,10.1002/cbic.202000511,1.32,0.14497410670969976,1.1750258932903004
MLDB-000082,LOGO,group 9,mono,Ir,10.1002/chem.201200979,0.65,-0.10386717304670406,0.7538671730467041
MLDB-000083,LOGO,group 9,mono,Ir,10.1002/chem.201200979,1.76,1.0650527353775243,0.6949472646224757
MLDB-000084,LOGO,group 9,mono,Ir,10.1002/chem.201200979,1.27,0.8746478108143468,0.3953521891856532
MLDB-000085,LOGO,group 9,mono,Ir,10.1002/chem.201200979,2.1,0.9250881306617941,1.1749118693382061
MLDB-000086,LOGO,group 9,mono,Ir,10.1002/chem.201200979,2.4,1.056413683088435,1.343586316911565
MLDB-000110,LOGO,group 9,mono,Ir,10.1002/chem.201701352,2.09,0.8070819876521562,1.2829180123478436
MLDB-000111,LOGO,group 9,mono,Ir,10.1002/chem.201701352,2.01,0.6899228434283311,1.3200771565716687
MLDB-000112,LOGO,group 9,mono,Ir,10.1002/chem.201701352,2.68,0.9046730063836758,1.7753269936163245
MLDB-000113,LOGO,group 9,mono,Ir,10.1002/chem.201701352,0.64,0.5685807965240987,0.07141920347590136
MLDB-000114,LOGO,group 9,mono,Ir,10.1002/chem.201701352,1.86,0.684544963685982,1.175455036314018
MLDB-000115,LOGO,group 9,mono,Ir,10.1002/chem.201701352,1.87,0.8139320249803438,1.0560679750196562
MLDB-000116,LOGO,group 9,mono,Ir,10.1002/chem.201701352,2.23,0.5804523179163491,1.649547682083651
MLDB-000117,LOGO,group 9,mono,Ir,10.1002/chem.201701352,2.57,0.9422835808216504,1.6277164191783493
MLDB-000118,LOGO,group 9,mono,Ir,10.1002/chem.201701352,1.68,0.4055082917521966,1.2744917082478033
MLDB-000119,LOGO,group 9,mono,Ir,10.1002/chem.201701352,1.49,0.4414009835329318,1.0485990164670682
MLDB-000122,LOGO,group 9,mono,Ir,10.1002/chem.201703157,2.1,0.8255994753697327,1.2744005246302674
MLDB-000123,LOGO,group 9,mono,Ir,10.1002/chem.201703157,2.9,0.7113465914307355,2.188653408569264
MLDB-000124,LOGO,group 9,mono,Ir,10.1002/chem.201703157,2.0,0.418017764962212,1.581982235037788
MLDB-000125,LOGO,group 9,mono,Ir,10.1002/chem.201703157,1.0,0.712128001388187,0.287871998611813
MLDB-000126,LOGO,group 9,mono,Ir,10.1002/chem.201703157,1.8,0.7259019432633654,1.0740980567366347
MLDB-000127,LOGO,group 9,mono,Ir,10.1002/chem.201703157,0.9,0.2878913458806923,0.6121086541193077
MLDB-000128,LOGO,group 9,mono,Ir,10.1002/chem.201803521,-1.16,-1.077259325227095,0.08274067477290492
MLDB-000129,LOGO,group 9,mono,Ir,10.1002/chem.201803521,-0.9,-0.6454883343688286,0.25451166563117145
MLDB-000130,LOGO,group 9,mono,Ir,10.1002/chem.201803521,-0.86,-0.22309453395307335,0.6369054660469267
MLDB-000131,LOGO,group 9,mono,Ir,10.1002/chem.201803521,-1.42,0.3167904171027274,1.7367904171027273
MLDB-000145,LOGO,group 9,mono,Ir,10.1002/cmdc.201400040,1.23,0.8811769653590569,0.3488230346409431
MLDB-000146,LOGO,group 9,mono,Ir,10.1002/cmdc.201400040,1.35,1.256414466464888,0.09358553353511212
MLDB-000147,LOGO,group 9,mono,Ir,10.1002/cmdc.201400040,1.79,1.6885499699301298,0.10145003006987019
MLDB-000148,LOGO,group 9,mono,Ir,10.1002/cmdc.201400040,1.4,1.9182642567344053,0.5182642567344053
MLDB-000177,LOGO,group 9,mono,Ir,10.1002/ejic.201300820,0.79,1.2418441474174169,0.45184414741741685
MLDB-000178,LOGO,group 9,mono,Ir,10.1002/ejic.201300820,2.61,1.5828341960738006,1.0271658039261993
MLDB-000179,LOGO,group 9,mono,Rh,10.1002/ejic.201300820,1.45,1.284932231961601,0.16506776803839895
MLDB-000180,LOGO,group 9,mono,Rh,10.1002/ejic.201300820,2.86,1.589103551320198,1.2708964486798018
MLDB-000193,LOGO,group 9,mono,Ir,10.1002/ejic.201601129,1.6,0.5795733459567944,1.0204266540432056
MLDB-000194,LOGO,group 9,mono,Ir,10.1002/ejic.201601129,0.6,0.2929030584135219,0.3070969415864781
MLDB-000195,LOGO,group 9,mono,Ir,10.1002/ejic.201601129,1.34,0.5015921234432611,0.838407876556739
MLDB-000196,LOGO,group 9,mono,Ir,10.1002/ejic.201601129,1.57,0.5483368253467354,1.0216631746532645
MLDB-000197,LOGO,group 9,mono,Ir,10.1002/ejic.201601129,1.91,0.7660271925782544,1.1439728074217457
MLDB-000221,LOGO,group 9,mono,Ir,10.1007/s00775-018-1578-0,1.16,1.5372749623293733,0.3772749623293734
MLDB-000222,LOGO,group 9,mono,Ir,10.1007/s00775-018-1578-0,0.7,1.2018618695297483,0.5018618695297483
MLDB-000224,LOGO,group 9,mono,Ir,10.1007/s00775-019-01665-2,1.55,-0.04849170491083147,1.5984917049108316
MLDB-000225,LOGO,group 9,mono,Rh,10.1007/s00775-019-01665-2,-0.54,-0.3261000058422479,0.21389999415775213
MLDB-000239,LOGO,group 9,mono,Ir,10.1007/s00775-021-01895-3,1.57,0.9766027023363159,0.5933972976636842
MLDB-000240,LOGO,group 9,mono,Ir,10.1007/s00775-021-01895-3,1.73,1.6215758410575918,0.1084241589424082
MLDB-000248,LOGO,group 9,mono,Ir,10.1007/s12039-018-1492-6,2.45,0.9452972189789547,1.5047027810210456
MLDB-000249,LOGO,group 9,mono,Ir,10.1007/s12039-018-1492-6,2.75,1.1145127951322098,1.6354872048677902
MLDB-000250,LOGO,group 9,mono,Ir,10.1007/s12039-018-1492-6,3.2,0.7932469770826982,2.406753022917302
MLDB-000251,LOGO,group 9,mono,Ir,10.1016/j.biomaterials.2012.09.014,0.11,0.33131867759598055,0.22131867759598056
MLDB-000252,LOGO,group 9,mono,Ir,10.1016/j.biomaterials.2012.09.014,0.09,0.22725368815435065,0.13725368815435066
MLDB-000253,LOGO,group 9,mono,Ir,10.1016/j.biomaterials.2012.09.014,0.1,0.39225061314979176,0.2922506131497917
MLDB-000254,LOGO,group 9,mono,Ir,10.1016/j.biomaterials.2012.09.014,0.11,0.49797980468342523,0.38797980468342524
MLDB-000255,LOGO,group 9,mono,Ir,10.1016/j.biomaterials.2012.09.014,0.51,0.658520630358385,0.14852063035838503
MLDB-000256,LOGO,group 9,mono,Ir,10.1016/j.biomaterials.2012.09.014,1.17,0.7208951629911937,0.4491048370088062
MLDB-000257,LOGO,group 9,mono,Ir,10.1016/j.biomaterials.2012.09.014,2.12,1.1893769341234728,0.9306230658765273
MLDB-000258,LOGO,group 9,mono,Ir,10.1016/j.biomaterials.2013.06.028,1.64,0.9139416632918832,0.7260583367081167
MLDB-000259,LOGO,group 9,mono,Ir,10.1016/j.biomaterials.2013.06.028,1.74,1.7200106531610755,0.019989346838924504
MLDB-000260,LOGO,group 9,mono,Ir,10.1016/j.biomaterials.2013.06.028,2.07,1.6268256334865812,0.4431743665134187
MLDB-000261,LOGO,group 9,mono,Ir,10.1016/j.biomaterials.2013.06.028,2.3,1.7451977010532238,0.554802298946776
MLDB-000262,LOGO,group 9,mono,Ir,10.1016/j.biomaterials.2013.06.028,1.12,0.7488932266910678,0.37110677330893227
MLDB-000263,LOGO,group 9,mono,Ir,10.1016/j.biomaterials.2014.10.070,0.074,0.16332738615842543,0.08932738615842543
MLDB-000264,LOGO,group 9,mono,Ir,10.1016/j.biomaterials.2014.10.070,0.49,0.284154153882364,0.205845846117636
MLDB-000265,LOGO,group 9,mono,Ir,10.1016/j.biomaterials.2014.10.070,1.7,0.8514929530009533,0.8485070469990467
MLDB-000274,LOGO,group 9,mono,Rh,10.1016/j.bioorg.2021.105311,0.22,-0.06659174258819003,0.28659174258819003
MLDB-000275,LOGO,group 9,mono,Rh,10.1016/j.bioorg.2021.105311,0.4,0.10275486666602628,0.29724513333397373
MLDB-000276,LOGO,group 9,mono,Rh,10.1016/j.bioorg.2021.105311,0.36,0.2974189390794374,0.06258106092056259
MLDB-000277,LOGO,group 9,mono,Rh,10.1016/j.bioorg.2021.105311,0.39,-0.12685757692411792,0.5168575769241179
MLDB-000278,LOGO,group 9,mono,Ir,10.1016/j.bioorg.2023.106867,1.56,0.9145134423940015,0.6454865576059986
MLDB-000279,LOGO,group 9,mono,Ir,10.1016/j.bioorg.2023.106867,1.36,1.6815905245123546,0.3215905245123545
MLDB-000280,LOGO,group 9,mono,Ir,10.1016/j.bioorg.2023.106867,1.3,0.7851815931146441,0.514818406885356
MLDB-000281,LOGO,group 9,mono,Ir,10.1016/j.bioorg.2025.108507,2.25,0.6525171599781152,1.5974828400218848
MLDB-000282,LOGO,group 9,mono,Ir,10.1016/j.bioorg.2025.108507,2.22,0.7149202124929313,1.505079787507069
MLDB-000283,LOGO,group 9,mono,Ir,10.1016/j.bioorg.2025.108507,2.04,0.6568320998905638,1.3831679001094361
MLDB-000284,LOGO,group 9,mono,Ir,10.1016/j.bioorg.2025.108507,1.91,0.44948649788037964,1.4605135021196203
MLDB-000285,LOGO,group 9,mono,Ir,10.1016/j.canlet.2019.01.018,0.32,1.2778318819685819,0.9578318819685818
MLDB-000286,LOGO,group 9,mono,Ir,10.1016/j.canlet.2019.01.018,0.54,1.3530468129857416,0.8130468129857416
MLDB-000287,LOGO,group 9,mono,Ir,10.1016/j.canlet.2019.01.018,0.56,1.3139755669939912,0.7539755669939912
MLDB-000288,LOGO,group 9,mono,Ir,10.1016/j.canlet.2019.01.018,0.53,1.3051404477769606,0.7751404477769606
MLDB-000299,LOGO,group 9,mono,Ir,10.1016/j.dyepig.2020.108220,-0.48,0.2489644620297007,0.7289644620297007
MLDB-000300,LOGO,group 9,mono,Ir,10.1016/j.dyepig.2020.108220,-0.28,0.001113469468294468,0.2811134694682945
MLDB-000301,LOGO,group 9,mono,Ir,10.1016/j.dyepig.2020.108220,-0.12,-0.06844109609352991,0.05155890390647008
MLDB-000302,LOGO,group 9,mono,Ir,10.1016/j.dyepig.2020.108220,-0.21,0.2862748813330576,0.49627488133305764
MLDB-000306,LOGO,group 9,mono,Ir,10.1016/j.dyepig.2022.110387,2.33,0.47897378468796314,1.851026215312037
MLDB-000307,LOGO,group 9,mono,Ir,10.1016/j.dyepig.2022.110387,2.55,0.9462327159256443,1.6037672840743555
MLDB-000326,LOGO,group 9,mono,Ir,10.1016/j.ejmech.2017.06.038,0.37,0.5088138928719184,0.13881389287191837
MLDB-000327,LOGO,group 9,mono,Ir,10.1016/j.ejmech.2017.06.038,-0.01,0.4934409532440022,0.5034409532440022
MLDB-000328,LOGO,group 9,mono,Ir,10.1016/j.ejmech.2017.06.038,0.036,0.40244620484499444,0.36644620484499446
MLDB-000329,LOGO,group 9,mono,Ir,10.1016/j.ejmech.2017.06.038,-0.23,0.08920390792046222,0.3192039079204622
MLDB-000337,LOGO,group 9,mono,Ir,10.1016/j.ejmech.2018.12.021,2.4,0.8437760945764347,1.5562239054235651
MLDB-000338,LOGO,group 9,mono,Ir,10.1016/j.ejmech.2018.12.021,3.0,1.0708527124433225,1.9291472875566775
MLDB-000339,LOGO,group 9,mono,Ir,10.1016/j.ejmech.2018.12.021,3.7,1.613100570204486,2.086899429795514
MLDB-000340,LOGO,group 9,mono,Ir,10.1016/j.ejmech.2018.12.021,3.6,1.5447795725490174,2.0552204274509824
MLDB-000341,LOGO,group 9,mono,Ir,10.1016/j.ejmech.2018.12.021,3.3,1.7974235931716434,1.5025764068283565
MLDB-000342,LOGO,group 9,mono,Ir,10.1016/j.ejmech.2018.12.021,3.5,2.1148561354355206,1.3851438645644794
MLDB-000343,LOGO,group 9,mono,Ir,10.1016/j.ejmech.2019.06.045,-0.21,0.6339261201152546,0.8439261201152546
MLDB-000344,LOGO,group 9,mono,Ir,10.1016/j.ejmech.2019.06.045,0.06,0.7379593787650721,0.6779593787650722
MLDB-000345,LOGO,group 9,mono,Ir,10.1016/j.ejmech.2019.06.045,0.01,0.5470972698162689,0.5370972698162689
MLDB-000360,LOGO,group 9,mono,Ir,10.1016/j.ejmech.2022.114335,1.18,0.45921155135729175,0.7207884486427082
MLDB-000371,LOGO,group 9,mono,Ir,10.1016/j.ejmech.2023.116078,0.276,0.9827240525684199,0.7067240525684199
MLDB-000372,LOGO,group 9,mono,Ir,10.1016/j.ejmech.2023.116078,-0.438,0.8697307320239376,1.3077307320239375
MLDB-000373,LOGO,group 9,mono,Ir,10.1016/j.ejmech.2023.116078,-0.7,1.1628675290807393,1.8628675290807393
MLDB-000374,LOGO,group 9,mono,Ir,10.1016/j.ejmech.2024.116295,0.2585,0.8635943410176262,0.6050943410176262
MLDB-000375,LOGO,group 9,mono,Ir,10.1016/j.ejmech.2024.116295,0.2721,1.0347095672815039,0.7626095672815039
MLDB-000376,LOGO,group 9,mono,Ir,10.1016/j.ejmech.2024.116295,0.3609,1.6691503037984488,1.3082503037984488
MLDB-000388,LOGO,group 9,mono,Ir,10.1016/j.jcis.2024.12.073,1.42,1.6836718758752678,0.26367187587526786
MLDB-000389,LOGO,group 9,mono,Ir,10.1016/j.jcis.2024.12.073,1.51,1.800708860239384,0.2907088602393839
MLDB-000412,LOGO,group 9,mono,Ir,10.1016/j.jinorgbio.2018.09.009,-1.12,1.525157346159145,2.645157346159145
MLDB-000413,LOGO,group 9,mono,Ir,10.1016/j.jinorgbio.2018.09.009,-0.57,0.9039526615155367,1.4739526615155367
MLDB-000414,LOGO,group 9,mono,Ir,10.1016/j.jinorgbio.2018.12.012,-0.15,0.5781224695448177,0.7281224695448177
MLDB-000415,LOGO,group 9,mono,Ir,10.1016/j.jinorgbio.2018.12.012,-2.73,0.2716072697008199,3.00160726970082
MLDB-000416,LOGO,group 9,mono,Ir,10.1016/j.jinorgbio.2018.12.012,1.05,0.8857303079876734,0.16426969201232666
MLDB-000423,LOGO,group 9,mono,Ir,10.1016/j.jinorgbio.2019.110757,-0.13,1.3975872059288104,1.5275872059288105
MLDB-000424,LOGO,group 9,mono,Ir,10.1016/j.jinorgbio.2019.110757,0.98,1.4753945314166268,0.4953945314166268
MLDB-000425,LOGO,group 9,mono,Ir,10.1016/j.jinorgbio.2019.110757,-0.18,1.5290278556563213,1.7090278556563212
MLDB-000426,LOGO,group 9,mono,Ir,10.1016/j.jinorgbio.2019.110757,-0.23,1.5297660552957855,1.7597660552957854
MLDB-000427,LOGO,group 9,mono,Ir,10.1016/j.jinorgbio.2019.110885,-0.11,1.1490479011109507,1.2590479011109508
MLDB-000428,LOGO,group 9,mono,Rh,10.1016/j.jinorgbio.2019.110885,2.58,1.1570319026689266,1.4229680973310734
MLDB-000429,LOGO,group 9,mono,Ir,10.1016/j.jinorgbio.2019.110909,0.51,0.6859069618049364,0.17590696180493637
MLDB-000430,LOGO,group 9,mono,Ir,10.1016/j.jinorgbio.2019.110909,0.83,-0.07914192254079608,0.9091419225407961
MLDB-000431,LOGO,group 9,mono,Ir,10.1016/j.jinorgbio.2019.110983,-0.19,1.5261620650147865,1.7161620650147864
MLDB-000432,LOGO,group 9,mono,Ir,10.1016/j.jinorgbio.2019.110983,-0.75,1.3977841917704759,2.1477841917704756
MLDB-000477,LOGO,group 9,mono,Rh,10.1016/j.jinorgbio.2021.111400,1.74,1.2859844067054202,0.45401559329457974
MLDB-000478,LOGO,group 9,mono,Rh,10.1016/j.jinorgbio.2021.111400,2.27,1.6492466846621359,0.6207533153378642
MLDB-000479,LOGO,group 9,mono,Ir,10.1016/j.jinorgbio.2021.111450,1.71,1.6354724253608521,0.07452757463914783
MLDB-000480,LOGO,group 9,mono,Ir,10.1016/j.jinorgbio.2021.111450,0.66,0.8311739499744293,0.17117394997442925
MLDB-000481,LOGO,group 9,mono,Ir,10.1016/j.jinorgbio.2021.111450,3.3,0.6974381530838861,2.602561846916114
MLDB-000482,LOGO,group 9,mono,Ir,10.1016/j.jinorgbio.2021.111450,0.99,0.6448149287621883,0.3451850712378117
MLDB-000489,LOGO,group 9,mono,Ir,10.1016/j.jinorgbio.2021.111580,2.19,1.60886477514297,0.5811352248570298
MLDB-000490,LOGO,group 9,mono,Ir,10.1016/j.jinorgbio.2021.111580,2.24,1.2633487759189581,0.9766512240810421
MLDB-000491,LOGO,group 9,mono,Ir,10.1016/j.jinorgbio.2021.111580,2.28,1.6811435003034065,0.5988564996965933
MLDB-000499,LOGO,group 9,mono,Ir,10.1016/j.jinorgbio.2022.111803,0.04,0.6271277519089661,0.587127751908966
MLDB-000502,LOGO,group 9,mono,Ir,10.1016/j.jinorgbio.2022.111855,1.07,0.9078986062531796,0.16210139374682042
MLDB-000503,LOGO,group 9,mono,Ir,10.1016/j.jinorgbio.2022.111855,0.8,0.6885118769803792,0.11148812301962086
MLDB-000535,LOGO,group 9,mono,Ir,10.1016/j.jinorgbio.2024.112631,1.39,1.160837123341053,0.22916287665894686
MLDB-000540,LOGO,group 9,mono,Ir,10.1016/j.jinorgbio.2024.112808,-0.19,0.4616240373679554,0.6516240373679554
MLDB-000541,LOGO,group 9,mono,Ir,10.1016/j.jinorgbio.2024.112808,0.32,0.6126339606975727,0.2926339606975727
MLDB-000542,LOGO,group 9,mono,Ir,10.1016/j.jinorgbio.2024.112808,-0.49,1.2454780847967357,1.7354780847967357
MLDB-000544,LOGO,group 9,mono,Ir,10.1016/j.jinorgbio.2025.112959,2.68,1.489377798584274,1.1906222014157262
MLDB-000557,LOGO,group 9,mono,Ir,10.1016/j.jinorgbio.2025.113086,1.16,0.7892694257508208,0.3707305742491791
MLDB-000558,LOGO,group 9,mono,Ir,10.1016/j.jinorgbio.2025.113086,1.01,0.6000821379304024,0.40991786206959757
MLDB-000559,LOGO,group 9,mono,Ir,10.1016/j.jinorgbio.2025.113086,0.85,0.8392360003530034,0.010763999646996592
MLDB-000560,LOGO,group 9,mono,Ir,10.1016/j.jinorgbio.2025.113102,1.1,0.8903633917823933,0.20963660821760677
MLDB-000561,LOGO,group 9,mono,Ir,10.1016/j.jinorgbio.2025.113102,0.87,1.4203751261936595,0.5503751261936595
MLDB-000562,LOGO,group 9,mono,Ir,10.1016/j.jinorgbio.2025.113102,0.82,0.38278778112642986,0.4372122188735701
MLDB-000563,LOGO,group 9,mono,Ir,10.1016/j.jinorgbio.2025.113157,0.6,0.9702667116239985,0.3702667116239985
MLDB-000564,LOGO,group 9,mono,Ir,10.1016/j.jinorgbio.2025.113157,0.53,0.8794518687225698,0.3494518687225697
MLDB-000566,LOGO,group 9,mono,Ir,10.1016/j.jinorgbio.2025.113198,0.59,1.4597086605931457,0.8697086605931458
MLDB-000567,LOGO,group 9,mono,Ir,10.1016/j.jinorgbio.2026.113241,2.41,0.9169977973521277,1.4930022026478724
MLDB-000568,LOGO,group 9,mono,Ir,10.1016/j.jinorgbio.2026.113241,2.38,1.190694766073403,1.1893052339265968
MLDB-000569,LOGO,group 9,mono,Ir,10.1016/j.jinorgbio.2026.113241,1.43,0.8159741161845357,0.6140258838154642
MLDB-000570,LOGO,group 9,mono,Ir,10.1016/j.jinorgbio.2026.113317,0.18,0.06310853314437294,0.11689146685562705
MLDB-000571,LOGO,group 9,mono,Ir,10.1016/j.jinorgbio.2026.113317,0.31,0.16012436209128622,0.14987563790871378
MLDB-000572,LOGO,group 9,mono,Ir,10.1016/j.jinorgbio.2026.113317,1.4,0.6050835382883875,0.7949164617116125
MLDB-000573,LOGO,group 9,mono,Ir,10.1016/j.jinorgbio.2026.113317,1.35,0.7341590608031051,0.615840939196895
MLDB-000590,LOGO,group 9,mono,Ir,10.1016/j.jorganchem.2015.10.008,1.19,1.0003137665301483,0.1896862334698517
MLDB-000591,LOGO,group 9,mono,Rh,10.1016/j.jorganchem.2015.10.008,1.09,0.8561478719105869,0.23385212808941314
MLDB-000592,LOGO,group 9,mono,Rh,10.1016/j.jorganchem.2017.06.027,-1.7,-0.22234906807213278,1.4776509319278672
MLDB-000593,LOGO,group 9,mono,Rh,10.1016/j.jorganchem.2017.06.027,-1.3,0.4331145572665415,1.7331145572665416
MLDB-000594,LOGO,group 9,mono,Rh,10.1016/j.jorganchem.2017.06.027,-0.89,1.1552929464860335,2.0452929464860334
MLDB-000595,LOGO,group 9,mono,Rh,10.1016/j.jorganchem.2017.06.027,-0.58,0.38645285152537473,0.9664528515253747
MLDB-000596,LOGO,group 9,mono,Rh,10.1016/j.jorganchem.2017.06.027,-1.03,-0.15456230982559674,0.8754376901744033
MLDB-000597,LOGO,group 9,mono,Rh,10.1016/j.jorganchem.2017.06.027,-0.84,0.5460737672495073,1.3860737672495071
MLDB-000598,LOGO,group 9,mono,Rh,10.1016/j.jorganchem.2017.06.027,-0.13,1.2906240056250777,1.4206240056250778
MLDB-000599,LOGO,group 9,mono,Rh,10.1016/j.jorganchem.2017.06.027,-0.02,0.53026136936667,0.55026136936667
MLDB-000600,LOGO,group 9,mono,Rh,10.1016/j.jorganchem.2017.06.027,-0.99,-0.3036174360617069,0.6863825639382931
MLDB-000601,LOGO,group 9,mono,Rh,10.1016/j.jorganchem.2017.06.027,-0.79,0.4693564892855,1.2593564892855
MLDB-000602,LOGO,group 9,mono,Rh,10.1016/j.jorganchem.2017.06.027,0.06,1.1203086944718834,1.0603086944718834
MLDB-000603,LOGO,group 9,mono,Rh,10.1016/j.jorganchem.2017.06.027,0.01,0.438730320777395,0.428730320777395
MLDB-000612,LOGO,group 9,mono,Ir,10.1016/j.jorganchem.2018.07.035,-0.52,-0.5425787343536628,0.022578734353662755
MLDB-000613,LOGO,group 9,mono,Ir,10.1016/j.jorganchem.2018.07.035,-0.29,-0.5529795210558399,0.26297952105583994
MLDB-000614,LOGO,group 9,mono,Ir,10.1016/j.jorganchem.2018.07.035,1.69,-0.5495515988927281,2.239551598892728
MLDB-000615,LOGO,group 9,mono,Ir,10.1016/j.jorganchem.2018.07.035,-0.19,0.15082020531890153,0.34082020531890156
MLDB-000616,LOGO,group 9,mono,Ir,10.1016/j.jorganchem.2018.07.035,-0.17,0.5459686841839702,0.7159686841839702
MLDB-000617,LOGO,group 9,mono,Ir,10.1016/j.jorganchem.2018.07.035,0.37,-0.01757699005354532,0.3875769900535453
MLDB-000618,LOGO,group 9,mono,Rh,10.1016/j.jorganchem.2018.07.035,-1.45,-0.6496310609631054,0.8003689390368945
MLDB-000619,LOGO,group 9,mono,Rh,10.1016/j.jorganchem.2018.07.035,-0.35,-0.6581556923768969,0.3081556923768969
MLDB-000620,LOGO,group 9,mono,Rh,10.1016/j.jorganchem.2018.07.035,1.29,-0.5969618037285664,1.8869618037285665
MLDB-000621,LOGO,group 9,mono,Rh,10.1016/j.jorganchem.2018.07.035,-1.87,0.27501438021765484,2.145014380217655
MLDB-000622,LOGO,group 9,mono,Rh,10.1016/j.jorganchem.2018.07.035,-1.52,0.5233896892996844,2.0433896892996843
MLDB-000623,LOGO,group 9,mono,Rh,10.1016/j.jorganchem.2018.07.035,-1.31,-0.14979525649411987,1.1602047435058802
MLDB-000665,LOGO,group 9,mono,Ir,10.1021/ac5040067,1.38,0.7894602890161142,0.5905397109838857
MLDB-000666,LOGO,group 9,mono,Ir,10.1021/ac5040067,1.14,0.5004158412454349,0.639584158754565
MLDB-000667,LOGO,group 9,mono,Ir,10.1021/ac5040067,0.94,0.35266285486408255,0.5873371451359174
MLDB-000668,LOGO,group 9,mono,Ir,10.1021/ac5040067,1.16,0.4812224949075209,0.678777505092479
MLDB-000669,LOGO,group 9,mono,Ir,10.1021/ac5040067,0.96,0.5955596157165096,0.36444038428349035
MLDB-000716,LOGO,group 9,mono,Ir,10.1021/acs.inorgchem.2c03279,2.19,1.1228059526873957,1.0671940473126043
MLDB-000717,LOGO,group 9,mono,Rh,10.1021/acs.inorgchem.2c03279,1.44,1.0716697320546829,0.3683302679453171
MLDB-000809,LOGO,group 9,mono,Ir,10.1021/acs.inorgchem.7b01693,0.95,1.0973244183008266,0.14732441830082665
MLDB-000810,LOGO,group 9,mono,Ir,10.1021/acs.inorgchem.7b01693,0.84,0.9682254525088283,0.12822545250882833
MLDB-000812,LOGO,group 9,mono,Ir,10.1021/acs.inorgchem.7b01959,2.04,1.6294451495751503,0.41055485042484974
MLDB-000837,LOGO,group 9,mono,Ir,10.1021/acs.inorgchem.8b02161,3.5,1.2473189261804918,2.252681073819508
MLDB-000838,LOGO,group 9,mono,Ir,10.1021/acs.inorgchem.8b02161,3.0,1.887134780290614,1.112865219709386
MLDB-000840,LOGO,group 9,mono,Ir,10.1021/acs.inorgchem.9b00282,1.3,1.0595631088877346,0.2404368911122654
MLDB-000841,LOGO,group 9,mono,Ir,10.1021/acs.inorgchem.9b03006,0.42,-0.07038276312233999,0.49038276312233997
MLDB-000842,LOGO,group 9,mono,Ir,10.1021/acs.inorgchem.9b03006,0.34,0.058386968466395225,0.2816130315336048
MLDB-000843,LOGO,group 9,mono,Ir,10.1021/acs.inorgchem.9b03006,0.35,0.1790918146438094,0.17090818535619057
MLDB-000844,LOGO,group 9,mono,Ir,10.1021/acs.inorgchem.9b03006,0.74,0.2256229301170748,0.5143770698829252
MLDB-000845,LOGO,group 9,mono,Ir,10.1021/acs.inorgchem.9b03006,0.61,0.3072377498673855,0.3027622501326145
MLDB-000846,LOGO,group 9,mono,Ir,10.1021/acs.inorgchem.9b03006,0.77,0.1843493432981541,0.5856506567018459
MLDB-000847,LOGO,group 9,mono,Ir,10.1021/acs.inorgchem.9b03006,1.43,0.4026203163347622,1.0273796836652378
MLDB-000851,LOGO,group 9,mono,Ir,10.1021/acs.jmedchem.1c01335,0.95,1.7110179695535155,0.7610179695535155
MLDB-000864,LOGO,group 9,mono,Ir,10.1021/acs.jmedchem.3c01156,1.41,1.3305912495065322,0.07940875049346774
MLDB-000865,LOGO,group 9,mono,Ir,10.1021/acs.jmedchem.3c01156,1.59,1.3457913461290942,0.24420865387090585
MLDB-000866,LOGO,group 9,mono,Ir,10.1021/acs.jmedchem.3c01156,1.83,1.2879316622552301,0.5420683377447699
MLDB-000876,LOGO,group 9,mono,Ir,10.1021/acs.jmedchem.8b01704,1.85,0.7229228828840594,1.1270771171159408
MLDB-000877,LOGO,group 9,mono,Ir,10.1021/acs.jmedchem.8b01704,1.79,0.593362361010736,1.1966376389892641
MLDB-000878,LOGO,group 9,mono,Ir,10.1021/acs.jmedchem.8b01704,1.25,0.9914724083378792,0.2585275916621208
MLDB-000879,LOGO,group 9,mono,Ir,10.1021/acs.jmedchem.8b01704,1.44,0.8763497046291171,0.5636502953708828
MLDB-000880,LOGO,group 9,mono,Ir,10.1021/acs.jmedchem.8b01704,2.32,0.9776565918733093,1.3423434081266905
MLDB-000881,LOGO,group 9,mono,Ir,10.1021/acs.jmedchem.8b01704,1.8,0.819950471040059,0.980049528959941
MLDB-000897,LOGO,group 9,mono,Ir,10.1021/acs.organomet.1c00572,1.35,1.025391787567427,0.3246082124325731
MLDB-000898,LOGO,group 9,mono,Rh,10.1021/acs.organomet.1c00572,1.49,0.9806435126191008,0.5093564873808992
MLDB-000899,LOGO,group 9,mono,Rh,10.1021/acs.organomet.1c00572,1.43,0.9114545953429743,0.5185454046570256
MLDB-000900,LOGO,group 9,mono,Rh,10.1021/acs.organomet.1c00572,1.41,1.0328220901520548,0.3771779098479451
MLDB-000901,LOGO,group 9,mono,Rh,10.1021/acs.organomet.1c00572,1.49,0.7486816742470568,0.7413183257529432
MLDB-000902,LOGO,group 9,mono,Rh,10.1021/acs.organomet.1c00572,1.52,0.9845886809703321,0.5354113190296679
MLDB-000911,LOGO,group 9,mono,Ir,10.1021/acs.organomet.5b00475,1.18,1.161940050491024,0.018059949508975937
MLDB-000912,LOGO,group 9,mono,Ir,10.1021/acs.organomet.5b00475,1.13,1.0099480255350288,0.12005197446497107
MLDB-000913,LOGO,group 9,mono,Ir,10.1021/acs.organomet.5b00475,1.11,1.02883352327771,0.08116647672229016
MLDB-000914,LOGO,group 9,mono,Rh,10.1021/acs.organomet.5b00475,1.19,1.0911291248188675,0.09887087518113247
MLDB-000915,LOGO,group 9,mono,Rh,10.1021/acs.organomet.5b00475,1.23,0.7892700996313938,0.44072990036860615
MLDB-000916,LOGO,group 9,mono,Rh,10.1021/acs.organomet.5b00475,1.15,0.9819601701874221,0.1680398298125778
MLDB-000922,LOGO,group 9,mono,Ir,10.1021/acs.organomet.8b00415,0.43,0.34720909942083694,0.08279090057916305
MLDB-000927,LOGO,group 9,mono,Ir,10.1021/acsami.0c11161,1.89,1.2510740065861192,0.6389259934138807
MLDB-000928,LOGO,group 9,mono,Ir,10.1021/acsami.0c11161,-0.78,0.9841796142623239,1.764179614262324
MLDB-000929,LOGO,group 9,mono,Ir,10.1021/acsami.0c11161,-1.01,0.6348078784714027,1.6448078784714029
MLDB-000945,LOGO,group 9,mono,Ir,10.1021/ic200607j,-0.95,-0.3282907319541203,0.6217092680458797
MLDB-000946,LOGO,group 9,mono,Ir,10.1021/ic200607j,1.57,0.7359624660284174,0.8340375339715826
MLDB-000953,LOGO,group 9,mono,Ir,10.1021/ic302196v,1.27,1.1174601661565022,0.15253983384349779
MLDB-000954,LOGO,group 9,mono,Rh,10.1021/ic302196v,1.27,1.1087823130411745,0.16121768695882555
MLDB-000955,LOGO,group 9,mono,Ir,10.1021/ja202344c,-0.12,0.6593119445093295,0.7793119445093295
MLDB-000960,LOGO,group 9,mono,Ir,10.1021/jacs.1c13137,0.969,1.0011281876992766,0.03212818769927661
MLDB-000961,LOGO,group 9,mono,Ir,10.1021/jacs.1c13137,0.472,0.9067190406796919,0.4347190406796919
MLDB-000977,LOGO,group 9,mono,Ir,10.1021/jm2000932,-0.82,-0.6158419990622498,0.20415800093775016
MLDB-000978,LOGO,group 9,mono,Ir,10.1021/jm2000932,0.48,-0.20653974767905312,0.6865397476790531
MLDB-000979,LOGO,group 9,mono,Ir,10.1021/jm2000932,1.11,0.3402420763134143,0.7697579236865858
MLDB-000980,LOGO,group 9,mono,Ir,10.1021/jm4001665,0.77,0.3957691748308616,0.3742308251691384
MLDB-000981,LOGO,group 9,mono,Ir,10.1021/jm4001665,1.67,0.2931794347160061,1.3768205652839938
MLDB-000982,LOGO,group 9,mono,Ir,10.1021/jm4001665,2.12,1.6169495296522256,0.5030504703477745
MLDB-001013,LOGO,group 9,mono,Ir,10.1038/srep14544,0.629,0.8736163733354836,0.24461637333548358
MLDB-001014,LOGO,group 9,mono,Ir,10.1038/srep38954,-0.81,0.34601754683217206,1.156017546832172
MLDB-001015,LOGO,group 9,mono,Ir,10.1038/srep38954,1.04,0.5342745832810408,0.5057254167189592
MLDB-001016,LOGO,group 9,mono,Ir,10.1038/srep38954,1.42,0.7913372135672512,0.6286627864327488
MLDB-001017,LOGO,group 9,mono,Ir,10.1038/srep38954,2.22,1.1058308243045385,1.1141691756954617
MLDB-001018,LOGO,group 9,mono,Ir,10.1038/srep38954,2.31,0.9816223736465391,1.3283776263534608
MLDB-001019,LOGO,group 9,mono,Ir,10.1038/srep38954,-0.49,0.4755564371250497,0.9655564371250497
MLDB-001020,LOGO,group 9,mono,Ir,10.1038/srep38954,1.33,0.6947739867688603,0.6352260132311398
MLDB-001021,LOGO,group 9,mono,Ir,10.1038/srep38954,1.74,0.8528565860154863,0.8871434139845137
MLDB-001022,LOGO,group 9,mono,Ir,10.1038/srep38954,2.51,1.0095028050864825,1.5004971949135173
MLDB-001023,LOGO,group 9,mono,Ir,10.1038/srep38954,2.59,0.9549764454244639,1.635023554575536
MLDB-001047,LOGO,group 9,mono,Ir,10.1039/c3cc40845k,1.33,0.9295522788116368,0.40044772118836325
MLDB-001048,LOGO,group 9,mono,Ir,10.1039/c3cc40845k,1.28,1.4225430501947205,0.14254305019472047
MLDB-001049,LOGO,group 9,mono,Ir,10.1039/c3cc40845k,1.57,0.71393251657376,0.8560674834262401
MLDB-001050,LOGO,group 9,mono,Ir,10.1039/c3cc40845k,0.89,0.2227908235757313,0.6672091764242687
MLDB-001051,LOGO,group 9,mono,Ir,10.1039/c3cc40845k,1.56,0.9573104396865958,0.6026895603134043
MLDB-001052,LOGO,group 9,mono,Ir,10.1039/c3mt00341h,0.07,0.7305044065632618,0.6605044065632617
MLDB-001053,LOGO,group 9,mono,Ir,10.1039/c3mt00341h,-0.95,-0.6910898677870138,0.2589101322129862
MLDB-001054,LOGO,group 9,mono,Ir,10.1039/c3mt20276c,1.17,0.2585565065164026,0.9114434934835973
MLDB-001055,LOGO,group 9,mono,Ir,10.1039/c3mt20276c,1.22,0.960044547329748,0.259955452670252
MLDB-001056,LOGO,group 9,mono,Ir,10.1039/c3mt20276c,1.52,1.3286347560863239,0.19136524391367615
MLDB-001057,LOGO,group 9,mono,Ir,10.1039/c3mt20276c,2.87,1.5432781650304686,1.3267218349695316
MLDB-001058,LOGO,group 9,mono,Ir,10.1039/c4dt00845f,1.21,1.0648037992860615,0.14519620071393846
MLDB-001059,LOGO,group 9,mono,Ir,10.1039/c4dt00845f,1.12,1.1774990105994265,0.057499010599426414
MLDB-001060,LOGO,group 9,mono,Ir,10.1039/c4dt00845f,1.08,0.9795967591430769,0.1004032408569232
MLDB-001061,LOGO,group 9,mono,Ir,10.1039/c4dt00845f,1.08,1.3407424812972357,0.26074248129723565
MLDB-001062,LOGO,group 9,mono,Ir,10.1039/c4dt00845f,0.94,1.3750832840909635,0.43508328409096353
MLDB-001063,LOGO,group 9,mono,Ir,10.1039/c4dt00845f,1.56,1.3161668364981927,0.2438331635018074
MLDB-001064,LOGO,group 9,mono,Ir,10.1039/c4dt00845f,1.78,1.5036005325712867,0.27639946742871335
MLDB-001065,LOGO,group 9,mono,Ir,10.1039/c4dt00845f,1.86,1.195259228559344,0.6647407714406561
MLDB-001066,LOGO,group 9,mono,Ir,10.1039/c4dt00845f,1.55,1.454587342031549,0.09541265796845111
MLDB-001067,LOGO,group 9,mono,Ir,10.1039/c4dt00845f,1.41,1.2292206020742922,0.18077939792570774
MLDB-001070,LOGO,group 9,mono,Ir,10.1039/c4dt02890b,0.62,0.09546593221269078,0.5245340677873092
MLDB-001071,LOGO,group 9,mono,Ir,10.1039/c4dt02890b,1.1,1.3316359659716543,0.23163596597165426
MLDB-001072,LOGO,group 9,mono,Ir,10.1039/c4dt02890b,-1.83,0.5292662275135415,2.3592662275135416
MLDB-001073,LOGO,group 9,mono,Ir,10.1039/c4dt02890b,-0.45,1.3961688104831742,1.8461688104831742
MLDB-001098,LOGO,group 9,mono,Ir,10.1039/c5sc01955a,1.97,1.4579215156996896,0.5120784843003103
MLDB-001099,LOGO,group 9,mono,Ir,10.1039/c5sc01955a,2.07,2.1058607440866606,0.035860744086660734
MLDB-001100,LOGO,group 9,mono,Ir,10.1039/c5sc01955a,2.01,1.3670808926194562,0.6429191073805436
MLDB-001101,LOGO,group 9,mono,Ir,10.1039/c5sc01955a,2.12,1.863656959669936,0.25634304033006416
MLDB-001102,LOGO,group 9,mono,Ir,10.1039/c6cc07909a,2.6,1.891680046404403,0.7083199535955971
MLDB-001103,LOGO,group 9,mono,Ir,10.1039/c6cc07909a,2.7,1.0661255697153662,1.633874430284634
MLDB-001105,LOGO,group 9,mono,Ir,10.1039/c6cc10015e,1.42,0.7275959105254701,0.6924040894745298
MLDB-001106,LOGO,group 9,mono,Ir,10.1039/c6cc10015e,1.06,1.254650713085813,0.19465071308581305
MLDB-001107,LOGO,group 9,mono,Ir,10.1039/c6cc10015e,0.77,1.3095604515958352,0.5395604515958352
MLDB-001108,LOGO,group 9,mono,Ir,10.1039/c6dt00601a,1.64,0.9084822183958161,0.7315177816041838
MLDB-001109,LOGO,group 9,mono,Ir,10.1039/c6dt00601a,2.41,0.8705654722974526,1.5394345277025474
MLDB-001110,LOGO,group 9,mono,Ir,10.1039/c6dt00601a,1.73,0.38092991811792337,1.3490700818820767
MLDB-001136,LOGO,group 9,mono,Ir,10.1039/c6sc02901a,0.23,0.6859069618049364,0.4559069618049364
MLDB-001137,LOGO,group 9,mono,Ir,10.1039/c6sc02901a,1.28,0.7948539933106983,0.48514600668930175
MLDB-001138,LOGO,group 9,mono,Ir,10.1039/c6sc02901a,1.09,0.6399324921885396,0.45006750781146043
MLDB-001139,LOGO,group 9,mono,Ir,10.1039/c6sc02901a,2.12,0.7547505155693708,1.3652494844306293
MLDB-001148,LOGO,group 9,mono,Rh,10.1039/c7dt00439g,0.8,0.7612082286682638,0.03879177133173628
MLDB-001149,LOGO,group 9,mono,Rh,10.1039/c7dt00439g,-0.31,0.011941045434942123,0.3219410454349421
MLDB-001150,LOGO,group 9,mono,Rh,10.1039/c7dt00439g,0.75,0.9529710113527383,0.20297101135273832
MLDB-001151,LOGO,group 9,mono,Rh,10.1039/c7dt00439g,-0.55,0.09586614297523335,0.6458661429752334
MLDB-001152,LOGO,group 9,mono,Rh,10.1039/c7dt00439g,-0.63,0.8060236975327657,1.4360236975327658
MLDB-001153,LOGO,group 9,mono,Rh,10.1039/c7dt00439g,-1.22,-0.0713710577861692,1.1486289422138307
MLDB-001154,LOGO,group 9,mono,Ir,10.1039/c7dt01015j,1.19,1.3880773631909036,0.19807736319090363
MLDB-001155,LOGO,group 9,mono,Ir,10.1039/c7dt01015j,1.17,1.2209939484006171,0.05099394840061722
MLDB-001156,LOGO,group 9,mono,Ir,10.1039/c7dt01015j,1.13,1.1247391231212875,0.0052608768787123505
MLDB-001157,LOGO,group 9,mono,Ir,10.1039/c7dt01091e,1.64,0.6552015679889388,0.9847984320110611
MLDB-001158,LOGO,group 9,mono,Ir,10.1039/c7dt01091e,2.93,0.804926314354136,2.125073685645864
MLDB-001159,LOGO,group 9,mono,Ir,10.1039/c7dt01903c,0.94,0.7790497838311421,0.16095021616885785
MLDB-001160,LOGO,group 9,mono,Ir,10.1039/c7dt01903c,0.77,0.30646306722940697,0.46353693277059305
MLDB-001161,LOGO,group 9,mono,Ir,10.1039/c7dt01903c,1.14,0.8816170507256832,0.2583829492743167
MLDB-001162,LOGO,group 9,mono,Ir,10.1039/c7dt01903c,0.82,0.6456547467992848,0.17434525320071514
MLDB-001167,LOGO,group 9,mono,Ir,10.1039/c7dt02273e,0.23,0.8273835683051686,0.5973835683051686
MLDB-001168,LOGO,group 9,mono,Ir,10.1039/c7dt02273e,0.51,1.6801998250640355,1.1701998250640355
MLDB-001169,LOGO,group 9,mono,Ir,10.1039/c7dt02273e,-0.91,-0.7528693088273477,0.15713069117265233
MLDB-001170,LOGO,group 9,mono,Ir,10.1039/c7dt02273e,1.26,0.590592229663688,0.669407770336312
MLDB-001171,LOGO,group 9,mono,Ir,10.1039/c7dt02477k,1.58,0.4519110317305404,1.1280889682694597
MLDB-001172,LOGO,group 9,mono,Ir,10.1039/c7dt02477k,0.73,0.3173863497374515,0.4126136502625485
MLDB-001173,LOGO,group 9,mono,Ir,10.1039/c7dt02477k,1.54,0.5201352297865707,1.0198647702134294
MLDB-001179,LOGO,group 9,mono,Ir,10.1039/c7tb00731k,1.98,0.7047210923624689,1.275278907637531
MLDB-001180,LOGO,group 9,mono,Ir,10.1039/c7tb00731k,1.55,0.8993748676604826,0.6506251323395175
MLDB-001181,LOGO,group 9,mono,Ir,10.1039/c8cc00299a,0.89,1.02339043353167,0.1333904335316699
MLDB-001182,LOGO,group 9,mono,Ir,10.1039/c8cc00299a,0.77,0.9404929187406141,0.17049291874061412
MLDB-001183,LOGO,group 9,mono,Ir,10.1039/c8dt00783g,1.42,1.0239413277002736,0.39605867229972636
MLDB-001184,LOGO,group 9,mono,Ir,10.1039/c8dt00783g,1.56,0.9564865159913893,0.6035134840086107
MLDB-001185,LOGO,group 9,mono,Ir,10.1039/c8dt00783g,1.52,1.6833571775458578,0.16335717754585777
MLDB-001186,LOGO,group 9,mono,Ir,10.1039/c8dt00783g,1.77,1.6700735313986053,0.09992646860139476
MLDB-001187,LOGO,group 9,mono,Ir,10.1039/c8dt02918k,0.322,0.37879990834734156,0.056799908347341554
MLDB-001188,LOGO,group 9,mono,Ir,10.1039/c8dt02918k,0.613,0.16788974026840234,0.4451102597315977
MLDB-001189,LOGO,group 9,mono,Ir,10.1039/c8dt02918k,0.862,0.10413880968268001,0.75786119031732
MLDB-001190,LOGO,group 9,mono,Ir,10.1039/c8dt02918k,0.557,0.12182101927708926,0.4351789807229108
MLDB-001199,LOGO,group 9,mono,Ir,10.1039/c8sc02920b,2.67,1.5978509267526928,1.0721490732473071
MLDB-001200,LOGO,group 9,mono,Ir,10.1039/c8sc02920b,3.03,1.3347303318177357,1.695269668182264
MLDB-001201,LOGO,group 9,mono,Ir,10.1039/c8sc02920b,2.96,1.2081926044955562,1.7518073955044438
MLDB-001202,LOGO,group 9,mono,Ir,10.1039/c8sc02920b,3.23,1.032596176167568,2.197403823832432
MLDB-001203,LOGO,group 9,mono,Ir,10.1039/c8sc02920b,2.76,1.177374148112846,1.5826258518871539
MLDB-001204,LOGO,group 9,mono,Ir,10.1039/c8sc02920b,3.11,1.774661408638091,1.335338591361909
MLDB-001205,LOGO,group 9,mono,Ir,10.1039/c8sc02920b,2.83,1.4572821159611573,1.3727178840388428
MLDB-001206,LOGO,group 9,mono,Ir,10.1039/c8sc04520h,1.42,0.658672456209006,0.7613275437909939
MLDB-001207,LOGO,group 9,mono,Ir,10.1039/c8sc04520h,1.58,0.7802147696949747,0.7997852303050254
MLDB-001210,LOGO,group 9,mono,Ir,10.1039/c9dt00259f,0.26,0.03385908171579549,0.22614091828420452
MLDB-001211,LOGO,group 9,mono,Ir,10.1039/c9dt00259f,1.83,0.10987072965941119,1.7201292703405888
MLDB-001245,LOGO,group 9,mono,Ir,10.1039/c9qi01161g,-0.15,-0.014127148946030028,0.13587285105396996
MLDB-001246,LOGO,group 9,mono,Ir,10.1039/c9qi01161g,-0.41,0.44809183249080414,0.8580918324908041
MLDB-001247,LOGO,group 9,mono,Ir,10.1039/c9qi01161g,-0.75,-0.46219297520562147,0.28780702479437853
MLDB-001248,LOGO,group 9,mono,Ir,10.1039/c9ra10357k,-1.06,1.0051050488832844,2.0651050488832845
MLDB-001249,LOGO,group 9,mono,Ir,10.1039/c9ra10357k,1.39,1.5209012589716404,0.1309012589716405
MLDB-001260,LOGO,group 9,mono,Rh,10.1039/d0dt01256d,-0.53,0.1541508555930435,0.6841508555930436
MLDB-001263,LOGO,group 9,mono,Rh,10.1039/d0dt01256d,-0.15,0.19508490768230752,0.3450849076823075
MLDB-001266,LOGO,group 9,mono,Rh,10.1039/d0dt01256d,0.11,0.2733980093868599,0.1633980093868599
MLDB-001277,LOGO,group 9,mono,Ir,10.1039/d0dt02064h,1.1,0.3537901604263506,0.7462098395736495
MLDB-001278,LOGO,group 9,mono,Ir,10.1039/d0dt02064h,2.58,0.8335254143013209,1.7464745856986792
MLDB-001279,LOGO,group 9,mono,Ir,10.1039/d0dt02064h,3.0,0.8656610801975493,2.1343389198024507
MLDB-001286,LOGO,group 9,mono,Ir,10.1039/d0dt03586f,0.49,0.3225752971240395,0.1674247028759605
MLDB-001287,LOGO,group 9,mono,Ir,10.1039/d0dt03586f,0.52,0.3113461546160267,0.2086538453839733
MLDB-001288,LOGO,group 9,mono,Ir,10.1039/d0dt03586f,0.78,0.2263619147300358,0.5536380852699643
MLDB-001289,LOGO,group 9,mono,Ir,10.1039/d0dt03586f,0.69,0.5905780835441352,0.09942191645586473
MLDB-001290,LOGO,group 9,mono,Ir,10.1039/d0dt03586f,1.1,0.36460034139716324,0.7353996586028368
MLDB-001291,LOGO,group 9,mono,Ir,10.1039/d0dt03586f,0.97,0.40239051459156333,0.5676094854084366
MLDB-001292,LOGO,group 9,mono,Ir,10.1039/d0dt03586f,0.91,0.4421261430750315,0.4678738569249685
MLDB-001302,LOGO,group 9,mono,Ir,10.1039/d0mt00060d,2.2,0.9029419264619611,1.297058073538039
MLDB-001303,LOGO,group 9,mono,Ir,10.1039/d0mt00060d,2.3,0.6000250748911983,1.6999749251088017
MLDB-001304,LOGO,group 9,mono,Ir,10.1039/d0mt00060d,2.8,1.0509491941284113,1.7490508058715886
MLDB-001305,LOGO,group 9,mono,Ir,10.1039/d0mt00060d,0.9,0.5823786730341488,0.3176213269658512
MLDB-001306,LOGO,group 9,mono,Ir,10.1039/d0mt00060d,1.0,0.1461976579199613,0.8538023420800387
MLDB-001307,LOGO,group 9,mono,Ir,10.1039/d0mt00060d,1.5,0.5019677395840546,0.9980322604159454
MLDB-001313,LOGO,group 9,mono,Ir,10.1039/d0sc00897d,-0.08,0.561614449651833,0.641614449651833
MLDB-001314,LOGO,group 9,mono,Ir,10.1039/d0sc00897d,-0.59,-0.08723733177717612,0.5027626682228239
MLDB-001320,LOGO,group 9,mono,Ir,10.1039/d1cc04982h,0.78,1.4388975834701998,0.6588975834701998
MLDB-001321,LOGO,group 9,mono,Ir,10.1039/d1cc04982h,0.89,1.5263494112059135,0.6363494112059135
MLDB-001322,LOGO,group 9,mono,Ir,10.1039/d1cc04982h,0.62,2.105206998163773,1.4852069981637728
MLDB-001323,LOGO,group 9,mono,Rh,10.1039/d1dt01053k,1.49,1.0029433383972093,0.4870566616027907
MLDB-001324,LOGO,group 9,mono,Rh,10.1039/d1dt01053k,2.34,1.5113046048020253,0.8286953951979745
MLDB-001325,LOGO,group 9,mono,Rh,10.1039/d1dt01053k,2.86,1.2509541996006026,1.6090458003993973
MLDB-001327,LOGO,group 9,mono,Ir,10.1039/d1dt01556g,1.31,0.05517338984978262,1.2548266101502175
MLDB-001329,LOGO,group 9,multi,Ir,10.1039/d1dt01556g,1.6,0.16833592937763317,1.431664070622367
MLDB-001357,LOGO,group 9,mono,Ir,10.1039/d2ra01036d,0.27,0.6040765532417681,0.3340765532417681
MLDB-001358,LOGO,group 9,mono,Ir,10.1039/d2ra01036d,0.34,1.3232954899663716,0.9832954899663715
MLDB-001359,LOGO,group 9,mono,Ir,10.1039/d2ra01036d,-0.23,0.7100599416969086,0.9400599416969085
MLDB-001360,LOGO,group 9,mono,Ir,10.1039/d2ra01036d,0.02,0.6254804389709102,0.6054804389709102
MLDB-001361,LOGO,group 9,mono,Ir,10.1039/d2ra01036d,0.29,0.4046644116086912,0.11466441160869123
MLDB-001416,LOGO,group 9,mono,Ir,10.1093/mtomcs/mfac068,2.79,1.0616282970361535,1.7283717029638466
MLDB-001417,LOGO,group 9,mono,Ir,10.1093/mtomcs/mfac068,2.99,0.810057901747226,2.1799420982527744
MLDB-001418,LOGO,group 9,mono,Ir,10.1093/mtomcs/mfac068,3.0,0.7382009473555351,2.2617990526444647
MLDB-001422,LOGO,group 9,mono,Ir,10.1109/nanomed.2010.5749807,1.91,0.9139416632918832,0.9960583367081167
MLDB-001423,LOGO,group 9,mono,Ir,10.1109/nanomed.2010.5749807,2.09,1.6268256334865812,0.4631743665134187
MLDB-001424,LOGO,group 9,mono,Ir,10.1109/nanomed.2010.5749807,1.16,0.7488932266910678,0.4111067733089321
MLDB-001449,LOGO,group 9,mono,Rh,10.3389/fchem.2023.1086267,1.6,1.7150622054928313,0.1150622054928312
MLDB-001450,LOGO,group 9,mono,Ir,10.3389/fchem.2023.1086267,2.17,1.7049544449473335,0.4650455550526664
MLDB-001460,LOGO,group 9,mono,Ir,10.3390/ijms22147422,1.47,0.9843358656591071,0.48566413434089284
MLDB-001461,LOGO,group 9,mono,Ir,10.3390/ijms22147422,1.5,1.3106380568142613,0.18936194318573873
MLDB-001462,LOGO,group 9,mono,Ir,10.3390/ijms22147422,1.3,1.1784733477142462,0.12152665228575388
MLDB-001471,LOGO,group 9,mono,Ir,10.3390/ijms23020813,2.87,2.2079000746508335,0.6620999253491666
MLDB-001472,LOGO,group 9,mono,Ir,10.3390/ijms23020813,-1.15,-0.27777953361498675,0.8722204663850132
MLDB-001473,LOGO,group 9,mono,Ir,10.3390/ijms23020813,1.46,2.2944722858834714,0.8344722858834714
MLDB-001474,LOGO,group 9,mono,Ir,10.3390/ijms23020813,1.46,2.2944722858834714,0.8344722858834714
MLDB-001475,LOGO,group 9,mono,Ir,10.3390/ijms23020813,1.8,1.8137741057809782,0.013774105780978152
MLDB-001476,LOGO,group 9,mono,Ir,10.3390/ijms23020813,2.36,1.8540118214246741,0.5059881785753257
MLDB-001477,LOGO,group 9,mono,Ir,10.3390/ijms23020813,-0.75,-0.19134199117324469,0.5586580088267553
MLDB-001478,LOGO,group 9,mono,Ir,10.3390/ijms23020813,-1.6,-0.5787659868786316,1.0212340131213686
MLDB-001479,LOGO,group 9,mono,Ir,10.3390/ijms23020813,-1.47,-0.5787659868786316,0.8912340131213684
MLDB-001480,LOGO,group 9,mono,Ir,10.3390/ijms23020813,-1.56,-0.3349954194923146,1.2250045805076855
MLDB-001481,LOGO,group 9,mono,Ir,10.3390/ijms23020813,-1.31,-0.8078402712330577,0.5021597287669424
MLDB-001482,LOGO,group 9,mono,Ir,10.3390/ijms23020813,-2.08,-1.0213498881978857,1.0586501118021143
MLDB-001487,LOGO,group 9,mono,Rh,10.3390/ijms23020813,1.6,2.278273587963453,0.6782735879634529
MLDB-001488,LOGO,group 9,mono,Rh,10.3390/ijms23020813,1.64,2.278273587963453,0.6382735879634531
MLDB-001489,LOGO,group 9,mono,Rh,10.3390/ijms23020813,1.8,1.7870686677896168,0.012931332210383228
MLDB-001490,LOGO,group 9,mono,Rh,10.3390/ijms23020813,1.85,1.8615795402383115,0.011579540238311425
MLDB-001502,LOGO,group 9,mono,Ir,10.3390/inorganics8040023,1.99,0.9501025199494958,1.039897480050504
MLDB-001503,LOGO,group 9,mono,Ir,10.3390/inorganics8040023,2.66,0.8819990087918957,1.7780009912081045
MLDB-001504,LOGO,group 9,mono,Ir,10.3390/inorganics8040023,2.84,1.1599470175341904,1.6800529824658095
MLDB-001505,LOGO,group 9,mono,Ir,10.3390/inorganics8040023,2.63,1.2309656514955094,1.3990343485044905
MLDB-001506,LOGO,group 9,mono,Ir,10.3390/inorganics8040023,2.31,1.1421186321158534,1.1678813678841466
MLDB-001507,LOGO,group 9,mono,Ir,10.3390/inorganics8040023,2.26,1.2421377589567637,1.017862241043236
MLDB-001508,LOGO,group 9,mono,Ir,10.3390/ma13163491,-1.14,0.016574166274847004,1.156574166274847
MLDB-001509,LOGO,group 9,mono,Ir,10.3390/ma13163491,-0.3,0.03156931422902512,0.33156931422902514
MLDB-001510,LOGO,group 9,mono,Ir,10.3390/molecules24173129,1.01,0.5936998337384767,0.41630016626152333
MLDB-001511,LOGO,group 9,mono,Ir,10.3390/molecules24173129,1.33,0.5477626421558813,0.7822373578441187
MLDB-001512,LOGO,group 9,mono,Ir,10.3390/molecules24173129,0.78,0.32225125809651284,0.4577487419034872
MLDB-001525,LOGO,group 9,mono,Ir,10.3390/pharmaceutics13091382,0.75,1.5040080129826496,0.7540080129826496
MLDB-001526,LOGO,group 9,mono,Ir,10.3390/pharmaceutics13091382,0.28,1.3886687061381238,1.1086687061381237
MLDB-001527,LOGO,group 9,mono,Ir,10.3390/pharmaceutics13091382,1.73,1.8000105069688432,0.07001050696884326
MLDB-001528,LOGO,group 9,mono,Ir,10.3390/pharmaceutics13091382,1.24,1.766996794480232,0.5269967944802321
MLDB-001587,LOGO,group 9,mono,Co,10.1039/d5dt02296g,0.94,-0.5170302056235833,1.457030205623583
MLDB-001620,LOGO,group 9,mono,Ir,10.1016/j.jinorgbio.2022.111992,0.3,0.9263988619091692,0.6263988619091692
MLDB-001665,LOGO,group 9,mono,Ir,10.1016/j.ejps.2025.107259,1.69,1.885994916871415,0.19599491687141501
MLDB-001666,LOGO,group 9,mono,Rh,10.1016/j.ejps.2025.107259,1.62,1.8713938258324643,0.25139382583246417
MLDB-001669,LOGO,group 9,mono,Ir,10.1016/j.ejps.2025.107259,1.74,2.2262151346147,0.4862151346147001
MLDB-001670,LOGO,group 9,mono,Rh,10.1016/j.ejps.2025.107259,1.97,2.207932753153221,0.23793275315322115
MLDB-001673,LOGO,group 9,mono,Ir,10.1016/j.ejps.2025.107259,1.38,1.664990119343774,0.28499011934377405
MLDB-001674,LOGO,group 9,mono,Rh,10.1016/j.ejps.2025.107259,1.33,1.6512525305252985,0.32125253052529845
MLDB-001677,LOGO,group 9,mono,Ir,10.1016/j.ejps.2025.107259,2.06,1.9624035825822923,0.09759641741770775
MLDB-001678,LOGO,group 9,mono,Rh,10.1016/j.ejps.2025.107259,1.36,1.948608618376271,0.5886086183762709
MLDB-001680,LOGO,group 9,mono,Ir,10.3389/fchem.2025.1619991,-1.77,-0.8078402712330577,0.9621597287669423
MLDB-001682,LOGO,group 9,mono,Ir,10.3389/fchem.2025.1619991,-0.91,-0.5654012840566767,0.34459871594332336
MLDB-001684,LOGO,group 9,mono,Ir,10.3389/fchem.2025.1619991,-2.53,-1.0213498881978857,1.508650111802114
MLDB-001687,LOGO,group 9,mono,Ir,10.3389/fchem.2025.1619991,1.87,1.8540118214246741,0.015988178575325973
MLDB-001688,LOGO,group 9,mono,Rh,10.3389/fchem.2025.1619991,1.79,1.8615795402383115,0.07157954023831148
MLDB-001691,LOGO,group 9,mono,Ir,10.3389/fchem.2025.1619991,1.89,1.7049544449473335,0.1850455550526664
MLDB-001692,LOGO,group 9,mono,Rh,10.3389/fchem.2025.1619991,1.64,1.7150622054928313,0.07506220549283138
MLDB-001745,LOGO,group 9,mono,Ir,10.3390/molecules28073058,3.18,1.8296362475628198,1.3503637524371803
MLDB-001746,LOGO,group 9,mono,Rh,10.3390/molecules28073058,1.64,1.8176429564724559,0.17764295647245598
MLDB-001752,LOGO,group 9,mono,Ir,10.3390/molecules28073058,1.08,1.3970206504938423,0.3170206504938422
MLDB-001753,LOGO,group 9,mono,Rh,10.3390/molecules28073058,1.2,1.393827830980726,0.19382783098072598
MLDB-001756,LOGO,group 9,mono,Ir,10.3390/molecules28073058,1.17,1.2438577348265123,0.07385773482651237
MLDB-001757,LOGO,group 9,mono,Rh,10.3390/molecules28073058,1.41,1.2463430921229852,0.1636569078770147
MLDB-001760,LOGO,group 9,mono,Ir,10.3390/molecules28073058,1.4,0.8468115331288015,0.5531884668711984
MLDB-001761,LOGO,group 9,mono,Rh,10.3390/molecules28073058,1.13,0.8492968904252741,0.2807031095747258
MLDB-001764,LOGO,group 9,mono,Ir,10.3390/molecules28073058,1.3,1.2827343650373482,0.017265634962651877
MLDB-001765,LOGO,group 9,mono,Rh,10.3390/molecules28073058,1.04,1.285219722333821,0.24521972233382106
MLDB-001768,LOGO,group 9,mono,Ir,10.3390/molecules28073058,1.39,1.790434782032886,0.4004347820328862
MLDB-001769,LOGO,group 9,mono,Rh,10.3390/molecules28073058,1.66,1.7989671189155985,0.13896711891559854
MLDB-002239,LOGO,group 9,mono,Ir,10.1021/acs.jmedchem.3c00336,1.15,1.0395209038024031,0.11047909619759677
MLDB-002240,LOGO,group 9,mono,Ir,10.1021/acs.jmedchem.3c00336,1.03,0.9607993314137292,0.06920066858627083
MLDB-002241,LOGO,group 9,mono,Ir,10.1021/acs.jmedchem.3c00336,1.24,1.4042735970609297,0.1642735970609297
MLDB-002346,LOGO,group 9,mono,Rh,10.1016/j.bioorg.2023.106838,-0.5,0.1745143389252979,0.6745143389252979
MLDB-002347,LOGO,group 9,mono,Rh,10.1016/j.bioorg.2023.106838,0.39,0.5674883747750805,0.1774883747750805
MLDB-002348,LOGO,group 9,mono,Rh,10.1016/j.bioorg.2023.106838,0.31,1.20000991433262,0.8900099143326199
MLDB-002349,LOGO,group 9,mono,Rh,10.1016/j.bioorg.2023.106838,0.5,0.5904586935414641,0.09045869354146407
MLDB-002351,LOGO,group 9,multi,Rh,10.1039/b915357h,0.32,-0.4877004602431475,0.8077004602431475
MLDB-002352,LOGO,group 9,multi,Rh,10.1039/b915357h,0.31,-0.19010144232683174,0.5001014423268317
MLDB-002353,LOGO,group 9,multi,Rh,10.1039/b915357h,0.41,0.17768494016444586,0.23231505983555412
MLDB-002354,LOGO,group 9,multi,Rh,10.1039/b915357h,0.63,0.013527829893120546,0.6164721701068795
MLDB-002355,LOGO,group 9,multi,Rh,10.1039/b915357h,1.02,-0.10443486690374026,1.1244348669037403
MLDB-002384,LOGO,group 9,multi,Co,10.1016/j.jinorgbio.2019.110963,-1.33,-0.8218926425730463,0.5081073574269538
MLDB-002385,LOGO,group 9,multi,Co,10.1016/j.jinorgbio.2019.110963,-1.08,-0.588501762678079,0.4914982373219211
MLDB-002388,LOGO,group 9,mono,Co,10.1039/c9nj01269a,-0.86,-0.512323279196876,0.34767672080312395
MLDB-002389,LOGO,group 9,mono,Co,10.1039/c9nj01269a,0.17,-0.21340344352166207,0.3834034435216621
MLDB-002390,LOGO,group 9,mono,Co,10.1039/c9nj01269a,0.24,0.2762933705624802,0.03629337056248022
MLDB-002391,LOGO,group 9,mono,Co,10.1039/c9nj01269a,0.38,0.13988333967870253,0.24011666032129747
MLDB-002393,LOGO,group 9,mono,Co,10.1039/d2md00394e,-1.477,1.0055241088489961,2.482524108848996
MLDB-002395,LOGO,group 9,mono,Co,10.1021/ic4016228,-1.99,0.4625408974247861,2.452540897424786
MLDB-002396,LOGO,group 9,mono,Co,10.1021/ic4016228,-2.18,0.6648311983216627,2.8448311983216628
MLDB-002397,LOGO,group 9,mono,Co,10.1021/ic4016228,-1.37,0.469686225443318,1.8396862254433182
MLDB-002398,LOGO,group 9,mono,Co,10.1021/ic4016228,-2.45,-0.34349427202350885,2.1065057279764914
MLDB-002399,LOGO,group 9,mono,Co,10.1021/ic4016228,-2.4,-0.35393677053621053,2.0460632294637895
MLDB-002405,LOGO,group 9,mono,Co,10.3390/inorganics5010012,0.96,0.4296715263722311,0.5303284736277689
MLDB-002406,LOGO,group 9,mono,Co,10.1002/aoc.6536,1.07,-0.4891256973464126,1.5591256973464127
MLDB-002407,LOGO,group 9,mono,Co,10.1002/aoc.6536,1.59,0.4746036314600294,1.1153963685399706
MLDB-002408,LOGO,group 9,mono,Co,10.1002/aoc.6536,1.13,-0.6488588056243431,1.7788588056243428
MLDB-002409,LOGO,group 9,mono,Co,10.1002/aoc.6536,1.86,0.0414779759857072,1.818522024014293
MLDB-002412,LOGO,group 9,mono,Co,10.1039/c8dt00577j,0.94,0.5912041859264141,0.34879581407358584
MLDB-002413,LOGO,group 9,multi,Co,10.1039/c8dt00577j,1.91,1.0093599178259733,0.9006400821740266
MLDB-002414,LOGO,group 9,multi,Co,10.1039/c8dt00577j,1.03,0.8426411664654746,0.18735883353452543
MLDB-002415,LOGO,group 9,mono,Co,10.1002/cbic.201600368,0.67,0.4920660757411664,0.17793392425883364
MLDB-002416,LOGO,group 9,mono,Co,10.1039/c8dt03448f,-0.3,-0.4950876169024152,0.19508761690241522
MLDB-002417,LOGO,group 9,mono,Co,10.1039/c8dt03448f,0.04,-0.05200402800030952,0.09200402800030952
MLDB-002418,LOGO,group 9,mono,Co,10.1039/c8dt03448f,0.56,0.5790326566885312,0.019032656688531158
MLDB-002419,LOGO,group 9,mono,Co,10.1021/acs.inorgchem.1c00444,1.11,0.552268553369951,0.5577314466300491
MLDB-002420,LOGO,group 9,mono,Co,10.1021/acs.inorgchem.1c00444,1.25,0.8384888513855872,0.41151114861441285
MLDB-002421,LOGO,group 9,mono,Co,10.1021/acs.inorgchem.1c00444,1.55,1.1021824138345686,0.44781758616543144
MLDB-002422,LOGO,group 9,mono,Co,10.1021/acs.inorgchem.1c00444,1.23,0.5349133355059191,0.6950866644940809
MLDB-002423,LOGO,group 9,mono,Co,10.1021/acs.inorgchem.1c00444,1.42,0.9661757409976306,0.45382425900236933
MLDB-002424,LOGO,group 9,mono,Co,10.1021/acs.inorgchem.1c00444,1.7,1.2179514182243227,0.4820485817756772
MLDB-002425,LOGO,group 9,mono,Co,10.1080/07391102.2019.1624195,-2.23,-0.5404913870547139,1.689508612945286
MLDB-002426,LOGO,group 9,mono,Co,10.1080/07391102.2019.1624195,-2.8,-0.48216867302738203,2.317831326972618
MLDB-002427,LOGO,group 9,mono,Co,10.1016/j.jinorgbio.2025.113158,-2.51,0.5084530140234989,3.018453014023499
MLDB-002428,LOGO,group 9,mono,Co,10.1016/j.jinorgbio.2025.113158,-1.86,0.9888299031637896,2.84882990316379
MLDB-002429,LOGO,group 9,mono,Co,10.1016/j.jinorgbio.2025.113158,-1.62,1.4527080459401323,3.072708045940132
MLDB-002430,LOGO,group 9,mono,Co,10.1016/j.inoche.2025.114915,0.96,0.06941360859814395,0.890586391401856
MLDB-002431,LOGO,group 9,mono,Co,10.1016/j.inoche.2025.114915,1.04,-0.03821792730401091,1.078217927304011
MLDB-002432,LOGO,group 9,mono,Co,10.1016/j.inoche.2025.114915,1.12,0.10253127489136457,1.0174687251086356
MLDB-002433,LOGO,group 9,mono,Co,10.1016/j.inoche.2025.114915,1.18,0.6726100655898892,0.5073899344101107
MLDB-002434,LOGO,group 9,mono,Co,10.1016/j.inoche.2025.114915,1.24,0.6609836315194895,0.5790163684805105
MLDB-002435,LOGO,group 9,mono,Co,10.1016/j.inoche.2025.114915,1.31,0.7800650715416485,0.5299349284583516
MLDB-002436,LOGO,group 9,mono,Co,10.1021/acs.inorgchem.3c03696,-0.67,-0.0396766779260601,0.6303233220739399
MLDB-002437,LOGO,group 9,mono,Co,10.1021/acs.inorgchem.3c03696,-0.56,0.469647689341137,1.029647689341137
MLDB-002438,LOGO,group 9,mono,Co,10.1021/acs.inorgchem.3c03696,-0.28,0.26632610465504986,0.5463261046550498
MLDB-002439,LOGO,group 9,mono,Co,10.1021/acs.inorgchem.3c03696,-0.22,0.219907924279521,0.43990792427952097
MLDB-002440,LOGO,group 9,mono,Co,10.1002/anie.202317940,0.5,0.623346247408237,0.12334624740823696
MLDB-002441,LOGO,group 9,mono,Co,10.1002/cbic.202400484,0.88,-0.09085738777120601,0.970857387771206
MLDB-002442,LOGO,group 9,mono,Co,10.1002/cbic.202400484,0.72,0.43997802968293276,0.2800219703170672
MLDB-002443,LOGO,group 9,mono,Co,10.1002/cbic.202400484,0.98,0.42132064761227667,0.5586793523877234
MLDB-002444,LOGO,group 9,mono,Co,10.1002/cbic.202400484,0.83,0.44180272022882006,0.3881972797711799
MLDB-002445,LOGO,group 9,mono,Co,10.1002/cbic.202400484,1.17,0.3246455860292532,0.8453544139707467
MLDB-002446,LOGO,group 9,mono,Co,10.1002/cbic.202400484,0.95,0.5622229055463422,0.3877770944536577
MLDB-002447,LOGO,group 9,mono,Co,10.3390/molecules29122743,-1.11,-1.69245224926621,0.5824522492662099
MLDB-002448,LOGO,group 9,mono,Co,10.3390/molecules29122743,-0.38,-1.6192945189893404,1.2392945189893405
MLDB-002449,LOGO,group 9,mono,Co,10.3390/molecules29122743,-1.46,-1.69245224926621,0.23245224926621
MLDB-002450,LOGO,group 9,mono,Co,10.1016/j.ica.2023.121622,0.41,1.4611515006603393,1.0511515006603394
MLDB-002451,LOGO,group 9,mono,Co,10.1016/j.ica.2023.121622,0.32,1.4695428210331813,1.1495428210331813
MLDB-002452,LOGO,group 9,mono,Co,10.1016/j.ica.2023.121622,0.65,1.3568769574196615,0.7068769574196615
MLDB-002453,LOGO,group 9,mono,Co,10.1016/j.ica.2023.121622,0.42,0.7748485474134443,0.35484854741344435
MLDB-002454,LOGO,group 9,mono,Co,10.1016/j.ica.2023.121622,0.95,1.5272451052335592,0.5772451052335592
MLDB-002456,LOGO,group 9,multi,Co,10.1021/acs.jmedchem.5c03122,-0.74,-0.6105558843867865,0.12944411561321345
MLDB-002457,LOGO,group 9,mono,Co,10.1016/j.jconrel.2025.113942,0.9,-1.7199604684598286,2.6199604684598286
MLDB-002458,LOGO,group 9,mono,Co,10.1016/j.jconrel.2025.113942,1.9,-0.11285366204786353,2.0128536620478634
MLDB-002465,LOGO,group 9,mono,Co,10.3390/inorganics12080202,-1.57,-0.3210823799983311,1.248917620001669
MLDB-002466,LOGO,group 9,mono,Co,10.3390/inorganics12080202,-1.21,0.15022004377849518,1.360220043778495
MLDB-002467,LOGO,group 9,mono,Co,10.3390/inorganics12080202,-0.02,0.5507603018704761,0.5707603018704761
MLDB-002468,LOGO,group 9,mono,Co,10.1002/cmdc.202500232,0.8861,0.4112198362950297,0.4748801637049703
MLDB-002469,LOGO,group 9,mono,Co,10.1002/ajoc.202500417,0.75,1.0084694718162182,0.25846947181621815
MLDB-002470,LOGO,group 9,mono,Co,10.1002/ajoc.202500417,0.89,0.7488533829137004,0.1411466170862996
MLDB-002471,LOGO,group 9,mono,Co,10.1002/ajoc.202500417,0.95,0.47929233817064343,0.4707076618293565
MLDB-002472,LOGO,group 9,mono,Co,10.1002/ajoc.202500417,1.05,1.7396464870686532,0.6896464870686532
MLDB-002473,LOGO,group 9,mono,Co,10.1002/ajoc.202500417,1.23,1.5750181230054001,0.34501812300540013
MLDB-002474,LOGO,group 9,mono,Co,10.1002/ajoc.202500417,1.37,1.4440406319740438,0.07404063197404365
MLDB-002476,LOGO,group 9,mono,Co,10.1021/acs.jmedchem.1c02186,0.43,0.4842840048947865,0.05428400489478652
MLDB-002642,LOGO,group 9,multi,Co,10.1039/d4dt03153a,0.91,0.7877638801922918,0.12223611980770821
MLDB-002643,LOGO,group 9,multi,Co,10.1039/d4dt03153a,1.25,1.312340208100358,0.0623402081003579
MLDB-002644,LOGO,group 9,multi,Co,10.1039/d4dt03153a,1.07,0.7852560037119434,0.2847439962880567
MLDB-002645,LOGO,group 9,multi,Co,10.1039/d4dt03153a,1.43,1.2296382370892078,0.2003617629107921
MLDB-002656,LOGO,group 9,mono,Co,10.1039/d5md00360a,0.89,-0.5967994376186277,1.4867994376186278
MLDB-002657,LOGO,group 9,mono,Co,10.1039/d5md00360a,0.55,0.038159684747827646,0.5118403152521724
MLDB-002681,LOGO,group 9,multi,Ir,10.1016/j.jinorgbio.2024.112704,0.13,-0.5942473467432183,0.7242473467432183
MLDB-002687,LOGO,group 9,multi,Ir,10.1021/acs.jmedchem.5c00523,1.421,0.7407086378629378,0.6802913621370622
MLDB-002690,LOGO,group 9,multi,Ir,10.1021/acs.jmedchem.5c00523,1.916,0.9410336385631726,0.9749663614368274
MLDB-002715,LOGO,group 9,multi,Ir,10.1021/acs.jmedchem.4c00406,2.021,0.6747113774518064,1.3462886225481934
MLDB-002718,LOGO,group 9,multi,Ir,10.1021/acs.jmedchem.4c00406,0.783,0.4308171475472405,0.35218285245275954
MLDB-003020,LOGO,group 9,mono,Co,10.1080/00958972.2018.1520984,0.6459,0.18259252850483199,0.46330747149516804
MLDB-003085,LOGO,group 9,mono,Rh,10.1021/acs.jmedchem.4c01220,0.64,-0.626985287282885,1.266985287282885
MLDB-003086,LOGO,group 9,mono,Rh,10.1021/acs.jmedchem.4c01220,0.87,0.2091573256913166,0.6608426743086834
MLDB-003213,LOGO,group 9,mono,Ir,10.3390/ph15020169,3.03,2.1371886325637592,0.8928113674362406
MLDB-003214,LOGO,group 9,mono,Ir,10.3390/ph15020169,4.0,2.40587953406757,1.5941204659324302
MLDB-003217,LOGO,group 9,mono,Rh,10.3390/ijms24010593,-0.74,-0.22121370770340426,0.5187862922965958
MLDB-003219,LOGO,group 9,mono,Rh,10.3390/ijms24010593,-0.61,-0.1802796556141402,0.4297203443858598
MLDB-003221,LOGO,group 9,mono,Rh,10.3390/ijms24010593,-0.59,-0.08390478364567519,0.5060952163543248
MLDB-003223,LOGO,group 9,mono,Rh,10.3390/ijms24010593,-0.68,-0.03522052301899158,0.6447794769810085
MLDB-003326,LOGO,group 9,mono,Ir,10.1021/acs.inorgchem.5c01620,0.11,0.5206440284397604,0.41064402843976044
MLDB-003397,LOGO,group 9,mono,Ir,10.1002/asia.202401060,1.34,1.5242823930159413,0.18428239301594118
MLDB-003398,LOGO,group 9,mono,Ir,10.1002/asia.202401060,1.32,0.8236127335466784,0.49638726645332165
MLDB-003399,LOGO,group 9,mono,Ir,10.1002/asia.202401060,1.31,0.9900933851837872,0.31990661481621285
MLDB-003400,LOGO,group 9,mono,Ir,10.1002/asia.202401060,1.21,0.8426022400001916,0.3673977599998084
MLDB-003401,LOGO,group 9,mono,Ir,10.1002/asia.202401060,1.4,0.8542340301166592,0.5457659698833407
MLDB-003427,LOGO,group 9,mono,Ir,10.1002/chem.202103346,1.14,1.2514991803992075,0.11149918039920759
MLDB-003428,LOGO,group 9,mono,Ir,10.1002/chem.202103346,1.1,0.9658846919290666,0.13411530807093353
MLDB-003429,LOGO,group 9,mono,Ir,10.1002/chem.202103346,1.24,0.9609402363002493,0.2790597636997507
MLDB-003462,LOGO,group 9,mono,Ir,10.1016/j.poly.2022.115837,-1.75,-0.7529968166546964,0.9970031833453036
MLDB-003463,LOGO,group 9,mono,Ir,10.1016/j.poly.2022.115837,-0.86,0.9140110112020873,1.7740110112020873
MLDB-003498,LOGO,group 9,multi,Ir,10.1021/acs.inorgchem.0c02928,0.27,0.007435080659189892,0.2625649193408101
MLDB-003499,LOGO,group 9,multi,Ir,10.1021/acs.inorgchem.0c02928,0.11,0.19127106163404117,0.08127106163404117
MLDB-003508,LOGO,group 9,mono,Ir,10.1021/acs.jmedchem.4c02089,2.46,0.8138189640592014,1.6461810359407987
MLDB-003533,LOGO,group 9,mono,Ir,10.1016/j.bioorg.2025.108148,1.35,0.9731740267968474,0.3768259732031527
MLDB-003534,LOGO,group 9,mono,Ir,10.1016/j.bioorg.2025.108148,0.68,1.177762693420562,0.497762693420562
MLDB-003535,LOGO,group 9,mono,Ir,10.1016/j.bioorg.2025.108148,1.07,0.9968996019121079,0.07310039808789215
MLDB-003536,LOGO,group 9,mono,Ir,10.1016/j.bioorg.2025.108148,0.63,1.3091744500728357,0.6791744500728357
MLDB-003537,LOGO,group 9,mono,Ir,10.1016/j.bioorg.2025.108148,1.22,0.9605100652236183,0.2594899347763817
MLDB-003538,LOGO,group 9,mono,Ir,10.1016/j.bioorg.2025.108148,0.7,1.3099339961133838,0.6099339961133838
MLDB-003539,LOGO,group 9,mono,Ir,10.1016/j.bioorg.2025.108148,0.98,0.5224355787016149,0.45756442129838504
MLDB-003540,LOGO,group 9,mono,Ir,10.1016/j.bioorg.2025.108148,0.71,0.573680910991456,0.13631908900854395
MLDB-003541,LOGO,group 9,mono,Ir,10.1016/j.bioorg.2025.108148,0.83,0.5993950837950934,0.23060491620490653
MLDB-003542,LOGO,group 9,mono,Ir,10.1016/j.bioorg.2025.108148,0.66,0.9248127647765363,0.26481276477653626
MLDB-003636,LOGO,group 9,mono,Ir,10.1039/c9qi00081j,1.17,1.0039181042150431,0.1660818957849568
MLDB-003637,LOGO,group 9,mono,Ir,10.1039/c9qi00081j,1.26,1.2257718349425235,0.0342281650574765
MLDB-003638,LOGO,group 9,mono,Ir,10.1039/c9qi00081j,1.23,0.7510609384248373,0.47893906157516264
MLDB-003639,LOGO,group 9,mono,Ir,10.1039/c9qi00081j,1.18,1.0081701484592005,0.17182985154079944
MLDB-003640,LOGO,group 9,mono,Ir,10.1039/c9qi00081j,1.25,1.0057765222853838,0.24422347771461617
MLDB-003724,LOGO,group 9,mono,Ir,10.1021/acs.jmedchem.3c01276,1.65,1.3293716697321487,0.3206283302678512
MLDB-003725,LOGO,group 9,mono,Ir,10.1021/acs.jmedchem.3c01276,1.13,1.1615196224011917,0.03151962240119177
MLDB-003726,LOGO,group 9,mono,Ir,10.1021/acs.jmedchem.3c02227,0.89,0.6315794544656737,0.25842054553432636
MLDB-003727,LOGO,group 9,mono,Ir,10.1021/acs.jmedchem.3c02227,1.88,0.7928048673341539,1.087195132665846
MLDB-003728,LOGO,group 9,mono,Ir,10.1021/acs.jmedchem.3c02227,2.41,1.3437197065264461,1.066280293473554
MLDB-003729,LOGO,group 9,mono,Ir,10.1021/acs.jmedchem.3c02227,2.02,1.1089159303908946,0.9110840696091054
MLDB-003730,LOGO,group 9,mono,Ir,10.1021/acs.jmedchem.3c02227,2.56,2.003066489973306,0.5569335100266941
MLDB-003731,LOGO,group 9,mono,Ir,10.1021/acs.jmedchem.4c00280,1.25,0.7685897856386786,0.48141021436132136
MLDB-003732,LOGO,group 9,mono,Ir,10.1021/acs.jmedchem.4c00280,2.48,1.4009364873778454,1.0790635126221546
MLDB-003733,LOGO,group 9,mono,Ir,10.1021/acs.jmedchem.4c00280,1.92,0.8473503542265686,1.0726496457734314
MLDB-003734,LOGO,group 9,mono,Ir,10.1021/acs.jmedchem.4c01026,1.83,1.2312860083639772,0.5987139916360229
MLDB-003735,LOGO,group 9,mono,Ir,10.1021/acs.jmedchem.4c01026,0.81,0.5704532926516892,0.23954670734831085
MLDB-003736,LOGO,group 9,mono,Ir,10.1021/acs.jmedchem.4c01026,0.91,0.41141955305626415,0.4985804469437359
MLDB-003737,LOGO,group 9,mono,Ir,10.1021/acs.jmedchem.4c00404,2.25,1.2552866720918319,0.9947133279081681
MLDB-003738,LOGO,group 9,mono,Ir,10.1021/acs.jmedchem.4c00404,1.75,0.6803393555223498,1.0696606444776502
MLDB-003739,LOGO,group 9,mono,Ir,10.1021/acs.jmedchem.3c00704,-0.9,-0.446958061803378,0.45304193819662203
MLDB-003740,LOGO,group 9,mono,Ir,10.1021/acs.jmedchem.3c00704,-0.6,0.043686804128336164,0.6436868041283361
MLDB-003741,LOGO,group 9,mono,Ir,10.1021/acs.jmedchem.3c00704,-0.1,0.13131765619911326,0.23131765619911326
MLDB-003742,LOGO,group 9,mono,Ir,10.1021/acs.jmedchem.3c00704,0.7,0.8586455835352969,0.1586455835352969
MLDB-003743,LOGO,group 9,mono,Ir,10.1021/acs.jmedchem.3c00704,0.8,1.7009592090507373,0.9009592090507372
MLDB-003744,LOGO,group 9,mono,Ir,10.1021/acs.jmedchem.3c00704,1.0,1.8566993450108145,0.8566993450108145
MLDB-003749,LOGO,group 9,mono,Rh,10.1021/acs.jmedchem.3c00318,0.63,0.9794268927758099,0.34942689277580985
MLDB-003750,LOGO,group 9,mono,Rh,10.1021/acs.jmedchem.3c00318,0.62,1.4840199859925687,0.8640199859925687
MLDB-003751,LOGO,group 9,mono,Rh,10.1021/acs.jmedchem.3c00318,0.4,1.2630937984499557,0.8630937984499557
MLDB-003752,LOGO,group 9,mono,Rh,10.1021/acs.jmedchem.3c00318,0.2,0.1659220196134539,0.03407798038654611
MLDB-003753,LOGO,group 9,mono,Rh,10.1021/acs.jmedchem.3c00318,0.34,1.36117769506025,1.02117769506025
MLDB-003754,LOGO,group 9,mono,Rh,10.1021/acs.jmedchem.3c00318,0.17,0.6811527175796132,0.5111527175796131
MLDB-003755,LOGO,group 9,mono,Rh,10.1021/acs.jmedchem.3c00318,-2.22,1.2908017004376244,3.5108017004376246
MLDB-003756,LOGO,group 9,mono,Rh,10.1021/acs.jmedchem.3c00318,-0.22,1.0060524110014821,1.226052411001482
MLDB-003757,LOGO,group 9,mono,Rh,10.1021/acs.jmedchem.3c00318,0.7,0.9074757531560456,0.2074757531560456
MLDB-003758,LOGO,group 9,mono,Rh,10.1021/acs.jmedchem.3c00318,-2.45,1.2481962177959658,3.698196217795966
MLDB-003759,LOGO,group 9,mono,Rh,10.1021/acs.jmedchem.3c00318,0.55,1.4908944376795505,0.9408944376795505
MLDB-003760,LOGO,group 9,mono,Ir,10.1002/chem.201900851,0.21,0.6859069618049364,0.4759069618049364
MLDB-003761,LOGO,group 9,mono,Ir,10.1002/chem.201900851,0.7,1.2692025458047516,0.5692025458047516
MLDB-003762,LOGO,group 9,mono,Ir,10.1002/chem.201900851,1.01,0.7829408218136699,0.22705917818633015
MLDB-003769,LOGO,group 9,mono,Ir,10.1016/j.snb.2018.02.022,2.15,1.4066128429771858,0.7433871570228141
MLDB-003770,LOGO,group 9,mono,Ir,10.1016/j.snb.2018.02.022,2.19,0.6416154413915153,1.5483845586084848
MLDB-003771,LOGO,group 9,mono,Ir,10.1016/j.snb.2018.02.022,2.38,1.9376497040562501,0.44235029594374975
MLDB-003772,LOGO,group 9,mono,Ir,10.1016/j.snb.2018.02.022,2.27,1.5064331543949219,0.7635668456050781
MLDB-003773,LOGO,group 9,mono,Ir,10.1016/j.snb.2018.02.022,1.89,1.742240872976744,0.1477591270232559
MLDB-003774,LOGO,group 9,mono,Ir,10.1016/j.snb.2018.02.022,1.78,0.9911753820733502,0.7888246179266498
MLDB-003778,LOGO,group 9,mono,Rh,10.1021/acs.inorgchem.5c01556,0.82,1.3826908441975938,0.5626908441975939
MLDB-003779,LOGO,group 9,mono,Rh,10.1021/acs.inorgchem.5c01556,1.35,1.5295262595836032,0.17952625958360313
MLDB-003780,LOGO,group 9,mono,Rh,10.1021/acs.inorgchem.5c01556,1.74,1.6255854206569902,0.1144145793430098
MLDB-003784,LOGO,group 9,mono,Rh,10.1021/acs.inorgchem.5c01556,-1.03,0.5183684319453731,1.5483684319453732
MLDB-003785,LOGO,group 9,mono,Rh,10.1021/acs.inorgchem.5c01556,-0.59,0.6393370870781461,1.2293370870781462
MLDB-003786,LOGO,group 9,mono,Rh,10.1021/acs.inorgchem.5c01556,-0.38,0.6994089492008395,1.0794089492008396
MLDB-003793,LOGO,group 9,mono,Ir,10.1021/acs.inorgchem.4c03975,1.55,0.570259241433916,0.979740758566084
MLDB-003794,LOGO,group 9,mono,Ir,10.1021/acs.inorgchem.4c03975,0.75,0.4848576873602569,0.2651423126397431
MLDB-003795,LOGO,group 9,mono,Rh,10.1021/acs.inorgchem.4c03975,0.97,0.6797443232984038,0.29025567670159613
MLDB-003796,LOGO,group 9,mono,Rh,10.1021/acs.inorgchem.4c03975,0.61,0.45726614524964576,0.15273385475035423
MLDB-003799,LOGO,group 9,mono,Ir,10.1021/acs.inorgchem.3c03801,0.39,-0.09549227529417384,0.4854922752941738
MLDB-003800,LOGO,group 9,mono,Rh,10.1021/acs.inorgchem.3c03801,0.52,-0.11132822968194556,0.6313282296819456
MLDB-003813,LOGO,group 9,mono,Ir,10.1016/j.jinorgbio.2025.112960,1.73,1.5143737176425425,0.2156262823574575
MLDB-003814,LOGO,group 9,mono,Ir,10.1016/j.jinorgbio.2025.112960,1.93,1.5129390377790894,0.4170609622209105
MLDB-003815,LOGO,group 9,mono,Ir,10.1016/j.jinorgbio.2022.112057,2.77,1.2930451284906153,1.4769548715093848
MLDB-003829,LOGO,group 9,mono,Ir,10.1021/acs.inorgchem.4c02583,2.02,1.1236932690663164,0.8963067309336836
MLDB-003830,LOGO,group 9,mono,Ir,10.1021/acs.inorgchem.4c02583,1.79,0.9882786808689972,0.8017213191310029
MLDB-003833,LOGO,group 9,mono,Ir,10.1021/acs.inorgchem.4c00060,2.37,1.5100649810446296,0.8599350189553705
MLDB-003834,LOGO,group 9,mono,Ir,10.1021/acs.inorgchem.4c00060,0.04,1.0947556270460717,1.0547556270460716
MLDB-003835,LOGO,group 9,mono,Ir,10.1021/acs.inorgchem.4c03950,1.7,1.5674775660171947,0.13252243398280528
MLDB-003836,LOGO,group 9,mono,Ir,10.1021/acs.inorgchem.4c03950,2.0,1.5063569265279229,0.49364307347207714
MLDB-003837,LOGO,group 9,mono,Ir,10.1021/acs.inorgchem.4c03950,1.5,1.6022878910528373,0.10228789105283731
MLDB-003838,LOGO,group 9,mono,Ir,10.1021/acs.inorgchem.4c03950,1.8,1.5008113411717485,0.2991886588282515
MLDB-003839,LOGO,group 9,mono,Ir,10.1021/acs.inorgchem.4c03950,2.7,1.4065587131050807,1.2934412868949194
MLDB-003840,LOGO,group 9,mono,Ir,10.1021/acs.inorgchem.4c03950,2.8,1.4508209578558928,1.349179042144107
MLDB-003841,LOGO,group 9,mono,Ir,10.1021/acs.inorgchem.3c03471,1.49,1.2864792459935646,0.20352075400643543
MLDB-003844,LOGO,group 9,mono,Ir,10.1021/acs.inorgchem.3c02364,2.21,0.6778521125012957,1.5321478874987042
MLDB-003845,LOGO,group 9,mono,Ir,10.1021/acs.inorgchem.3c02364,2.55,0.7042498306020154,1.8457501693979843
MLDB-003846,LOGO,group 9,mono,Ir,10.1021/acs.inorgchem.3c02364,1.82,0.7851623094993486,1.0348376905006513
MLDB-003847,LOGO,group 9,mono,Ir,10.1021/acs.inorgchem.3c02364,1.53,0.8389107030424774,0.6910892969575226
MLDB-003848,LOGO,group 9,mono,Ir,10.1021/acs.inorgchem.3c02364,2.56,0.9534747273917404,1.6065252726082595
MLDB-003849,LOGO,group 9,mono,Ir,10.1021/acs.inorgchem.3c02364,2.86,1.1178449703103377,1.7421550296896622
MLDB-003850,LOGO,group 9,mono,Ir,10.1021/acs.inorgchem.3c02364,2.05,1.2123059086956733,0.8376940913043265
MLDB-003851,LOGO,group 9,mono,Ir,10.1021/acs.inorgchem.3c02364,1.84,1.164817573266885,0.675182426733115
MLDB-003852,LOGO,group 9,mono,Ir,10.1021/acs.inorgchem.3c02364,2.83,1.7533655773809298,1.0766344226190703
MLDB-003853,LOGO,group 9,mono,Ir,10.1021/acs.inorgchem.3c02364,2.94,1.7813925805251742,1.1586074194748257
MLDB-003854,LOGO,group 9,mono,Ir,10.1021/acs.inorgchem.3c02364,2.36,1.8739972489797996,0.4860027510202003
MLDB-003855,LOGO,group 9,mono,Ir,10.1021/acs.inorgchem.3c02364,2.05,1.8079446714798637,0.24205532852013611
MLDB-003856,LOGO,group 9,mono,Ir,10.1021/acs.inorgchem.2c03333,0.22,1.4882741769380954,1.2682741769380954
MLDB-003857,LOGO,group 9,mono,Ir,10.1021/acs.inorgchem.2c03333,0.6,1.5582909824320264,0.9582909824320264
MLDB-003858,LOGO,group 9,mono,Ir,10.1021/acs.inorgchem.2c03333,0.88,1.4319836444960996,0.5519836444960996
MLDB-003859,LOGO,group 9,mono,Ir,10.1016/j.jinorgbio.2023.112397,0.89,1.3920406287611455,0.5020406287611455
MLDB-003860,LOGO,group 9,mono,Ir,10.1016/j.jinorgbio.2023.112397,1.02,1.4369203491573954,0.4169203491573954
MLDB-003861,LOGO,group 9,mono,Ir,10.1016/j.jinorgbio.2023.112397,0.91,1.0976430852001002,0.1876430852001002
MLDB-003862,LOGO,group 9,mono,Ir,10.1016/j.jinorgbio.2023.112397,0.93,1.0797784154849082,0.1497784154849081
MLDB-003863,LOGO,group 9,mono,Ir,10.1016/j.jinorgbio.2022.112050,1.25,1.0414646593993093,0.20853534060069068
MLDB-003864,LOGO,group 9,mono,Ir,10.1016/j.jinorgbio.2022.112050,0.21,0.19148418932353561,0.018515810676464378
MLDB-003865,LOGO,group 9,mono,Ir,10.1016/j.jinorgbio.2022.112050,1.42,1.113445950297778,0.3065540497022219
MLDB-003866,LOGO,group 9,mono,Ir,10.1016/j.jinorgbio.2022.112050,0.36,0.12483146657339164,0.23516853342660834
MLDB-003867,LOGO,group 9,mono,Ir,10.1016/j.jinorgbio.2023.112427,1.48,1.5341702180306882,0.05417021803068822
MLDB-003868,LOGO,group 9,mono,Ir,10.1016/j.jinorgbio.2023.112427,1.06,1.33703211292209,0.27703211292208985
MLDB-003869,LOGO,group 9,mono,Ir,10.1016/j.jinorgbio.2023.112427,1.49,1.2365196187560255,0.25348038124397454
MLDB-003870,LOGO,group 9,mono,Ir,10.1016/j.jinorgbio.2023.112427,1.32,1.6156646647094517,0.29566466470945163
MLDB-003887,LOGO,group 9,mono,Ir,10.1002/ejic.202300001,-0.09,1.3501820975848104,1.4401820975848105
MLDB-003888,LOGO,group 9,mono,Ir,10.1002/ejic.202300001,1.18,1.618758444357446,0.43875844435744615
MLDB-003889,LOGO,group 9,mono,Ir,10.1016/j.dyepig.2023.111641,0.26,1.4971314737921781,1.2371314737921781
MLDB-003890,LOGO,group 9,mono,Ir,10.1016/j.dyepig.2023.111641,0.56,1.3153401008793373,0.7553401008793372
MLDB-003891,LOGO,group 9,mono,Ir,10.1016/j.dyepig.2023.111641,1.05,1.9659260691277114,0.9159260691277114
MLDB-003892,LOGO,group 9,mono,Ir,10.1016/j.poly.2023.116540,0.464,1.0816981602421425,0.6176981602421425
MLDB-003893,LOGO,group 9,mono,Ir,10.1016/j.poly.2023.116540,-0.459,1.183408502838934,1.6424085028389341
MLDB-003894,LOGO,group 9,mono,Ir,10.1016/j.snb.2023.134457,-0.99,0.19721434596351028,1.1872143459635103
MLDB-003895,LOGO,group 9,mono,Ir,10.1016/j.snb.2023.134457,2.49,0.26458318055758856,2.2254168194424118
MLDB-003897,LOGO,group 9,mono,Ir,10.1021/acsomega.3c01639,0.5652,0.5850542474458591,0.019854247445859063
MLDB-003900,LOGO,group 9,mono,Ir,10.1002/adhm.202301227,1.16,1.0054346925824145,0.15456530741758545
MLDB-003901,LOGO,group 9,mono,Ir,10.1002/adhm.202301227,0.04,0.675141008219151,0.635141008219151
MLDB-003903,LOGO,group 9,mono,Ir,10.1002/adhm.202301227,1.83,0.4482377586542571,1.381762241345743
MLDB-003904,LOGO,group 9,mono,Ir,10.1002/adhm.202301227,0.06,0.5452655971182484,0.4852655971182484
MLDB-003905,LOGO,group 9,mono,Ir,10.1002/anie.202521242,0.61,0.49685903710404444,0.11314096289595554
MLDB-003906,LOGO,group 9,mono,Ir,10.1002/anie.202521242,0.47,1.3672785004140344,0.8972785004140345
MLDB-003907,LOGO,group 9,mono,Ir,10.1002/anie.202521242,0.54,1.4333659988126413,0.8933659988126412
MLDB-003908,LOGO,group 9,mono,Ir,10.1002/anie.202521242,1.08,0.98058301300623,0.0994169869937701
MLDB-003909,LOGO,group 9,mono,Ir,10.1002/anie.202521242,1.13,1.3724286391859115,0.24242863918591162
MLDB-003910,LOGO,group 9,mono,Ir,10.1002/anie.202521242,1.03,1.2013818242572294,0.17138182425722936
MLDB-003911,LOGO,group 9,mono,Ir,10.1002/smll.202406809,0.93,1.0005823574338346,0.07058235743383456
MLDB-003912,LOGO,group 9,mono,Ir,10.1002/smll.202406809,0.24,1.5684754191970922,1.3284754191970922
MLDB-003913,LOGO,group 9,mono,Ir,10.1002/smll.202406809,-0.54,1.0293785526098456,1.5693785526098456
MLDB-003914,LOGO,group 9,mono,Ir,10.1002/smll.202406809,-0.74,1.411467928033932,2.1514679280339317
MLDB-003915,LOGO,group 9,mono,Ir,10.1002/smll.202406809,0.77,1.0362108112494195,0.2662108112494195
MLDB-003916,LOGO,group 9,mono,Ir,10.1002/smll.202406809,0.55,1.0515566963953409,0.5015566963953408
MLDB-003917,LOGO,group 9,mono,Ir,10.1002/smll.202406809,-0.73,0.9490055017077773,1.6790055017077772
MLDB-003918,LOGO,group 9,mono,Ir,10.1002/smll.202406809,0.14,0.8769811265835057,0.7369811265835057
MLDB-003922,LOGO,group 9,mono,Ir,10.1002/ejic.202400769,1.12,1.4419648106503482,0.3219648106503481
MLDB-003923,LOGO,group 9,mono,Ir,10.1002/ejic.202400769,1.22,1.4515827847246718,0.23158278472467186
MLDB-003924,LOGO,group 9,mono,Ir,10.1002/ejic.202400769,1.03,1.4106421496709702,0.3806421496709702
MLDB-003931,LOGO,group 9,mono,Ir,10.1002/cctc.202401490,0.86,1.0959981468055984,0.23599814680559839
MLDB-003932,LOGO,group 9,mono,Ir,10.1002/cctc.202401490,1.41,1.3976195591019018,0.012380440898098088
MLDB-003933,LOGO,group 9,mono,Ir,10.1002/cctc.202401490,2.24,1.5368888248207804,0.7031111751792198
MLDB-003934,LOGO,group 9,mono,Ir,10.1002/cctc.202401490,0.03,1.1635836919680598,1.1335836919680597
MLDB-003935,LOGO,group 9,mono,Ir,10.1002/cctc.202401490,0.32,1.2515411496508841,0.9315411496508841
MLDB-003936,LOGO,group 9,mono,Ir,10.1002/cctc.202401490,0.62,1.3163740430802464,0.6963740430802464
MLDB-003937,LOGO,group 9,mono,Ir,10.1016/j.ica.2025.122601,0.53,1.6622900510532932,1.1322900510532932
MLDB-003938,LOGO,group 9,mono,Ir,10.1016/j.ica.2025.122601,0.32,0.7711522743791857,0.45115227437918565
MLDB-003939,LOGO,group 9,mono,Rh,10.3390/ijms222011281,0.05,0.33458758218057827,0.2845875821805783
MLDB-003940,LOGO,group 9,mono,Rh,10.3390/ijms222011281,0.11,0.37048924056216453,0.26048924056216455
MLDB-003941,LOGO,group 9,mono,Rh,10.3390/ijms222011281,0.15,0.43060955137933327,0.2806095513793333
MLDB-003942,LOGO,group 9,mono,Rh,10.3390/ijms222011281,0.37,0.4268229613605807,0.05682296136058068
MLDB-003943,LOGO,group 9,mono,Rh,10.3390/ijms222011281,0.41,0.4643131415579434,0.05431314155794342
MLDB-003944,LOGO,group 9,mono,Rh,10.3390/ijms222011281,0.41,0.5527867379742596,0.14278673797425961
MLDB-003951,LOGO,group 9,mono,Ir,10.1016/j.saa.2024.125150,0.804,1.0010710558375955,0.19707105583759543
MLDB-003952,LOGO,group 9,mono,Ir,10.1016/j.saa.2024.125150,0.191,1.0280175228122765,0.8370175228122765
MLDB-003953,LOGO,group 9,mono,Ir,10.1016/j.saa.2024.125150,0.577,1.0167659920374623,0.43976599203746236
MLDB-003954,LOGO,group 9,mono,Ir,10.1002/smll.202405771,1.65,1.4345535263309666,0.21544647366903336
MLDB-003955,LOGO,group 9,mono,Ir,10.1002/smll.202405771,0.79,1.031930623915161,0.24193062391516107
MLDB-003956,LOGO,group 9,mono,Ir,10.1002/smll.202405771,1.63,2.2085999449252895,0.5785999449252897
MLDB-003957,LOGO,group 9,mono,Ir,10.1002/smll.202405771,2.38,1.8606382912542263,0.5193617087457736
MLDB-003958,LOGO,group 9,mono,Ir,10.1002/smll.202405771,1.54,0.7846373790248996,0.7553626209751004
MLDB-003959,LOGO,group 9,mono,Ir,10.1002/smll.202405771,1.76,0.12018202314051891,1.6398179768594812
MLDB-003981,LOGO,group 9,mono,Ir,10.1021/acs.inorgchem.4c05064,2.28,1.3811366782321857,0.8988633217678141
MLDB-003982,LOGO,group 9,mono,Ir,10.1021/acs.inorgchem.4c05064,2.64,1.3580099506553942,1.281990049344606
MLDB-003983,LOGO,group 9,mono,Ir,10.1021/acs.inorgchem.4c05064,1.39,1.5703684891235532,0.1803684891235533
MLDB-003984,LOGO,group 9,mono,Ir,10.1021/acs.inorgchem.4c05064,1.02,0.4424005298336156,0.5775994701663845
MLDB-003985,LOGO,group 9,mono,Ir,10.1016/j.jinorgbio.2026.113274,0.74,0.996911877199355,0.25691187719935504
MLDB-003986,LOGO,group 9,mono,Ir,10.1016/j.jinorgbio.2026.113274,1.69,0.7196769811093747,0.9703230188906252
MLDB-003987,LOGO,group 9,mono,Ir,10.1016/j.jinorgbio.2026.113274,2.58,1.3280914132293349,1.2519085867706652
MLDB-003988,LOGO,group 9,mono,Ir,10.1016/j.jinorgbio.2026.113274,0.72,1.145258619966754,0.42525861996675407
MLDB-003989,LOGO,group 9,mono,Ir,10.1016/j.jinorgbio.2026.113274,0.89,1.0382831390923115,0.1482831390923115
MLDB-003990,LOGO,group 9,mono,Ir,10.1016/j.jinorgbio.2026.113274,0.99,1.8513775920384399,0.8613775920384399
MLDB-003991,LOGO,group 9,mono,Ir,10.1002/ddr.70225,1.63,-0.11183121237870738,1.7418312123787072
MLDB-003992,LOGO,group 9,mono,Ir,10.1002/ddr.70225,1.11,0.7530104137436141,0.356989586256386
MLDB-003993,LOGO,group 9,mono,Ir,10.1039/d5ra06269a,1.3,0.9562126021931875,0.34378739780681256
MLDB-003994,LOGO,group 9,mono,Ir,10.1039/d5sc00156k,1.74,0.8744279082740495,0.8655720917259505
MLDB-003995,LOGO,group 9,mono,Ir,10.1039/d5sc00156k,0.65,0.7544874529311594,0.10448745293115935
MLDB-003996,LOGO,group 9,mono,Ir,10.1021/acs.inorgchem.6c01851,1.6,1.180687449980177,0.41931255001982315
MLDB-003997,LOGO,group 9,mono,Ir,10.1021/acs.inorgchem.6c01851,1.3,0.548304077863271,0.7516959221367291
MLDB-003998,LOGO,group 9,mono,Ir,10.1002/slct.202507479,1.12,0.7453604429578592,0.3746395570421409
MLDB-003999,LOGO,group 9,mono,Ir,10.1021/acs.inorgchem.5c05154,2.39,1.1293521530738524,1.2606478469261477
MLDB-004000,LOGO,group 9,mono,Ir,10.1021/acs.inorgchem.5c05154,2.2,1.1028248931819622,1.097175106818038
MLDB-004001,LOGO,group 9,mono,Ir,10.1021/acs.inorgchem.5c05154,1.11,1.4042735970609297,0.2942735970609296
MLDB-004002,LOGO,group 9,mono,Ir,10.1021/acs.inorgchem.5c05154,3.25,0.8289579972671465,2.4210420027328534
MLDB-004003,LOGO,group 9,mono,Ir,10.1021/acs.inorgchem.5c05154,2.7,1.396945706371519,1.3030542936284812
MLDB-004004,LOGO,group 9,mono,Ir,10.1002/chem.202501125,0.32,0.8844435069539158,0.5644435069539158
MLDB-004005,LOGO,group 9,mono,Ir,10.1021/jacs.5c00255,1.81,0.9055843256533321,0.9044156743466679
MLDB-004006,LOGO,group 9,mono,Ir,10.1021/jacs.5c00255,3.5,1.6279731871617054,1.8720268128382946
MLDB-004007,LOGO,group 9,mono,Ir,10.1002/anie.3918717,0.7,1.0795016222119638,0.3795016222119638
MLDB-004008,LOGO,group 9,mono,Ir,10.1002/anie.3918717,0.9,1.0869980049865384,0.1869980049865384
MLDB-004009,LOGO,group 9,mono,Ir,10.1002/anie.3918717,0.5,1.275059357245332,0.7750593572453319
MLDB-004010,LOGO,group 9,mono,Ir,10.1021/acs.jmedchem.4c02741,1.15,1.0315109995853413,0.1184890004146586
MLDB-004011,LOGO,group 9,mono,Ir,10.1021/acs.jmedchem.4c02741,1.47,1.1195855724292534,0.3504144275707466
MLDB-004012,LOGO,group 9,mono,Ir,10.1021/acs.jmedchem.4c02741,0.94,1.397405360545787,0.45740536054578707
MLDB-004013,LOGO,group 9,mono,Ir,10.1021/acs.jmedchem.4c02741,1.13,0.8059639700598439,0.324036029940156
MLDB-004014,LOGO,group 9,mono,Ir,10.1021/acs.jmedchem.4c02741,1.21,1.279151890554994,0.06915189055499393
MLDB-004015,LOGO,group 9,mono,Ir,10.1021/acs.jmedchem.4c02741,1.86,0.9109103069545773,0.9490896930454228
MLDB-004019,LOGO,group 9,mono,Ir,10.1021/acs.jmedchem.5c03188,0.84,0.9139992414692629,0.07399924146926296
MLDB-004020,LOGO,group 9,mono,Ir,10.1021/acs.jmedchem.5c03188,0.18,0.7825104424335747,0.6025104424335748
MLDB-004021,LOGO,group 9,mono,Ir,10.1021/acs.jmedchem.5c03188,0.52,0.8173622930899744,0.2973622930899744
MLDB-004022,LOGO,group 9,mono,Ir,10.1021/acs.jmedchem.5c03188,0.31,0.7463750213270932,0.4363750213270932
MLDB-004048,LOGO,group 9,mono,Ir,10.1039/d5qi00775e,1.15,1.229000969370653,0.07900096937065304
MLDB-004049,LOGO,group 9,mono,Ir,10.1039/d5qi00775e,1.58,1.1156262591657038,0.4643737408342963
MLDB-004050,LOGO,group 9,mono,Ir,10.1021/jacs.5c08536,1.24,1.0315109995853413,0.20848900041465868
MLDB-004051,LOGO,group 9,mono,Ir,10.1021/jacs.5c08536,1.46,1.1865615259574638,0.2734384740425362
MLDB-004052,LOGO,group 9,mono,Ir,10.1021/jacs.5c08536,1.19,1.053201670644344,0.13679832935565606
MLDB-004053,LOGO,group 9,mono,Ir,10.1021/jacs.5c08536,1.43,0.9240386175716002,0.5059613824283997
MLDB-004056,LOGO,group 9,mono,Ir,10.1021/acs.jmedchem.5c02400,-0.2292,0.15094246156838334,0.3801424615683833
MLDB-004057,LOGO,group 9,mono,Ir,10.1021/acs.inorgchem.5c05682,1.77,1.614245743725153,0.15575425627484707
MLDB-004058,LOGO,group 9,mono,Ir,10.1021/acs.inorgchem.5c05682,1.55,1.537597631896854,0.012402368103145989
MLDB-004059,LOGO,group 9,mono,Ir,10.1039/d3dt00628j,1.73,0.6831913728946246,1.0468086271053754
MLDB-004060,LOGO,group 9,mono,Ir,10.1039/d3dt00628j,2.28,0.2892696153089521,1.9907303846910476
MLDB-004061,LOGO,group 9,mono,Ir,10.1039/d3dt00628j,1.06,-0.4578245005423767,1.5178245005423767
MLDB-004062,LOGO,group 9,multi,Ir,10.1002/asia.202401047,-0.2786,0.7769852623485675,1.0555852623485675
MLDB-004063,LOGO,group 9,mono,Ir,10.1039/d4sc01214c,-0.48,0.6749160891781698,1.1549160891781698
MLDB-004064,LOGO,group 9,mono,Ir,10.1039/d4sc01214c,-0.32,0.6321187553095751,0.9521187553095751
MLDB-004065,LOGO,group 9,mono,Ir,10.1039/d4sc01214c,0.66,1.5143448387383103,0.8543448387383102
MLDB-004066,LOGO,group 9,mono,Ir,10.1039/d4sc01214c,0.28,1.1971535462986687,0.9171535462986686
MLDB-004067,LOGO,group 9,mono,Ir,10.1039/d4sc01214c,-0.24,1.13965783430651,1.37965783430651
MLDB-004068,LOGO,group 9,mono,Ir,10.1039/d4sc01214c,-0.28,0.8142936437359832,1.0942936437359831
MLDB-004069,LOGO,group 9,mono,Ir,10.1039/d4dt01691b,0.65,1.3836416082316185,0.7336416082316185
MLDB-004070,LOGO,group 9,mono,Ir,10.1039/d4dt01691b,1.22,1.220292063643748,0.0002920636437480084
MLDB-004071,LOGO,group 9,mono,Ir,10.1039/d4dt01691b,1.313,1.1991030895592378,0.11389691044076211
MLDB-004072,LOGO,group 9,mono,Ir,10.1039/d4dt01691b,1.013,1.3130622357388815,0.3000622357388816
MLDB-004073,LOGO,group 9,mono,Ir,10.1039/d4dt01691b,1.113,1.5027929285018882,0.3897929285018882
MLDB-004074,LOGO,group 9,mono,Ir,10.1039/d4dt01691b,0.571,1.4808686797203168,0.9098686797203168
MLDB-004075,LOGO,group 9,mono,Ir,10.1039/d4dt01691b,1.509,0.9508433144531634,0.5581566855468365
MLDB-004076,LOGO,group 9,mono,Ir,10.1039/d4dt01691b,1.434,1.2574217560717211,0.1765782439282788
MLDB-004079,LOGO,group 9,mono,Ir,10.3390/molecules28020691,-0.063,0.6471696985430136,0.7101696985430137
MLDB-004080,LOGO,group 9,mono,Ir,10.3390/molecules28020691,0.035,1.319017222527376,1.284017222527376
MLDB-004081,LOGO,group 9,mono,Ir,10.3390/molecules28020691,0.519,0.7776577818698185,0.25865778186981847
MLDB-004082,LOGO,group 9,mono,Ir,10.3390/molecules28020691,0.581,1.1279489171549404,0.5469489171549404
MLDB-004083,LOGO,group 9,mono,Ir,10.3390/molecules28020691,0.842,0.7249253226666303,0.11707467733336963
MLDB-004084,LOGO,group 9,mono,Ir,10.3390/molecules28020691,0.847,1.1408233764937403,0.29382337649374035
MLDB-004085,LOGO,group 9,mono,Ir,10.3390/molecules28020691,0.861,1.24406233101922,0.38306233101922005
MLDB-004086,LOGO,group 9,mono,Ir,10.1039/d2sc06171f,0.61,1.4699100033444843,0.8599100033444843
MLDB-004087,LOGO,group 9,mono,Ir,10.1039/d2sc06171f,0.64,1.4699100033444843,0.8299100033444843
MLDB-004088,LOGO,group 9,mono,Ir,10.1039/d2sc06171f,0.67,1.4699100033444843,0.7999100033444843
MLDB-004089,LOGO,group 9,mono,Ir,10.1039/d2sc06171f,0.54,1.4699100033444843,0.9299100033444843
MLDB-004090,LOGO,group 9,mono,Ir,10.1021/acs.jmedchem.3c00586,0.42,1.1470779876576522,0.7270779876576523
MLDB-004091,LOGO,group 9,mono,Ir,10.1021/acs.jmedchem.3c00586,0.65,1.489559273529631,0.839559273529631
MLDB-004092,LOGO,group 9,mono,Ir,10.1021/acs.jmedchem.3c00586,0.95,1.7107858578335842,0.7607858578335842
MLDB-004093,LOGO,group 9,mono,Ir,10.1021/acs.jmedchem.3c00586,0.83,1.1708563233331226,0.34085632333312266
MLDB-004094,LOGO,group 9,mono,Ir,10.1021/acs.jmedchem.3c00586,0.4,0.45298989460776506,0.05298989460776504
MLDB-004095,LOGO,group 9,mono,Ir,10.1021/acs.jmedchem.3c00586,0.46,0.5022883507642741,0.04228835076427412
MLDB-004096,LOGO,group 9,mono,Ir,10.1021/acs.jmedchem.3c00586,0.77,0.9289040264922264,0.15890402649222635
MLDB-004097,LOGO,group 9,mono,Ir,10.1021/acs.jmedchem.3c00586,0.76,0.23248478313412874,0.5275152168658712
MLDB-004098,LOGO,group 9,mono,Ir,10.1021/acs.jmedchem.3c00586,0.85,1.6546734632215436,0.8046734632215437
MLDB-004100,LOGO,group 9,mono,Ir,10.1039/d3dt01696j,-0.25,-0.6008204005062829,0.35082040050628294
MLDB-004102,LOGO,group 9,mono,Ir,10.1039/d3dt01696j,-0.07,-0.5944399015341478,0.5244399015341479
MLDB-004104,LOGO,group 9,mono,Ir,10.1039/d3dt01667f,0.1072,0.3095790846071725,0.20237908460717247
MLDB-004134,LOGO,group 9,mono,Ir,10.1021/ic9021239,-1.89,0.8161579279136547,2.7061579279136545
MLDB-004135,LOGO,group 9,mono,Ir,10.1021/ic9021239,-0.88,0.34601754683217206,1.2260175468321721
MLDB-004136,LOGO,group 9,mono,Ir,10.1021/ic9021239,-0.55,0.4755564371250497,1.0255564371250498
MLDB-004137,LOGO,group 9,mono,Ir,10.1021/ic9021239,0.69,1.8397541440311957,1.1497541440311958
MLDB-004138,LOGO,group 9,mono,Ir,10.1021/ic9021239,1.39,1.2220175561679703,0.16798244383202965
MLDB-004143,LOGO,group 9,mono,Ir,10.1039/c1jm13513a,0.29,-0.05532682851967036,0.34532682851967034
MLDB-004144,LOGO,group 9,mono,Ir,10.1039/c1jm13513a,0.31,0.8205416056067234,0.5105416056067233
MLDB-004145,LOGO,group 9,mono,Ir,10.1039/c1jm13513a,0.19,0.23953279082760218,0.049532790827602174
MLDB-004146,LOGO,group 9,mono,Ir,10.1039/c1jm13513a,0.05,-0.010192640885539592,0.06019264088553959
MLDB-004147,LOGO,group 9,mono,Ir,10.1007/s43630-022-00200-8,-0.07,0.42936587852134517,0.4993658785213452
MLDB-004148,LOGO,group 9,mono,Ir,10.1007/s43630-022-00200-8,0.67,1.5754632431078082,0.9054632431078081
MLDB-004152,LOGO,group 9,mono,Ir,10.1039/d5dt01164g,-1.46865,0.46211334728924713,1.9307633472892471
MLDB-004153,LOGO,group 9,multi,Ir,10.1039/d5dt01164g,-0.25656,-0.951366050039723,0.694806050039723
MLDB-004154,LOGO,group 9,mono,Ir,10.1021/acsmaterialslett.2c00774,2.2,1.6766092314784875,0.5233907685215127
MLDB-004155,LOGO,group 9,mono,Ir,10.1021/acsmaterialslett.2c00774,0.5,1.7725040155299707,1.2725040155299707
MLDB-004156,LOGO,group 9,mono,Ir,10.1021/acsmaterialslett.2c00774,1.8,1.8492313236608224,0.04923132366082239
MLDB-004157,LOGO,group 9,mono,Ir,10.1021/acsinfecdis.5c01131,-0.12,0.9986400009019366,1.1186400009019366
MLDB-004158,LOGO,group 9,mono,Ir,10.1021/acsinfecdis.5c01131,-0.36,0.9288078526393315,1.2888078526393314
MLDB-004159,LOGO,group 9,mono,Ir,10.1021/acsinfecdis.5c01131,-0.28,0.9441917617544943,1.2241917617544944
MLDB-004160,LOGO,group 9,mono,Ir,10.1021/acsinfecdis.5c01131,-0.56,1.0395582737851659,1.599558273785166
MLDB-004161,LOGO,group 9,mono,Ir,10.1021/acsinfecdis.5c01131,-0.05,0.9520377564602118,1.0020377564602119
MLDB-004170,LOGO,group 9,multi,Ir,10.1039/d4dt03426k,1.11,0.8276568047256285,0.2823431952743716
MLDB-004171,LOGO,group 9,multi,Ir,10.1039/d4dt03426k,1.01,0.8121631420330904,0.19783685796690964
MLDB-004172,LOGO,group 9,multi,Ir,10.1039/d4dt03426k,0.81,0.6982325691660877,0.11176743083391238
MLDB-004173,LOGO,group 9,multi,Ir,10.1039/d4dt03426k,1.69,0.8560623676109259,0.833937632389074
MLDB-004174,LOGO,group 9,mono,Ir,10.1002/anie.202203843,1.19,1.2263417592170505,0.03634175921705052
MLDB-004175,LOGO,group 9,mono,Ir,10.1002/anie.202203843,1.03,0.6803393555223498,0.3496606444776502
MLDB-004188,LOGO,group 9,mono,Ir,10.1021/om400676h,0.13,0.9861869553450932,0.8561869553450931
MLDB-004189,LOGO,group 9,mono,Ir,10.1021/om400676h,0.18,0.9611008240470854,0.7811008240470854
MLDB-004190,LOGO,group 9,mono,Ir,10.1021/om400676h,0.88,1.6792557845068872,0.7992557845068872
MLDB-004191,LOGO,group 9,mono,Ir,10.1016/j.biomaterials.2014.06.041,3.21,0.31330241615343324,2.8966975838465667
MLDB-004199,LOGO,group 9,mono,Ir,10.1021/acsami.9b01205,-1.62,-0.9656471528962026,0.6543528471037975
MLDB-004200,LOGO,group 9,mono,Ir,10.1021/acsami.9b01205,-0.78,-0.7505010769272784,0.029498923072721617
MLDB-004201,LOGO,group 9,mono,Ir,10.1021/acsami.9b01205,-0.06,-0.37731494325225734,0.31731494325225734
MLDB-004202,LOGO,group 9,mono,Ir,10.1021/acsami.9b01205,-0.9,-0.8370809875253755,0.0629190124746245
MLDB-004203,LOGO,group 9,mono,Ir,10.1021/acsami.9b01205,0.02,-0.4661941691813208,0.4861941691813208
MLDB-004204,LOGO,group 9,mono,Ir,10.1021/acsami.9b01205,0.44,-0.04264298243232131,0.4826429824323213
MLDB-004503,LOGO,group 9,mono,Ir,10.1021/acs.jmedchem.5c02210,0.2,0.5696269325817992,0.3696269325817992
MLDB-004504,LOGO,group 9,mono,Ir,10.1021/acs.jmedchem.5c02210,1.99,0.5490557608094957,1.4409442391905043
MLDB-004531,LOGO,group 9,mono,Rh,10.1039/d3dt04138g,0.67,1.1292623714580095,0.4592623714580094
MLDB-004532,LOGO,group 9,mono,Rh,10.1039/d3dt04138g,0.93,1.6383828429181742,0.7083828429181741
MLDB-004535,LOGO,group 9,mono,Rh,10.1039/d3dt04138g,1.27,1.2760790242149298,0.006079024214929785
MLDB-004536,LOGO,group 9,mono,Rh,10.1039/d3dt04138g,1.55,1.782949488752208,0.2329494887522079
MLDB-004539,LOGO,group 9,mono,Rh,10.1039/d3dt04138g,1.77,1.3869676702912643,0.3830323297087357
MLDB-004540,LOGO,group 9,mono,Rh,10.1039/d3dt04138g,1.85,1.8756439950085275,0.02564399500852743
MLDB-004549,LOGO,group 9,mono,Ir,10.1039/d5sc03778f,0.65,1.1614855631833283,0.5114855631833283
MLDB-004706,LOGO,group 9,mono,Co,10.1016/j.jinorgbio.2026.113228,-2.67,-1.7582354345920408,0.9117645654079591
MLDB-004709,LOGO,group 9,multi,Ir,10.1016/j.jorganchem.2021.121748,-0.73,-0.5206163180571851,0.20938368194281487
MLDB-004710,LOGO,group 9,multi,Ir,10.1016/j.jorganchem.2021.121748,-0.44,-0.333839350275068,0.106160649724932
MLDB-004711,LOGO,group 9,multi,Ir,10.1016/j.jorganchem.2021.121748,-0.6,-0.39441253665276294,0.20558746334723704
MLDB-004712,LOGO,group 9,mono,Ir,10.1002/ejic.202100132,0.5,0.19169517883985587,0.3083048211601441
MLDB-004713,LOGO,group 9,mono,Ir,10.1002/ejic.202100132,1.26,0.7002836381248346,0.5597163618751654
MLDB-004714,LOGO,group 9,mono,Ir,10.1002/ejic.202100132,1.33,0.8086828738890103,0.5213171261109898
MLDB-004715,LOGO,group 9,mono,Ir,10.1002/ejic.202100132,1.58,1.2624650878053423,0.3175349121946578
MLDB-004716,LOGO,group 9,mono,Ir,10.1002/ejic.202100132,2.05,1.7366369326751279,0.31336306732487196
MLDB-004717,LOGO,group 9,mono,Ir,10.1039/c4dt00823e,1.03,1.339699506545405,0.3096995065454049
MLDB-004718,LOGO,group 9,mono,Ir,10.1039/c4dt00823e,1.38,1.9086102686048425,0.5286102686048426
MLDB-004719,LOGO,group 9,mono,Ir,10.1039/c4dt00823e,1.27,1.7009912442792294,0.4309912442792294
MLDB-004720,LOGO,group 9,mono,Ir,10.1039/c4dt00823e,1.52,2.055385569698361,0.5353855696983612
MLDB-004723,LOGO,group 9,multi,Ir,10.1002/aoc.5785,-0.2,-0.09947755373155041,0.1005224462684496
MLDB-004726,LOGO,group 9,multi,Ir,10.1002/aoc.5785,-0.41,-0.2255251384192324,0.18447486158076756
MLDB-004727,LOGO,group 9,mono,Ir,10.1039/c5tb01091h,0.72,0.6162342316139446,0.10376576838605533
MLDB-004728,LOGO,group 9,mono,Ir,10.1039/c5tb01091h,0.97,0.6941389585973096,0.2758610414026904
MLDB-004729,LOGO,group 9,mono,Ir,10.1039/c5tb01091h,1.35,0.8885629874045347,0.46143701259546543
MLDB-004730,LOGO,group 9,mono,Ir,10.1039/c5tb01091h,1.5,0.6655577655023502,0.8344422344976498
MLDB-004731,LOGO,group 9,mono,Ir,10.1021/acsomega.9b04159,-1.183,0.33578174770367625,1.5187817477036762
MLDB-004732,LOGO,group 9,mono,Ir,10.1021/acsomega.9b04159,-0.351,0.2835800476336196,0.6345800476336196
MLDB-004733,LOGO,group 9,mono,Ir,10.1021/acsomega.9b04159,-0.667,1.0346341746354242,1.7016341746354242
MLDB-004734,LOGO,group 9,mono,Ir,10.1039/c7tb00662d,0.636,0.6377006109710853,0.0017006109710853146
MLDB-004735,LOGO,group 9,mono,Ir,10.1039/c7tb00662d,0.28,0.8870410928480951,0.607041092848095
MLDB-004736,LOGO,group 9,mono,Ir,10.1039/c7tb00662d,0.999,0.6884474963866335,0.3105525036133665
MLDB-004737,LOGO,group 9,mono,Ir,10.1039/c7tb00662d,-0.005,0.7604738049406594,0.7654738049406594
MLDB-004738,LOGO,group 9,mono,Ir,10.1002/asia.201700359,1.17,1.1649828813247782,0.005017118675221699
MLDB-004739,LOGO,group 9,mono,Ir,10.1002/asia.201700359,1.32,1.2057254245623465,0.11427457543765351
MLDB-004740,LOGO,group 9,mono,Ir,10.1002/asia.201700359,1.96,1.885385127946196,0.07461487205380402
MLDB-004741,LOGO,group 9,mono,Ir,10.1002/asia.201700359,2.18,1.6962840458301458,0.48371595416985436
MLDB-004742,LOGO,group 9,mono,Ir,10.1002/asia.201700359,0.71,1.6160944372047985,0.9060944372047985
MLDB-004743,LOGO,group 9,mono,Ir,10.1002/asia.201700359,0.82,1.7525955893281833,0.9325955893281833
MLDB-004751,LOGO,group 9,mono,Ir,10.1007/s00775-024-02073-x,-1.02,-0.19256406552537328,0.8274359344746267
MLDB-004752,LOGO,group 9,mono,Ir,10.1007/s00775-024-02073-x,0.14,0.73373654804231,0.59373654804231
MLDB-004760,LOGO,group 9,mono,Rh,10.1021/jacs.8b02271,1.4,-0.042056983380540335,1.4420569833805403
MLDB-004761,LOGO,group 9,mono,Rh,10.1021/jacs.8b02271,0.68,-0.1909704456638138,0.8709704456638139
MLDB-004762,LOGO,group 9,mono,Rh,10.1021/jacs.8b02271,0.69,0.0246211276592406,0.6653788723407593
MLDB-004763,LOGO,group 9,mono,Rh,10.1021/jacs.8b02271,1.1,0.2511621682635177,0.8488378317364824
MLDB-004764,LOGO,group 9,mono,Rh,10.1021/jacs.8b02271,0.71,0.1572130916623349,0.5527869083376651
MLDB-004942,LOGO,group 9,mono,Ir,10.1021/acsorginorgau.6c00026,0.38,1.7797679775500055,1.3997679775500056
MLDB-004943,LOGO,group 9,mono,Ir,10.1021/acsorginorgau.6c00026,-0.339,1.3566326563005546,1.6956326563005546
MLDB-004944,LOGO,group 9,mono,Ir,10.1021/acsorginorgau.6c00026,0.053,1.35812675035063,1.30512675035063
MLDB-004945,LOGO,group 9,mono,Ir,10.1021/acsorginorgau.6c00026,-0.35,0.7841020035351877,1.1341020035351876
MLDB-004946,LOGO,group 9,multi,Ir,10.1021/acsorginorgau.6c00026,-0.97,0.3742241154914602,1.34422411549146
MLDB-004956,LOGO,group 9,mono,Ir,10.1021/acs.inorgchem.6c01374,0.7,0.8328130124848135,0.1328130124848136
MLDB-004957,LOGO,group 9,mono,Ir,10.1021/acs.inorgchem.6c01374,0.65,0.6060975009907681,0.04390249900923193
MLDB-004958,LOGO,group 9,mono,Ir,10.1021/acs.inorgchem.6c01374,1.55,1.172178138071047,0.37782186192895306
MLDB-004959,LOGO,group 9,mono,Ir,10.1021/acs.inorgchem.6c01374,0.88,1.3254960698178044,0.44549606981780443
MLDB-004960,LOGO,group 9,mono,Ir,10.1021/acs.inorgchem.6c01374,0.25,-0.026478619128319714,0.2764786191283197
MLDB-004971,LOGO,group 9,mono,Ir,10.1021/acs.organomet.6c00136,1.58,1.5411399117966882,0.03886008820331188
MLDB-004972,LOGO,group 9,mono,Ir,10.1021/acs.organomet.6c00136,1.81,1.5129688916855404,0.29703110831445967
MLDB-004973,LOGO,group 9,mono,Ir,10.1021/acs.organomet.6c00136,2.03,1.9229961543508567,0.10700384564914311
MLDB-000095,LOGO,group 10,mono,Pt,10.1002/chem.201500561,-2.24,-0.09441010335018579,2.1455898966498146
MLDB-000500,LOGO,group 10,mono,Pt,10.1016/j.jinorgbio.2022.111803,-0.79,0.07319064078377432,0.8631906407837744
MLDB-000501,LOGO,group 10,mono,Pt,10.1016/j.jinorgbio.2022.111803,-0.24,-0.08887717330791342,0.15112282669208657
MLDB-000565,LOGO,group 10,mono,Pt,10.1016/j.jinorgbio.2025.113157,-2.11,0.5483569952334822,2.6583569952334822
MLDB-000672,LOGO,group 10,mono,Pt,10.1021/acs.inorgchem.0c01433,1.59,0.6232320347858296,0.9667679652141705
MLDB-000673,LOGO,group 10,mono,Pt,10.1021/acs.inorgchem.0c01433,1.46,0.5246627350559466,0.9353372649440533
MLDB-000688,LOGO,group 10,mono,Pt,10.1021/acs.inorgchem.0c03820,1.45,0.5539722532655806,0.8960277467344193
MLDB-000689,LOGO,group 10,mono,Pt,10.1021/acs.inorgchem.0c03820,2.25,0.6455017304179478,1.6044982695820522
MLDB-001104,LOGO,group 10,mono,Pt,10.1039/c6cc07909a,-2.36,0.4406235413547087,2.8006235413547085
MLDB-001255,LOGO,group 10,mono,Pt,10.1039/d0cc02417a,-1.96,0.5483569952334822,2.5083569952334823
MLDB-001544,LOGO,group 10,mono,Pt,10.1016/j.jinorgbio.2015.12.003,-1.17,-1.7858501127566857,0.6158501127566858
MLDB-001545,LOGO,group 10,mono,Pt,10.1016/j.jinorgbio.2015.12.003,-0.35,-2.0633196884642184,1.7133196884642183
MLDB-001565,LOGO,group 10,mono,Pt,10.1021/acs.jmedchem.3c00836,1.19,0.10988096078173679,1.0801190392182631
MLDB-001566,LOGO,group 10,mono,Pt,10.1021/acs.jmedchem.3c00836,0.78,0.27197444278734734,0.5080255572126526
MLDB-001567,LOGO,group 10,mono,Pt,10.1002/anie.202011273,0.02,0.2008821228103684,0.18088212281036842
MLDB-001568,LOGO,group 10,mono,Pt,10.1002/anie.202011273,1.46,0.30021607074420603,1.1597839292557939
MLDB-001569,LOGO,group 10,mono,Pt,10.1002/anie.202011273,-2.35,0.5461779654727217,2.896177965472722
MLDB-001570,LOGO,group 10,mono,Pt,10.1016/j.jinorgbio.2026.113295,1.64,-0.31663116528010654,1.9566311652801065
MLDB-001571,LOGO,group 10,mono,Pt,10.1016/j.jinorgbio.2026.113295,1.48,-0.35499940662505397,1.834999406625054
MLDB-001572,LOGO,group 10,mono,Pt,10.1016/j.jinorgbio.2026.113295,1.76,-1.253446439351746,3.013446439351746
MLDB-001573,LOGO,group 10,mono,Pt,10.1016/j.jinorgbio.2026.113295,1.73,-1.273752450258578,3.003752450258578
MLDB-001574,LOGO,group 10,mono,Pt,10.1021/acs.inorgchem.6c00037,-0.3,-0.2541554749452302,0.04584452505476977
MLDB-001575,LOGO,group 10,mono,Pt,10.1021/acs.jmedchem.5c02901,-2.25,0.5461779654727217,2.7961779654727215
MLDB-001576,LOGO,group 10,mono,Pt,10.1021/acs.jmedchem.5c02901,0.68,-0.17496488300682214,0.8549648830068222
MLDB-001577,LOGO,group 10,mono,Pt,10.1021/acs.jmedchem.5c02901,1.2,-0.23961889129834096,1.439618891298341
MLDB-001578,LOGO,group 10,mono,Pd,10.1016/j.jphotochem.2025.116793,2.05,1.3339365519473365,0.7160634480526633
MLDB-001579,LOGO,group 10,mono,Pt,10.1016/j.jphotochem.2025.116793,2.1,1.4200239062502062,0.6799760937497938
MLDB-001582,LOGO,group 10,mono,Pt,10.1002/slct.202506665,0.64,1.2533456902807971,0.6133456902807971
MLDB-001583,LOGO,group 10,mono,Pt,10.1002/slct.202506665,0.36,1.0823056926377046,0.7223056926377046
MLDB-001584,LOGO,group 10,mono,Pt,10.1002/slct.202506665,0.43,1.287750927384619,0.8577509273846191
MLDB-001585,LOGO,group 10,mono,Pt,10.1002/slct.202506665,0.34,1.0498780007695807,0.7098780007695806
MLDB-001586,LOGO,group 10,mono,Pt,10.1002/slct.202506665,0.52,1.3836184106227105,0.8636184106227105
MLDB-001588,LOGO,group 10,mono,Pt,10.1039/d5dt02296g,-0.34,-0.8852706080378643,0.5452706080378642
MLDB-001590,LOGO,group 10,mono,Pt,10.1002/aoc.70416,0.84,0.4536715331751703,0.3863284668248297
MLDB-001591,LOGO,group 10,mono,Pt,10.1002/aoc.70416,0.86,-0.1867190716631622,1.0467190716631622
MLDB-001592,LOGO,group 10,mono,Pt,10.1002/aoc.70416,0.93,-0.22044746715049576,1.1504474671504958
MLDB-001593,LOGO,group 10,mono,Pt,10.1002/aoc.70416,0.26,-1.1762857228409975,1.4362857228409975
MLDB-001594,LOGO,group 10,mono,Pt,10.1002/aoc.70416,0.94,0.4873838716468743,0.45261612835312565
MLDB-001595,LOGO,group 10,mono,Pt,10.1002/aoc.70416,-2.15,0.5483569952334822,2.6983569952334823
MLDB-001596,LOGO,group 10,mono,Pt,10.1002/aoc.70416,-0.12,-1.0872176371838531,0.9672176371838531
MLDB-001597,LOGO,group 10,mono,Pt,10.1016/j.cej.2025.170402,0.712,0.418737521780316,0.293262478219684
MLDB-001598,LOGO,group 10,mono,Pt,10.1016/j.cej.2025.170402,-0.768,0.9909503385024698,1.7589503385024698
MLDB-001599,LOGO,group 10,mono,Pt,10.1016/j.cej.2025.170402,0.542,1.8354059506542266,1.2934059506542266
MLDB-001600,LOGO,group 10,mono,Pt,10.1016/j.cej.2025.170402,0.418,0.7931703601993434,0.3751703601993434
MLDB-001601,LOGO,group 10,mono,Pt,10.1016/j.cej.2025.170402,0.179,0.3054069028435757,0.1264069028435757
MLDB-001602,LOGO,group 10,mono,Pt,10.1016/j.cej.2025.170402,0.614,0.6812761656682559,0.0672761656682559
MLDB-001603,LOGO,group 10,mono,Pt,10.1002/cmdc.202500782,1.04,0.7894180314016742,0.2505819685983258
MLDB-001604,LOGO,group 10,mono,Pt,10.1002/cmdc.202500782,1.2,0.7864998795416914,0.41350012045830853
MLDB-001605,LOGO,group 10,mono,Pt,10.1002/cmdc.202500782,0.44,0.07659145546861229,0.3634085445313877
MLDB-001606,LOGO,group 10,mono,Pt,10.1002/cmdc.202500782,1.05,0.4302015660215999,0.6197984339784002
MLDB-001607,LOGO,group 10,mono,Pt,10.1002/cmdc.202500782,0.21,-1.250266685889359,1.460266685889359
MLDB-001608,LOGO,group 10,mono,Pt,10.1016/j.molstruc.2025.142158,0.481,1.3224656822102823,0.8414656822102823
MLDB-001609,LOGO,group 10,mono,Pt,10.1016/j.molstruc.2025.142158,0.334,0.5445483787654505,0.21054837876545046
MLDB-001610,LOGO,group 10,mono,Pt,10.1016/j.molstruc.2025.142158,0.798,1.3374741536547798,0.5394741536547798
MLDB-001611,LOGO,group 10,mono,Pt,10.1016/j.molstruc.2025.142158,1.057,1.1925519037090373,0.13555190370903736
MLDB-001612,LOGO,group 10,mono,Pt,10.1016/j.ejmech.2022.114702,0.04539,1.1752447346775292,1.1298547346775292
MLDB-001613,LOGO,group 10,mono,Pt,10.1016/j.ejmech.2022.114702,-0.47,0.7532836353789046,1.2232836353789045
MLDB-001614,LOGO,group 10,mono,Pt,10.1016/j.ejmech.2022.114702,0.44,0.6475581743684103,0.20755817436841034
MLDB-001615,LOGO,group 10,mono,Pt,10.1016/j.ejmech.2022.114702,-0.66,0.4944724177887013,1.1544724177887014
MLDB-001616,LOGO,group 10,mono,Pt,10.1016/j.ejmech.2022.114702,-0.18,0.4489174019315285,0.6289174019315285
MLDB-001617,LOGO,group 10,mono,Pt,10.1016/j.jinorgbio.2022.111992,0.258,0.06577905002081261,0.1922209499791874
MLDB-001618,LOGO,group 10,mono,Pt,10.1016/j.jinorgbio.2022.111992,0.228,-0.37768865687742964,0.6056886568774297
MLDB-001619,LOGO,group 10,mono,Pt,10.1016/j.jinorgbio.2022.111992,0.079,0.3198398398283523,0.24083983982835228
MLDB-001621,LOGO,group 10,mono,Pt,10.1016/j.jinorgbio.2023.112144,-0.56,-1.3578104748316107,0.7978104748316106
MLDB-001622,LOGO,group 10,mono,Pt,10.1016/j.jinorgbio.2023.112144,-1.62,-1.04595274112348,0.5740472588765202
MLDB-001623,LOGO,group 10,mono,Pt,10.1021/acs.inorgchem.0c01541,0.47,-1.0674980032433479,1.5374980032433478
MLDB-001624,LOGO,group 10,mono,Pt,10.1021/acs.inorgchem.0c01541,0.63,-0.5597906247465082,1.1897906247465082
MLDB-001625,LOGO,group 10,mono,Pt,10.1021/acs.inorgchem.0c01541,-0.24,-1.159381991053375,0.9193819910533749
MLDB-001626,LOGO,group 10,mono,Pt,10.1021/acs.inorgchem.0c01541,0.2,-0.6109702013197863,0.8109702013197864
MLDB-001627,LOGO,group 10,mono,Pt,10.1021/acs.inorgchem.0c01541,-1.65,0.5461779654727217,2.196177965472722
MLDB-001628,LOGO,group 10,mono,Pt,10.1021/acs.inorgchem.0c01541,1.04,-1.937158558464825,2.977158558464825
MLDB-001629,LOGO,group 10,mono,Pt,10.1021/acs.inorgchem.0c01541,1.05,-1.8379355938852764,2.8879355938852767
MLDB-001630,LOGO,group 10,mono,Pt,10.1021/acs.inorgchem.0c01541,0.29,-1.9122390362904724,2.2022390362904725
MLDB-001631,LOGO,group 10,mono,Pt,10.1021/acs.inorgchem.0c01541,0.75,-1.8176036256476014,2.5676036256476014
MLDB-001632,LOGO,group 10,mono,Pt,10.1021/acs.inorgchem.0c01541,0.53,-1.275692367558998,1.805692367558998
MLDB-001633,LOGO,group 10,mono,Pt,10.1021/acs.inorgchem.0c01541,0.74,-1.58887816231592,2.3288781623159203
MLDB-001634,LOGO,group 10,mono,Pt,10.1021/acs.inorgchem.0c01541,0.02,-1.2700210069594327,1.2900210069594327
MLDB-001635,LOGO,group 10,mono,Pt,10.1021/acs.inorgchem.0c01541,0.52,-1.7799968844929897,2.2999968844929897
MLDB-001636,LOGO,group 10,mono,Pt,10.1021/acs.inorgchem.0c01541,-1.68,-0.8205617655500397,0.8594382344499603
MLDB-001637,LOGO,group 10,mono,Pt,10.1021/acs.inorgchem.0c01541,0.65,-2.136578349182685,2.786578349182685
MLDB-001638,LOGO,group 10,mono,Pt,10.1021/acs.inorgchem.0c01541,0.79,-1.833090553417979,2.6230905534179794
MLDB-001639,LOGO,group 10,mono,Pt,10.1021/acs.inorgchem.0c01541,-0.3,-2.097390287158378,1.7973902871583778
MLDB-001640,LOGO,group 10,mono,Pt,10.1021/acs.inorgchem.0c01541,0.1,-1.9799942971241424,2.0799942971241423
MLDB-001641,LOGO,group 10,mono,Pt,10.1021/acs.inorgchem.0c01541,0.55,-1.2531627467700102,1.8031627467700102
MLDB-001642,LOGO,group 10,mono,Pt,10.1021/acs.inorgchem.0c01541,0.8,-1.7861692792740844,2.5861692792740847
MLDB-001643,LOGO,group 10,mono,Pt,10.1021/acs.inorgchem.0c01541,-0.24,-1.2650433244443828,1.0250433244443828
MLDB-001644,LOGO,group 10,mono,Pt,10.1021/acs.inorgchem.0c01541,0.03,-1.798049856948457,1.8280498569484571
MLDB-001645,LOGO,group 10,mono,Pt,10.1021/acs.inorgchem.0c01541,-1.26,-0.8910422289302347,0.36895777106976535
MLDB-001646,LOGO,group 10,mono,Pt,10.1016/j.molliq.2023.121651,-0.803,0.2564096921738363,1.0594096921738363
MLDB-001647,LOGO,group 10,mono,Pt,10.1016/j.molliq.2023.121651,-0.866,-0.8910422289302347,0.025042228930234667
MLDB-001648,LOGO,group 10,mono,Pt,10.1039/d3qi00327b,-0.69,0.1673018502904459,0.8573018502904458
MLDB-001649,LOGO,group 10,mono,Pt,10.1039/d3qi00327b,-0.28,0.34082345491081817,0.6208234549108183
MLDB-001650,LOGO,group 10,mono,Pt,10.1039/d3qi00327b,-0.4,0.9560018841489865,1.3560018841489865
MLDB-001651,LOGO,group 10,mono,Pt,10.1039/d3qi00327b,-0.02,0.2356806078415367,0.2556806078415367
MLDB-001652,LOGO,group 10,mono,Pt,10.1039/d3qi00327b,-0.07,0.587454682707032,0.657454682707032
MLDB-001653,LOGO,group 10,mono,Pt,10.1039/d3qi00327b,-0.21,0.5493161824203879,0.7593161824203879
MLDB-001654,LOGO,group 10,mono,Pt,10.1039/d3qi00327b,-0.13,0.6241564128130104,0.7541564128130104
MLDB-001655,LOGO,group 10,mono,Pt,10.1021/acs.jmedchem.3c01126,-0.197,-0.004736018581411873,0.19226398141858814
MLDB-001656,LOGO,group 10,mono,Pt,10.1021/acs.jmedchem.3c01126,-0.439,0.6816217770250551,1.120621777025055
MLDB-001657,LOGO,group 10,mono,Pt,10.1021/acs.jmedchem.3c01126,-0.245,0.7893280762513659,1.034328076251366
MLDB-001658,LOGO,group 10,mono,Pt,10.1021/acs.jmedchem.3c01126,0.719,1.2762738377448561,0.5572738377448562
MLDB-001659,LOGO,group 10,mono,Pt,10.1016/j.jinorgbio.2025.113114,0.94,0.374422938584205,0.5655770614157949
MLDB-001660,LOGO,group 10,mono,Pt,10.1016/j.jinorgbio.2025.113114,2.56,0.140420384132217,2.419579615867783
MLDB-001661,LOGO,group 10,mono,Pt,10.1016/j.jinorgbio.2025.113114,2.34,0.3026361545965619,2.037363845403438
MLDB-001662,LOGO,group 10,mono,Pt,10.1016/j.jinorgbio.2025.113114,2.41,0.30795274008933693,2.1020472599106634
MLDB-001694,LOGO,group 10,mono,Pt,10.1039/d5md00460h,1.05,0.31154805370801664,0.7384519462919834
MLDB-001695,LOGO,group 10,mono,Pt,10.1039/d5md00460h,0.91,0.5096203611865647,0.4003796388134353
MLDB-001696,LOGO,group 10,mono,Pt,10.1039/d5md00460h,0.94,0.8166467381800421,0.12335326181995787
MLDB-001697,LOGO,group 10,mono,Pt,10.1021/acs.jmedchem.4c02909,0.324,-0.4437317914825155,0.7677317914825155
MLDB-001698,LOGO,group 10,mono,Pt,10.1016/j.molliq.2025.127126,0.04,-1.994221433539617,2.0342214335396167
MLDB-001699,LOGO,group 10,mono,Pt,10.1016/j.jinorgbio.2024.112790,3.4,1.5476922579594752,1.8523077420405247
MLDB-001701,LOGO,group 10,mono,Pt,10.1002/anie.202309043,-0.13,0.17685307444247103,0.306853074442471
MLDB-001702,LOGO,group 10,mono,Pt,10.1002/anie.202309043,-0.26,0.2195969622853492,0.4795969622853492
MLDB-001703,LOGO,group 10,mono,Pt,10.1021/acs.jmedchem.4c02509,0.69,0.030927679638221323,0.6590723203617787
MLDB-001704,LOGO,group 10,mono,Pt,10.1021/acs.jmedchem.4c02509,1.09,-0.3143726212827853,1.4043726212827854
MLDB-001705,LOGO,group 10,mono,Pt,10.1021/jacsau.4c00652,1.37,0.346542114222123,1.023457885777877
MLDB-001706,LOGO,group 10,mono,Pt,10.1021/jacsau.4c00652,2.09,-0.07374073997154637,2.163740739971546
MLDB-001707,LOGO,group 10,mono,Pt,10.1016/j.molliq.2024.126622,0.99,0.904809878464339,0.08519012153566097
MLDB-001708,LOGO,group 10,mono,Pt,10.1016/j.molliq.2024.126622,1.22,1.0031813889888122,0.21681861101118782
MLDB-001709,LOGO,group 10,mono,Pt,10.1016/j.molliq.2024.126622,1.61,1.034102080344894,0.5758979196551062
MLDB-001710,LOGO,group 10,mono,Pt,10.1016/j.molliq.2024.126622,1.15,0.5716448356849755,0.5783551643150244
MLDB-001711,LOGO,group 10,mono,Pt,10.1016/j.bios.2024.116900,0.115,0.5159729882075497,0.4009729882075497
MLDB-001712,LOGO,group 10,mono,Pt,10.1016/j.bios.2024.116900,0.21,0.6821317012666038,0.47213170126660386
MLDB-001713,LOGO,group 10,mono,Pt,10.1016/j.bios.2024.116900,0.193,0.4805870280160929,0.28758702801609287
MLDB-001714,LOGO,group 10,mono,Pt,10.1016/j.bios.2024.116900,0.392,0.8125545822412539,0.42055458224125386
MLDB-001715,LOGO,group 10,mono,Pt,10.1016/j.bios.2024.116900,0.48,1.090145688515593,0.6101456885155929
MLDB-001716,LOGO,group 10,mono,Pt,10.1002/cmdc.202400289,-0.88,-1.3986215004654505,0.5186215004654505
MLDB-001717,LOGO,group 10,mono,Pt,10.1002/cmdc.202400289,-0.53,-1.4712026491190762,0.9412026491190761
MLDB-001718,LOGO,group 10,mono,Pt,10.1002/cmdc.202400289,-0.29,-0.5648073908670432,0.27480739086704326
MLDB-001719,LOGO,group 10,mono,Pt,10.1021/acs.inorgchem.4c01586,-0.911,-0.44418881410188304,0.466811185898117
MLDB-001720,LOGO,group 10,mono,Pt,10.1021/acs.inorgchem.4c01586,-0.323,-0.015184219872134785,0.3078157801278652
MLDB-001721,LOGO,group 10,mono,Pt,10.1002/aoc.7540,2.72,0.9142954924935303,1.80570450750647
MLDB-001722,LOGO,group 10,mono,Pt,10.1002/aoc.7540,2.32,0.586726982980633,1.7332730170193669
MLDB-001723,LOGO,group 10,mono,Pt,10.1002/slct.202400511,0.04,-2.1759594280115797,2.2159594280115797
MLDB-001724,LOGO,group 10,mono,Pt,10.1002/slct.202400511,0.4,-2.043839072422293,2.4438390724222927
MLDB-001725,LOGO,group 10,mono,Pt,10.1002/slct.202400511,0.94,-1.0942109588753974,2.0342109588753976
MLDB-001726,LOGO,group 10,mono,Pt,10.1002/slct.202400511,-0.36,0.5529788862756604,0.9129788862756604
MLDB-001727,LOGO,group 10,mono,Pt,10.1021/acsnano.3c11366,-0.078,0.7810784789131348,0.8590784789131347
MLDB-001728,LOGO,group 10,mono,Pt,10.1021/acsnano.3c11366,-0.125,1.4125427429390842,1.5375427429390842
MLDB-001729,LOGO,group 10,mono,Pt,10.1021/acsnano.3c11366,-0.245,1.4652375257250876,1.7102375257250877
MLDB-001730,LOGO,group 10,mono,Pt,10.1021/acsnano.3c11366,1.004,1.5739854868637986,0.5699854868637986
MLDB-001731,LOGO,group 10,mono,Pt,10.1021/acsnano.3c11366,0.244,-0.9015436340997193,1.1455436340997194
MLDB-001732,LOGO,group 10,mono,Pt,10.1021/acsnano.3c11366,0.304,-0.08230403415171478,0.38630403415171477
MLDB-001733,LOGO,group 10,mono,Pt,10.1016/j.jinorgbio.2023.112437,-0.16,1.001374605012349,1.161374605012349
MLDB-001734,LOGO,group 10,mono,Pt,10.1016/j.inoche.2023.111477,0.89,-0.32483873680960695,1.214838736809607
MLDB-001735,LOGO,group 10,mono,Pt,10.1016/j.inoche.2023.111477,0.93,-0.23933196174675125,1.1693319617467512
MLDB-001736,LOGO,group 10,mono,Pt,10.1016/j.poly.2022.116064,-0.74,-0.2224510523598937,0.5175489476401063
MLDB-001737,LOGO,group 10,mono,Pt,10.1016/j.poly.2022.116064,-0.23,-0.06889116459995302,0.161108835400047
MLDB-001738,LOGO,group 10,mono,Pt,10.1016/j.poly.2022.116064,-1.44,-0.10781786240948832,1.3321821375905116
MLDB-001739,LOGO,group 10,mono,Pt,10.1016/j.poly.2022.116064,-1.5,0.3809355878541016,1.8809355878541016
MLDB-001740,LOGO,group 10,mono,Pt,10.1016/j.poly.2022.116064,-1.4831,-0.8523861068111348,0.6307138931888653
MLDB-001741,LOGO,group 10,mono,Pt,10.1039/d3sc01874a,-0.13,0.06337045977842513,0.19337045977842515
MLDB-001742,LOGO,group 10,mono,Pt,10.1039/d3sc01874a,-0.046,0.42381836826985697,0.46981836826985696
MLDB-001770,LOGO,group 10,mono,Pt,10.3390/molecules28031284,-0.295,0.4541005296414677,0.7491005296414677
MLDB-001771,LOGO,group 10,mono,Pt,10.3390/molecules28031284,1.012,0.4541005296414677,0.5578994703585323
MLDB-001772,LOGO,group 10,mono,Pt,10.3390/ijms24021106,-1.6,-1.2617489618019446,0.33825103819805546
MLDB-001776,LOGO,group 10,mono,Pt,10.1039/c9dt01645g,-0.6,-0.2197050853894983,0.3802949146105017
MLDB-001777,LOGO,group 10,mono,Pt,10.1039/c9dt01645g,-0.5,-0.2659037642232531,0.23409623577674687
MLDB-001778,LOGO,group 10,mono,Pt,10.1039/c9dt01645g,-1.5,-0.6545489990648005,0.8454510009351995
MLDB-001779,LOGO,group 10,mono,Pt,10.1016/j.ejmech.2022.114691,0.94,-0.07022322142469056,1.0102232214246905
MLDB-001780,LOGO,group 10,mono,Pt,10.1016/j.ejmech.2022.114691,1.7,0.4268581437152844,1.2731418562847154
MLDB-001781,LOGO,group 10,mono,Pt,10.1039/d2dt00235c,1.85,-0.24693004165523877,2.0969300416552388
MLDB-001782,LOGO,group 10,mono,Pt,10.1039/d2dt00235c,1.02,-0.3608595376356617,1.3808595376356618
MLDB-001783,LOGO,group 10,mono,Pt,10.1039/d2dt00235c,2.27,-0.5266188494650496,2.7966188494650495
MLDB-001784,LOGO,group 10,mono,Pt,10.1016/j.ejmech.2021.114047,-0.51,-0.1636939092376934,0.3463060907623066
MLDB-001785,LOGO,group 10,mono,Pt,10.1016/j.ejmech.2021.114047,0.36,0.009772850199896158,0.35022714980010383
MLDB-001786,LOGO,group 10,mono,Pt,10.1155/2022/1717200,0.17,0.17898230880228447,0.008982308802284455
MLDB-001787,LOGO,group 10,mono,Pt,10.1155/2022/1717200,0.28,0.7589306402146541,0.47893064021465404
MLDB-001788,LOGO,group 10,mono,Pt,10.1155/2022/1717200,-0.96,0.2673941304648305,1.2273941304648304
MLDB-001789,LOGO,group 10,mono,Pt,10.1155/2022/1717200,-0.63,0.7150441696554146,1.3450441696554147
MLDB-001790,LOGO,group 10,multi,Pt,10.1016/j.cbi.2021.109708,-0.48,-0.7071152861772814,0.22711528617728138
MLDB-001791,LOGO,group 10,multi,Pt,10.1016/j.cbi.2021.109708,-0.55,-0.7141127030095914,0.16411270300959135
MLDB-001792,LOGO,group 10,multi,Pt,10.1016/j.cbi.2021.109708,-0.87,-0.38673583678106194,0.48326416321893806
MLDB-001793,LOGO,group 10,multi,Pt,10.1016/j.cbi.2021.109708,-1.03,-0.2573547728667879,0.7726452271332122
MLDB-001794,LOGO,group 10,multi,Pt,10.1016/j.cbi.2021.109708,-0.57,-0.17464101209904612,0.3953589879009538
MLDB-001795,LOGO,group 10,mono,Pt,10.1016/j.cbi.2021.109708,-2.35,0.5461779654727217,2.896177965472722
MLDB-001796,LOGO,group 10,mono,Pt,10.1021/acs.jmedchem.1c01690,1.77,0.8344172363023893,0.9355827636976107
MLDB-001797,LOGO,group 10,mono,Pt,10.1021/acs.jmedchem.1c01236,2.47,0.30034815759990013,2.1696518424001
MLDB-001798,LOGO,group 10,mono,Pt,10.1021/acs.jmedchem.1c01236,0.79,0.39976720646930275,0.3902327935306973
MLDB-001799,LOGO,group 10,mono,Pt,10.1073/pnas.2025806118,1.45,1.0523214895956439,0.3976785104043561
MLDB-001800,LOGO,group 10,mono,Pt,10.1073/pnas.2025806118,1.08,0.5059984298769946,0.5740015701230055
MLDB-001801,LOGO,group 10,mono,Pt,10.1073/pnas.2025806118,1.27,0.5464933807792012,0.7235066192207988
MLDB-001802,LOGO,group 10,mono,Pt,10.1073/pnas.2025806118,1.31,0.6255937819032574,0.6844062180967426
MLDB-001803,LOGO,group 10,mono,Pt,10.1073/pnas.2025806118,1.37,0.47004115492894516,0.899958845071055
MLDB-001804,LOGO,group 10,mono,Pt,10.1073/pnas.2025806118,0.76,0.5418178808295896,0.21818211917041042
MLDB-001805,LOGO,group 10,mono,Pt,10.1073/pnas.2025806118,0.83,0.2704865690129962,0.5595134309870038
MLDB-001806,LOGO,group 10,mono,Pt,10.1016/j.ejmech.2021.113520,-1.62,-0.8444597981049896,0.7755402018950105
MLDB-001807,LOGO,group 10,mono,Pt,10.1016/j.ejmech.2021.113520,0.76,-0.707745201129728,1.467745201129728
MLDB-001808,LOGO,group 10,mono,Pt,10.1016/j.ejmech.2021.113520,2.0,-0.7764560116734528,2.776456011673453
MLDB-001831,LOGO,group 10,mono,Pt,10.1016/j.jinorgbio.2011.02.005,-1.76,-0.8444597981049896,0.9155402018950104
MLDB-001832,LOGO,group 10,mono,Pt,10.1016/j.jinorgbio.2011.02.005,-1.28,-0.809429943599347,0.4705700564006531
MLDB-001833,LOGO,group 10,mono,Pt,10.1016/j.jinorgbio.2011.02.005,-0.68,-0.585345859161876,0.09465414083812407
MLDB-001834,LOGO,group 10,mono,Pt,10.1016/j.jinorgbio.2011.02.005,-0.28,-0.35933821941313043,0.0793382194131304
MLDB-001835,LOGO,group 10,mono,Pt,10.1016/j.jinorgbio.2011.02.005,0.42,-0.5928179214996367,1.0128179214996367
MLDB-001836,LOGO,group 10,mono,Pt,10.1021/jm300580y,-0.59,-0.13054923139602467,0.45945076860397527
MLDB-001837,LOGO,group 10,mono,Pt,10.1021/jm300580y,-0.5,-0.4892011513318171,0.010798848668182925
MLDB-001838,LOGO,group 10,mono,Pt,10.1021/jm300580y,-0.87,-0.2148252342018359,0.6551747657981641
MLDB-001839,LOGO,group 10,mono,Pt,10.1021/jm300580y,-1.14,-0.7165945768891685,0.4234054231108314
MLDB-001840,LOGO,group 10,mono,Pt,10.1021/jm300580y,-0.19,-0.4424241746200505,0.2524241746200505
MLDB-001841,LOGO,group 10,mono,Pt,10.1021/jm300580y,-0.46,-2.0653209679057047,1.6053209679057048
MLDB-001842,LOGO,group 10,mono,Pt,10.1021/jm300580y,0.25,-1.0938210045751586,1.3438210045751586
MLDB-001843,LOGO,group 10,mono,Pt,10.1021/jm300580y,1.01,-0.3338436202405874,1.3438436202405875
MLDB-001844,LOGO,group 10,mono,Pt,10.1021/jm300580y,-2.0,-0.832524191288396,1.167475808711604
MLDB-001845,LOGO,group 10,mono,Pt,10.1021/jm300580y,-2.03,0.522117927007792,2.552117927007792
MLDB-001846,LOGO,group 10,mono,Pt,10.1021/jm300580y,-2.12,0.15197515533483427,2.271975155334834
MLDB-001847,LOGO,group 10,mono,Pt,10.1016/j.jinorgbio.2010.09.006,-0.81,-1.5025709582390818,0.6925709582390818
MLDB-001848,LOGO,group 10,mono,Pt,10.1016/j.jinorgbio.2010.09.006,-0.32,-1.370493235556761,1.0504932355567609
MLDB-001849,LOGO,group 10,mono,Pt,10.1016/j.jinorgbio.2010.09.006,0.24,-1.4167667752801636,1.6567667752801636
MLDB-001850,LOGO,group 10,mono,Pt,10.1016/j.jinorgbio.2010.09.006,0.7,-1.1204058523573346,1.8204058523573345
MLDB-001851,LOGO,group 10,mono,Pt,10.1016/j.jinorgbio.2010.09.006,1.69,-1.0136191010317142,2.7036191010317143
MLDB-001852,LOGO,group 10,mono,Pt,10.1016/j.jinorgbio.2010.09.006,-1.45,-2.3510360104855006,0.9010360104855006
MLDB-001853,LOGO,group 10,mono,Pt,10.1016/j.jinorgbio.2010.09.006,-0.43,-1.9996177500464138,1.569617750046414
MLDB-001854,LOGO,group 10,mono,Pt,10.1016/j.jinorgbio.2010.09.006,0.61,-2.271737170341534,2.881737170341534
MLDB-001855,LOGO,group 10,mono,Pt,10.1002/cmdc.201600577,-0.7,-0.13054923139602467,0.5694507686039753
MLDB-001856,LOGO,group 10,mono,Pt,10.1002/cmdc.201600577,-0.28,-0.4424241746200505,0.1624241746200505
MLDB-001857,LOGO,group 10,mono,Pt,10.1002/cmdc.201600577,-0.08,-0.3055768836257297,0.2255768836257297
MLDB-001858,LOGO,group 10,mono,Pt,10.1002/cmdc.201600577,0.28,-0.46465257725310244,0.7446525772531025
MLDB-001859,LOGO,group 10,mono,Pt,10.1002/cmdc.201600577,0.46,-0.5124074562280752,0.9724074562280751
MLDB-001860,LOGO,group 10,mono,Pt,10.1002/cmdc.201600577,0.19,-0.616304866947096,0.806304866947096
MLDB-001861,LOGO,group 10,mono,Pt,10.1002/cmdc.201600577,0.13,-0.622291888620306,0.752291888620306
MLDB-001862,LOGO,group 10,mono,Pt,10.1002/cmdc.201600577,0.56,-0.41707110996969,0.97707110996969
MLDB-001863,LOGO,group 10,mono,Pt,10.1002/cmdc.201600577,-0.47,-0.472788255214027,0.0027882552140270356
MLDB-001864,LOGO,group 10,mono,Pt,10.1002/cmdc.201600577,-0.2,-0.3753236226184359,0.17532362261843587
MLDB-001865,LOGO,group 10,mono,Pt,10.1002/cmdc.201600577,0.24,-0.38042593314669537,0.6204259331466954
MLDB-001866,LOGO,group 10,mono,Pt,10.1002/cmdc.201600577,-0.41,-0.5101939985068198,0.10019399850681981
MLDB-001867,LOGO,group 10,mono,Pt,10.1002/cmdc.201600577,-0.31,-0.5814961651010851,0.27149616510108515
MLDB-001868,LOGO,group 10,mono,Pt,10.1016/j.ejmech.2018.06.035,1.01,0.7077441486069247,0.3022558513930753
MLDB-001869,LOGO,group 10,mono,Pt,10.1016/j.ejmech.2018.06.035,1.28,0.7401093849503881,0.5398906150496119
MLDB-001870,LOGO,group 10,mono,Pt,10.1016/j.ejmech.2018.06.035,0.92,0.6927824610878404,0.22721753891215968
MLDB-001871,LOGO,group 10,mono,Pt,10.1039/d1dt02362d,0.92,-1.8893271770744846,2.8093271770744845
MLDB-001872,LOGO,group 10,mono,Pt,10.1039/d1dt02362d,0.82,-1.8470242264741585,2.6670242264741586
MLDB-001873,LOGO,group 10,mono,Pt,10.1039/d1dt02362d,0.88,-1.8514733649408555,2.7314733649408556
MLDB-001874,LOGO,group 10,mono,Pt,10.1039/d1dt02362d,1.04,-1.4338335864803617,2.473833586480362
MLDB-001875,LOGO,group 10,mono,Pt,10.1039/d1dt02362d,1.09,-1.4537717870080042,2.543771787008004
MLDB-001876,LOGO,group 10,mono,Pt,10.1039/d1dt02362d,0.64,-1.7380029362794798,2.3780029362794797
MLDB-001877,LOGO,group 10,mono,Pt,10.1039/d1dt02362d,0.55,-1.7791810816850044,2.3291810816850047
MLDB-001878,LOGO,group 10,mono,Pt,10.1039/d1dt02362d,0.63,-1.796864248593212,2.426864248593212
MLDB-001879,LOGO,group 10,mono,Pt,10.1039/d1dt02362d,0.64,-1.8626934588236026,2.5026934588236025
MLDB-001880,LOGO,group 10,mono,Pt,10.1039/d1dt02362d,0.62,-1.8812133497115704,2.5012133497115703
MLDB-001881,LOGO,group 10,mono,Pt,10.1039/d1dt02362d,-1.15,-0.8205617655500397,0.32943823444996023
MLDB-001882,LOGO,group 10,mono,Pt,10.1021/jm400967z,-2.25,0.522117927007792,2.772117927007792
MLDB-001883,LOGO,group 10,mono,Pt,10.1021/jm400967z,1.03,0.7496490923602375,0.28035090763976256
MLDB-001884,LOGO,group 10,mono,Pt,10.1021/jm400967z,0.9,0.7496490923602375,0.15035090763976255
MLDB-001885,LOGO,group 10,mono,Pt,10.1021/jm400967z,-0.13,0.8169995334560193,0.9469995334560193
MLDB-001886,LOGO,group 10,mono,Pt,10.1021/jm400967z,-0.07,1.0275458716990473,1.0975458716990474
MLDB-001887,LOGO,group 10,mono,Pt,10.1021/jm400967z,0.14,1.0275458716990473,0.8875458716990473
MLDB-001888,LOGO,group 10,mono,Pt,10.1021/jm400967z,-0.42,0.4176996128913187,0.8376996128913187
MLDB-001889,LOGO,group 10,mono,Pt,10.1021/jm400967z,-0.35,0.4176996128913187,0.7676996128913187
MLDB-001890,LOGO,group 10,mono,Pt,10.1021/jm400967z,-0.45,1.2713480027170023,1.7213480027170023
MLDB-001891,LOGO,group 10,mono,Pt,10.1021/jm400967z,-0.24,1.2713480027170023,1.5113480027170023
MLDB-001892,LOGO,group 10,mono,Pt,10.1016/j.jinorgbio.2011.01.003,-2.21,0.5483569952334822,2.7583569952334823
MLDB-001893,LOGO,group 10,mono,Pt,10.1016/j.jinorgbio.2011.01.003,-2.51,0.6223160947545101,3.13231609475451
MLDB-001894,LOGO,group 10,mono,Pt,10.1016/j.jinorgbio.2011.01.003,-1.84,0.8795817272385296,2.7195817272385296
MLDB-001895,LOGO,group 10,mono,Pt,10.1016/j.jinorgbio.2011.01.003,-1.16,0.48858880974853347,1.6485888097485333
MLDB-001896,LOGO,group 10,mono,Pt,10.1016/j.jorganchem.2016.06.013,-3.24,0.8147050319924155,4.054705031992416
MLDB-001897,LOGO,group 10,mono,Pt,10.1016/j.jorganchem.2016.06.013,-2.55,0.754931021029421,3.3049310210294207
MLDB-001898,LOGO,group 10,mono,Pt,10.1016/j.jorganchem.2016.06.013,-2.15,0.8189936895663699,2.9689936895663696
MLDB-001899,LOGO,group 10,mono,Pt,10.1016/j.jorganchem.2016.06.013,-1.22,0.8044496728847808,2.0244496728847805
MLDB-001900,LOGO,group 10,mono,Pt,10.1016/j.jorganchem.2016.06.013,-1.06,0.7090472259822967,1.769047225982297
MLDB-001901,LOGO,group 10,mono,Pt,10.1016/j.jorganchem.2016.06.013,-2.09,0.5461779654727217,2.6361779654727213
MLDB-001902,LOGO,group 10,mono,Pt,10.1016/j.jinorgbio.2017.07.029,-2.28,0.5383659795866698,2.8183659795866696
MLDB-001903,LOGO,group 10,mono,Pt,10.1016/j.jinorgbio.2017.07.029,-2.29,-0.13944528801103315,2.150554711988967
MLDB-001904,LOGO,group 10,mono,Pt,10.1016/j.jinorgbio.2017.07.029,-2.49,-0.32341399061331905,2.1665860093866813
MLDB-001905,LOGO,group 10,mono,Pt,10.1016/j.ejmech.2011.09.006,-0.12,-1.4516619387693028,1.3316619387693027
MLDB-001906,LOGO,group 10,mono,Pt,10.1016/j.ejmech.2011.09.006,0.64,-1.398714864128339,2.038714864128339
MLDB-001907,LOGO,group 10,mono,Pt,10.1016/j.ejmech.2011.09.006,1.44,-1.195767220499095,2.635767220499095
MLDB-001908,LOGO,group 10,mono,Pt,10.1016/j.ejmech.2011.09.006,1.21,-2.300597713108305,3.510597713108305
MLDB-001909,LOGO,group 10,mono,Pt,10.1021/acs.inorgchem.8b01707,-0.64,-0.07208352642760747,0.5679164735723925
MLDB-001910,LOGO,group 10,mono,Pt,10.1021/acs.inorgchem.8b01707,-0.6,0.19976484496076097,0.799764844960761
MLDB-001911,LOGO,group 10,mono,Pt,10.1021/acs.inorgchem.2c01126,-1.67,-0.8444597981049896,0.8255402018950103
MLDB-001912,LOGO,group 10,multi,Pt,10.1021/acs.inorgchem.2c01126,-1.97,-1.3893637680828694,0.5806362319171305
MLDB-001913,LOGO,group 10,multi,Pt,10.1021/acs.inorgchem.2c01126,-1.5,-1.0178436908058552,0.48215630919414476
MLDB-001914,LOGO,group 10,multi,Pt,10.1021/acs.inorgchem.2c01126,-1.62,-1.0621084472913294,0.5578915527086707
MLDB-001915,LOGO,group 10,multi,Pt,10.1021/acs.inorgchem.2c01126,-1.81,-1.4836901997214786,0.3263098002785214
MLDB-001916,LOGO,group 10,multi,Pt,10.1021/acs.inorgchem.2c01126,-1.61,-1.504845066607817,0.10515493339218307
MLDB-001917,LOGO,group 10,mono,Pt,10.1016/j.jinorgbio.2017.04.003,-0.79,-0.24394068928950063,0.5460593107104994
MLDB-001918,LOGO,group 10,mono,Pt,10.1016/j.jinorgbio.2017.04.003,1.35,0.01310337425230445,1.3368966257476957
MLDB-001919,LOGO,group 10,mono,Pt,10.1016/j.jinorgbio.2017.04.003,2.4,0.6666513805839404,1.7333486194160597
MLDB-001920,LOGO,group 10,mono,Pt,10.1016/j.jinorgbio.2017.04.003,-0.46,-0.1909525758170493,0.2690474241829507
MLDB-001921,LOGO,group 10,mono,Pt,10.1016/j.jinorgbio.2017.04.003,1.68,0.2069984851188602,1.4730015148811397
MLDB-001922,LOGO,group 10,mono,Pt,10.1016/j.jinorgbio.2017.04.003,2.55,0.8868122104909321,1.6631877895090676
MLDB-001923,LOGO,group 10,mono,Pt,10.1016/j.jinorgbio.2004.05.017,-2.28,0.5383659795866698,2.8183659795866696
MLDB-001924,LOGO,group 10,mono,Pt,10.1016/j.jinorgbio.2004.05.017,-2.3,0.5484820947293116,2.8484820947293112
MLDB-001925,LOGO,group 10,mono,Pt,10.1016/j.jinorgbio.2004.05.017,-2.06,-0.21201765373328801,1.847982346266712
MLDB-001926,LOGO,group 10,mono,Pt,10.1016/j.jinorgbio.2004.05.017,-1.91,-0.035812621050131416,1.8741873789498684
MLDB-001927,LOGO,group 10,mono,Pt,10.1016/j.jinorgbio.2004.05.017,-2.2,-0.8262475061290115,1.3737524938709886
MLDB-001928,LOGO,group 10,mono,Pt,10.1016/j.jinorgbio.2004.05.017,-1.88,-1.1154526953034112,0.7645473046965887
MLDB-001929,LOGO,group 10,mono,Pt,10.1016/j.jinorgbio.2004.05.017,-2.81,0.15167083151640112,2.9616708315164013
MLDB-001930,LOGO,group 10,mono,Pt,10.1016/j.jinorgbio.2004.05.017,-2.78,0.03569202655595723,2.815692026555957
MLDB-001931,LOGO,group 10,mono,Pt,10.3390/ma13235312,-1.58,-0.23409800199435934,1.3459019980056408
MLDB-001932,LOGO,group 10,mono,Pt,10.3390/ma13235312,-0.65,-0.7656316421530905,0.11563164215309052
MLDB-001933,LOGO,group 10,mono,Pt,10.3390/ma13235312,-1.69,-0.3435950150310347,1.3464049849689652
MLDB-001934,LOGO,group 10,mono,Pt,10.3390/ma13235312,-1.23,-0.11858203274802176,1.1114179672519782
MLDB-001935,LOGO,group 10,mono,Pt,10.1016/j.jinorgbio.2019.03.008,1.25,1.0618092051693686,0.1881907948306314
MLDB-001936,LOGO,group 10,mono,Pt,10.1016/j.jinorgbio.2019.03.008,1.34,0.9100899209997246,0.42991007900027545
MLDB-001937,LOGO,group 10,mono,Pt,10.1016/j.jinorgbio.2019.03.008,1.38,0.827355629677498,0.5526443703225019
MLDB-001938,LOGO,group 10,mono,Pt,10.1016/j.jinorgbio.2019.03.008,1.51,0.8206309007899656,0.6893690992100344
MLDB-001939,LOGO,group 10,mono,Pt,10.1016/s0162-0134(97)00109-8,0.544,0.6403514802015546,0.0963514802015546
MLDB-001940,LOGO,group 10,mono,Pt,10.1016/s0162-0134(97)00109-8,0.534,0.5245433717351083,0.009456628264891687
MLDB-001941,LOGO,group 10,mono,Pt,10.1016/s0162-0134(97)00109-8,0.354,0.1686526274042642,0.18534737259573578
MLDB-001942,LOGO,group 10,mono,Pt,10.1016/s0162-0134(97)00109-8,0.13,0.36867518069406596,0.23867518069406596
MLDB-001943,LOGO,group 10,mono,Pt,10.1016/s0162-0134(97)00109-8,-0.18,0.09962758540428793,0.2796275854042879
MLDB-001944,LOGO,group 10,mono,Pt,10.1016/s0162-0134(97)00109-8,-0.387,0.07225022791088132,0.4592502279108813
MLDB-001945,LOGO,group 10,mono,Pt,10.1016/s0162-0134(97)00109-8,-0.886,-0.33664384582457146,0.5493561541754286
MLDB-001946,LOGO,group 10,mono,Pt,10.1016/s0162-0134(97)00109-8,-1.523,-0.5689335916760282,0.9540664083239717
MLDB-001947,LOGO,group 10,mono,Pt,10.1016/s0162-0134(97)00109-8,-1.398,-0.8081240555004907,0.5898759444995092
MLDB-001948,LOGO,group 10,mono,Pt,10.3390/ijms21072325,-3.05,-1.1892333737306078,1.860766626269392
MLDB-001949,LOGO,group 10,mono,Pt,10.3390/ijms21072325,-2.69,-1.937394396071935,0.7526056039280649
MLDB-001950,LOGO,group 10,mono,Pt,10.3390/ijms21072325,-0.26,-1.328884080946933,1.068884080946933
MLDB-001951,LOGO,group 10,mono,Pt,10.3390/ijms21072325,-1.65,-1.1739018800282353,0.47609811997176466
MLDB-001952,LOGO,group 10,mono,Pt,10.3390/ijms21072325,-2.03,-1.9446658079240904,0.08533419207590942
MLDB-001953,LOGO,group 10,mono,Pt,10.3390/ijms21072325,-2.39,-1.0027674623297638,1.3872325376702364
MLDB-001954,LOGO,group 10,mono,Pt,10.3390/ijms21072325,-2.43,-0.9705339013426639,1.4594660986573362
MLDB-001955,LOGO,group 10,mono,Pd,10.1039/c8dt02389a,0.49,0.32686053553948285,0.16313946446051714
MLDB-001956,LOGO,group 10,mono,Pd,10.1039/c8dt02389a,-0.22,0.5583858661086171,0.778385866108617
MLDB-001957,LOGO,group 10,mono,Pt,10.1039/c8dt02389a,-0.16,0.8395798505866835,0.9995798505866835
MLDB-001958,LOGO,group 10,mono,Pt,10.1039/c8dt02389a,0.67,0.47026982976106846,0.19973017023893158
MLDB-001959,LOGO,group 10,mono,Pd,10.1039/c8dt02389a,-0.09,0.5513266599693075,0.6413266599693075
MLDB-001960,LOGO,group 10,mono,Pt,10.1039/c8dt02389a,-0.07,0.808873120555773,0.8788731205557729
MLDB-001961,LOGO,group 10,mono,Pt,10.1039/c8dt02389a,-2.28,0.5483569952334822,2.828356995233482
MLDB-001962,LOGO,group 10,mono,Pt,10.1016/j.ejmech.2018.06.018,-0.96,0.05793862458359741,1.0179386245835973
MLDB-001963,LOGO,group 10,mono,Pt,10.1016/j.ejmech.2018.06.018,-0.21,0.1810074139152719,0.3910074139152719
MLDB-001964,LOGO,group 10,mono,Pt,10.1021/acs.inorgchem.7b03261,-1.7,-0.10846995098738417,1.5915300490126159
MLDB-001965,LOGO,group 10,mono,Pt,10.1021/acs.jmedchem.5b00427,0.02,1.3325354824323552,1.3125354824323552
MLDB-001966,LOGO,group 10,mono,Pt,10.1039/c8dt02113a,-0.95,1.2321743248704071,2.182174324870407
MLDB-001967,LOGO,group 10,mono,Pt,10.1039/c8dt02113a,0.56,1.1510601888474998,0.5910601888474998
MLDB-001968,LOGO,group 10,mono,Pt,10.1039/c8dt02113a,-0.14,1.0080480193518435,1.1480480193518434
MLDB-001969,LOGO,group 10,mono,Pt,10.1039/c8dt02113a,0.11,0.8391674878872971,0.7291674878872971
MLDB-001970,LOGO,group 10,mono,Pt,10.1039/c8dt02113a,0.15,-0.030588436462250262,0.18058843646225026
MLDB-001971,LOGO,group 10,mono,Pt,10.1016/j.jinorgbio.2014.08.005,-2.14,-0.5333401212460588,1.6066598787539412
MLDB-001972,LOGO,group 10,mono,Pt,10.1016/j.jinorgbio.2014.08.005,0.8,0.13433477369279842,0.6656652263072016
MLDB-001973,LOGO,group 10,mono,Pt,10.1016/j.jinorgbio.2014.08.005,2.07,0.5272861172193801,1.5427138827806197
MLDB-001974,LOGO,group 10,mono,Pt,10.1016/j.jinorgbio.2014.08.005,-1.76,0.522117927007792,2.282117927007792
MLDB-001975,LOGO,group 10,mono,Pt,10.1016/j.jinorgbio.2014.04.008,-0.35,0.13196472517383398,0.48196472517383393
MLDB-001976,LOGO,group 10,mono,Pt,10.1016/j.jinorgbio.2014.04.008,0.29,0.12404698037602122,0.16595301962397876
MLDB-001977,LOGO,group 10,mono,Pt,10.1016/j.jinorgbio.2014.04.008,-0.03,0.23160226951076615,0.26160226951076615
MLDB-001978,LOGO,group 10,mono,Pt,10.1016/j.jinorgbio.2014.04.008,1.24,0.13196472517383398,1.108035274826166
MLDB-001979,LOGO,group 10,mono,Pt,10.1016/j.jinorgbio.2014.04.008,1.66,0.12404698037602122,1.5359530196239788
MLDB-001980,LOGO,group 10,mono,Pt,10.1016/j.jinorgbio.2014.04.008,2.31,0.23160226951076615,2.078397730489234
MLDB-001981,LOGO,group 10,mono,Pt,10.1016/j.jinorgbio.2014.04.008,-2.18,0.5483569952334822,2.7283569952334825
MLDB-001982,LOGO,group 10,mono,Pt,10.1007/s00775-019-01736-4,2.01,0.5765675840932792,1.4334324159067204
MLDB-001983,LOGO,group 10,mono,Pt,10.1007/s00775-019-01736-4,1.15,0.5258919314353551,0.6241080685646448
MLDB-001984,LOGO,group 10,mono,Pt,10.1007/s00775-019-01736-4,2.36,0.3428238999890682,2.0171761000109316
MLDB-001985,LOGO,group 10,mono,Pt,10.1007/s00775-019-01736-4,1.55,0.30130461069564995,1.2486953893043502
MLDB-001986,LOGO,group 10,mono,Pt,10.1016/j.ejmech.2013.07.004,1.11,-1.5124165400860572,2.622416540086057
MLDB-001987,LOGO,group 10,mono,Pt,10.1016/j.ejmech.2013.07.004,2.49,-0.34857504729258665,2.838575047292587
MLDB-001988,LOGO,group 10,mono,Pt,10.1007/s00775-014-1214-6,0.72,-1.398714864128339,2.118714864128339
MLDB-001989,LOGO,group 10,mono,Pt,10.1007/s00775-014-1214-6,0.77,-2.802460455027539,3.572460455027539
MLDB-001990,LOGO,group 10,mono,Pt,10.1007/s00775-014-1214-6,0.23,-1.0872176371838531,1.317217637183853
MLDB-001991,LOGO,group 10,mono,Pt,10.3390/ph13120433,-0.35,0.5579529623860378,0.9079529623860377
MLDB-001992,LOGO,group 10,mono,Pt,10.3390/ph13120433,1.43,0.5579529623860378,0.8720470376139622
MLDB-001993,LOGO,group 10,mono,Pt,10.3390/ph13120433,-0.31,0.18753262026826875,0.4975326202682687
MLDB-001994,LOGO,group 10,mono,Pt,10.3390/ph13120433,0.46,0.18753262026826875,0.2724673797317313
MLDB-001995,LOGO,group 10,mono,Pt,10.3390/ph13120433,-0.58,0.3357312660094057,0.9157312660094057
MLDB-001996,LOGO,group 10,mono,Pt,10.3390/ph13120433,-0.37,0.3357312660094057,0.7057312660094057
MLDB-001997,LOGO,group 10,mono,Pt,10.3390/ph13120433,-0.69,0.33686770065153077,1.0268677006515308
MLDB-001998,LOGO,group 10,mono,Pt,10.3390/ph13120433,-1.22,-0.383984848097691,0.8360151519023089
MLDB-001999,LOGO,group 10,mono,Pt,10.3390/ph13120433,-2.05,0.522117927007792,2.572117927007792
MLDB-002000,LOGO,group 10,mono,Pt,10.1016/j.poly.2020.114428,-1.33,-1.1491877939844986,0.18081220601550152
MLDB-002001,LOGO,group 10,mono,Pt,10.1016/j.poly.2020.114428,1.09,-1.2710412310296961,2.361041231029696
MLDB-002002,LOGO,group 10,mono,Pd,10.1016/j.ejmech.2018.09.035,-0.05,0.6343289930514048,0.6843289930514048
MLDB-002003,LOGO,group 10,mono,Pt,10.1016/j.ejmech.2018.09.035,-0.02,0.6369839667133782,0.6569839667133782
MLDB-002004,LOGO,group 10,mono,Pt,10.1016/j.ejmech.2018.09.035,1.02,0.14830398077269952,0.8716960192273004
MLDB-002005,LOGO,group 10,mono,Pt,10.1039/c9dt04269e,-1.95,-0.9683177482438503,0.9816822517561496
MLDB-002006,LOGO,group 10,mono,Pt,10.1039/c9dt04269e,-1.35,-0.983599656662928,0.36640034333707205
MLDB-002007,LOGO,group 10,mono,Pt,10.1039/c9dt04269e,-0.62,-0.8711002884508166,0.25110028845081656
MLDB-002008,LOGO,group 10,mono,Pt,10.1039/c9dt04269e,0.22,-0.11314669275974054,0.3331466927597405
MLDB-002009,LOGO,group 10,mono,Pt,10.1039/c9dt04269e,-1.88,-0.8444597981049896,1.0355402018950102
MLDB-002010,LOGO,group 10,mono,Pt,10.1021/jm9904250,-1.59,-2.039866998576335,0.44986699857633483
MLDB-002011,LOGO,group 10,mono,Pt,10.1021/jm9904250,0.18,-1.948890855551396,2.128890855551396
MLDB-002012,LOGO,group 10,mono,Pt,10.1021/jm9904250,1.54,-1.8846683189751805,3.4246683189751805
MLDB-002013,LOGO,group 10,mono,Pt,10.1021/jm9904250,2.54,-1.1679341766203557,3.7079341766203555
MLDB-002014,LOGO,group 10,mono,Pt,10.1021/jm9904250,3.03,-1.2323882970430002,4.262388297043
MLDB-002015,LOGO,group 10,mono,Pt,10.1021/jm9904250,0.1,-1.1098616710354297,1.2098616710354297
MLDB-002016,LOGO,group 10,mono,Pt,10.1039/d0dt03018j,0.77,1.1584327978746454,0.38843279787464535
MLDB-002017,LOGO,group 10,mono,Pt,10.1039/d0dt03018j,0.64,1.0391389555198591,0.3991389555198591
MLDB-002018,LOGO,group 10,mono,Pt,10.1039/c8nj01199k,-0.3,-0.855435025325634,0.5554350253256339
MLDB-002019,LOGO,group 10,mono,Pt,10.1039/c8nj01199k,-0.58,-0.7851270599184709,0.2051270599184709
MLDB-002020,LOGO,group 10,mono,Pt,10.1039/c8nj01199k,0.54,0.24565831253708362,0.29434168746291645
MLDB-002021,LOGO,group 10,mono,Pt,10.1039/c8nj01199k,0.99,0.2143473634443089,0.775652636555691
MLDB-002022,LOGO,group 10,mono,Pt,10.1016/s0162-0134(03)00149-1,-0.503,-1.7136298049172332,1.2106298049172333
MLDB-002023,LOGO,group 10,mono,Pt,10.1016/s0162-0134(03)00149-1,-0.417,-1.8378172876905652,1.4208172876905651
MLDB-002024,LOGO,group 10,mono,Pt,10.1016/s0162-0134(03)00149-1,-0.347,-1.781269363380561,1.434269363380561
MLDB-002025,LOGO,group 10,mono,Pt,10.1016/s0162-0134(03)00149-1,0.151,-1.764065515349217,1.915065515349217
MLDB-002026,LOGO,group 10,mono,Pt,10.1016/s0162-0134(03)00149-1,0.049,-1.824986026525934,1.8739860265259338
MLDB-002027,LOGO,group 10,mono,Pt,10.1016/s0162-0134(03)00149-1,0.158,-1.9309476137483137,2.0889476137483136
MLDB-002028,LOGO,group 10,mono,Pt,10.1016/s0162-0134(03)00149-1,-0.341,-1.9152845868547168,1.5742845868547168
MLDB-002029,LOGO,group 10,mono,Pt,10.1016/s0162-0134(03)00149-1,1.243,-1.6257786359138253,2.8687786359138254
MLDB-002030,LOGO,group 10,mono,Pt,10.1016/s0162-0134(03)00149-1,1.213,-1.5992631023813577,2.812263102381358
MLDB-002031,LOGO,group 10,mono,Pt,10.1016/s0162-0134(03)00149-1,1.249,-1.8402406319588718,3.089240631958872
MLDB-002032,LOGO,group 10,mono,Pt,10.1002/chem.201404090,-1.17,-0.8102520104411034,0.35974798955889653
MLDB-002033,LOGO,group 10,multi,Pt,10.1002/asia.201700577,-1.13,0.1752216638026937,1.3052216638026937
MLDB-002034,LOGO,group 10,multi,Pt,10.1002/asia.201700577,-0.98,-0.34357277290305555,0.6364272270969444
MLDB-002035,LOGO,group 10,multi,Pt,10.1002/asia.201700577,-0.72,0.25820108286710586,0.9782010828671058
MLDB-002036,LOGO,group 10,multi,Pt,10.1002/asia.201700577,-0.66,-0.29328400473537913,0.3667159952646209
MLDB-002037,LOGO,group 10,mono,Pt,10.1016/j.jinorgbio.2007.11.013,0.344,1.2088054107354016,0.8648054107354016
MLDB-002038,LOGO,group 10,mono,Pt,10.1016/j.jinorgbio.2007.11.013,1.302,0.9623741604822986,0.3396258395177014
MLDB-002039,LOGO,group 10,mono,Pt,10.1016/j.jinorgbio.2007.11.013,1.528,0.9255149548169017,0.6024850451830983
MLDB-002040,LOGO,group 10,mono,Pt,10.1016/j.jinorgbio.2007.11.013,1.667,0.9812141213453572,0.6857858786546428
MLDB-002041,LOGO,group 10,mono,Pt,10.1016/j.jinorgbio.2012.12.001,-0.94,0.30263827219221845,1.2426382721922185
MLDB-002042,LOGO,group 10,mono,Pt,10.1016/j.jinorgbio.2012.12.001,-1.15,0.30263827219221845,1.4526382721922184
MLDB-002043,LOGO,group 10,mono,Pt,10.1016/j.jinorgbio.2012.12.001,-1.17,0.2006395599349448,1.3706395599349448
MLDB-002044,LOGO,group 10,mono,Pt,10.1016/j.jinorgbio.2012.12.001,-1.01,0.2006395599349448,1.2106395599349449
MLDB-002045,LOGO,group 10,mono,Pt,10.1016/j.jinorgbio.2012.12.001,0.4,0.2389311254448392,0.16106887455516083
MLDB-002046,LOGO,group 10,mono,Pt,10.1016/j.jinorgbio.2012.12.001,-0.05,0.2389311254448392,0.2889311254448392
MLDB-002047,LOGO,group 10,mono,Pt,10.1016/j.jinorgbio.2012.12.001,1.06,0.6329225926671692,0.42707740733283084
MLDB-002048,LOGO,group 10,mono,Pt,10.1016/j.jinorgbio.2012.12.001,0.39,0.6329225926671692,0.2429225926671692
MLDB-002049,LOGO,group 10,mono,Pt,10.1002/ejic.201600857,1.76,0.34245435571032123,1.4175456442896788
MLDB-002050,LOGO,group 10,mono,Pt,10.1002/ejic.201600857,1.31,-0.24994304230308548,1.5599430423030856
MLDB-002051,LOGO,group 10,mono,Pt,10.1002/ejic.201600857,1.79,-0.33837412718616616,2.128374127186166
MLDB-002052,LOGO,group 10,mono,Pt,10.1002/ejic.201600857,1.84,-0.6780335589431953,2.5180335589431952
MLDB-002053,LOGO,group 10,mono,Pt,10.1016/j.jinorgbio.2016.06.018,-0.71,-0.11965128765755817,0.5903487123424418
MLDB-002054,LOGO,group 10,mono,Pt,10.1016/j.jinorgbio.2016.06.018,0.3,0.5747253750137394,0.27472537501373945
MLDB-002055,LOGO,group 10,mono,Pt,10.1016/j.ica.2022.120891,0.37,0.6644360225637511,0.2944360225637511
MLDB-002056,LOGO,group 10,mono,Pt,10.1016/j.ica.2022.120891,0.29,0.5799476375795882,0.28994763757958825
MLDB-002057,LOGO,group 10,mono,Pd,10.1002/zaac.202200073,0.66,1.2946037388724647,0.6346037388724647
MLDB-002058,LOGO,group 10,mono,Pd,10.1002/zaac.202200073,0.86,0.6861197021106655,0.17388029788933446
MLDB-002059,LOGO,group 10,mono,Pd,10.1002/zaac.202200073,1.59,1.3531405786360358,0.23685942136396432
MLDB-002060,LOGO,group 10,mono,Pd,10.1002/zaac.202200073,1.26,1.49706440340693,0.23706440340693002
MLDB-002061,LOGO,group 10,mono,Pt,10.1002/zaac.202200073,1.2,1.5445269064038298,0.3445269064038299
MLDB-002062,LOGO,group 10,mono,Pt,10.1002/zaac.202200073,1.12,0.9374595060079505,0.18254049399204963
MLDB-002063,LOGO,group 10,mono,Pt,10.1002/zaac.202200073,1.34,1.4563906980139327,0.11639069801393265
MLDB-002064,LOGO,group 10,mono,Pt,10.1002/zaac.202200073,1.9,1.5204256932251716,0.3795743067748283
MLDB-002065,LOGO,group 10,mono,Pd,10.1002/zaac.202200073,0.85,1.799722727009971,0.949722727009971
MLDB-002066,LOGO,group 10,mono,Pd,10.1002/zaac.202200073,1.23,1.2964386895595819,0.06643868955958188
MLDB-002067,LOGO,group 10,mono,Pt,10.1002/zaac.202200073,1.06,1.884128189991168,0.8241281899911679
MLDB-002068,LOGO,group 10,mono,Pt,10.1002/zaac.202200073,1.45,1.3742796771932662,0.0757203228067338
MLDB-002069,LOGO,group 10,mono,Pt,10.1016/j.bioorg.2020.104210,-1.21,-0.18517086317684592,1.0248291368231541
MLDB-002070,LOGO,group 10,mono,Pt,10.1016/j.bioorg.2020.104210,-2.3,0.5483569952334822,2.848356995233482
MLDB-002071,LOGO,group 10,mono,Pt,10.1016/j.bioorg.2020.104210,-2.1,-0.8222076766981627,1.2777923233018373
MLDB-002072,LOGO,group 10,mono,Pt,10.1021/acs.inorgchem.9b02033,-0.2,0.7438062448638871,0.9438062448638871
MLDB-002075,LOGO,group 10,mono,Pt,10.1590/s0103-50532010001000023,0.4,1.3914714280446094,0.9914714280446094
MLDB-002076,LOGO,group 10,mono,Pt,10.1590/s0103-50532010001000023,1.31,1.1322486810680197,0.17775131893198037
MLDB-002077,LOGO,group 10,mono,Pt,10.1590/s0103-50532010001000023,1.54,1.0931722626320222,0.4468277373679779
MLDB-002078,LOGO,group 10,mono,Pt,10.1590/s0103-50532010001000023,1.56,1.1803280305805168,0.3796719694194832
MLDB-002079,LOGO,group 10,mono,Pd,10.1016/j.bmcl.2020.127077,1.39,0.22362477638231976,1.16637522361768
MLDB-002080,LOGO,group 10,mono,Pt,10.1016/j.bmcl.2020.127077,1.53,0.5258919314353551,1.004108068564645
MLDB-002084,LOGO,group 10,mono,Pt,10.1002/aoc.6759,0.208,-1.204337614532004,1.412337614532004
MLDB-002085,LOGO,group 10,mono,Pt,10.1002/aoc.6759,0.306,-2.1610822696424896,2.4670822696424897
MLDB-002086,LOGO,group 10,mono,Pt,10.1002/aoc.6759,0.284,-2.0505526995165666,2.3345526995165664
MLDB-002087,LOGO,group 10,mono,Pt,10.1002/aoc.6759,0.257,-2.099207854173647,2.3562078541736473
MLDB-002088,LOGO,group 10,mono,Pt,10.1002/aoc.6759,0.226,-1.9888255468395828,2.2148255468395828
MLDB-002089,LOGO,group 10,mono,Pt,10.1002/aoc.6759,-2.26,0.5483569952334822,2.808356995233482
MLDB-002090,LOGO,group 10,mono,Pt,10.1002/aoc.6759,-0.446,0.5529788862756604,0.9989788862756603
MLDB-002093,LOGO,group 10,mono,Pt,10.3390/ma12233907,-0.11,-0.2658190907309766,0.1558190907309766
MLDB-002094,LOGO,group 10,mono,Pt,10.3390/ma12233907,-0.71,0.1972832375126986,0.9072832375126986
MLDB-002095,LOGO,group 10,mono,Pt,10.3390/ma12233907,-0.4,0.24964968228883108,0.6496496822888311
MLDB-002096,LOGO,group 10,mono,Pt,10.1039/d2dt00090c,-1.3,-2.0993438402469415,0.7993438402469415
MLDB-002097,LOGO,group 10,mono,Pt,10.1039/d2dt00090c,-0.5,-1.05071364483693,0.5507136448369301
MLDB-002098,LOGO,group 10,mono,Pt,10.1021/ja5038269,-1.72,-1.7716206900210685,0.051620690021068505
MLDB-002099,LOGO,group 10,mono,Pt,10.1021/ja5038269,-1.21,-1.6897763803898498,0.4797763803898498
MLDB-002100,LOGO,group 10,mono,Pt,10.1021/ja5038269,-0.83,-1.7069589321942424,0.8769589321942425
MLDB-002101,LOGO,group 10,mono,Pt,10.1021/ja5038269,0.73,-1.7120646814797826,2.4420646814797826
MLDB-002102,LOGO,group 10,mono,Pt,10.1021/ja5038269,1.23,-1.3708988932890347,2.6008988932890347
MLDB-002103,LOGO,group 10,mono,Pt,10.3390/molecules21030255,-1.14,-0.5744233442504432,0.5655766557495567
MLDB-002104,LOGO,group 10,mono,Pt,10.3390/molecules21030255,-1.09,-0.668532504714212,0.4214674952857881
MLDB-002105,LOGO,group 10,mono,Pt,10.1007/s00775-015-1290-2,-2.09,-0.046125292517240825,2.0438747074827592
MLDB-002106,LOGO,group 10,mono,Pt,10.1007/s00775-015-1290-2,-2.66,-0.4850298187091317,2.1749701812908686
MLDB-002107,LOGO,group 10,mono,Pt,10.1007/s00775-015-1290-2,0.98,-0.6581303918996272,1.6381303918996273
MLDB-002108,LOGO,group 10,mono,Pt,10.1007/s00775-015-1290-2,0.66,-1.0053621863496571,1.665362186349657
MLDB-002109,LOGO,group 10,mono,Pt,10.1007/s00775-019-01643-8,-0.78,0.3206040710583081,1.1006040710583083
MLDB-002110,LOGO,group 10,mono,Pt,10.1007/s00775-019-01643-8,-0.81,0.6722161914929186,1.4822161914929186
MLDB-002111,LOGO,group 10,mono,Pt,10.1371/journal.pone.0165062,0.41,0.17596291312450096,0.234037086875499
MLDB-002112,LOGO,group 10,mono,Pt,10.1371/journal.pone.0165062,-0.07,0.196975501159842,0.26697550115984203
MLDB-002113,LOGO,group 10,mono,Pt,10.1016/j.jinorgbio.2003.09.004,-0.903,-1.4347331055953523,0.5317331055953523
MLDB-002114,LOGO,group 10,mono,Pt,10.1016/j.jinorgbio.2003.09.004,-0.453,-0.9626445540822506,0.5096445540822505
MLDB-002115,LOGO,group 10,mono,Pt,10.1016/j.jinorgbio.2003.09.004,0.179,-1.1334903095630537,1.3124903095630538
MLDB-002116,LOGO,group 10,mono,Pt,10.1016/j.jinorgbio.2003.09.004,1.197,-0.884716954419538,2.081716954419538
MLDB-002117,LOGO,group 10,mono,Pt,10.1016/j.jinorgbio.2003.09.004,2.067,-0.3466915841207113,2.4136915841207114
MLDB-002118,LOGO,group 10,mono,Pt,10.1016/j.inoche.2019.02.007,1.04,0.7817066049877776,0.2582933950122225
MLDB-002119,LOGO,group 10,mono,Pt,10.1016/j.inoche.2019.02.007,1.08,0.9229457860249933,0.15705421397500674
MLDB-002120,LOGO,group 10,mono,Pt,10.1002/chem.201404675,-0.98,-0.05999870353501614,0.9200012964649839
MLDB-002121,LOGO,group 10,mono,Pt,10.1002/chem.201404675,0.31,-0.07074043870596497,0.38074043870596497
MLDB-002122,LOGO,group 10,mono,Pt,10.1002/chem.201404675,0.73,0.19675172756652975,0.5332482724334702
MLDB-002123,LOGO,group 10,mono,Pt,10.1021/acs.jmedchem.5c00086,1.6,0.3924754445985993,1.2075245554014007
MLDB-002124,LOGO,group 10,mono,Pt,10.1021/acs.jmedchem.5c00086,1.19,0.04091197445451318,1.1490880255454867
MLDB-002125,LOGO,group 10,mono,Pt,10.1021/acs.inorgchem.8b00706,-2.01,-0.8242872384562168,1.185712761543783
MLDB-002126,LOGO,group 10,mono,Pt,10.1021/acs.inorgchem.8b00706,-2.25,-0.9150098995254355,1.3349901004745646
MLDB-002127,LOGO,group 10,mono,Pt,10.1021/acs.inorgchem.8b00706,-2.2,-2.1338822580056593,0.06611774199434084
MLDB-002128,LOGO,group 10,mono,Pt,10.1021/acs.inorgchem.8b00706,-2.55,-2.2984034231068455,0.2515965768931543
MLDB-002129,LOGO,group 10,mono,Pt,10.1021/acs.inorgchem.8b00706,-2.59,-2.5736980119126267,0.016301988087373154
MLDB-002130,LOGO,group 10,mono,Pt,10.1021/acs.inorgchem.8b00706,-2.42,-2.476616229136982,0.05661622913698228
MLDB-002131,LOGO,group 10,mono,Pt,10.1021/acs.inorgchem.8b00706,-0.51,-1.782926017932858,1.272926017932858
MLDB-002132,LOGO,group 10,mono,Pt,10.1021/acs.inorgchem.8b00706,-0.5,-1.871908847583402,1.371908847583402
MLDB-002133,LOGO,group 10,mono,Pt,10.1021/acs.inorgchem.8b00706,-0.51,-1.8723004471123699,1.3623004471123699
MLDB-002134,LOGO,group 10,mono,Pt,10.1021/acs.inorgchem.8b00706,-1.85,-0.687235168759715,1.1627648312402852
MLDB-002135,LOGO,group 10,mono,Pt,10.1021/acs.inorgchem.8b00706,-2.1,-1.2887127036051378,0.8112872963948623
MLDB-002136,LOGO,group 10,mono,Pt,10.1021/acs.inorgchem.8b00706,-1.56,-0.8910422289302347,0.6689577710697654
MLDB-002137,LOGO,group 10,mono,Pt,10.1038/srep29367,-0.11,-0.2265736688873552,0.1165736688873552
MLDB-002138,LOGO,group 10,mono,Pt,10.1038/srep29367,-0.051,-0.040506168437867716,0.01049383156213228
MLDB-002139,LOGO,group 10,mono,Pt,10.1038/srep29367,-0.028,-0.027982533570512346,1.7466429487654478e-05
MLDB-002140,LOGO,group 10,mono,Pt,10.1038/srep29367,-0.1,-1.7392383398648172,1.6392383398648172
MLDB-002141,LOGO,group 10,mono,Pt,10.1038/srep29367,-0.08,-0.30873158014737884,0.22873158014737882
MLDB-002142,LOGO,group 10,mono,Pt,10.1038/srep29367,-0.22,-0.6253480478114836,0.4053480478114836
MLDB-002143,LOGO,group 10,mono,Pt,10.1038/srep29367,-0.068,-0.30923031147177354,0.24123031147177354
MLDB-002144,LOGO,group 10,mono,Pt,10.1038/srep29367,-0.037,-0.22012056631029422,0.18312056631029422
MLDB-002145,LOGO,group 10,mono,Pt,10.1038/srep29367,-0.19,-1.942649366102555,1.752649366102555
MLDB-002146,LOGO,group 10,mono,Pt,10.1038/srep29367,-0.13,-0.6128503320386198,0.4828503320386198
MLDB-002147,LOGO,group 10,mono,Pt,10.1016/j.jinorgbio.2020.111125,-0.12,-0.34240597279083596,0.22240597279083596
MLDB-002148,LOGO,group 10,mono,Pt,10.1016/j.jinorgbio.2020.111125,0.16,-0.49457256788975107,0.654572567889751
MLDB-002149,LOGO,group 10,mono,Pt,10.1016/j.jinorgbio.2020.111125,0.08,-0.37107554069879506,0.4510755406987951
MLDB-002150,LOGO,group 10,mono,Pt,10.1016/j.jinorgbio.2020.111125,-0.14,-2.1137592723510514,1.9737592723510513
MLDB-002151,LOGO,group 10,mono,Pt,10.1002/chem.201805626,-2.32,0.4406235413547087,2.7606235413547084
MLDB-002152,LOGO,group 10,mono,Pt,10.1002/chem.201805626,0.26,-0.41490258170700894,0.6749025817070089
MLDB-002153,LOGO,group 10,mono,Pt,10.1002/chem.201805626,0.33,-0.6226262425483634,0.9526262425483634
MLDB-002154,LOGO,group 10,mono,Pt,10.1002/chem.201805626,0.97,-0.3650651009710944,1.3350651009710943
MLDB-002155,LOGO,group 10,mono,Pt,10.1016/j.bcp.2015.04.003,-2.25,0.48538243200936754,2.7353824320093674
MLDB-002156,LOGO,group 10,mono,Pt,10.1016/j.bcp.2015.04.003,-1.85,-0.7686595445162321,1.081340455483768
MLDB-002157,LOGO,group 10,mono,Pt,10.1016/j.bcp.2015.04.003,0.17,-0.5276219858199749,0.6976219858199749
MLDB-002158,LOGO,group 10,mono,Pt,10.1016/j.bcp.2015.04.003,0.25,-0.2768570377723621,0.526857037772362
MLDB-002159,LOGO,group 10,mono,Pt,10.1002/ejic.202200184,-2.3,0.522117927007792,2.822117927007792
MLDB-002160,LOGO,group 10,mono,Pt,10.1002/ejic.202200184,-1.08,0.0346443166959877,1.1146443166959878
MLDB-002161,LOGO,group 10,mono,Pt,10.1002/ejic.202200184,0.52,0.3735056145061328,0.14649438549386723
MLDB-002162,LOGO,group 10,mono,Pt,10.1016/j.jinorgbio.2014.07.004,-2.38,-0.9398273974548802,1.4401726025451196
MLDB-002163,LOGO,group 10,mono,Pt,10.1016/j.jinorgbio.2014.07.004,0.1,-1.815368151415616,1.915368151415616
MLDB-002164,LOGO,group 10,mono,Pt,10.1016/j.jinorgbio.2014.07.004,0.37,-1.752517508811601,2.122517508811601
MLDB-002165,LOGO,group 10,mono,Pt,10.1039/c5sc04205d,-0.73,-0.5088106220890741,0.22118937791092586
MLDB-002166,LOGO,group 10,mono,Pt,10.1039/c5sc04205d,0.25,-1.5028278148817307,1.7528278148817307
MLDB-002167,LOGO,group 10,mono,Pt,10.1039/c8cc02071j,-0.41,-0.13303657222416015,0.2769634277758398
MLDB-002168,LOGO,group 10,mono,Pt,10.1016/j.ica.2019.04.030,-1.04,-0.20103526015014606,0.838964739849854
MLDB-002169,LOGO,group 10,mono,Pt,10.1016/j.ica.2019.04.030,-0.82,-0.10128549219186528,0.7187145078081347
MLDB-002170,LOGO,group 10,mono,Pt,10.1016/j.ica.2019.04.030,-0.6,0.2310435108043941,0.8310435108043941
MLDB-002171,LOGO,group 10,mono,Pt,10.1054/bjoc.1999.1026,-2.53,0.522117927007792,3.052117927007792
MLDB-002172,LOGO,group 10,mono,Pt,10.1054/bjoc.1999.1026,-2.3,-0.8523861068111348,1.4476138931888651
MLDB-002173,LOGO,group 10,mono,Pt,10.1054/bjoc.1999.1026,-1.65,-0.9228665701913299,0.72713342980867
MLDB-002174,LOGO,group 10,mono,Pt,10.1054/bjoc.1999.1026,-1.59,-0.9228665701913299,0.6671334298086702
MLDB-002175,LOGO,group 10,mono,Pt,10.1054/bjoc.1999.1026,-1.18,0.4470451560643208,1.6270451560643209
MLDB-002176,LOGO,group 10,mono,Pt,10.1054/bjoc.1999.1026,-1.17,0.4470451560643208,1.6170451560643206
MLDB-002177,LOGO,group 10,mono,Pt,10.1054/bjoc.1999.1026,-1.03,0.4470451560643208,1.477045156064321
MLDB-002178,LOGO,group 10,mono,Pt,10.1054/bjoc.1999.1026,-0.16,-1.0813160058499032,0.9213160058499031
MLDB-002179,LOGO,group 10,mono,Pt,10.1021/jacs.5b10182,-0.21,-0.2284755422774309,0.018475542277430895
MLDB-002180,LOGO,group 10,mono,Pt,10.1021/jacs.5b10182,1.35,-0.24244995926251794,1.592449959262518
MLDB-002181,LOGO,group 10,mono,Pt,10.1021/acs.jmedchem.0c01435,-0.89,-0.9402264903822843,0.05022649038228433
MLDB-002182,LOGO,group 10,mono,Pt,10.1590/s0103-50532010000700011,0.246,-0.6979330019097045,0.9439330019097045
MLDB-002183,LOGO,group 10,mono,Pt,10.1590/s0103-50532010000700011,-0.155,-0.838237497786858,0.6832374977868579
MLDB-002184,LOGO,group 10,mono,Pt,10.1002/anie.201608936,0.87,0.2822701059879141,0.5877298940120859
MLDB-002185,LOGO,group 10,mono,Pt,10.1016/j.jinorgbio.2025.113183,-0.503,-0.15759511943150079,0.3454048805684992
MLDB-002186,LOGO,group 10,mono,Pt,10.1016/j.jinorgbio.2025.113183,-0.419,-1.1465892558775934,0.7275892558775934
MLDB-002187,LOGO,group 10,mono,Pt,10.1016/j.jinorgbio.2009.07.003,0.11,0.6647561877340779,0.5547561877340779
MLDB-002188,LOGO,group 10,mono,Pt,10.1016/j.jinorgbio.2009.07.003,-1.33,-0.7999288449298863,0.5300711550701138
MLDB-002189,LOGO,group 10,mono,Pt,10.1016/j.jinorgbio.2009.07.003,-0.47,0.18413660735633408,0.654136607356334
MLDB-002190,LOGO,group 10,mono,Pt,10.1016/j.jinorgbio.2009.07.003,-1.74,-0.9085293329262545,0.8314706670737455
MLDB-002191,LOGO,group 10,mono,Pt,10.1038/s41598-017-03864-w,0.92,-0.32627211163519426,1.2462721116351942
MLDB-002192,LOGO,group 10,mono,Pt,10.1038/s41598-017-03864-w,0.59,-0.5873524301333923,1.1773524301333924
MLDB-002193,LOGO,group 10,mono,Pt,10.1021/acs.jmedchem.9b00489,-1.89,-0.9428085126081521,0.9471914873918478
MLDB-002194,LOGO,group 10,mono,Pt,10.1021/acs.jmedchem.9b00489,0.02,-1.932052730491493,1.952052730491493
MLDB-002195,LOGO,group 10,mono,Pt,10.1021/acs.jmedchem.9b00489,0.3,-1.8487937532817837,2.1487937532817836
MLDB-002196,LOGO,group 10,mono,Pt,10.1021/acs.jmedchem.9b00489,0.41,-1.8634364827784002,2.2734364827784
MLDB-002197,LOGO,group 10,mono,Pt,10.1021/acs.jmedchem.9b00489,-1.7,0.029285306375233067,1.729285306375233
MLDB-002198,LOGO,group 10,mono,Pt,10.1021/acs.jmedchem.9b00489,-1.37,0.30731028348593653,1.6773102834859366
MLDB-002199,LOGO,group 10,mono,Pt,10.1021/acs.jmedchem.9b00489,-0.75,0.035545727583729106,0.7855457275837291
MLDB-002200,LOGO,group 10,mono,Pt,10.1021/acs.jmedchem.9b00489,0.01,-0.05600030461078949,0.06600030461078948
MLDB-002201,LOGO,group 10,mono,Pt,10.1016/j.jinorgbio.2014.07.018,-1.921,-0.867542615457894,1.053457384542106
MLDB-002202,LOGO,group 10,mono,Pt,10.1016/j.jinorgbio.2014.07.018,-0.388,-0.6056833645819545,0.21768336458195447
MLDB-002203,LOGO,group 10,mono,Pt,10.1016/j.jinorgbio.2014.07.018,1.142,-0.6223639797389491,1.764363979738949
MLDB-002204,LOGO,group 10,mono,Pt,10.1021/acs.jmedchem.5c03593,-1.97,-0.27722775755256107,1.692772242447439
MLDB-002205,LOGO,group 10,mono,Pt,10.1021/acs.jmedchem.5c03593,-1.26,-0.2270297265810764,1.0329702734189237
MLDB-002206,LOGO,group 10,mono,Pt,10.1021/acs.jmedchem.5c03593,-1.36,-0.9143489454047107,0.4456510545952894
MLDB-002207,LOGO,group 10,mono,Pt,10.1021/acs.jmedchem.5c03593,-1.22,-0.7730142192861656,0.4469857807138343
MLDB-002208,LOGO,group 10,mono,Pt,10.1021/acs.jmedchem.5c03593,0.57,-0.6585255488881434,1.2285255488881432
MLDB-002209,LOGO,group 10,mono,Pt,10.1021/acs.jmedchem.5c03593,0.78,-0.47472889142048597,1.254728891420486
MLDB-002210,LOGO,group 10,mono,Pt,10.1021/acs.jmedchem.5c03593,-1.39,-0.12459402335830579,1.265405976641694
MLDB-002211,LOGO,group 10,mono,Pt,10.1021/acs.jmedchem.5c03593,-1.24,-0.06067645829743196,1.179323541702568
MLDB-002212,LOGO,group 10,mono,Pt,10.1021/acs.jmedchem.5c03593,-1.18,-0.7859927924623196,0.39400720753768037
MLDB-002213,LOGO,group 10,mono,Pt,10.1021/acs.jmedchem.5c03593,0.27,-0.5354184569697563,0.8054184569697563
MLDB-002214,LOGO,group 10,mono,Pt,10.1021/acs.jmedchem.5c03593,1.2,-0.33985403668092146,1.5398540366809215
MLDB-002215,LOGO,group 10,mono,Pt,10.1021/acs.jmedchem.5c03593,0.98,-0.1607198687238998,1.1407198687238997
MLDB-002216,LOGO,group 10,mono,Pd,10.1016/j.molstruc.2024.140306,-0.84,0.9954119175506044,1.8354119175506045
MLDB-002217,LOGO,group 10,mono,Pt,10.1016/j.molstruc.2024.140306,-0.83,0.993097582690668,1.823097582690668
MLDB-002218,LOGO,group 10,mono,Pd,10.1016/j.molstruc.2024.140306,-0.8,0.948810864323538,1.748810864323538
MLDB-002219,LOGO,group 10,mono,Pd,10.1016/j.molstruc.2024.140306,-0.78,1.113472563579547,1.893472563579547
MLDB-002220,LOGO,group 10,mono,Pd,10.1016/j.molstruc.2024.140306,-0.7,0.9080748553895567,1.6080748553895567
MLDB-002221,LOGO,group 10,mono,Pt,10.1016/j.molstruc.2024.140306,-0.56,1.1726713664968706,1.7326713664968707
MLDB-002222,LOGO,group 10,mono,Pt,10.1021/acs.inorgchem.6b02553,-2.26,0.4406235413547087,2.7006235413547084
MLDB-002223,LOGO,group 10,mono,Pt,10.1021/acs.inorgchem.6b02553,0.65,0.8115114588626287,0.16151145886262863
MLDB-002224,LOGO,group 10,mono,Pt,10.1016/j.jinorgbio.2024.112515,0.51,-0.6182572787477918,1.1282572787477918
MLDB-002225,LOGO,group 10,mono,Pt,10.1016/j.jinorgbio.2024.112515,0.53,-1.2201103998092542,1.7501103998092542
MLDB-002226,LOGO,group 10,mono,Pt,10.1016/j.jinorgbio.2024.112515,0.57,-0.4707966899164149,1.040796689916415
MLDB-002227,LOGO,group 10,mono,Pt,10.1016/j.jinorgbio.2024.112515,0.74,-0.5811266470578541,1.321126647057854
MLDB-002228,LOGO,group 10,mono,Pt,10.1016/j.jinorgbio.2024.112515,0.77,-0.5275653342819756,1.2975653342819755
MLDB-002229,LOGO,group 10,mono,Pt,10.1016/j.jinorgbio.2024.112515,0.84,-0.47071883060757497,1.310718830607575
MLDB-002230,LOGO,group 10,mono,Pt,10.1016/j.jinorgbio.2024.112515,-1.46,-0.8444597981049896,0.6155402018950104
MLDB-002231,LOGO,group 10,mono,Pt,10.1016/j.jinorgbio.2024.112515,-0.11,-1.0872176371838531,0.9772176371838531
MLDB-002232,LOGO,group 10,mono,Pt,10.1021/acs.jmedchem.0c01400,-0.01,-0.4132436068152487,0.4032436068152487
MLDB-002233,LOGO,group 10,mono,Pt,10.1021/acs.jmedchem.0c01400,0.22,0.08806909935674394,0.13193090064325608
MLDB-002234,LOGO,group 10,mono,Pt,10.1021/acs.jmedchem.0c01400,0.27,0.7236628607370418,0.45366286073704176
MLDB-002235,LOGO,group 10,mono,Pt,10.1021/acs.jmedchem.0c01400,0.18,-0.5200470520506109,0.7000470520506108
MLDB-002236,LOGO,group 10,mono,Pt,10.1021/acs.jmedchem.0c01400,0.18,-0.3847691481056492,0.5647691481056492
MLDB-002237,LOGO,group 10,mono,Pt,10.1021/acs.jmedchem.0c01400,-2.3,0.4406235413547087,2.7406235413547084
MLDB-002238,LOGO,group 10,mono,Pt,10.1021/acs.jmedchem.3c00336,0.02,-2.5386702583028593,2.5586702583028593
MLDB-002246,LOGO,group 10,mono,Pt,10.1021/acs.molpharmaceut.0c00417,-0.632,-0.2620478395598511,0.3699521604401489
MLDB-002247,LOGO,group 10,mono,Pt,10.1021/acs.molpharmaceut.0c00417,-0.087,-0.5164727687327488,0.42947276873274887
MLDB-002248,LOGO,group 10,mono,Pt,10.1021/acs.molpharmaceut.0c00417,-0.335,-1.3551716007564065,1.0201716007564066
MLDB-002249,LOGO,group 10,mono,Pt,10.1021/acs.molpharmaceut.0c00417,0.03,-1.3771712465114307,1.4071712465114308
MLDB-002250,LOGO,group 10,mono,Pt,10.1016/j.jinorgbio.2017.09.009,-1.03,-2.0035028172949474,0.9735028172949474
MLDB-002251,LOGO,group 10,mono,Pt,10.1016/j.jinorgbio.2017.09.009,0.54,-1.137608348505917,1.677608348505917
MLDB-002252,LOGO,group 10,mono,Pt,10.1016/j.jinorgbio.2017.09.009,0.09,-1.4933551468044226,1.5833551468044227
MLDB-002253,LOGO,group 10,mono,Pt,10.1016/j.jinorgbio.2017.09.009,-1.32,-2.4214479681305185,1.1014479681305185
MLDB-002254,LOGO,group 10,mono,Pt,10.1016/j.jinorgbio.2017.09.009,-0.16,-1.9606393716827173,1.8006393716827174
MLDB-002255,LOGO,group 10,mono,Pt,10.1039/d1dt03959h,-0.237,-0.08587226350579182,0.1511277364942082
MLDB-002256,LOGO,group 10,mono,Pt,10.1039/d1dt03959h,0.203,-0.4772871005691691,0.6802871005691691
MLDB-002257,LOGO,group 10,mono,Pt,10.1039/d1dt03959h,0.529,-0.3641580735121288,0.8931580735121288
MLDB-002258,LOGO,group 10,mono,Pt,10.1039/d1dt03959h,0.336,-0.6726808027842074,1.0086808027842074
MLDB-002259,LOGO,group 10,mono,Pt,10.1039/d1dt03959h,-1.028,0.017318087133241893,1.045318087133242
MLDB-002260,LOGO,group 10,mono,Pt,10.1039/d1dt03959h,-0.456,-0.13426824374549723,0.3217317562545028
MLDB-002261,LOGO,group 10,mono,Pt,10.1039/d1dt03959h,-0.539,-0.189546828390013,0.349453171609987
MLDB-002262,LOGO,group 10,mono,Pt,10.1039/d1dt03959h,-0.278,-0.44424386560591916,0.16624386560591914
MLDB-002263,LOGO,group 10,mono,Pt,10.1039/d1dt03959h,0.36,0.2119628390854586,0.1480371609145414
MLDB-002264,LOGO,group 10,mono,Pt,10.1039/d1dt03959h,-0.318,-0.14527262326149018,0.17272737673850982
MLDB-002265,LOGO,group 10,mono,Pt,10.1039/d1dt03959h,0.616,0.07726235103244614,0.5387376489675538
MLDB-002266,LOGO,group 10,mono,Pt,10.1039/d1dt03959h,0.497,-0.2141794014623789,0.7111794014623789
MLDB-002267,LOGO,group 10,mono,Pt,10.1039/d1dt03959h,-1.546,0.5461779654727217,2.0921779654727217
MLDB-002268,LOGO,group 10,mono,Pt,10.1021/acs.inorgchem.9b00708,-0.55,-1.6903513607393692,1.1403513607393692
MLDB-002269,LOGO,group 10,mono,Pt,10.1021/acs.inorgchem.9b00708,-1.47,-1.6044729840787606,0.13447298407876063
MLDB-002270,LOGO,group 10,mono,Pt,10.1021/acs.inorgchem.0c01736,-0.86,-1.0149205236997254,0.15492052369972542
MLDB-002271,LOGO,group 10,mono,Pt,10.1021/acs.inorgchem.0c01736,-0.47,-1.218488021185492,0.7484880211854921
MLDB-002272,LOGO,group 10,mono,Pt,10.1021/acs.inorgchem.0c01736,-0.52,-0.8634505669764427,0.3434505669764427
MLDB-002273,LOGO,group 10,mono,Pt,10.1021/acs.inorgchem.0c01736,-0.56,-1.3396403978774836,0.7796403978774835
MLDB-002274,LOGO,group 10,mono,Pt,10.1021/acs.inorgchem.0c01736,-0.35,-0.2784260579459677,0.07157394205403228
MLDB-002275,LOGO,group 10,mono,Pt,10.1021/acs.jmedchem.1c00770,-1.3,-0.7760607170067138,0.5239392829932863
MLDB-002276,LOGO,group 10,mono,Pt,10.1021/acs.jmedchem.1c00770,-1.86,-1.8781440731963497,0.018144073196349586
MLDB-002277,LOGO,group 10,mono,Pt,10.1021/acs.jmedchem.1c00770,-2.02,-2.0139054565403653,0.0060945434596346715
MLDB-002278,LOGO,group 10,mono,Pt,10.1021/acs.jmedchem.1c00770,-1.49,-1.995577256636037,0.505577256636037
MLDB-002279,LOGO,group 10,mono,Pt,10.1021/acs.jmedchem.1c00770,-0.3,-2.1005408784019792,1.8005408784019792
MLDB-002280,LOGO,group 10,mono,Pt,10.1021/acs.jmedchem.1c00770,-0.16,-2.1365031648918578,1.9765031648918578
MLDB-002281,LOGO,group 10,mono,Pt,10.1021/acs.jmedchem.2c01224,0.56,-0.10429958829370944,0.6642995882937095
MLDB-002282,LOGO,group 10,mono,Pt,10.1021/acs.jmedchem.2c01224,0.12,-0.9469799552177244,1.0669799552177244
MLDB-002283,LOGO,group 10,mono,Pt,10.1021/acs.inorgchem.0c03803,-1.54,-1.4603200258144706,0.07967997418552941
MLDB-002284,LOGO,group 10,mono,Pt,10.1021/acs.inorgchem.0c03803,-0.12,-1.4143858785162526,1.2943858785162528
MLDB-002285,LOGO,group 10,mono,Pt,10.1021/acs.inorgchem.0c03803,-1.02,-1.5642490336441788,0.5442490336441788
MLDB-002286,LOGO,group 10,mono,Pt,10.1021/acs.inorgchem.0c03803,0.01,-1.3592088974644763,1.3692088974644763
MLDB-002287,LOGO,group 10,mono,Pt,10.1016/j.jinorgbio.2019.01.014,-2.2,0.522117927007792,2.722117927007792
MLDB-002288,LOGO,group 10,mono,Pt,10.1016/j.jinorgbio.2019.01.014,3.13,-0.10961911907040231,3.2396191190704022
MLDB-002289,LOGO,group 10,mono,Pt,10.1080/00958972.2015.1070954,1.66,0.9200680303261203,0.7399319696738796
MLDB-002290,LOGO,group 10,mono,Pt,10.1016/j.jinorgbio.2016.03.005,-0.36,-0.9395675381787267,0.5795675381787267
MLDB-002291,LOGO,group 10,mono,Pt,10.1016/j.jinorgbio.2016.03.005,-0.35,-1.370493235556761,1.0204932355567609
MLDB-002292,LOGO,group 10,mono,Pt,10.1016/j.jinorgbio.2016.03.005,0.06,-1.9467072360999749,2.0067072360999747
MLDB-002293,LOGO,group 10,mono,Pt,10.1016/j.jinorgbio.2016.03.005,-0.39,-2.4893241281745904,2.0993241281745902
MLDB-002294,LOGO,group 10,mono,Pt,10.1016/j.jinorgbio.2016.03.005,-1.66,-0.8081240555004907,0.8518759444995092
MLDB-002295,LOGO,group 10,mono,Pt,10.1039/d0sc00197j,0.6,0.4902250685500222,0.1097749314499778
MLDB-002296,LOGO,group 10,mono,Pt,10.1039/d0sc00197j,0.84,0.41339080768230524,0.42660919231769473
MLDB-002297,LOGO,group 10,mono,Pt,10.1039/d0sc00197j,-2.15,0.5461779654727217,2.696177965472722
MLDB-002298,LOGO,group 10,mono,Pt,10.1021/acs.jmedchem.5c01170,-0.92,-0.9845927956734553,0.06459279567345522
MLDB-002299,LOGO,group 10,mono,Pt,10.1021/acs.jmedchem.5c01170,-0.46,-0.6370504570130503,0.17705045701305028
MLDB-002300,LOGO,group 10,mono,Pt,10.1021/acs.jmedchem.5c01170,0.96,-0.5037067750529332,1.4637067750529331
MLDB-002301,LOGO,group 10,mono,Pt,10.1021/acs.jmedchem.5c01170,1.68,-0.4341572277937746,2.1141572277937746
MLDB-002302,LOGO,group 10,mono,Pt,10.1021/acs.jmedchem.5c01170,-0.87,-1.1644610777591726,0.29446107775917263
MLDB-002303,LOGO,group 10,mono,Pt,10.1021/acs.jmedchem.5c01170,-0.73,-0.6137958501714853,0.11620414982851468
MLDB-002304,LOGO,group 10,mono,Pt,10.1021/acs.jmedchem.5c01170,1.38,-0.646363148253034,2.0263631482530338
MLDB-002305,LOGO,group 10,mono,Pt,10.1021/acs.jmedchem.5c01170,1.9,-0.38277236625103284,2.2827723662510326
MLDB-002306,LOGO,group 10,mono,Pt,10.1021/acs.jmedchem.5c01170,-1.2,0.5461779654727217,1.7461779654727216
MLDB-002313,LOGO,group 10,mono,Pt,10.1016/j.jinorgbio.2025.113003,1.18,-0.017583818579103825,1.1975838185791037
MLDB-002314,LOGO,group 10,mono,Pt,10.1016/j.jinorgbio.2025.113003,1.45,1.133300523986305,0.31669947601369497
MLDB-002315,LOGO,group 10,mono,Pt,10.1016/j.jinorgbio.2025.113003,1.09,0.05679206037406037,1.0332079396259397
MLDB-002316,LOGO,group 10,mono,Pt,10.1016/j.jinorgbio.2025.113003,1.29,0.04219367552999512,1.2478063244700048
MLDB-002317,LOGO,group 10,mono,Pt,10.1016/j.jinorgbio.2025.113003,1.08,0.05342314485946386,1.0265768551405363
MLDB-002318,LOGO,group 10,mono,Pt,10.1016/j.jinorgbio.2025.113003,1.22,0.025533616255966472,1.1944663837440335
MLDB-002319,LOGO,group 10,mono,Pt,10.1016/j.jinorgbio.2025.113003,-2.06,0.5483569952334822,2.6083569952334824
MLDB-002320,LOGO,group 10,mono,Pt,10.1016/j.ejmech.2023.115233,0.04,-0.3341345871029984,0.3741345871029984
MLDB-002321,LOGO,group 10,mono,Pt,10.1016/j.ejmech.2023.115233,0.92,-0.23519844385303723,1.1551984438530374
MLDB-002322,LOGO,group 10,mono,Pt,10.1016/j.ejmech.2023.115233,0.32,0.06095103430868254,0.25904896569131747
MLDB-002323,LOGO,group 10,mono,Pt,10.1016/j.ejmech.2023.115233,0.44,0.014819515205357871,0.42518048479464216
MLDB-002324,LOGO,group 10,mono,Pt,10.1016/j.ejmech.2023.115233,0.99,-0.014239382224650451,1.0042393822246505
MLDB-002325,LOGO,group 10,mono,Pt,10.1016/j.ejmech.2023.115233,1.28,-0.005486495701474058,1.285486495701474
MLDB-002326,LOGO,group 10,mono,Pt,10.1016/j.ejmech.2023.115233,1.33,-0.04205776275994293,1.372057762759943
MLDB-002327,LOGO,group 10,mono,Pt,10.1016/j.ejmech.2023.115233,1.62,0.3027852752602232,1.317214724739777
MLDB-002328,LOGO,group 10,mono,Pt,10.1016/j.molliq.2025.128205,-2.07,-1.9064495411932343,0.16355045880676555
MLDB-002329,LOGO,group 10,mono,Pt,10.1016/j.molliq.2025.128205,-1.84,-1.9064495411932343,0.06644954119323421
MLDB-002330,LOGO,group 10,mono,Pt,10.1021/acs.jmedchem.3c00355,0.9,1.022535742105194,0.12253574210519391
MLDB-002331,LOGO,group 10,mono,Pt,10.1021/acs.jmedchem.3c00355,1.3,1.0624715130646982,0.23752848693530182
MLDB-002332,LOGO,group 10,mono,Pt,10.1021/acs.jmedchem.3c00355,0.7,0.7194431395457422,0.019443139545742283
MLDB-002333,LOGO,group 10,mono,Pt,10.1021/acs.jmedchem.3c00355,1.0,0.7287466613284654,0.27125333867153456
MLDB-002334,LOGO,group 10,mono,Pt,10.1021/acs.jmedchem.3c00355,-0.9,0.654844714980763,1.5548447149807632
MLDB-002335,LOGO,group 10,mono,Pt,10.1021/acs.jmedchem.3c00355,-0.5,0.7685862639313261,1.2685862639313261
MLDB-002336,LOGO,group 10,mono,Pt,10.1016/j.jinorgbio.2021.111653,-0.18,0.3048800413508771,0.4848800413508771
MLDB-002337,LOGO,group 10,mono,Pd,10.1007/s10534-022-00362-z,0.072,-1.0085015308915355,1.0805015308915356
MLDB-002338,LOGO,group 10,mono,Pd,10.1007/s10637-016-0393-0,0.62,1.0974915780230747,0.47749157802307474
MLDB-002339,LOGO,group 10,mono,Pd,10.1007/s10637-016-0393-0,1.15,1.2085275209310433,0.05852752093104341
MLDB-002340,LOGO,group 10,mono,Pd,10.1007/s10637-016-0393-0,-0.46,1.1378067538620544,1.5978067538620544
MLDB-002341,LOGO,group 10,mono,Pd,10.1016/j.molstruc.2021.130535,-0.85,-0.9224222850279628,0.07242228502796277
MLDB-002342,LOGO,group 10,mono,Pd,10.1007/s13738-022-02519-6,-0.28,-0.7042026271256008,0.42420262712560075
MLDB-002343,LOGO,group 10,mono,Pd,10.1016/j.molstruc.2022.132937,-0.23,-0.9521986612236689,0.7221986612236689
MLDB-002344,LOGO,group 10,mono,Pd,10.1016/j.molstruc.2022.132937,-0.46,-0.7095559506382164,0.2495559506382164
MLDB-002345,LOGO,group 10,mono,Pd,10.1016/j.molstruc.2022.132937,-0.68,-1.573782383388443,0.893782383388443
MLDB-002350,LOGO,group 10,mono,Pd,10.1016/j.bioorg.2023.106838,0.35,0.5891388271963761,0.23913882719637614
MLDB-002356,LOGO,group 10,mono,Pd,10.1039/c9dt02873k,-1.99,-0.04358679663964124,1.9464132033603587
MLDB-002357,LOGO,group 10,mono,Pt,10.1039/c9dt02873k,-0.42,0.12250185737160418,0.5425018573716042
MLDB-002358,LOGO,group 10,mono,Pd,10.1039/d4dt01045k,0.58,0.868675709796165,0.2886757097961651
MLDB-002359,LOGO,group 10,mono,Pd,10.1039/d4dt01045k,0.27,0.7672926547170943,0.4972926547170943
MLDB-002360,LOGO,group 10,mono,Pd,10.1039/d4dt01045k,0.14,0.8544709328459777,0.7144709328459777
MLDB-002361,LOGO,group 10,mono,Pd,10.1039/d4dt01045k,0.59,0.8224898522689992,0.2324898522689992
MLDB-002394,LOGO,group 10,mono,Ni,10.1039/d2md00394e,1.17,0.04569135597544406,1.1243086440245558
MLDB-002400,LOGO,group 10,mono,Pd,10.1016/j.molliq.2021.117853,-0.61,-0.4924246492349573,0.11757535076504266
MLDB-002477,LOGO,group 10,mono,Ni,10.1021/acs.jmedchem.1c02186,0.35,0.7144705009269826,0.36447050092698263
MLDB-002479,LOGO,group 10,mono,Pt,10.1021/acs.jmedchem.1c02186,0.26,0.9407788065947968,0.6807788065947968
MLDB-002480,LOGO,group 10,mono,Ni,10.1016/j.ejmech.2020.112632,-0.39,0.6674306183228065,1.0574306183228064
MLDB-002481,LOGO,group 10,mono,Ni,10.1016/j.ejmech.2020.112632,0.32,0.7933317159749987,0.47333171597499873
MLDB-002482,LOGO,group 10,mono,Ni,10.1016/j.ejmech.2020.112632,0.735,1.052664528575278,0.31766452857527805
MLDB-002483,LOGO,group 10,mono,Ni,10.1016/j.ejmech.2020.112632,-0.289,-0.1328564677708615,0.1561435322291385
MLDB-002484,LOGO,group 10,mono,Ni,10.1016/j.ejmech.2020.112632,-0.078,0.042648172615378864,0.12064817261537886
MLDB-002485,LOGO,group 10,mono,Ni,10.1016/j.ejmech.2020.112632,0.074,0.7359859860339768,0.6619859860339768
MLDB-002486,LOGO,group 10,mono,Ni,10.1016/j.jinorgbio.2008.12.016,2.94,1.203818474377835,1.7361815256221649
MLDB-002487,LOGO,group 10,mono,Ni,10.1002/chem.202001578,0.63,0.5269208835475008,0.10307911645249923
MLDB-002488,LOGO,group 10,mono,Ni,10.1002/chem.202001578,1.21,0.9280602673927184,0.28193973260728156
MLDB-002489,LOGO,group 10,mono,Ni,10.1002/chem.202001578,0.96,0.8634925092109741,0.09650749078902587
MLDB-002490,LOGO,group 10,mono,Ni,10.1002/chem.202001578,1.52,1.1019645716289077,0.4180354283710923
MLDB-002491,LOGO,group 10,mono,Ni,10.1002/chem.201701837,0.83,0.6472892731615248,0.1827107268384751
MLDB-002492,LOGO,group 10,mono,Ni,10.1002/chem.201701837,0.97,1.0528255715056338,0.08282557150563385
MLDB-002493,LOGO,group 10,mono,Ni,10.1002/chem.201701837,1.66,1.266433506122034,0.39356649387796594
MLDB-002494,LOGO,group 10,mono,Ni,10.1002/chem.201701837,1.1,1.5313132123101105,0.43131321231011044
MLDB-002495,LOGO,group 10,mono,Ni,10.1002/chem.201701837,2.12,1.0488137083818103,1.0711862916181898
MLDB-002496,LOGO,group 10,mono,Ni,10.1002/chem.201701837,2.71,1.1857234255294173,1.5242765744705826
MLDB-002497,LOGO,group 10,mono,Ni,10.1002/cbic.202400678,0.88,0.44670195813112723,0.4332980418688728
MLDB-002498,LOGO,group 10,mono,Ni,10.1002/cbic.202400678,0.97,0.6842818980554126,0.28571810194458735
MLDB-002499,LOGO,group 10,mono,Ni,10.1002/cbic.202400678,1.18,0.678229144495278,0.5017708555047219
MLDB-002500,LOGO,group 10,mono,Ni,10.1002/cbic.202400678,1.26,0.9039880962002547,0.35601190379974534
MLDB-002501,LOGO,group 10,mono,Ni,10.1002/cbic.202400678,1.35,1.1401170565195902,0.20988294348040992
MLDB-002502,LOGO,group 10,mono,Ni,10.1002/cbic.202400678,1.48,1.3540053276918627,0.12599467230813732
MLDB-002503,LOGO,group 10,mono,Ni,10.1021/acs.jmedchem.5c01372,0.96,0.13032939907742416,0.8296706009225758
MLDB-002504,LOGO,group 10,mono,Ni,10.1021/acs.jmedchem.5c01372,1.14,0.30584401928831684,0.8341559807116831
MLDB-002505,LOGO,group 10,mono,Ni,10.1021/acs.jmedchem.5c01372,1.26,0.46027085428335607,0.799729145716644
MLDB-002506,LOGO,group 10,mono,Ni,10.1021/acs.jmedchem.5c01372,1.42,0.7030590157532274,0.7169409842467726
MLDB-002507,LOGO,group 10,multi,Ni,10.1007/s10973-013-3460-1,-0.37,-0.2844581531937605,0.0855418468062395
MLDB-002510,LOGO,group 10,mono,Ni,10.1021/acs.jmedchem.6c00108,1.4,0.570314209499181,0.8296857905008189
MLDB-002513,LOGO,group 10,mono,Ni,10.1002/aoc.6473,1.27,1.2150404998332442,0.05495950016675577
MLDB-002566,LOGO,group 10,multi,Ni,10.1038/s41598-025-33889-5,1.692,1.8549851517916336,0.16298515179163364
MLDB-002586,LOGO,group 10,mono,Pd,10.1080/24701556.2018.1504074,0.49,1.0894176966351483,0.5994176966351483
MLDB-002587,LOGO,group 10,mono,Pd,10.1080/24701556.2018.1504074,0.56,1.0871973781277966,0.5271973781277965
MLDB-002592,LOGO,group 10,mono,Pt,10.1039/c5dt01196e,-0.13,0.4761314679319179,0.6061314679319179
MLDB-002601,LOGO,group 10,mono,Pt,10.1039/c4dt03679d,-2.36,0.38005500687888955,2.7400550068788894
MLDB-002670,LOGO,group 10,mono,Pt,10.1039/d4dt00851k,-2.4,0.5483569952334822,2.9483569952334823
MLDB-002682,LOGO,group 10,mono,Pd,10.1021/acs.inorgchem.5c04027,1.7,1.459874893818422,0.2401251061815779
MLDB-002683,LOGO,group 10,mono,Pd,10.1021/acs.inorgchem.5c04027,2.32,1.9744627482159542,0.3455372517840456
MLDB-002684,LOGO,group 10,mono,Pd,10.1021/acs.inorgchem.5c04027,1.11,0.9798020924209716,0.1301979075790285
MLDB-002685,LOGO,group 10,mono,Pd,10.1021/acs.inorgchem.5c04027,1.94,1.0534161972935023,0.8865838027064976
MLDB-002692,LOGO,group 10,mono,Pd,10.1016/j.jinorgbio.2024.112749,-1.3,-0.8273492548099428,0.47265074519005723
MLDB-002693,LOGO,group 10,mono,Pd,10.1016/j.jinorgbio.2024.112749,-1.4,0.09019487280404329,1.4901948728040433
MLDB-002694,LOGO,group 10,mono,Pd,10.1016/j.jinorgbio.2024.112749,0.2,0.18387519644919878,0.01612480355080123
MLDB-002695,LOGO,group 10,mono,Pt,10.3390/ijms24032369,0.42,0.06946450413438096,0.35053549586561905
MLDB-002696,LOGO,group 10,mono,Pt,10.3390/ijms24032369,0.74,0.7745049852609538,0.0345049852609538
MLDB-002697,LOGO,group 10,mono,Pt,10.3390/ijms24032369,1.14,0.754002396832722,0.38599760316727794
MLDB-002698,LOGO,group 10,mono,Pt,10.3390/ijms24032369,0.8,1.2091112066492122,0.4091112066492122
MLDB-002703,LOGO,group 10,mono,Ni,10.1016/j.jtemb.2023.127211,0.76,0.8241521665776547,0.06415216657765466
MLDB-002704,LOGO,group 10,mono,Ni,10.1016/j.jtemb.2023.127211,0.035,0.5610229365316818,0.5260229365316818
MLDB-002705,LOGO,group 10,mono,Ni,10.1016/j.jtemb.2023.127211,1.21,1.0984375121200998,0.1115624878799002
MLDB-002706,LOGO,group 10,mono,Ni,10.1016/j.jtemb.2023.127211,1.35,0.9893090815175526,0.3606909184824475
MLDB-002840,LOGO,group 10,mono,Pt,10.1016/j.ica.2016.09.012,-2.21,0.5483569952334822,2.7583569952334823
MLDB-003084,LOGO,group 10,mono,Pt,10.1016/j.molstruc.2024.138719,-2.3,0.5461779654727217,2.8461779654727213
MLDB-003618,LOGO,group 10,mono,Pt,10.1039/c2dt32216a,-1.45,0.5461779654727217,1.9961779654727216
MLDB-003747,LOGO,group 10,mono,Pt,10.1002/chem.202201259,-2.2,0.5483569952334822,2.7483569952334825
MLDB-004047,LOGO,group 10,mono,Pt,10.1021/acs.organomet.2c00553,-2.2,0.38005500687888955,2.5800550068788897
MLDB-004128,LOGO,group 10,mono,Pd,10.1016/j.jinorgbio.2022.112083,-0.222,-0.31282424930040803,0.09082424930040803
MLDB-004129,LOGO,group 10,mono,Pd,10.1016/j.jinorgbio.2022.112083,-1.112,0.3108205893149308,1.4228205893149308
MLDB-004130,LOGO,group 10,mono,Pd,10.1016/j.jinorgbio.2022.112083,-0.313,0.2778987819625742,0.5908987819625742
MLDB-004131,LOGO,group 10,mono,Pd,10.1016/j.jinorgbio.2022.112083,-0.504,0.2721742844378014,0.7761742844378015
MLDB-004132,LOGO,group 10,mono,Pd,10.1016/j.jinorgbio.2022.112083,0.59,0.26311527745098584,0.32688472254901413
MLDB-004133,LOGO,group 10,mono,Pd,10.1016/j.jinorgbio.2022.112083,0.45,0.3379839093736116,0.1120160906263884
MLDB-004179,LOGO,group 10,mono,Pt,10.1039/d3qi01653f,-2.2,0.5931158858881417,2.7931158858881417
MLDB-004302,LOGO,group 10,mono,Pt,10.1039/d5sc05555e,1.3,0.3428655845386369,0.9571344154613631
MLDB-004303,LOGO,group 10,mono,Pt,10.1039/d5sc05555e,1.0,0.35229068904668254,0.6477093109533174
MLDB-004304,LOGO,group 10,mono,Pt,10.1039/d5sc05555e,1.3,0.5514266911167469,0.7485733088832531
MLDB-004305,LOGO,group 10,mono,Pt,10.1039/d5sc05555e,2.1,1.0831544156376371,1.016845584362363
MLDB-004306,LOGO,group 10,mono,Pt,10.1039/d5sc05555e,1.6,0.9586976947805658,0.6413023052194343
MLDB-004307,LOGO,group 10,mono,Pt,10.1039/d5sc05555e,1.8,1.0491253329526034,0.7508746670473967
MLDB-004359,LOGO,group 10,mono,Pt,10.1007/s10534-019-00210-7,-1.5,-0.8081240555004907,0.6918759444995093
MLDB-004586,LOGO,group 10,mono,Pt,10.1021/acs.inorgchem.4c01265,-2.34,0.5483569952334822,2.888356995233482
MLDB-004683,LOGO,group 10,mono,Pt,10.1016/j.ijbiomac.2025.146573,-0.6,-1.394198063152687,0.7941980631526869
MLDB-004684,LOGO,group 10,multi,Pt,10.1016/j.dyepig.2026.113966,-1.08,-0.15788919241456195,0.9221108075854381
MLDB-004685,LOGO,group 10,multi,Pt,10.1016/j.dyepig.2026.113966,-0.98,0.2387110843993644,1.2187110843993643
MLDB-004686,LOGO,group 10,mono,Pt,10.1002/advs.202505567,0.95,0.045360805416571434,0.9046391945834286
MLDB-004687,LOGO,group 10,mono,Pt,10.1002/advs.202505567,1.65,-0.11655228483091598,1.7665522848309159
MLDB-004688,LOGO,group 10,mono,Pt,10.1002/advs.202505567,1.76,-0.1026809627109243,1.8626809627109244
MLDB-004690,LOGO,group 10,mono,Pt,10.1002/chem.202502613,1.47,1.2626785658379707,0.2073214341620293
MLDB-004691,LOGO,group 10,mono,Pd,10.1002/chem.202502613,1.67,1.1667765321398857,0.5032234678601142
MLDB-004693,LOGO,group 10,mono,Pt,10.1002/chem.202502613,1.8,1.0968527614912258,0.7031472385087743
MLDB-004694,LOGO,group 10,mono,Pd,10.1002/chem.202502613,2.46,0.8878914079961876,1.5721085920038123
MLDB-004695,LOGO,group 10,mono,Pt,10.1002/cplu.70191,-0.28,0.023366080143080593,0.30336608014308064
MLDB-004696,LOGO,group 10,mono,Pt,10.1002/aoc.7865,0.15,-1.2312337211374136,1.3812337211374135
MLDB-004697,LOGO,group 10,mono,Pt,10.1002/aoc.7865,0.41,0.5167878380653177,0.10678783806531772
MLDB-004698,LOGO,group 10,mono,Pt,10.1002/aoc.7865,0.62,-0.23234668937982167,0.8523466893798217
MLDB-004699,LOGO,group 10,mono,Pt,10.1002/aoc.7865,1.33,0.4873838716468743,0.8426161283531257
MLDB-004700,LOGO,group 10,mono,Pt,10.1002/aoc.7865,1.24,0.5847886433844725,0.6552113566155275
MLDB-004701,LOGO,group 10,mono,Pt,10.1002/aoc.7865,-2.31,0.5483569952334822,2.8583569952334824
MLDB-004702,LOGO,group 10,mono,Pt,10.1021/acs.jmedchem.6c01327,1.29,-0.3485976617880519,1.638597661788052
MLDB-004703,LOGO,group 10,mono,Pt,10.1021/acs.jmedchem.6c01327,-1.57,0.5483569952334822,2.118356995233482
MLDB-004704,LOGO,group 10,mono,Pt,10.1016/j.ejmech.2025.118221,1.1,-0.27798165408138953,1.3779816540813896
MLDB-004707,LOGO,group 10,mono,Ni,10.1016/j.jinorgbio.2026.113228,-2.21,-1.940717672196116,0.26928232780388406
MLDB-004746,LOGO,group 10,mono,Ni,10.1021/acsomega.5c00069,-0.21,1.0534215272401093,1.2634215272401093
MLDB-004747,LOGO,group 10,multi,Ni,10.1021/acsomega.5c00069,0.63,1.0014555376366565,0.3714555376366565
MLDB-004749,LOGO,group 10,mono,Pt,10.1007/s00775-024-02073-x,-1.8,-0.7756424430936069,1.0243575569063932
MLDB-004750,LOGO,group 10,mono,Pt,10.1007/s00775-024-02073-x,-0.78,0.6081133372425704,1.3881133372425705
MLDB-004766,LOGO,group 10,mono,Pt,10.1021/jm3002857,-2.67,-0.6763841792247047,1.9936158207752952
MLDB-004767,LOGO,group 10,mono,Pt,10.1021/jm3002857,-2.28,-0.5202938109688079,1.759706189031192
MLDB-004768,LOGO,group 10,mono,Pt,10.1021/jm3002857,-1.3,-0.32664823201480425,0.9733517679851957
MLDB-004769,LOGO,group 10,mono,Pt,10.1021/jm3002857,-0.98,-0.051022503342239546,0.9289774966577604
MLDB-004770,LOGO,group 10,mono,Pt,10.1021/jm3002857,0.0,0.39684745252981524,0.39684745252981524
MLDB-004771,LOGO,group 10,mono,Pt,10.1021/jm3002857,-2.21,0.5461779654727217,2.7561779654727214
MLDB-004782,LOGO,group 10,mono,Ni,10.1002/anie.202014242,0.15,1.4623289261426033,1.3123289261426034
MLDB-004783,LOGO,group 10,mono,Pd,10.1002/anie.202014242,0.36,1.4722078522785376,1.1122078522785377
MLDB-004784,LOGO,group 10,mono,Pt,10.1002/anie.202014242,0.32,1.5380694513628377,1.2180694513628376
MLDB-004792,LOGO,group 10,mono,Pt,10.1007/s00775-020-01809-9,-1.88,0.6533739612268114,2.533373961226811
MLDB-004793,LOGO,group 10,mono,Pt,10.1007/s00775-020-01809-9,-1.58,0.698292376687264,2.278292376687264
MLDB-004794,LOGO,group 10,mono,Pt,10.1007/s00775-020-01809-9,-1.17,0.5829104969756203,1.7529104969756202
MLDB-004808,LOGO,group 10,mono,Pt,10.1007/s00775-012-0889-9,-1.3,0.9210436744935502,2.2210436744935502
MLDB-004809,LOGO,group 10,mono,Pt,10.1007/s00775-012-0889-9,-0.86,-0.8782323385310635,0.01823233853106354
MLDB-004810,LOGO,group 10,mono,Pt,10.1007/s00775-012-0889-9,-1.56,-0.9121132281666435,0.6478867718333565
MLDB-004811,LOGO,group 10,mono,Pd,10.1039/c7dt04347c,-0.6,-0.47801555702677445,0.12198444297322553
MLDB-004812,LOGO,group 10,mono,Pd,10.1039/c7dt04347c,-0.75,0.40591554484583514,1.1559155448458351
MLDB-004813,LOGO,group 10,mono,Pt,10.1039/c7dt04347c,-0.94,0.7207986810843987,1.6607986810843987
MLDB-004814,LOGO,group 10,mono,Pd,10.1039/c6ra01441k,-0.56,-0.17123072425286542,0.3887692757471346
MLDB-004815,LOGO,group 10,mono,Pt,10.1039/c6ra01441k,-0.37,0.04228857142812199,0.412288571428122
MLDB-004816,LOGO,group 10,mono,Pt,10.1021/jm501420k,-0.66,0.25754874147540957,0.9175487414754095
MLDB-004817,LOGO,group 10,mono,Pt,10.1021/jm501420k,0.83,0.25754874147540957,0.5724512585245904
MLDB-004818,LOGO,group 10,mono,Pt,10.1039/c8cc06576d,1.1,-0.7189858327488556,1.8189858327488557
MLDB-004819,LOGO,group 10,mono,Pt,10.1039/c8cc06576d,0.98,-0.8057154089301193,1.7857154089301193
MLDB-004820,LOGO,group 10,mono,Pt,10.1021/acs.inorgchem.7b00136,0.89,0.21021173624708359,0.6797882637529165
MLDB-004821,LOGO,group 10,mono,Pt,10.1021/acs.inorgchem.7b00136,0.95,0.3962449991285954,0.5537550008714045
MLDB-004822,LOGO,group 10,mono,Pt,10.1021/acs.inorgchem.7b00136,0.4,0.868806744141756,0.46880674414175594
MLDB-004823,LOGO,group 10,mono,Pt,10.1021/acs.inorgchem.7b00136,0.32,0.6773941074673742,0.35739410746737416
MLDB-004824,LOGO,group 10,mono,Pt,10.1021/acs.inorgchem.7b00136,1.9,-0.12454435730537529,2.024544357305375
MLDB-004825,LOGO,group 10,mono,Pt,10.1021/acs.inorgchem.7b00136,1.81,0.0519526293375825,1.7580473706624176
MLDB-004826,LOGO,group 10,mono,Pt,10.1021/acs.inorgchem.7b00136,1.71,0.6060167840251418,1.1039832159748582
MLDB-004827,LOGO,group 10,mono,Pt,10.1021/acs.inorgchem.7b00136,1.0,0.4171709855299567,0.5828290144700433
MLDB-004939,LOGO,group 10,mono,Pt,10.1016/j.inoche.2026.117275,1.0093,-0.30588349557504513,1.3151834955750452
MLDB-004940,LOGO,group 10,mono,Pt,10.1016/j.inoche.2026.117275,0.1983,-0.2342651852145406,0.43256518521454057
MLDB-004941,LOGO,group 10,mono,Pt,10.1016/j.inoche.2026.117275,-0.0508,-0.3226481944299432,0.2718481944299432
MLDB-004947,LOGO,group 10,mono,Pt,10.1039/d5dt03030g,1.12,1.0457626799183566,0.07423732008164352
MLDB-004948,LOGO,group 10,mono,Pt,10.1039/d5dt03030g,1.01,0.7258952655245156,0.28410473447548446
MLDB-004949,LOGO,group 10,mono,Pt,10.1039/d5dt03030g,0.92,0.6864536467218194,0.23354635327818063
MLDB-004950,LOGO,group 10,mono,Pt,10.1039/d5dt03030g,0.95,0.6894766944682666,0.2605233055317333
MLDB-004951,LOGO,group 10,mono,Pt,10.3390/molecules31132336,0.241,-0.004202001272012848,0.24520200127201283
MLDB-004952,LOGO,group 10,mono,Pt,10.3390/molecules31132336,0.245,-1.0536496052725852,1.298649605272585
MLDB-004953,LOGO,group 10,mono,Pt,10.3390/molecules31132336,0.019,-1.1782107038042344,1.1972107038042343
MLDB-004954,LOGO,group 10,mono,Pt,10.3390/molecules31132336,0.084,-1.0798537201031502,1.1638537201031502
MLDB-004955,LOGO,group 10,mono,Pt,10.3390/molecules31132336,0.251,-1.0700473629266272,1.321047362926627
MLDB-005013,LOGO,group 10,mono,Pt,10.1016/j.ica.2015.12.036,-2.31,0.522117927007792,2.832117927007792
MLDB-000138,LOGO,group 11,mono,Au,10.1002/chem.202004317,1.4,1.8844001927820582,0.48440019278205826
MLDB-000139,LOGO,group 11,mono,Au,10.1002/chem.202004317,2.4,2.0401929145734563,0.3598070854265436
MLDB-000140,LOGO,group 11,mono,Au,10.1002/chem.202004317,2.2,1.4575017846619163,0.7424982153380839
MLDB-000184,LOGO,group 11,mono,Au,10.1002/ejic.201600177,-0.68,-0.8195600719039856,0.13956007190398556
MLDB-000185,LOGO,group 11,mono,Au,10.1002/ejic.201600177,-0.56,-0.9606725322572333,0.4006725322572332
MLDB-000186,LOGO,group 11,mono,Au,10.1002/ejic.201600177,0.3,-0.5490475221467948,0.8490475221467948
MLDB-000187,LOGO,group 11,mono,Au,10.1002/ejic.201600177,-0.22,-0.7952043641103402,0.5752043641103403
MLDB-000188,LOGO,group 11,mono,Au,10.1002/ejic.201600177,0.12,-0.5958557095553579,0.7158557095553579
MLDB-000189,LOGO,group 11,mono,Au,10.1002/ejic.201600177,-0.41,-0.7463293064392356,0.3363293064392356
MLDB-000190,LOGO,group 11,mono,Au,10.1002/ejic.201600177,-0.86,-0.83383655173555,0.02616344826444994
MLDB-000191,LOGO,group 11,mono,Au,10.1002/ejic.201600177,0.13,-0.4974210092032025,0.6274210092032024
MLDB-000192,LOGO,group 11,mono,Au,10.1002/ejic.201600177,-0.19,-0.5453103409399112,0.35531034093991115
MLDB-000322,LOGO,group 11,mono,Au,10.1016/j.ejmech.2014.07.086,-0.83,-0.9524324601644631,0.12243246016446319
MLDB-000323,LOGO,group 11,mono,Au,10.1016/j.ejmech.2014.07.086,0.18,-0.10933355776031858,0.28933355776031855
MLDB-000324,LOGO,group 11,mono,Au,10.1016/j.ejmech.2014.07.086,0.26,0.13294701033139691,0.1270529896686031
MLDB-000325,LOGO,group 11,mono,Au,10.1016/j.ejmech.2014.07.086,1.13,0.42356306075874345,0.7064369392412564
MLDB-000330,LOGO,group 11,mono,Au,10.1016/j.ejmech.2018.07.070,1.256,0.2695352570444424,0.9864647429555575
MLDB-000331,LOGO,group 11,mono,Au,10.1016/j.ejmech.2018.07.070,0.926,0.40310581342902374,0.5228941865709763
MLDB-000332,LOGO,group 11,mono,Au,10.1016/j.ejmech.2018.07.070,1.033,0.8607703204054097,0.17222967959459023
MLDB-000333,LOGO,group 11,mono,Au,10.1016/j.ejmech.2018.07.070,0.501,-0.009528799383123877,0.5105287993831239
MLDB-000407,LOGO,group 11,mono,Au,10.1016/j.jinorgbio.2017.06.004,1.27,0.42559241726079483,0.8444075827392052
MLDB-000408,LOGO,group 11,mono,Au,10.1016/j.jinorgbio.2017.06.004,1.42,-0.22732563102555048,1.6473256310255504
MLDB-000409,LOGO,group 11,mono,Au,10.1016/j.jinorgbio.2017.06.004,0.64,-0.2257712282032694,0.8657712282032695
MLDB-000410,LOGO,group 11,mono,Au,10.1016/j.jinorgbio.2017.06.004,1.52,0.43442090221200547,1.0855790977879947
MLDB-000411,LOGO,group 11,mono,Au,10.1016/j.jinorgbio.2017.08.020,-0.1,-0.23099607929278218,0.13099607929278217
MLDB-000433,LOGO,group 11,mono,Ag,10.1016/j.jinorgbio.2020.110998,1.2,1.472007681001412,0.27200768100141204
MLDB-000434,LOGO,group 11,mono,Au,10.1016/j.jinorgbio.2020.110998,2.1,1.3788248818454996,0.7211751181545005
MLDB-000545,LOGO,group 11,mono,Au,10.1016/j.jinorgbio.2025.112987,0.42,1.2393410674768577,0.8193410674768578
MLDB-000546,LOGO,group 11,mono,Au,10.1016/j.jinorgbio.2025.112987,1.2,1.2646573012441127,0.06465730124411273
MLDB-000547,LOGO,group 11,mono,Au,10.1016/j.jinorgbio.2025.112987,0.16,1.1570211126339582,0.9970211126339582
MLDB-000548,LOGO,group 11,mono,Au,10.1016/j.jinorgbio.2025.112987,0.25,1.4184527305175294,1.1684527305175294
MLDB-000549,LOGO,group 11,mono,Au,10.1016/j.jinorgbio.2025.112987,0.52,1.501813274503529,0.9818132745035291
MLDB-000550,LOGO,group 11,mono,Au,10.1016/j.jinorgbio.2025.112987,1.0,1.5523701330087616,0.5523701330087616
MLDB-000551,LOGO,group 11,mono,Au,10.1016/j.jinorgbio.2025.112987,0.32,1.2833704461227384,0.9633704461227384
MLDB-000552,LOGO,group 11,mono,Au,10.1016/j.jinorgbio.2025.112987,0.25,1.4401522248106944,1.1901522248106944
MLDB-000553,LOGO,group 11,mono,Au,10.1016/j.jinorgbio.2025.112987,0.42,1.2494229913783352,0.8294229913783353
MLDB-000554,LOGO,group 11,mono,Au,10.1016/j.jinorgbio.2025.112987,0.15,2.169795146874513,2.0197951468745132
MLDB-000555,LOGO,group 11,mono,Au,10.1016/j.jinorgbio.2025.112987,0.46,0.511129844587165,0.05112984458716502
MLDB-000556,LOGO,group 11,mono,Au,10.1016/j.jinorgbio.2025.112987,0.47,1.194194936186274,0.7241949361862741
MLDB-000625,LOGO,group 11,mono,Au,10.1016/j.jorganchem.2025.123724,1.6,0.7975812544710819,0.8024187455289182
MLDB-000626,LOGO,group 11,mono,Au,10.1016/j.jorganchem.2025.123724,2.2,0.9392289119781864,1.260771088021814
MLDB-000627,LOGO,group 11,mono,Au,10.1016/j.jorganchem.2025.123724,2.3,0.9736888197205186,1.3263111802794811
MLDB-000628,LOGO,group 11,mono,Au,10.1016/j.jorganchem.2025.123724,-0.1,-0.16451790218086934,0.06451790218086934
MLDB-000629,LOGO,group 11,mono,Au,10.1016/j.jorganchem.2025.123724,-0.3,-1.3999783676957325,1.0999783676957324
MLDB-000630,LOGO,group 11,mono,Au,10.1016/j.jorganchem.2025.123724,0.2,-0.9605245949321921,1.160524594932192
MLDB-000631,LOGO,group 11,mono,Au,10.1016/j.jorganchem.2025.123724,1.5,-0.3851078077532857,1.8851078077532857
MLDB-000774,LOGO,group 11,mono,Ag,10.1021/acs.inorgchem.4c02581,0.1,0.25240404380179643,0.15240404380179642
MLDB-000775,LOGO,group 11,mono,Au,10.1021/acs.inorgchem.4c02581,0.4,0.30031427847222397,0.09968572152777605
MLDB-000776,LOGO,group 11,mono,Ag,10.1021/acs.inorgchem.4c02581,-1.9,0.33894816141265066,2.2389481614126505
MLDB-000777,LOGO,group 11,mono,Ag,10.1021/acs.inorgchem.4c02581,-1.4,0.03640060536306695,1.436400605363067
MLDB-000778,LOGO,group 11,mono,Au,10.1021/acs.inorgchem.4c02581,-1.1,0.09285368207126353,1.1928536820712636
MLDB-000779,LOGO,group 11,mono,Au,10.1021/acs.inorgchem.4c02988,0.72,1.4787411953800274,0.7587411953800274
MLDB-000780,LOGO,group 11,mono,Au,10.1021/acs.inorgchem.4c02988,0.79,1.3255198766859504,0.5355198766859504
MLDB-000781,LOGO,group 11,mono,Au,10.1021/acs.inorgchem.4c02988,1.65,1.3113701942414198,0.33862980575858015
MLDB-000782,LOGO,group 11,mono,Au,10.1021/acs.inorgchem.4c02988,1.18,1.522609767201989,0.342609767201989
MLDB-000783,LOGO,group 11,mono,Au,10.1021/acs.inorgchem.4c02988,2.1,1.5541114152267828,0.5458885847732173
MLDB-000784,LOGO,group 11,mono,Au,10.1021/acs.inorgchem.4c02988,1.59,1.5797764251158966,0.010223574884103526
MLDB-000785,LOGO,group 11,mono,Au,10.1021/acs.inorgchem.4c02988,1.29,1.5344819021564802,0.24448190215648014
MLDB-000786,LOGO,group 11,mono,Au,10.1021/acs.inorgchem.4c02988,1.91,1.611373734256231,0.2986262657437688
MLDB-000787,LOGO,group 11,mono,Au,10.1021/acs.inorgchem.4c02988,-2.53,0.5492801299389725,3.0792801299389723
MLDB-000796,LOGO,group 11,mono,Au,10.1021/acs.inorgchem.7b01370,-0.44,-0.7421463736484252,0.30214637364842517
MLDB-000797,LOGO,group 11,mono,Au,10.1021/acs.inorgchem.7b01370,-0.83,-1.2088593975257225,0.3788593975257225
MLDB-000798,LOGO,group 11,mono,Au,10.1021/acs.inorgchem.7b01370,-0.67,-0.12129270924207373,0.5487072907579263
MLDB-000799,LOGO,group 11,mono,Au,10.1021/acs.inorgchem.7b01370,-0.81,-0.46083917996659973,0.3491608200334003
MLDB-000800,LOGO,group 11,mono,Au,10.1021/acs.inorgchem.7b01370,-0.35,-0.5237582215938684,0.17375822159386844
MLDB-000801,LOGO,group 11,mono,Au,10.1021/acs.inorgchem.7b01370,-0.88,-1.0623936584633058,0.1823936584633058
MLDB-000802,LOGO,group 11,mono,Au,10.1021/acs.inorgchem.7b01370,-0.26,-0.09155519796827497,0.16844480203172504
MLDB-000803,LOGO,group 11,mono,Au,10.1021/acs.inorgchem.7b01370,-0.79,-0.5585859209341482,0.23141407906585187
MLDB-000804,LOGO,group 11,mono,Au,10.1021/acs.inorgchem.7b01370,1.03,-0.24574555390454342,1.2757455539045435
MLDB-000805,LOGO,group 11,mono,Au,10.1021/acs.inorgchem.7b01370,1.24,-0.7592717230313103,1.9992717230313102
MLDB-000806,LOGO,group 11,mono,Au,10.1021/acs.inorgchem.7b01370,0.74,0.413365574558745,0.326634425441255
MLDB-000807,LOGO,group 11,mono,Au,10.1021/acs.inorgchem.7b01370,1.2,-0.02878126330019096,1.2287812633001909
MLDB-000808,LOGO,group 11,mono,Au,10.1021/acs.inorgchem.7b01370,0.51,-0.3134991058449319,0.8234991058449319
MLDB-000824,LOGO,group 11,mono,Au,10.1021/acs.inorgchem.8b01464,0.62,0.2890183878879305,0.3309816121120695
MLDB-000825,LOGO,group 11,mono,Au,10.1021/acs.inorgchem.8b01464,0.73,0.6085805671129865,0.12141943288701351
MLDB-000826,LOGO,group 11,mono,Au,10.1021/acs.inorgchem.8b01464,0.99,1.1257933370355853,0.13579333703558527
MLDB-000827,LOGO,group 11,mono,Au,10.1021/acs.inorgchem.8b01464,0.66,0.7943008939416967,0.13430089394169664
MLDB-000828,LOGO,group 11,mono,Au,10.1021/acs.inorgchem.8b01464,1.11,1.0604764993977094,0.049523500602290715
MLDB-000829,LOGO,group 11,mono,Au,10.1021/acs.inorgchem.8b01464,1.03,1.6206396546353148,0.5906396546353148
MLDB-000830,LOGO,group 11,mono,Au,10.1021/acs.inorgchem.8b01464,1.52,0.520303997182547,0.999696002817453
MLDB-000831,LOGO,group 11,mono,Au,10.1021/acs.inorgchem.8b01464,1.51,1.030450566214802,0.479549433785198
MLDB-000832,LOGO,group 11,mono,Au,10.1021/acs.inorgchem.8b01464,0.8,1.3134155446974514,0.5134155446974513
MLDB-000874,LOGO,group 11,mono,Au,10.1021/acs.jmedchem.7b01694,4.21,-0.24609404256943462,4.456094042569434
MLDB-000875,LOGO,group 11,mono,Au,10.1021/acs.jmedchem.7b01694,2.42,-0.14701582101428076,2.5670158210142806
MLDB-000930,LOGO,group 11,mono,Au,10.1021/acschembio.7b00090,0.57,0.785005432773885,0.21500543277388506
MLDB-000931,LOGO,group 11,mono,Au,10.1021/acschembio.7b00090,0.79,0.6576472989904536,0.13235270100954644
MLDB-000932,LOGO,group 11,mono,Au,10.1021/acsmedchemlett.5c00096,0.8,2.2535961568466276,1.4535961568466276
MLDB-000933,LOGO,group 11,mono,Au,10.1021/acsmedchemlett.5c00096,0.2,2.0004729123556872,1.8004729123556873
MLDB-000934,LOGO,group 11,mono,Au,10.1021/acsmedchemlett.5c00096,0.6,2.076357247084372,1.4763572470843718
MLDB-000935,LOGO,group 11,mono,Au,10.1021/acsmedchemlett.5c00096,1.1,2.387841904358014,1.287841904358014
MLDB-000936,LOGO,group 11,mono,Au,10.1021/acsmedchemlett.5c00096,1.6,2.5283122129039834,0.9283122129039834
MLDB-000937,LOGO,group 11,mono,Au,10.1021/acsmedchemlett.5c00096,1.0,2.5778624092791196,1.5778624092791196
MLDB-000938,LOGO,group 11,mono,Au,10.1021/acsmedchemlett.5c00096,1.4,2.865176892566986,1.4651768925669861
MLDB-000939,LOGO,group 11,mono,Au,10.1021/acsmedchemlett.5c00096,0.9,2.260855388432639,1.3608553884326389
MLDB-000940,LOGO,group 11,mono,Au,10.1021/acsmedchemlett.5c00096,0.6,2.065715347604508,1.4657153476045077
MLDB-000941,LOGO,group 11,mono,Au,10.1021/acsmedchemlett.5c00096,1.0,2.2519309418078532,1.2519309418078532
MLDB-000942,LOGO,group 11,mono,Au,10.1021/acsmedchemlett.5c00096,1.1,2.5915458998647,1.4915458998647
MLDB-000943,LOGO,group 11,mono,Au,10.1021/acsmedchemlett.5c00096,1.2,2.399317368977892,1.1993173689778922
MLDB-000944,LOGO,group 11,mono,Au,10.1021/acsmedchemlett.5c00096,0.9,2.3432916574573417,1.4432916574573418
MLDB-000966,LOGO,group 11,mono,Au,10.1021/jacs.5c03455,2.64,1.4990448267851262,1.140955173214874
MLDB-000967,LOGO,group 11,mono,Au,10.1021/jacs.5c03455,0.83,1.392572226028072,0.562572226028072
MLDB-000968,LOGO,group 11,mono,Au,10.1021/jacs.5c03455,0.18,1.4791904387361667,1.2991904387361668
MLDB-000969,LOGO,group 11,mono,Au,10.1021/jacs.5c03455,0.15,1.3976429029325426,1.2476429029325427
MLDB-001024,LOGO,group 11,mono,Au,10.1039/b902748c,1.74,0.8803645899018179,0.8596354100981821
MLDB-001025,LOGO,group 11,mono,Au,10.1039/b902748c,0.29,0.1329452878336682,0.15705471216633177
MLDB-001026,LOGO,group 11,mono,Au,10.1039/b902748c,-1.45,0.20247736726049556,1.6524773672604955
MLDB-001027,LOGO,group 11,mono,Au,10.1039/b902748c,2.32,0.9995191281268563,1.3204808718731436
MLDB-001028,LOGO,group 11,multi,Au,10.1039/b902748c,1.23,0.13065549790136397,1.099344502098636
MLDB-001029,LOGO,group 11,mono,Au,10.1039/c1dt10368g,-1.73,0.2139023956603509,1.943902395660351
MLDB-001030,LOGO,group 11,mono,Au,10.1039/c1dt10368g,-1.38,0.20009987888294817,1.5800998788829481
MLDB-001031,LOGO,group 11,mono,Au,10.1039/c1dt10368g,0.25,0.9402760635542533,0.6902760635542533
MLDB-001032,LOGO,group 11,mono,Au,10.1039/c1dt10368g,0.21,1.1383782284971506,0.9283782284971507
MLDB-001041,LOGO,group 11,mono,Au,10.1039/c2sc01127a,1.53,2.0500465773630068,0.5200465773630067
MLDB-001042,LOGO,group 11,mono,Au,10.1039/c2sc01127a,1.6,2.277515659518311,0.6775156595183107
MLDB-001043,LOGO,group 11,mono,Au,10.1039/c2sc01127a,1.2,2.35903025651194,1.15903025651194
MLDB-001044,LOGO,group 11,mono,Au,10.1039/c2sc01127a,-0.08,0.6664299605663857,0.7464299605663857
MLDB-001045,LOGO,group 11,mono,Au,10.1039/c2sc01127a,-0.74,0.8124548579606172,1.5524548579606172
MLDB-001046,LOGO,group 11,mono,Au,10.1039/c2sc01127a,-0.99,0.9035470198722015,1.8935470198722015
MLDB-001082,LOGO,group 11,mono,Au,10.1039/c5dt01802a,-0.07,-0.249632320938269,0.179632320938269
MLDB-001083,LOGO,group 11,mono,Au,10.1039/c5dt01802a,-0.03,0.5527331806056908,0.5827331806056908
MLDB-001084,LOGO,group 11,mono,Au,10.1039/c5dt01802a,-0.15,-0.5102973426404075,0.36029734264040747
MLDB-001085,LOGO,group 11,mono,Au,10.1039/c5dt01802a,-0.16,0.15487045307118022,0.3148704530711802
MLDB-001086,LOGO,group 11,mono,Au,10.1039/c5dt01802a,0.72,0.013375605297645785,0.7066243947023542
MLDB-001087,LOGO,group 11,mono,Au,10.1039/c5dt01802a,0.27,0.4679685574712229,0.19796855747122288
MLDB-001088,LOGO,group 11,mono,Au,10.1039/c5dt01802a,0.01,-0.3743563575853437,0.3843563575853437
MLDB-001089,LOGO,group 11,mono,Au,10.1039/c5dt01802a,0.04,0.031765658545150594,0.008234341454849407
MLDB-001115,LOGO,group 11,mono,Au,10.1039/c6dt02000c,0.75,1.359863584882502,0.609863584882502
MLDB-001116,LOGO,group 11,mono,Au,10.1039/c6dt02000c,0.68,1.3837238614715064,0.7037238614715063
MLDB-001117,LOGO,group 11,mono,Au,10.1039/c6dt02000c,0.41,1.4138286303582839,1.003828630358284
MLDB-001234,LOGO,group 11,mono,Au,10.1039/c9dt04423j,0.76,-0.8741670862027919,1.634167086202792
MLDB-001235,LOGO,group 11,mono,Au,10.1039/c9dt04423j,0.93,0.091301167128053,0.838698832871947
MLDB-001236,LOGO,group 11,mono,Au,10.1039/c9dt04423j,1.02,-0.18151530645279235,1.2015153064527924
MLDB-001237,LOGO,group 11,mono,Au,10.1039/c9dt04423j,1.1,0.3170021285506008,0.7829978714493993
MLDB-001238,LOGO,group 11,mono,Au,10.1039/c9dt04423j,0.98,0.9830495162461889,0.003049516246188877
MLDB-001239,LOGO,group 11,mono,Au,10.1039/c9dt04423j,0.74,0.5571536990853845,0.1828463009146155
MLDB-001240,LOGO,group 11,mono,Au,10.1039/c9dt04423j,0.89,1.0296984684782056,0.13969846847820555
MLDB-001241,LOGO,group 11,mono,Au,10.1039/c9dt04423j,0.66,0.719588397692148,0.059588397692147965
MLDB-001370,LOGO,group 11,mono,Au,10.1039/d2sc04707a,1.64,0.8696789552653458,0.7703210447346541
MLDB-001371,LOGO,group 11,mono,Au,10.1039/d2sc04707a,1.54,0.7019940471037182,0.8380059528962819
MLDB-001372,LOGO,group 11,mono,Au,10.1039/d2sc04707a,0.71,1.0249368784617172,0.31493687846171725
MLDB-001373,LOGO,group 11,mono,Au,10.1039/d2sc04707a,1.08,0.8065956730271804,0.2734043269728197
MLDB-001374,LOGO,group 11,mono,Au,10.1039/d2sc04707a,0.75,0.7062442734329,0.04375572656710003
MLDB-001375,LOGO,group 11,mono,Au,10.1039/d2sc04707a,1.17,0.9865545982424884,0.18344540175751156
MLDB-001376,LOGO,group 11,mono,Au,10.1039/d2sc04707a,0.83,0.985232455579829,0.155232455579829
MLDB-001377,LOGO,group 11,mono,Au,10.1039/d2sc04707a,1.19,1.0073930473581605,0.18260695264183946
MLDB-001411,LOGO,group 11,mono,Au,10.1073/pnas.1915202117,2.04,1.9035600177200491,0.1364399822799509
MLDB-001412,LOGO,group 11,mono,Au,10.1073/pnas.1915202117,2.27,1.9750485724728097,0.2949514275271903
MLDB-001413,LOGO,group 11,mono,Au,10.1073/pnas.1915202117,1.96,2.3997590012651675,0.43975900126516754
MLDB-001432,LOGO,group 11,mono,Au,10.18632/oncotarget.25556,2.12,-0.6921309437124682,2.8121309437124684
MLDB-001433,LOGO,group 11,mono,Au,10.18632/oncotarget.25556,0.06,-0.008903046373011925,0.06890304637301192
MLDB-001451,LOGO,group 11,mono,Au,10.3389/fchem.2026.1724206,3.4,0.6647107119399769,2.735289288060023
MLDB-001452,LOGO,group 11,mono,Au,10.3389/fchem.2026.1724206,4.7,0.8450740116238792,3.854925988376121
MLDB-001453,LOGO,group 11,mono,Au,10.3389/fchem.2026.1724206,2.7,0.3389507474997242,2.361049252500276
MLDB-001454,LOGO,group 11,mono,Au,10.3389/fchem.2026.1724206,3.9,0.36007280883809434,3.5399271911619055
MLDB-001515,LOGO,group 11,mono,Au,10.3390/molecules28031050,0.6,-0.5851818516370246,1.1851818516370245
MLDB-001516,LOGO,group 11,mono,Au,10.3390/molecules28031050,0.1,-0.3517804839107517,0.45178048391075165
MLDB-001517,LOGO,group 11,mono,Au,10.3390/molecules28031050,0.7,0.20978460346579222,0.49021539653420776
MLDB-001518,LOGO,group 11,mono,Au,10.3390/molecules28031050,-0.7,0.4168573355273794,1.1168573355273794
MLDB-001529,LOGO,group 11,mono,Au,10.1007/s002800000166,1.41,0.7250113036779274,0.6849886963220725
MLDB-001530,LOGO,group 11,mono,Au,10.1007/s002800000166,1.14,0.5084174980431013,0.6315825019568986
MLDB-001531,LOGO,group 11,mono,Au,10.1007/s002800000166,-1.46,0.1483175634459666,1.6083175634459665
MLDB-001532,LOGO,group 11,mono,Au,10.1007/s002800000166,-1.77,0.2987880452419303,2.0687880452419303
MLDB-001773,LOGO,group 11,mono,Au,10.1021/acsmedchemlett.7b00162,4.6,0.37924871959561535,4.220751280404384
MLDB-001774,LOGO,group 11,mono,Au,10.1021/acsmedchemlett.7b00162,1.7,-0.4284909579634631,2.128490957963463
MLDB-001775,LOGO,group 11,mono,Au,10.1021/acsmedchemlett.7b00162,1.6,0.5253684062203358,1.0746315937796642
MLDB-001809,LOGO,group 11,mono,Au,10.1002/chem.200902741,1.88,1.9750485724728097,0.09504857247280984
MLDB-001810,LOGO,group 11,mono,Au,10.1002/chem.200902741,1.94,1.7559408544178587,0.1840591455821412
MLDB-001811,LOGO,group 11,mono,Au,10.1002/chem.200902741,1.7,1.4518616035167098,0.24813839648329017
MLDB-001812,LOGO,group 11,mono,Au,10.1002/chem.200902741,1.05,1.8538162612050018,0.8038162612050017
MLDB-001813,LOGO,group 11,mono,Au,10.1002/chem.200902741,1.24,1.6481799133127015,0.40817991331270154
MLDB-001814,LOGO,group 11,mono,Au,10.1002/chem.200902741,1.05,1.808202331296825,0.7582023312968249
MLDB-001815,LOGO,group 11,mono,Au,10.1002/chem.200902741,1.95,1.8315038733446727,0.11849612665532727
MLDB-001816,LOGO,group 11,mono,Au,10.1002/chem.200902741,0.92,1.1460571373707014,0.22605713737070132
MLDB-001817,LOGO,group 11,mono,Au,10.1002/chem.200902741,0.47,0.08520321043329529,0.3847967895667047
MLDB-001818,LOGO,group 11,mono,Au,10.1002/chem.200902741,1.15,0.8014952450063986,0.34850475499360134
MLDB-001819,LOGO,group 11,mono,Au,10.1002/chem.200902741,0.55,0.08520321043329529,0.4647967895667048
MLDB-001820,LOGO,group 11,mono,Au,10.1002/chem.200902741,1.14,0.8014952450063986,0.33850475499360133
MLDB-001821,LOGO,group 11,mono,Au,10.1002/chem.200902741,1.81,2.3907471415848267,0.5807471415848267
MLDB-001822,LOGO,group 11,mono,Au,10.1002/chem.200902741,-1.85,-0.03109516820440765,1.8189048317955925
MLDB-001823,LOGO,group 11,mono,Au,10.1002/chem.200902741,-1.43,-0.574632677618505,0.8553673223814949
MLDB-001824,LOGO,group 11,mono,Au,10.1002/chem.200902741,1.32,1.9569493600183165,0.6369493600183165
MLDB-001825,LOGO,group 11,mono,Au,10.1002/chem.200902741,0.76,1.7121801570046649,0.9521801570046649
MLDB-001826,LOGO,group 11,mono,Au,10.1002/chem.200902741,0.95,1.808974240274317,0.858974240274317
MLDB-001827,LOGO,group 11,mono,Au,10.1002/chem.200902741,0.76,1.9209311714336164,1.1609311714336163
MLDB-001828,LOGO,group 11,mono,Au,10.1002/chem.200902741,0.84,2.119040230826754,1.2790402308267543
MLDB-001829,LOGO,group 11,mono,Au,10.1002/chem.200902741,1.76,1.8382269217407585,0.07822692174075851
MLDB-001830,LOGO,group 11,mono,Au,10.1002/chem.200902741,1.88,1.973501402111651,0.09350140211165114
MLDB-002508,LOGO,group 11,multi,Cu,10.1007/s10973-013-3460-1,-1.12,0.5345751575501216,1.6545751575501217
MLDB-002511,LOGO,group 11,mono,Cu,10.1002/aoc.6473,1.41,0.38015930668433817,1.0298406933156619
MLDB-002512,LOGO,group 11,mono,Cu,10.1002/aoc.6473,1.33,0.7165064073082624,0.6134935926917376
MLDB-002557,LOGO,group 11,mono,Cu,10.1016/j.poly.2013.04.007,2.0,1.8547131049584866,0.14528689504151338
MLDB-002567,LOGO,group 11,multi,Cu,10.1038/s41598-025-33889-5,1.988,1.1931861233391938,0.7948138766608062
MLDB-002570,LOGO,group 11,multi,Ag,10.1016/j.ejmech.2017.08.062,-0.63,0.557851413237027,1.187851413237027
MLDB-002571,LOGO,group 11,multi,Ag,10.1016/j.ejmech.2017.08.062,-0.5,0.6159616425698381,1.1159616425698382
MLDB-002572,LOGO,group 11,multi,Ag,10.1016/j.ejmech.2017.08.062,-0.21,0.6021838415953912,0.8121838415953911
MLDB-002573,LOGO,group 11,mono,Ag,10.1007/s11243-018-0216-6,0.57,0.5319369800371468,0.038063019962853106
MLDB-002574,LOGO,group 11,mono,Ag,10.1007/s11243-018-0216-6,0.81,0.6295010077349558,0.1804989922650443
MLDB-002575,LOGO,group 11,mono,Ag,10.1007/s11243-018-0216-6,0.96,0.7117608688812873,0.24823913111871265
MLDB-002576,LOGO,group 11,mono,Ag,10.1007/s11243-018-0216-6,0.74,0.5851689739242703,0.15483102607572974
MLDB-002577,LOGO,group 11,mono,Ag,10.1007/s11243-018-0216-6,0.94,0.8275048606341093,0.11249513936589062
MLDB-002578,LOGO,group 11,mono,Ag,10.1007/s11243-018-0216-6,0.98,0.7831728268234238,0.19682717317657616
MLDB-002579,LOGO,group 11,mono,Cu,10.1016/j.jinorgbio.2010.10.016,-0.62,-1.270079448353511,0.650079448353511
MLDB-002580,LOGO,group 11,mono,Cu,10.1016/j.jinorgbio.2010.10.016,-0.97,-0.36305496764794504,0.6069450323520549
MLDB-002581,LOGO,group 11,mono,Cu,10.1016/j.jinorgbio.2010.10.016,-1.23,-1.2740166369479324,0.04401663694793245
MLDB-002582,LOGO,group 11,mono,Ag,10.1016/j.jinorgbio.2010.10.016,-2.24,-0.386855990061609,1.8531440099383913
MLDB-002583,LOGO,group 11,mono,Au,10.1016/j.jinorgbio.2010.10.016,-0.71,-0.2754705917279715,0.43452940827202846
MLDB-002584,LOGO,group 11,mono,Ag,10.1080/24701556.2018.1504074,1.25,0.6056480917899236,0.6443519082100764
MLDB-002585,LOGO,group 11,mono,Ag,10.1080/24701556.2018.1504074,1.27,0.620246979551035,0.649753020448965
MLDB-002588,LOGO,group 11,mono,Ag,10.1002/cmdc.201800672,0.9,0.6352096025581759,0.2647903974418241
MLDB-002589,LOGO,group 11,mono,Ag,10.1002/cmdc.201800672,0.5,1.2006241144051488,0.7006241144051488
MLDB-002590,LOGO,group 11,multi,Ag,10.1016/j.poly.2016.02.012,0.23,-0.2955975036937615,0.5255975036937615
MLDB-002591,LOGO,group 11,multi,Au,10.1016/j.poly.2016.02.012,-1.09,0.511480916970041,1.6014809169700412
MLDB-002593,LOGO,group 11,mono,Ag,10.1093/toxres/tfaa001,1.09,1.0090820511733487,0.08091794882665138
MLDB-002594,LOGO,group 11,mono,Ag,10.1093/toxres/tfaa001,0.09,1.0644417028503141,0.9744417028503142
MLDB-002595,LOGO,group 11,mono,Ag,10.1093/toxres/tfaa001,0.03,1.018177719947131,0.9881777199471309
MLDB-002596,LOGO,group 11,mono,Ag,10.1093/toxres/tfaa001,1.25,1.0946283029599309,0.15537169704006915
MLDB-002597,LOGO,group 11,multi,Ag,10.1039/c7dt01286a,-0.04,0.4557955003809504,0.4957955003809504
MLDB-002598,LOGO,group 11,mono,Ag,10.1039/c7dt01286a,0.58,0.9011310273344977,0.3211310273344977
MLDB-002599,LOGO,group 11,mono,Ag,10.1039/c7dt01286a,0.91,1.1082395991104153,0.19823959911041522
MLDB-002600,LOGO,group 11,mono,Ag,10.1039/c7dt01286a,1.32,1.3619271395570076,0.04192713955700755
MLDB-002602,LOGO,group 11,mono,Ag,10.1039/c4dt03679d,-0.01,-0.20159743264278976,0.19159743264278975
MLDB-002603,LOGO,group 11,mono,Ag,10.1039/c4dt03679d,0.53,0.03670265617660388,0.49329734382339613
MLDB-002604,LOGO,group 11,mono,Ag,10.1039/c4dt03679d,0.56,0.32899972246541453,0.23100027753458552
MLDB-002605,LOGO,group 11,mono,Ag,10.1039/c4dt03679d,0.1512,0.04244213136465348,0.10875786863534652
MLDB-002606,LOGO,group 11,mono,Ag,10.1039/c4dt03679d,-1.96,-0.16524346172527954,1.7947565382747204
MLDB-002607,LOGO,group 11,mono,Ag,10.1021/acs.organomet.0c00069,0.37,1.1744359630690473,0.8044359630690473
MLDB-002608,LOGO,group 11,mono,Ag,10.1021/acs.organomet.0c00069,0.45,1.108729233784985,0.658729233784985
MLDB-002609,LOGO,group 11,mono,Ag,10.1021/acs.organomet.0c00069,0.55,1.439136807283961,0.8891368072839609
MLDB-002610,LOGO,group 11,mono,Ag,10.1021/acs.organomet.0c00069,0.58,1.4380918610452305,0.8580918610452305
MLDB-002611,LOGO,group 11,mono,Ag,10.1021/acs.organomet.0c00069,0.3,0.7794286391358605,0.4794286391358605
MLDB-002612,LOGO,group 11,mono,Ag,10.1021/acs.organomet.0c00069,0.34,1.281402826420191,0.941402826420191
MLDB-002613,LOGO,group 11,mono,Ag,10.1021/acs.organomet.0c00069,0.42,1.138417062359344,0.718417062359344
MLDB-002614,LOGO,group 11,mono,Ag,10.1021/acs.organomet.0c00069,0.52,1.3549992977894647,0.8349992977894647
MLDB-002615,LOGO,group 11,mono,Ag,10.1021/acs.organomet.0c00069,0.55,1.5360183945379937,0.9860183945379937
MLDB-002616,LOGO,group 11,mono,Ag,10.1021/acs.organomet.0c00069,0.26,0.6541194398412454,0.3941194398412454
MLDB-002617,LOGO,group 11,mono,Ag,10.1021/acs.organomet.0c00069,0.41,1.4555562040204888,1.0455562040204889
MLDB-002618,LOGO,group 11,mono,Ag,10.1021/acs.organomet.0c00069,0.59,1.5927567065084267,1.0027567065084266
MLDB-002619,LOGO,group 11,mono,Ag,10.1021/acs.organomet.0c00069,0.36,0.9606159766417492,0.6006159766417493
MLDB-002620,LOGO,group 11,multi,Ag,10.1016/j.ica.2015.08.017,-0.43,-0.08959473125572277,0.34040526874427723
MLDB-002621,LOGO,group 11,multi,Au,10.1016/j.ica.2015.08.017,0.33,-0.4964365232121797,0.8264365232121798
MLDB-002622,LOGO,group 11,multi,Ag,10.1039/d0dt01272f,0.42,-0.9494281959228039,1.3694281959228038
MLDB-002623,LOGO,group 11,multi,Ag,10.1039/d0dt01272f,0.33,-0.3247447263762471,0.6547447263762471
MLDB-002624,LOGO,group 11,multi,Ag,10.1039/d0dt01272f,0.4,-1.161966697898861,1.561966697898861
MLDB-002625,LOGO,group 11,multi,Ag,10.3390/molecules26071871,0.37,-0.21883505055547336,0.5888350505554734
MLDB-002626,LOGO,group 11,mono,Ag,10.1039/c9dt01646e,-1.12,-1.0299620499253637,0.09003795007463644
MLDB-002627,LOGO,group 11,mono,Ag,10.1039/c9dt01646e,-0.38,-0.272622940304767,0.10737705969523298
MLDB-002628,LOGO,group 11,multi,Ag,10.5937/kgjsci2345079a,0.0035,0.6669116726423236,0.6634116726423237
MLDB-002629,LOGO,group 11,multi,Ag,10.5937/kgjsci2345079a,-0.0063,0.3594566588214516,0.3657566588214516
MLDB-002630,LOGO,group 11,multi,Ag,10.1016/j.molliq.2022.120921,0.898,0.5240994000531816,0.37390059994681846
MLDB-002631,LOGO,group 11,multi,Ag,10.1016/j.molliq.2022.120921,0.92,0.703963255982607,0.21603674401739303
MLDB-002632,LOGO,group 11,multi,Ag,10.1016/j.molliq.2022.120921,0.942,0.7534325946857003,0.1885674053142996
MLDB-002633,LOGO,group 11,mono,Ag,10.1002/aoc.6726,1.0,0.17572198829325197,0.8242780117067481
MLDB-002634,LOGO,group 11,mono,Ag,10.1002/aoc.6726,1.3,1.1418851453390795,0.15811485466092057
MLDB-002635,LOGO,group 11,mono,Ag,10.1002/aoc.6726,1.5,0.2453747700449996,1.2546252299550005
MLDB-002636,LOGO,group 11,mono,Ag,10.1002/aoc.6726,1.1,0.5055495423738925,0.5944504576261076
MLDB-002637,LOGO,group 11,mono,Ag,10.1002/aoc.6726,1.3,0.4089628103769416,0.8910371896230584
MLDB-002638,LOGO,group 11,mono,Ag,10.1002/aoc.6726,1.1,0.6873583331960316,0.4126416668039685
MLDB-002639,LOGO,group 11,mono,Ag,10.1002/aoc.6726,1.4,0.49604213747528136,0.9039578625247185
MLDB-002640,LOGO,group 11,mono,Ag,10.1002/aoc.6726,1.6,1.5201142984836427,0.07988570151635743
MLDB-002641,LOGO,group 11,mono,Ag,10.1002/aoc.6726,1.5,0.8326142218628793,0.6673857781371207
MLDB-002649,LOGO,group 11,mono,Cu,10.1016/j.jinorgbio.2025.113041,-2.62,-1.0408007895386668,1.5791992104613333
MLDB-002650,LOGO,group 11,mono,Ag,10.1016/j.jinorgbio.2025.113041,-1.4,0.10224289825665675,1.5022428982566567
MLDB-002654,LOGO,group 11,mono,Cu,10.1016/j.jinorgbio.2025.113041,-4.12,-1.1049425002485793,3.015057499751421
MLDB-002655,LOGO,group 11,mono,Ag,10.1016/j.jinorgbio.2025.113041,-1.37,0.022270410861078484,1.3922704108610786
MLDB-002658,LOGO,group 11,mono,Ag,10.1002/ejic.202400133,1.6,0.5971894804560037,1.0028105195439965
MLDB-002659,LOGO,group 11,mono,Ag,10.1002/ejic.202400133,1.52,0.6977017771490135,0.8222982228509865
MLDB-002660,LOGO,group 11,mono,Ag,10.1002/ejic.202400133,1.07,0.750645555424436,0.31935444457556406
MLDB-002661,LOGO,group 11,mono,Ag,10.1002/ejic.202400133,1.59,0.7978376233831237,0.7921623766168764
MLDB-002662,LOGO,group 11,mono,Ag,10.1002/ejic.202400133,1.45,0.4118751840243661,1.0381248159756338
MLDB-002663,LOGO,group 11,mono,Ag,10.1002/ejic.202400133,1.24,0.6580205371282605,0.5819794628717395
MLDB-002664,LOGO,group 11,mono,Ag,10.1002/ejic.202400133,1.4,0.8195327569873702,0.5804672430126298
MLDB-002665,LOGO,group 11,mono,Ag,10.1016/j.jinorgbio.2025.112845,-0.55,-1.558395298701428,1.008395298701428
MLDB-002666,LOGO,group 11,mono,Ag,10.1016/j.jinorgbio.2025.112845,-1.34,-1.4348755688409163,0.09487556884091619
MLDB-002667,LOGO,group 11,mono,Ag,10.1016/j.jinorgbio.2025.112845,-1.17,-1.4320712412665046,0.2620712412665047
MLDB-002668,LOGO,group 11,mono,Ag,10.1039/d4dt00851k,1.0,1.0554571464850697,0.05545714648506972
MLDB-002669,LOGO,group 11,mono,Au,10.1039/d4dt00851k,1.8,1.0186190940457138,0.7813809059542862
MLDB-002699,LOGO,group 11,mono,Ag,10.1016/j.jtemb.2023.127211,0.89,1.1151566434361184,0.2251566434361184
MLDB-002700,LOGO,group 11,mono,Ag,10.1016/j.jtemb.2023.127211,0.048,1.191139138514698,1.143139138514698
MLDB-002701,LOGO,group 11,mono,Ag,10.1016/j.jtemb.2023.127211,1.03,1.178980609717212,0.14898060971721194
MLDB-002702,LOGO,group 11,mono,Ag,10.1016/j.jtemb.2023.127211,1.25,1.2298261662757648,0.0201738337242352
MLDB-002707,LOGO,group 11,mono,Cu,10.1016/j.jtemb.2023.127211,1.09,0.795199843915827,0.2948001560841731
MLDB-002708,LOGO,group 11,mono,Cu,10.1016/j.jtemb.2023.127211,0.053,0.6842688166421176,0.6312688166421175
MLDB-002709,LOGO,group 11,mono,Cu,10.1016/j.jtemb.2023.127211,1.39,0.9405327561579473,0.4494672438420526
MLDB-002710,LOGO,group 11,mono,Cu,10.1016/j.jtemb.2023.127211,1.59,0.8705501782450953,0.7194498217549048
MLDB-002711,LOGO,group 11,mono,Au,10.1021/acsami.3c10025,0.195,0.24597797516475997,0.050977975164759964
MLDB-002712,LOGO,group 11,mono,Au,10.1021/acsami.3c10025,0.235,0.577230508425315,0.342230508425315
MLDB-002713,LOGO,group 11,mono,Au,10.1021/acsami.3c10025,1.635,0.8262911816033898,0.8087088183966102
MLDB-002780,LOGO,group 11,mono,Cu,10.1021/acs.jmedchem.8b01031,-0.81,0.39108973982104167,1.2010897398210418
MLDB-002781,LOGO,group 11,mono,Cu,10.1021/acs.jmedchem.8b01031,0.3,0.6126423552111013,0.31264235521110134
MLDB-002782,LOGO,group 11,mono,Cu,10.1021/acs.jmedchem.8b01031,0.86,0.29817150000649295,0.561828499993507
MLDB-002783,LOGO,group 11,mono,Cu,10.1021/acs.jmedchem.8b01031,0.12,0.49113463338046914,0.37113463338046915
MLDB-002784,LOGO,group 11,mono,Cu,10.1021/acs.jmedchem.8b01031,1.49,0.9814955503729408,0.5085044496270592
MLDB-002785,LOGO,group 11,mono,Cu,10.1021/acs.jmedchem.8b01031,-0.23,0.5836978158536096,0.8136978158536096
MLDB-002786,LOGO,group 11,mono,Cu,10.1016/j.jinorgbio.2016.11.026,0.66,0.7444497517960432,0.0844497517960432
MLDB-002787,LOGO,group 11,mono,Cu,10.1016/j.jinorgbio.2016.11.026,-0.23,1.084443939437363,1.314443939437363
MLDB-002788,LOGO,group 11,mono,Cu,10.1016/j.jinorgbio.2016.11.026,0.02,0.7964304615183414,0.7764304615183414
MLDB-002789,LOGO,group 11,mono,Cu,10.1016/j.jinorgbio.2016.11.026,-1.21,1.2039298413360793,2.4139298413360795
MLDB-002790,LOGO,group 11,mono,Cu,10.1016/j.jinorgbio.2016.11.026,1.43,0.8217656602618446,0.6082343397381553
MLDB-002791,LOGO,group 11,mono,Cu,10.1021/acs.inorgchem.6b02419,0.41,-0.09884028859281835,0.5088402885928183
MLDB-002792,LOGO,group 11,mono,Cu,10.1021/acs.inorgchem.6b02419,0.41,0.07901340389818906,0.3309865961018109
MLDB-002793,LOGO,group 11,mono,Cu,10.1021/acs.inorgchem.6b02419,0.96,0.23241282646851316,0.7275871735314868
MLDB-002794,LOGO,group 11,mono,Cu,10.1021/acs.inorgchem.6b02419,-0.33,0.25474002361686704,0.584740023616867
MLDB-002795,LOGO,group 11,mono,Cu,10.1021/acs.inorgchem.6b02419,0.78,0.814361754141358,0.034361754141358
MLDB-002796,LOGO,group 11,mono,Cu,10.1016/j.jinorgbio.2018.11.005,-0.468,0.13815565445309888,0.6061556544530989
MLDB-002797,LOGO,group 11,mono,Cu,10.1016/j.jinorgbio.2018.11.005,0.412,0.09510729858368012,0.31689270141631987
MLDB-002798,LOGO,group 11,mono,Cu,10.1016/j.jinorgbio.2018.11.005,0.712,0.08560466632951078,0.6263953336704892
MLDB-002799,LOGO,group 11,mono,Cu,10.1016/j.jinorgbio.2018.11.005,1.02,0.8126108209784975,0.20738917902150256
MLDB-002800,LOGO,group 11,mono,Cu,10.1016/j.jinorgbio.2020.111102,0.46,0.3032666336420997,0.1567333663579003
MLDB-002801,LOGO,group 11,multi,Cu,10.1016/j.jinorgbio.2020.111102,1.24,0.9672090202671819,0.2727909797328181
MLDB-002802,LOGO,group 11,mono,Cu,10.1021/acs.inorgchem.0c01520,1.6,2.064891591874851,0.4648915918748511
MLDB-002803,LOGO,group 11,mono,Cu,10.1021/acs.inorgchem.0c01520,1.61,2.3253806296077313,0.7153806296077312
MLDB-002804,LOGO,group 11,mono,Cu,10.1021/acs.inorgchem.0c01520,1.5,2.1421059294387574,0.6421059294387574
MLDB-002805,LOGO,group 11,mono,Cu,10.1021/acs.inorgchem.0c01520,1.59,2.4581861942297434,0.8681861942297433
MLDB-002806,LOGO,group 11,mono,Cu,10.1021/acs.inorgchem.0c01520,1.44,2.012651454704553,0.5726514547045531
MLDB-002807,LOGO,group 11,mono,Cu,10.1021/acs.inorgchem.0c01520,1.56,2.2937614984301,0.7337614984300997
MLDB-002808,LOGO,group 11,mono,Cu,10.1021/acs.inorgchem.9b00117,1.49,0.7444497517960432,0.7455502482039568
MLDB-002809,LOGO,group 11,mono,Cu,10.1021/acs.inorgchem.9b00117,0.83,0.9724341946994695,0.1424341946994695
MLDB-002810,LOGO,group 11,mono,Cu,10.1021/acs.inorgchem.9b00117,-0.21,0.853106397586609,1.063106397586609
MLDB-002811,LOGO,group 11,mono,Cu,10.1021/acs.inorgchem.9b00117,-0.14,0.9628700932394493,1.1028700932394493
MLDB-002812,LOGO,group 11,mono,Cu,10.1021/acs.inorgchem.9b00117,-0.25,0.7178732974059149,0.9678732974059149
MLDB-002813,LOGO,group 11,mono,Cu,10.1021/acs.inorgchem.9b00117,-1.29,-0.4041762993109883,0.8858237006890117
MLDB-002818,LOGO,group 11,mono,Cu,10.1016/j.jinorgbio.2013.09.014,-1.05,-0.7264858499670728,0.3235141500329273
MLDB-002819,LOGO,group 11,mono,Cu,10.1016/j.jinorgbio.2013.09.014,-0.28,-0.2776872515389346,0.002312748461065439
MLDB-002820,LOGO,group 11,mono,Cu,10.1016/j.jinorgbio.2013.09.014,-0.48,-0.8377810999591033,0.35778109995910334
MLDB-002821,LOGO,group 11,mono,Cu,10.1016/j.jinorgbio.2013.09.014,-0.18,-0.411904613602334,0.231904613602334
MLDB-002822,LOGO,group 11,mono,Cu,10.1016/j.jinorgbio.2014.02.014,1.01,0.2547094207783331,0.7552905792216669
MLDB-002823,LOGO,group 11,mono,Cu,10.1016/j.jinorgbio.2014.02.014,0.27,0.9336938261933746,0.6636938261933746
MLDB-002824,LOGO,group 11,mono,Cu,10.1016/j.jinorgbio.2014.02.014,0.49,-1.138659380679921,1.628659380679921
MLDB-002825,LOGO,group 11,mono,Cu,10.1016/j.jinorgbio.2014.06.007,-0.74,0.10306984864450397,0.843069848644504
MLDB-002826,LOGO,group 11,mono,Cu,10.1016/j.jinorgbio.2014.06.007,-0.52,0.10337564019038487,0.6233756401903849
MLDB-002827,LOGO,group 11,mono,Cu,10.1016/j.jinorgbio.2014.06.007,-0.23,0.23866068355848896,0.468660683558489
MLDB-002828,LOGO,group 11,mono,Cu,10.1016/j.jinorgbio.2014.06.007,0.61,0.2511606627773441,0.3588393372226559
MLDB-002829,LOGO,group 11,mono,Cu,10.1002/ejic.202100125,0.13,1.2914565011158288,1.1614565011158287
MLDB-002832,LOGO,group 11,mono,Cu,10.1016/j.bbrc.2020.09.104,-0.09,-0.10449780262287792,0.01449780262287792
MLDB-002833,LOGO,group 11,mono,Cu,10.1039/d4nj01271b,-0.0882,1.0108765829089759,1.099076582908976
MLDB-002834,LOGO,group 11,mono,Cu,10.1039/d4nj01271b,0.7896,0.9942518484530395,0.20465184845303952
MLDB-002835,LOGO,group 11,mono,Cu,10.1039/d4nj01271b,0.6028,0.9384891013946123,0.3356891013946123
MLDB-002836,LOGO,group 11,mono,Cu,10.1002/ejic.202100168,1.08,-0.14582599226253085,1.225825992262531
MLDB-002837,LOGO,group 11,mono,Cu,10.1002/ejic.202100168,0.32,0.8241427763701644,0.5041427763701645
MLDB-002838,LOGO,group 11,mono,Cu,10.1002/ejic.202100168,0.89,0.4070524744833094,0.4829475255166906
MLDB-002839,LOGO,group 11,mono,Cu,10.1016/j.ica.2016.09.012,1.75,0.8390361271417013,0.9109638728582987
MLDB-002841,LOGO,group 11,mono,Cu,10.1039/d2ob01224c,2.337,0.15391433734356375,2.1830856626564366
MLDB-002842,LOGO,group 11,mono,Cu,10.1039/d2ob01224c,1.812,0.8112450247233087,1.0007549752766913
MLDB-002843,LOGO,group 11,mono,Cu,10.1039/d2ob01224c,1.744,0.8237331462308722,0.9202668537691278
MLDB-002844,LOGO,group 11,mono,Cu,10.1039/d2ob01224c,1.391,0.8881157074753607,0.5028842925246393
MLDB-002845,LOGO,group 11,mono,Cu,10.1039/d2ob01224c,1.484,0.8112450247233087,0.6727549752766913
MLDB-002846,LOGO,group 11,mono,Cu,10.1039/d2ob01224c,1.423,0.8237331462308722,0.5992668537691278
MLDB-002847,LOGO,group 11,mono,Cu,10.1039/d2ob01224c,1.217,0.8881157074753607,0.32888429252463935
MLDB-002848,LOGO,group 11,mono,Cu,10.1007/s00775-023-02029-7,0.61,0.6471981509858125,0.03719815098581247
MLDB-002849,LOGO,group 11,mono,Cu,10.1007/s00775-023-02029-7,0.56,0.6967425914896785,0.1367425914896785
MLDB-002852,LOGO,group 11,mono,Cu,10.1007/s00775-023-02029-7,0.69,0.5372962531421235,0.15270374685787647
MLDB-002853,LOGO,group 11,mono,Cu,10.1007/s00775-023-02029-7,0.62,0.7010911269166029,0.08109112691660292
MLDB-002856,LOGO,group 11,mono,Cu,10.1007/s00775-017-1488-6,0.96,-0.38590536146489507,1.345905361464895
MLDB-002857,LOGO,group 11,mono,Cu,10.1039/c7nj02500a,-0.94,0.5829860440692964,1.5229860440692964
MLDB-002858,LOGO,group 11,mono,Cu,10.1039/c7nj02500a,-1.09,0.7923885823688983,1.8823885823688984
MLDB-002859,LOGO,group 11,mono,Cu,10.1039/c7nj02500a,-1.32,0.8707175047837374,2.1907175047837377
MLDB-002860,LOGO,group 11,mono,Cu,10.1007/s00775-024-02083-9,-0.98,-1.8541822676156565,0.8741822676156565
MLDB-002861,LOGO,group 11,mono,Cu,10.1007/s00775-024-02083-9,-0.75,-1.8172671425767917,1.0672671425767917
MLDB-002862,LOGO,group 11,mono,Cu,10.1007/s00775-024-02083-9,-0.82,-1.546141787572941,0.7261417875729411
MLDB-002863,LOGO,group 11,mono,Cu,10.1007/s00775-024-02083-9,-0.75,-0.5575578684177812,0.1924421315822188
MLDB-002864,LOGO,group 11,mono,Cu,10.3390/molecules25030741,0.9,-0.6200534501872308,1.520053450187231
MLDB-002865,LOGO,group 11,mono,Cu,10.3390/molecules25030741,1.75,-0.5001314286293564,2.2501314286293566
MLDB-002866,LOGO,group 11,mono,Cu,10.3390/molecules25030741,1.11,-0.04960658865289264,1.1596065886528928
MLDB-002867,LOGO,group 11,mono,Cu,10.1007/s002590050557,1.7,0.7069845311263964,0.9930154688736036
MLDB-002868,LOGO,group 11,mono,Cu,10.1007/s002590050557,1.6,1.0455768451657919,0.5544231548342082
MLDB-002869,LOGO,group 11,mono,Cu,10.1007/s002590050557,1.62,0.8765222401691765,0.7434777598308236
MLDB-002870,LOGO,group 11,mono,Cu,10.1007/s002590050557,-0.41,0.4448791103941631,0.8548791103941631
MLDB-002871,LOGO,group 11,mono,Cu,10.1007/s002590050557,1.8,0.994137019923986,0.8058629800760141
MLDB-002872,LOGO,group 11,mono,Cu,10.1007/s002590050557,1.45,0.12931069173292403,1.3206893082670759
MLDB-002873,LOGO,group 11,mono,Cu,10.1002/chem.201701939,-0.171,1.0637149810487823,1.2347149810487823
MLDB-002874,LOGO,group 11,mono,Cu,10.1002/chem.201701939,-0.2,1.1483411827028027,1.3483411827028027
MLDB-002875,LOGO,group 11,mono,Cu,10.1002/chem.201701939,-0.102,1.1139030954457005,1.2159030954457006
MLDB-002876,LOGO,group 11,mono,Cu,10.1002/chem.201701939,-0.093,1.041706226384129,1.134706226384129
MLDB-002877,LOGO,group 11,mono,Cu,10.1016/j.ejmech.2021.113182,0.207,-0.39517336431617217,0.6021733643161722
MLDB-002878,LOGO,group 11,mono,Cu,10.1016/j.ejmech.2021.113182,1.335,-0.3959199367211164,1.7309199367211163
MLDB-002879,LOGO,group 11,mono,Cu,10.1021/acs.inorgchem.0c00925,-0.4,-1.0963090845225105,0.6963090845225105
MLDB-002880,LOGO,group 11,mono,Cu,10.1021/acs.inorgchem.0c00925,0.04,-0.2766976373684448,0.3166976373684448
MLDB-002881,LOGO,group 11,mono,Cu,10.1021/acs.inorgchem.0c00925,-0.27,-0.6398180472434959,0.3698180472434959
MLDB-002882,LOGO,group 11,mono,Cu,10.1039/c0dt01616k,0.12,-0.6067523838840482,0.7267523838840482
MLDB-002883,LOGO,group 11,mono,Cu,10.1039/c0dt01616k,1.53,-0.24390904924343954,1.7739090492434395
MLDB-002884,LOGO,group 11,mono,Cu,10.1039/c0dt01616k,2.36,-0.34689513003595296,2.706895130035953
MLDB-002887,LOGO,group 11,multi,Cu,10.1016/j.poly.2021.115225,-0.1,0.6964547934627853,0.7964547934627852
MLDB-002888,LOGO,group 11,mono,Cu,10.1016/j.poly.2021.115225,-0.06,0.9273521963409408,0.9873521963409408
MLDB-002889,LOGO,group 11,mono,Cu,10.1039/d4sc06628f,2.34,-0.06715558000098241,2.4071555800009823
MLDB-002890,LOGO,group 11,mono,Cu,10.1039/d4sc06628f,1.73,0.4013859660502743,1.3286140339497257
MLDB-002891,LOGO,group 11,mono,Cu,10.1039/d4sc06628f,2.12,0.6026564558469324,1.5173435441530678
MLDB-002892,LOGO,group 11,mono,Cu,10.1039/d4sc06628f,1.75,0.4326717343341378,1.3173282656658623
MLDB-002893,LOGO,group 11,mono,Cu,10.1039/d4sc06628f,1.45,0.45352608724389276,0.9964739127561072
MLDB-002894,LOGO,group 11,mono,Cu,10.1016/s0969-8051(02)00285-8,0.9,1.273574340457073,0.37357434045707294
MLDB-002895,LOGO,group 11,mono,Cu,10.1039/c3dt51296g,-0.08,-0.34504364198500703,0.265043641985007
MLDB-002896,LOGO,group 11,mono,Cu,10.1039/c3dt51296g,-0.5,-0.3955527717460592,0.10444722825394082
MLDB-002897,LOGO,group 11,mono,Cu,10.1039/c3dt51296g,-0.37,-0.39072840441364237,0.020728404413642376
MLDB-002898,LOGO,group 11,mono,Cu,10.1021/jm070204r,-3.58,-1.6250106005318918,1.9549893994681082
MLDB-002899,LOGO,group 11,mono,Cu,10.1021/jm070204r,-2.07,0.09877465752677399,2.168774657526774
MLDB-002900,LOGO,group 11,mono,Cu,10.1021/jm070204r,-2.35,-0.31171531598771957,2.0382846840122806
MLDB-002901,LOGO,group 11,mono,Cu,10.1021/jm070204r,-2.08,-0.34837076616108137,1.7316292338389188
MLDB-002902,LOGO,group 11,mono,Cu,10.1021/jm070204r,-1.35,-0.4356801846544919,0.9143198153455082
MLDB-002903,LOGO,group 11,mono,Cu,10.1002/ejic.201500510,-3.9,-0.36008952275520656,3.5399104772447934
MLDB-002904,LOGO,group 11,mono,Cu,10.1002/ejic.201500510,-4.1,-0.6126684349338424,3.487331565066157
MLDB-002905,LOGO,group 11,mono,Cu,10.1002/ejic.201500510,-4.5,-0.5656455788812841,3.934354421118716
MLDB-002906,LOGO,group 11,mono,Cu,10.1002/ejic.201500510,-3.1,-0.6411148465358473,2.458885153464153
MLDB-002907,LOGO,group 11,mono,Cu,10.1002/ejic.201500510,-3.3,-0.742842390132425,2.557157609867575
MLDB-002908,LOGO,group 11,mono,Cu,10.1002/ejic.201500510,-4.0,-0.36008952275520656,3.6399104772447934
MLDB-002909,LOGO,group 11,mono,Cu,10.1002/ejic.201500510,-4.1,-0.6126684349338424,3.487331565066157
MLDB-002910,LOGO,group 11,mono,Cu,10.1002/ejic.201500510,-4.5,-0.5656455788812841,3.934354421118716
MLDB-002911,LOGO,group 11,mono,Cu,10.1002/ejic.201500510,-3.0,-0.6411148465358473,2.358885153464153
MLDB-002912,LOGO,group 11,mono,Cu,10.1002/ejic.201500510,-3.2,-0.742842390132425,2.457157609867575
MLDB-002913,LOGO,group 11,mono,Cu,10.1002/ejic.201500510,-4.0,-0.36008952275520656,3.6399104772447934
MLDB-002914,LOGO,group 11,mono,Cu,10.1002/ejic.201500510,-3.9,-0.6126684349338424,3.2873315650661574
MLDB-002915,LOGO,group 11,mono,Cu,10.1002/ejic.201500510,-4.4,-0.5656455788812841,3.834354421118716
MLDB-002916,LOGO,group 11,mono,Cu,10.1002/ejic.201500510,-3.0,-0.6411148465358473,2.358885153464153
MLDB-002917,LOGO,group 11,mono,Cu,10.1002/ejic.201500510,-3.3,-0.742842390132425,2.557157609867575
MLDB-002918,LOGO,group 11,mono,Cu,10.3390/molecules24091677,0.83,-0.7740429871695425,1.6040429871695423
MLDB-002919,LOGO,group 11,mono,Cu,10.1039/c6dt03811e,0.89,0.8151342449290839,0.07486575507091608
MLDB-002920,LOGO,group 11,mono,Cu,10.1039/c6dt03811e,0.97,0.7935320441798036,0.17646795582019636
MLDB-002921,LOGO,group 11,mono,Cu,10.1039/c6dt03811e,1.0,0.9758853431189095,0.02411465688109049
MLDB-002922,LOGO,group 11,mono,Cu,10.1039/c6dt03811e,0.98,1.3091991650807575,0.3291991650807575
MLDB-002923,LOGO,group 11,mono,Cu,10.1039/c6dt03811e,0.97,1.147880797210204,0.1778807972102041
MLDB-002924,LOGO,group 11,mono,Cu,10.1039/c6dt03811e,1.01,1.449590792193235,0.43959079219323494
MLDB-002925,LOGO,group 11,mono,Cu,10.3390/inorganics9010005,-0.39,0.949717879451887,1.3397178794518871
MLDB-002926,LOGO,group 11,mono,Cu,10.3390/inorganics9010005,-0.63,0.635567218207648,1.265567218207648
MLDB-002927,LOGO,group 11,mono,Cu,10.3390/inorganics9010005,0.02,1.494645833891265,1.474645833891265
MLDB-002928,LOGO,group 11,mono,Cu,10.3390/inorganics9010005,0.34,1.0918394336735502,0.7518394336735501
MLDB-002929,LOGO,group 11,mono,Cu,10.1039/d3dt01294h,-1.83,0.13272007501744656,1.9627200750174467
MLDB-002930,LOGO,group 11,mono,Cu,10.1039/d3dt01294h,-1.96,0.049203353468589464,2.0092033534685894
MLDB-002931,LOGO,group 11,mono,Cu,10.1039/d3dt01294h,-1.71,0.1868419176376361,1.896841917637636
MLDB-002932,LOGO,group 11,mono,Cu,10.1039/d3dt01294h,-2.18,0.11556927526546906,2.295569275265469
MLDB-002933,LOGO,group 11,mono,Cu,10.1039/d3dt01294h,-2.27,0.29039779174720454,2.5603977917472047
MLDB-002934,LOGO,group 11,mono,Cu,10.1039/d3dt01294h,-2.01,-0.042173994560327104,1.9678260054396728
MLDB-002935,LOGO,group 11,multi,Cu,10.1021/ic101391x,-0.32,0.07356670511627167,0.3935667051162717
MLDB-002936,LOGO,group 11,multi,Cu,10.1021/ic101391x,-0.77,0.2859962295989621,1.055996229598962
MLDB-002937,LOGO,group 11,multi,Cu,10.1021/ic101391x,-0.74,0.2734836402882479,1.0134836402882479
MLDB-002938,LOGO,group 11,multi,Cu,10.1021/ic101391x,-0.14,0.8237102606104901,0.9637102606104901
MLDB-002939,LOGO,group 11,multi,Cu,10.1021/ic101391x,0.18,0.8303523654214189,0.6503523654214189
MLDB-002940,LOGO,group 11,mono,Cu,10.1016/j.molliq.2019.111412,-0.52,1.1183910434553899,1.6383910434553899
MLDB-002941,LOGO,group 11,mono,Cu,10.1016/j.molliq.2019.111412,-0.05,1.122007324103475,1.172007324103475
MLDB-002942,LOGO,group 11,mono,Cu,10.1016/j.molliq.2019.111412,1.79,1.4005213924148314,0.3894786075851686
MLDB-002947,LOGO,group 11,mono,Cu,10.1039/c8dt02965b,1.54,0.5705432412078778,0.9694567587921222
MLDB-002948,LOGO,group 11,mono,Cu,10.1039/c8dt02965b,1.5,0.8739159891697864,0.6260840108302136
MLDB-002949,LOGO,group 11,mono,Cu,10.1039/c8dt02965b,1.37,0.26116887764396596,1.108831122356034
MLDB-002950,LOGO,group 11,mono,Cu,10.1039/c8dt02965b,1.3,0.8084086195838229,0.4915913804161771
MLDB-002951,LOGO,group 11,mono,Cu,10.1039/c8dt02965b,1.6,1.8572363561367993,0.2572363561367992
MLDB-002952,LOGO,group 11,mono,Cu,10.1039/c8dt02965b,2.01,0.7838901383202793,1.2261098616797206
MLDB-002953,LOGO,group 11,mono,Cu,10.1016/j.jinorgbio.2007.07.028,0.86,0.7377939368837513,0.12220606311624871
MLDB-002954,LOGO,group 11,mono,Cu,10.1016/j.jinorgbio.2007.07.028,0.1,1.0684063547943767,0.9684063547943768
MLDB-002955,LOGO,group 11,mono,Cu,10.1016/j.molstruc.2013.08.045,1.06,0.54353062926062,0.51646937073938
MLDB-002956,LOGO,group 11,mono,Cu,10.1016/j.molstruc.2013.08.045,1.4,0.14245970637329305,1.2575402936267068
MLDB-002957,LOGO,group 11,mono,Cu,10.1016/j.molstruc.2013.08.045,1.08,0.2174996613145693,0.8625003386854307
MLDB-002958,LOGO,group 11,mono,Cu,10.1016/j.molstruc.2013.08.045,1.08,-0.46430444879806404,1.5443044487980642
MLDB-002959,LOGO,group 11,mono,Cu,10.1039/d2ra04813b,-0.525,0.5066984234747521,1.0316984234747522
MLDB-002960,LOGO,group 11,mono,Cu,10.1039/d2ra04813b,0.345,0.5116592115613587,0.16665921156135877
MLDB-002961,LOGO,group 11,mono,Cu,10.1039/d2ra04813b,0.945,0.5954817502516305,0.3495182497483694
MLDB-002962,LOGO,group 11,mono,Cu,10.1039/d2ra04813b,-0.805,-0.05147418520915756,0.7535258147908425
MLDB-002963,LOGO,group 11,mono,Cu,10.1039/d2ra04813b,-0.18,0.005959009712727902,0.18595900971272789
MLDB-002964,LOGO,group 11,mono,Cu,10.1039/d2ra04813b,0.013,0.2993637239898129,0.2863637239898129
MLDB-002965,LOGO,group 11,mono,Cu,10.1016/j.jinorgbio.2006.01.042,0.93,0.35235959193199434,0.5776404080680058
MLDB-002966,LOGO,group 11,mono,Cu,10.1016/j.jinorgbio.2006.01.042,-0.17,0.6575410669494387,0.8275410669494387
MLDB-002967,LOGO,group 11,mono,Cu,10.1016/j.jinorgbio.2006.01.042,-0.11,0.9670223593022428,1.0770223593022428
MLDB-002968,LOGO,group 11,mono,Cu,10.1016/j.jinorgbio.2006.01.042,0.73,0.7503497504261332,0.020349750426133184
MLDB-002969,LOGO,group 11,mono,Cu,10.1021/ic062172o,-0.19,0.9048046309345481,1.094804630934548
MLDB-002970,LOGO,group 11,mono,Cu,10.1039/d4dt01075b,-0.51,0.3908376570480847,0.9008376570480847
MLDB-002971,LOGO,group 11,mono,Cu,10.1039/d4dt01075b,1.07,1.1489385861981007,0.07893858619810068
MLDB-002972,LOGO,group 11,mono,Cu,10.1039/d4dt01075b,1.83,1.4616342004222593,0.36836579957774074
MLDB-002973,LOGO,group 11,mono,Cu,10.1039/d4dt01075b,3.14,1.0514721401582805,2.0885278598417196
MLDB-002974,LOGO,group 11,mono,Cu,10.1016/j.molstruc.2015.11.002,0.243,-0.3414728134269258,0.5844728134269258
MLDB-002975,LOGO,group 11,mono,Cu,10.1002/cbic.202000553,0.73,0.6583032987972178,0.07169670120278215
MLDB-002976,LOGO,group 11,mono,Cu,10.1002/cbic.202000553,0.75,0.6600196805213338,0.08998031947866625
MLDB-002977,LOGO,group 11,mono,Cu,10.1002/cbic.202000553,1.15,0.5987512022586406,0.5512487977413593
MLDB-002978,LOGO,group 11,mono,Cu,10.1002/cbic.202000553,2.01,1.2519751706761508,0.758024829323849
MLDB-002979,LOGO,group 11,mono,Cu,10.1002/cbic.202400703,-0.57,0.19763432816926194,0.7676343281692619
MLDB-002980,LOGO,group 11,mono,Cu,10.1002/cbic.202400703,-0.68,0.6031037287632772,1.2831037287632774
MLDB-002981,LOGO,group 11,mono,Cu,10.1039/c8dt00794b,0.933,-0.3676548887292136,1.3006548887292135
MLDB-002982,LOGO,group 11,mono,Cu,10.1039/c8dt00794b,0.858,-0.15565054756785915,1.0136505475678592
MLDB-002983,LOGO,group 11,mono,Cu,10.1039/c8dt00794b,0.867,-0.16342584040179128,1.0304258404017912
MLDB-002984,LOGO,group 11,mono,Cu,10.1039/c8dt00794b,0.89,-0.04753905478950885,0.9375390547895088
MLDB-002985,LOGO,group 11,mono,Cu,10.1080/00958972.2016.1260711,-1.37,-0.23266988167304795,1.1373301183269522
MLDB-002986,LOGO,group 11,mono,Cu,10.1080/00958972.2016.1260711,-1.9,0.1398039852019444,2.0398039852019445
MLDB-002987,LOGO,group 11,mono,Cu,10.1080/00958972.2016.1260711,-1.69,-0.333916100249279,1.356083899750721
MLDB-002988,LOGO,group 11,mono,Cu,10.1080/00958972.2016.1260711,-1.44,0.05897016400853549,1.4989701640085353
MLDB-002989,LOGO,group 11,mono,Cu,10.1080/00958972.2016.1260711,-0.47,-0.076574789447748,0.393425210552252
MLDB-002990,LOGO,group 11,mono,Cu,10.1080/00958972.2016.1260711,-0.42,0.1505384398789858,0.5705384398789858
MLDB-002991,LOGO,group 11,mono,Cu,10.1080/00958972.2016.1260711,-1.34,-0.13238042951760867,1.2076195704823913
MLDB-002992,LOGO,group 11,mono,Cu,10.1016/j.jinorgbio.2008.10.006,-1.38,-0.9169022362852879,0.463097763714712
MLDB-002993,LOGO,group 11,mono,Cu,10.1016/j.jinorgbio.2008.10.006,-0.95,-0.5305193923072656,0.4194806076927343
MLDB-002994,LOGO,group 11,mono,Cu,10.1016/j.jinorgbio.2008.10.006,-1.18,-0.5476573193983035,0.6323426806016964
MLDB-002995,LOGO,group 11,mono,Cu,10.1016/j.jinorgbio.2008.10.006,-1.18,-0.35116014875209856,0.8288398512479014
MLDB-002996,LOGO,group 11,mono,Cu,10.1016/j.jinorgbio.2008.10.006,-1.06,-0.5391346034702416,0.5208653965297585
MLDB-002997,LOGO,group 11,mono,Cu,10.1016/j.jinorgbio.2008.10.006,-0.81,-0.2864073294889387,0.5235926705110614
MLDB-002998,LOGO,group 11,mono,Cu,10.1016/j.jinorgbio.2008.10.006,-0.81,-0.45623204288354585,0.3537679571164542
MLDB-002999,LOGO,group 11,mono,Cu,10.1016/j.jinorgbio.2008.10.006,-0.49,-0.5020133971397674,0.012013397139767457
MLDB-003000,LOGO,group 11,mono,Cu,10.1016/j.jinorgbio.2008.10.006,0.06,-0.08615446848614342,0.1461544684861434
MLDB-003001,LOGO,group 11,mono,Cu,10.1016/j.jinorgbio.2008.10.006,1.06,0.3739377098126005,0.6860622901873996
MLDB-003002,LOGO,group 11,mono,Cu,10.1016/j.jinorgbio.2008.10.006,-0.74,-0.37429786345521976,0.36570213654478023
MLDB-003003,LOGO,group 11,mono,Cu,10.1016/j.jinorgbio.2008.10.006,-0.84,-0.5379475676451144,0.30205243235488555
MLDB-003004,LOGO,group 11,mono,Cu,10.1039/c6dt00461j,-0.74,0.9599768315293459,1.6999768315293458
MLDB-003005,LOGO,group 11,mono,Cu,10.1039/c6dt00461j,0.05,0.616637007645632,0.566637007645632
MLDB-003006,LOGO,group 11,mono,Cu,10.1039/c6dt00461j,-0.36,1.0139374028444323,1.3739374028444322
MLDB-003007,LOGO,group 11,mono,Cu,10.1039/c6dt00461j,-0.51,0.8249922007933134,1.3349922007933133
MLDB-003008,LOGO,group 11,mono,Cu,10.1039/c4sc00384e,-0.39,0.06378766312388344,0.45378766312388347
MLDB-003009,LOGO,group 11,mono,Cu,10.3390/biom10091213,-1.0,0.17299231190202677,1.1729923119020267
MLDB-003010,LOGO,group 11,mono,Cu,10.3390/biom10091213,-0.79,0.17762688593710874,0.9676268859371088
MLDB-003011,LOGO,group 11,mono,Cu,10.3390/biom10091213,-0.4,0.17464984592648305,0.574649845926483
MLDB-003012,LOGO,group 11,mono,Cu,10.3390/biom10091213,-0.17,0.23835879129296206,0.40835879129296204
MLDB-003013,LOGO,group 11,mono,Cu,10.1007/s00775-011-0834-3,-0.89,-0.8393963225179258,0.05060367748207417
MLDB-003014,LOGO,group 11,mono,Cu,10.1007/s00775-011-0834-3,-0.59,-0.2556766390289668,0.33432336097103316
MLDB-003015,LOGO,group 11,mono,Cu,10.1007/s00775-011-0834-3,-1.01,-0.3871476403250058,0.6228523596749942
MLDB-003016,LOGO,group 11,mono,Cu,10.3389/fchem.2023.1106349,1.9,0.7361552346725682,1.1638447653274318
MLDB-003017,LOGO,group 11,multi,Cu,10.3389/fchem.2023.1106349,2.4,1.131370192533069,1.2686298074669309
MLDB-003018,LOGO,group 11,multi,Cu,10.3389/fchem.2023.1106349,2.0,0.9867818490370571,1.0132181509629428
MLDB-003019,LOGO,group 11,mono,Cu,10.1080/00958972.2018.1520984,0.3968,0.23062691464703672,0.16617308535296327
MLDB-003021,LOGO,group 11,mono,Cu,10.1002/anie.201510443,0.37,1.057526047373143,0.6875260473731429
MLDB-003022,LOGO,group 11,mono,Cu,10.1002/anie.201510443,0.45,1.0222210966985055,0.5722210966985055
MLDB-003023,LOGO,group 11,mono,Cu,10.1002/anie.201510443,0.47,0.925132227848524,0.45513222784852403
MLDB-003024,LOGO,group 11,mono,Cu,10.1002/anie.201510443,0.72,0.9680877440156361,0.24808774401563616
MLDB-003025,LOGO,group 11,mono,Cu,10.1002/anie.201510443,0.94,0.6835553615205231,0.25644463847947685
MLDB-003026,LOGO,group 11,mono,Cu,10.1039/d2dt00788f,-0.21,0.7379755827284441,0.9479755827284441
MLDB-003027,LOGO,group 11,mono,Cu,10.1039/d2dt00788f,-0.15,-1.0948225192472916,0.9448225192472915
MLDB-003028,LOGO,group 11,multi,Cu,10.1039/d4dt03516j,-1.31,0.1500030023039693,1.4600030023039694
MLDB-003029,LOGO,group 11,multi,Cu,10.1039/d4dt03516j,-1.26,-0.2862877175515821,0.9737122824484179
MLDB-003030,LOGO,group 11,multi,Cu,10.1021/acs.jmedchem.4c02515,-1.44,0.049122416875255884,1.489122416875256
MLDB-003031,LOGO,group 11,multi,Cu,10.1021/acs.jmedchem.4c02515,-1.35,0.8364687716146181,2.186468771614618
MLDB-003032,LOGO,group 11,mono,Cu,10.1021/acs.jmedchem.4c02515,-1.76,0.49202333871461895,2.252023338714619
MLDB-003033,LOGO,group 11,multi,Cu,10.1021/acs.jmedchem.4c02515,-1.21,0.5878784459651997,1.7978784459651997
MLDB-003034,LOGO,group 11,mono,Cu,10.1021/acs.jmedchem.4c02515,-0.95,0.7203454616259157,1.6703454616259157
MLDB-003035,LOGO,group 11,multi,Cu,10.1021/acs.jmedchem.4c02515,-0.5,0.7327880553777207,1.2327880553777208
MLDB-003036,LOGO,group 11,mono,Cu,10.1021/acs.jmedchem.4c02515,-0.75,0.5502073021826013,1.3002073021826013
MLDB-003037,LOGO,group 11,multi,Cu,10.1021/acs.jmedchem.4c02515,-1.56,0.8217559196868236,2.3817559196868237
MLDB-003038,LOGO,group 11,multi,Cu,10.1021/acs.jmedchem.4c02515,-0.81,0.23443169791298393,1.044431697912984
MLDB-003039,LOGO,group 11,multi,Cu,10.1021/acs.jmedchem.4c02515,-1.23,0.6390235679459695,1.8690235679459695
MLDB-003040,LOGO,group 11,mono,Cu,10.3390/molecules30071636,0.75,1.4788235362022792,0.7288235362022792
MLDB-003041,LOGO,group 11,mono,Cu,10.3390/molecules30071636,0.37,1.4362338997166522,1.0662338997166523
MLDB-003042,LOGO,group 11,mono,Cu,10.3390/molecules30071636,0.53,1.4684032490463144,0.9384032490463143
MLDB-003043,LOGO,group 11,mono,Cu,10.3390/molecules30071636,0.34,1.1992560043702616,0.8592560043702615
MLDB-003044,LOGO,group 11,mono,Cu,10.1016/j.ejmech.2025.118257,0.53,0.10072818760941006,0.42927181239059
MLDB-003045,LOGO,group 11,mono,Cu,10.1021/acs.jmedchem.5c01124,0.7,0.37748604191252205,0.3225139580874779
MLDB-003046,LOGO,group 11,mono,Cu,10.1021/acs.jmedchem.5c01124,0.3,-0.20857819974235003,0.50857819974235
MLDB-003047,LOGO,group 11,mono,Cu,10.1021/acs.jmedchem.5c01124,0.4,-0.2518215504382784,0.6518215504382785
MLDB-003048,LOGO,group 11,mono,Cu,10.1021/acs.jmedchem.5c01124,0.6,0.07497675831909496,0.525023241680905
MLDB-003049,LOGO,group 11,mono,Cu,10.1021/acs.jmedchem.5c01124,0.2,-0.21589899903405502,0.41589899903405503
MLDB-003050,LOGO,group 11,mono,Cu,10.1021/acs.jmedchem.5c01124,1.2,-0.07981644170144216,1.2798164417014422
MLDB-003051,LOGO,group 11,mono,Cu,10.1021/acs.jmedchem.5c01124,0.6,-0.24087503084506492,0.8408750308450649
MLDB-003052,LOGO,group 11,mono,Cu,10.1021/acs.jmedchem.6c00141,0.55,0.447121423854467,0.10287857614553303
MLDB-003053,LOGO,group 11,mono,Cu,10.1021/acs.jmedchem.6c00141,1.44,0.5266037422449803,0.9133962577550196
MLDB-003054,LOGO,group 11,mono,Cu,10.1021/acs.jmedchem.6c00141,1.05,0.3865487709288413,0.6634512290711587
MLDB-003055,LOGO,group 11,mono,Cu,10.1021/acs.jmedchem.6c00141,0.95,0.7245064504465247,0.22549354955347523
MLDB-003056,LOGO,group 11,mono,Cu,10.1021/acs.jmedchem.6c00141,0.96,0.763479976493648,0.196520023506352
MLDB-003057,LOGO,group 11,mono,Cu,10.1021/acs.jmedchem.6c00141,0.83,0.6790110836714804,0.15098891632851952
MLDB-003058,LOGO,group 11,mono,Cu,10.1021/acs.jmedchem.6c00141,0.62,0.7400894966778107,0.12008949667781066
MLDB-003059,LOGO,group 11,mono,Cu,10.1021/acsomega.5c10826,1.38,1.0048815314031214,0.3751184685968785
MLDB-003060,LOGO,group 11,mono,Cu,10.1021/acsomega.5c10826,-0.24,0.7444497517960432,0.9844497517960432
MLDB-003061,LOGO,group 11,mono,Cu,10.1039/d5dt01877c,-0.103,-0.29613123355222354,0.19313123355222356
MLDB-003062,LOGO,group 11,mono,Cu,10.1039/d5dt01877c,-0.307,0.5686111722027355,0.8756111722027355
MLDB-003063,LOGO,group 11,mono,Cu,10.1016/j.jinorgbio.2026.113348,0.24,0.4412517047074179,0.20125170470741793
MLDB-003064,LOGO,group 11,mono,Cu,10.1016/j.jinorgbio.2026.113348,0.23,0.5954734882167262,0.3654734882167262
MLDB-003065,LOGO,group 11,mono,Cu,10.1016/j.jinorgbio.2026.113348,-0.55,0.5061357506709084,1.0561357506709084
MLDB-003066,LOGO,group 11,mono,Cu,10.1016/j.jinorgbio.2026.113348,-0.06,0.6147849013143767,0.6747849013143767
MLDB-003067,LOGO,group 11,mono,Cu,10.1016/j.jinorgbio.2026.113348,0.12,0.8610296540818859,0.7410296540818859
MLDB-003068,LOGO,group 11,mono,Cu,10.1016/j.jinorgbio.2026.113348,-0.08,0.5854092020780698,0.6654092020780698
MLDB-003069,LOGO,group 11,mono,Cu,10.1002/slct.202304565,0.35,0.7117835685356664,0.3617835685356664
MLDB-003070,LOGO,group 11,mono,Cu,10.1002/slct.202304565,0.12,-0.04873270659088033,0.16873270659088033
MLDB-003071,LOGO,group 11,mono,Cu,10.1002/slct.202304565,0.46,-0.28813574620803417,0.7481357462080342
MLDB-003072,LOGO,group 11,mono,Cu,10.1016/j.jinorgbio.2023.112432,1.43,0.1604803571070144,1.2695196428929856
MLDB-003073,LOGO,group 11,mono,Cu,10.1016/j.jinorgbio.2023.112432,0.96,0.3561939113892677,0.6038060886107323
MLDB-003074,LOGO,group 11,mono,Cu,10.1016/j.jinorgbio.2023.112432,0.88,0.568565991545645,0.311434008454355
MLDB-003075,LOGO,group 11,mono,Cu,10.1016/j.jinorgbio.2024.112721,-1.25,0.31368347142272346,1.5636834714227235
MLDB-003076,LOGO,group 11,mono,Cu,10.1016/j.jinorgbio.2024.112721,-1.02,0.3117853796851018,1.3317853796851018
MLDB-003077,LOGO,group 11,mono,Cu,10.1016/j.jinorgbio.2024.112721,-0.91,0.3842983595987216,1.2942983595987216
MLDB-003078,LOGO,group 11,multi,Cu,10.1021/acs.inorgchem.4c01072,0.18,-0.21578213858184864,0.39578213858184863
MLDB-003079,LOGO,group 11,multi,Cu,10.1021/acs.inorgchem.4c01072,1.94,-0.18459649253511878,2.124596492535119
MLDB-003080,LOGO,group 11,multi,Cu,10.1021/acs.inorgchem.4c01072,-0.55,-0.6777455225342061,0.127745522534206
MLDB-003081,LOGO,group 11,mono,Cu,10.1021/acsomega.4c05824,0.51,1.1378491186828616,0.6278491186828616
MLDB-003082,LOGO,group 11,mono,Cu,10.1016/j.molstruc.2024.138719,1.88,1.2833910570749902,0.5966089429250097
MLDB-003083,LOGO,group 11,multi,Cu,10.1016/j.molstruc.2024.138719,1.21,0.2895010709219195,0.9204989290780805
MLDB-003087,LOGO,group 11,multi,Cu,10.3390/inorganics11100398,-1.0,0.21259644991802806,1.2125964499180282
MLDB-003088,LOGO,group 11,multi,Cu,10.3390/inorganics11100398,-0.62,-0.030354713037580378,0.5896452869624196
MLDB-003089,LOGO,group 11,multi,Cu,10.1002/chem.202301188,-0.74,-0.250049514097378,0.48995048590262197
MLDB-003090,LOGO,group 11,multi,Cu,10.1002/chem.202301188,-0.2,0.5876489927497356,0.7876489927497357
MLDB-003091,LOGO,group 11,multi,Cu,10.1039/d5nj01809a,-0.11,1.0512469832116,1.1612469832116001
MLDB-003092,LOGO,group 11,multi,Cu,10.1039/d5nj01809a,-0.21,0.9797378618612258,1.1897378618612258
MLDB-003093,LOGO,group 11,mono,Cu,10.3390/molecules28176401,1.25,0.5838046168080339,0.6661953831919661
MLDB-003094,LOGO,group 11,mono,Cu,10.3390/molecules28176401,1.0,0.6823688164555889,0.3176311835444111
MLDB-003095,LOGO,group 11,mono,Cu,10.3390/molecules28176401,0.82,0.7988057314675967,0.02119426853240325
MLDB-003099,LOGO,group 11,mono,Cu,10.1016/j.jinorgbio.2023.112284,-0.31,0.5634391389412419,0.8734391389412419
MLDB-003100,LOGO,group 11,mono,Cu,10.1016/j.jinorgbio.2023.112284,-0.32,0.3790786437817687,0.6990786437817686
MLDB-003101,LOGO,group 11,mono,Cu,10.1016/j.jinorgbio.2023.112284,0.19,0.3738997565715214,0.1838997565715214
MLDB-003102,LOGO,group 11,mono,Cu,10.1016/j.jinorgbio.2022.112093,-0.37,0.5303577391213774,0.9003577391213774
MLDB-003103,LOGO,group 11,mono,Cu,10.1016/j.jinorgbio.2022.112093,0.22,0.484889246502758,0.264889246502758
MLDB-003104,LOGO,group 11,mono,Cu,10.1016/j.jinorgbio.2022.112093,-0.19,0.47976511695184554,0.6697651169518455
MLDB-003105,LOGO,group 11,mono,Cu,10.1016/j.jinorgbio.2022.112093,-0.37,0.4224706236858417,0.7924706236858416
MLDB-003106,LOGO,group 11,mono,Cu,10.1016/j.jinorgbio.2022.112093,0.21,0.30940692888890164,0.09940692888890165
MLDB-003107,LOGO,group 11,mono,Cu,10.1016/j.jinorgbio.2022.112093,-0.18,0.2931278538321821,0.4731278538321821
MLDB-003170,LOGO,group 11,mono,Au,10.1002/anie.201209787,-1.41,0.13029380829601717,1.5402938082960171
MLDB-003171,LOGO,group 11,mono,Au,10.1002/anie.201209787,-0.93,0.9930348381087417,1.9230348381087419
MLDB-003172,LOGO,group 11,mono,Au,10.1002/anie.201209787,2.35,1.6876333869357254,0.6623666130642747
MLDB-003173,LOGO,group 11,mono,Au,10.1002/anie.201209787,-0.05,0.3780341881035083,0.4280341881035083
MLDB-003174,LOGO,group 11,multi,Cu,10.1016/j.ica.2022.121333,0.85,1.064463631806425,0.21446363180642491
MLDB-003175,LOGO,group 11,multi,Cu,10.1016/j.ica.2022.121333,0.44,1.1730604903908326,0.7330604903908327
MLDB-003177,LOGO,group 11,multi,Cu,10.1021/acs.inorgchem.3c01066,1.48,0.5746078030549908,0.9053921969450092
MLDB-003194,LOGO,group 11,mono,Cu,10.1021/acs.inorgchem.3c01551,1.64,1.4460501046823235,0.19394989531767637
MLDB-003195,LOGO,group 11,mono,Cu,10.1021/acs.inorgchem.3c01551,1.52,0.915618306568555,0.604381693431445
MLDB-003196,LOGO,group 11,mono,Cu,10.1021/acs.inorgchem.3c01551,1.46,1.3136166501981494,0.14638334980185053
MLDB-003197,LOGO,group 11,mono,Cu,10.1021/acs.inorgchem.3c01551,1.562,1.169471690509571,0.39252830949042905
MLDB-003204,LOGO,group 11,mono,Cu,10.1002/slct.202201560,0.168,1.0350807231951218,0.8670807231951217
MLDB-003205,LOGO,group 11,mono,Cu,10.1002/slct.202201560,-0.713,1.2271509725028658,1.9401509725028658
MLDB-003206,LOGO,group 11,mono,Cu,10.1002/slct.202201560,-0.684,1.9951414216008025,2.6791414216008027
MLDB-003207,LOGO,group 11,mono,Cu,10.1039/d2dt00077f,1.47,0.340555187956911,1.129444812043089
MLDB-003208,LOGO,group 11,mono,Cu,10.1039/d2dt00077f,1.71,-0.16296201744378627,1.8729620174437862
MLDB-003209,LOGO,group 11,multi,Cu,10.1016/j.jinorgbio.2022.111964,0.6,0.6624204583631537,0.062420458363153686
MLDB-003210,LOGO,group 11,mono,Cu,10.1016/j.jinorgbio.2022.111964,0.96,0.8452691547848925,0.11473084521510746
MLDB-003211,LOGO,group 11,mono,Cu,10.1016/j.ejmech.2024.116994,1.4,1.5298563759599884,0.12985637595998845
MLDB-003212,LOGO,group 11,mono,Cu,10.1016/j.ejmech.2024.116994,1.6,1.2262556935148423,0.3737443064851578
MLDB-003516,LOGO,group 11,multi,Au,10.1021/acs.inorgchem.7b01082,0.4,0.2434202099240998,0.15657979007590023
MLDB-003517,LOGO,group 11,multi,Au,10.1021/acs.inorgchem.7b01082,0.9,0.208862261968532,0.691137738031468
MLDB-003518,LOGO,group 11,multi,Au,10.1021/acs.inorgchem.7b01082,0.7,0.20011466072690293,0.49988533927309703
MLDB-003519,LOGO,group 11,multi,Au,10.1021/acs.inorgchem.7b01082,0.6,0.17401068319710522,0.42598931680289476
MLDB-003520,LOGO,group 11,multi,Au,10.1021/acs.inorgchem.7b01082,0.3,0.17401068319710522,0.12598931680289477
MLDB-003521,LOGO,group 11,multi,Au,10.1021/acs.inorgchem.7b01082,0.4,0.2226932261016767,0.17730677389832333
MLDB-003522,LOGO,group 11,multi,Au,10.1021/acs.inorgchem.7b01082,0.3,0.19513484551818006,0.10486515448181993
MLDB-003763,LOGO,group 11,multi,Au,10.1016/j.jinorgbio.2014.08.013,-0.6,0.16655473809800742,0.7665547380980073
MLDB-003764,LOGO,group 11,multi,Au,10.1016/j.jinorgbio.2014.08.013,-0.9,-0.9000439530697663,4.395306976623381e-05
MLDB-003765,LOGO,group 11,multi,Au,10.1016/j.jinorgbio.2014.08.013,-0.1,-0.4057807927963766,0.3057807927963766
MLDB-003766,LOGO,group 11,multi,Au,10.1016/j.jinorgbio.2014.08.013,-0.6,-0.9237889105415751,0.3237889105415751
MLDB-003767,LOGO,group 11,multi,Au,10.1016/j.jinorgbio.2014.08.013,-0.4,-1.2309249507386004,0.8309249507386004
MLDB-003768,LOGO,group 11,multi,Au,10.1016/j.jinorgbio.2014.08.013,-1.0,-0.8725114353500246,0.12748856464997538
MLDB-004180,LOGO,group 11,mono,Au,10.3390/pharmaceutics14102064,0.34,1.1116685143281584,0.7716685143281583
MLDB-004181,LOGO,group 11,mono,Au,10.3390/pharmaceutics14102064,1.32,1.2500461056135452,0.06995389438645483
MLDB-004182,LOGO,group 11,mono,Au,10.3390/pharmaceutics14102064,1.96,1.191692282235384,0.768307717764616
MLDB-004183,LOGO,group 11,mono,Au,10.3390/pharmaceutics14102064,0.22,1.0899952224777825,0.8699952224777825
MLDB-004184,LOGO,group 11,mono,Au,10.3390/pharmaceutics14102064,0.42,1.4777249725113595,1.0577249725113596
MLDB-004185,LOGO,group 11,mono,Au,10.3390/pharmaceutics14102064,1.47,1.7102955782223739,0.2402955782223739
MLDB-004186,LOGO,group 11,mono,Au,10.3390/pharmaceutics14102064,1.11,1.530331010489783,0.42033101048978283
MLDB-004187,LOGO,group 11,mono,Au,10.3390/pharmaceutics14102064,3.4,1.4157960921235648,1.984203907876435
MLDB-004192,LOGO,group 11,mono,Cu,10.1039/d3dt00213f,0.79,0.055550285115195,0.734449714884805
MLDB-004193,LOGO,group 11,mono,Cu,10.1039/d3dt00213f,2.13,0.5209966130911786,1.6090033869088214
MLDB-004194,LOGO,group 11,mono,Cu,10.1039/d3dt00213f,2.52,0.8358634900007395,1.6841365099992607
MLDB-004195,LOGO,group 11,mono,Cu,10.1039/d3dt00213f,2.65,0.9594361940293279,1.690563805970672
MLDB-004196,LOGO,group 11,mono,Cu,10.1039/d3dt00213f,3.21,0.9174171541444152,2.292582845855585
MLDB-004197,LOGO,group 11,mono,Cu,10.1039/d3dt00213f,3.77,0.9695572235966716,2.8004427764033286
MLDB-004198,LOGO,group 11,mono,Cu,10.1039/d3dt00213f,2.3,0.8836086765136598,1.41639132348634
MLDB-004205,LOGO,group 11,mono,Cu,10.1039/d3dt01088k,0.9,0.7396887911088484,0.16031120889115158
MLDB-004206,LOGO,group 11,mono,Cu,10.1039/d3dt01088k,1.38,0.7591868717605988,0.620813128239401
MLDB-004207,LOGO,group 11,mono,Au,10.1021/jacsau.0c00104,0.83,0.6422841118666424,0.1877158881333576
MLDB-004208,LOGO,group 11,mono,Au,10.1021/jacsau.0c00104,0.35,0.8644237419640193,0.5144237419640193
MLDB-004209,LOGO,group 11,mono,Au,10.1016/j.jorganchem.2020.121340,0.78,0.275960519407299,0.5040394805927011
MLDB-004210,LOGO,group 11,mono,Au,10.1016/j.jorganchem.2020.121340,1.88,0.15394369955117657,1.7260563004488234
MLDB-004211,LOGO,group 11,mono,Au,10.1016/j.jorganchem.2020.121340,0.69,-0.5207311931981632,1.2107311931981632
MLDB-004212,LOGO,group 11,mono,Au,10.1016/j.jorganchem.2020.121340,0.34,-0.5194998973923536,0.8594998973923536
MLDB-004213,LOGO,group 11,mono,Au,10.1016/j.jorganchem.2020.121340,0.47,-0.7723502990037842,1.242350299003784
MLDB-004214,LOGO,group 11,mono,Au,10.1016/j.jorganchem.2020.121340,1.08,0.16479292122230532,0.9152070787776947
MLDB-004215,LOGO,group 11,mono,Au,10.1016/j.jorganchem.2020.121340,1.73,0.3693324450154337,1.3606675549845662
MLDB-004216,LOGO,group 11,mono,Au,10.1016/j.jorganchem.2020.121340,1.03,-0.10898201295858435,1.1389820129585844
MLDB-004217,LOGO,group 11,mono,Au,10.1016/j.jorganchem.2020.121340,0.47,-0.28630780911202147,0.7563078091120214
MLDB-004218,LOGO,group 11,mono,Au,10.1016/j.jorganchem.2020.121340,0.58,-0.3926449826737293,0.9726449826737293
MLDB-004219,LOGO,group 11,mono,Au,10.1016/j.jorganchem.2020.121340,0.41,-0.11130807784014542,0.5213080778401454
MLDB-004220,LOGO,group 11,mono,Au,10.1016/j.jorganchem.2020.121340,1.23,0.23179673799613784,0.9982032620038621
MLDB-004221,LOGO,group 11,mono,Au,10.1016/j.jorganchem.2020.121340,0.56,-0.4324680250637147,0.9924680250637148
MLDB-004222,LOGO,group 11,mono,Au,10.1016/j.jorganchem.2020.121340,0.87,-0.33340223909207295,1.203402239092073
MLDB-004223,LOGO,group 11,mono,Au,10.1016/j.ejmech.2014.04.001,-1.04,-1.4328288085326566,0.39282880853265656
MLDB-004224,LOGO,group 11,mono,Au,10.1016/j.ejmech.2014.04.001,-0.81,-1.2537020534295433,0.4437020534295433
MLDB-004225,LOGO,group 11,mono,Au,10.1016/j.ejmech.2014.04.001,-0.01,-0.9259185959526455,0.9159185959526455
MLDB-004226,LOGO,group 11,mono,Au,10.1016/j.ejmech.2014.04.001,-0.01,-0.3114998063350187,0.3014998063350187
MLDB-004227,LOGO,group 11,mono,Au,10.1016/j.ejmech.2014.04.001,0.15,-0.23416268386503664,0.3841626838650366
MLDB-004228,LOGO,group 11,mono,Au,10.1016/j.ejmech.2014.04.001,0.18,-0.49122053894852924,0.6712205389485293
MLDB-004229,LOGO,group 11,mono,Au,10.1016/j.ejmech.2014.04.001,-0.55,0.04321579709505737,0.5932157970950575
MLDB-004230,LOGO,group 11,mono,Au,10.1016/j.ejmech.2014.04.001,-0.48,-0.38663402679253356,0.09336597320746642
MLDB-004231,LOGO,group 11,mono,Au,10.1016/j.ejmech.2014.04.001,-0.3,-0.24747236538406,0.05252763461593998
MLDB-004232,LOGO,group 11,mono,Au,10.1016/j.ejmech.2014.04.001,-0.26,-0.6173228092767783,0.3573228092767783
MLDB-004233,LOGO,group 11,mono,Au,10.1016/j.ejmech.2014.04.001,-0.51,0.3222748717753964,0.8322748717753964
MLDB-004234,LOGO,group 11,mono,Au,10.1016/j.ejmech.2014.04.001,-0.46,-0.2155909428074663,0.24440905719253372
MLDB-004235,LOGO,group 11,mono,Au,10.1016/j.jinorgbio.2016.11.009,0.4,0.3810392243945926,0.01896077560540743
MLDB-004236,LOGO,group 11,mono,Au,10.1002/jlcr.3068,-1.92,-0.47638905348499927,1.4436109465150007
MLDB-004237,LOGO,group 11,mono,Au,10.1016/j.jinorgbio.2011.05.011,0.97,0.10318852915723223,0.8668114708427678
MLDB-004238,LOGO,group 11,mono,Au,10.1016/j.jinorgbio.2011.05.011,2.42,0.03376974678693305,2.386230253213067
MLDB-004239,LOGO,group 11,multi,Au,10.1039/c6dt01409g,-2.36,-0.4155620266115875,1.9444379733884123
MLDB-004240,LOGO,group 11,multi,Au,10.1039/c6dt01409g,-2.35,-0.40567109766519227,1.9443289023348078
MLDB-004241,LOGO,group 11,multi,Au,10.1039/c6dt01409g,-1.15,-0.7242353355507019,0.42576466444929806
MLDB-004242,LOGO,group 11,multi,Au,10.1039/c6dt01409g,-1.1,-0.17026585840931674,0.9297341415906833
MLDB-004243,LOGO,group 11,mono,Au,10.1016/j.ejmech.2019.111661,0.99,1.3542246845726653,0.3642246845726653
MLDB-004244,LOGO,group 11,mono,Au,10.1016/j.ejmech.2019.111661,0.92,1.3618550337595128,0.44185503375951274
MLDB-004245,LOGO,group 11,mono,Au,10.1016/j.ejmech.2019.111661,1.17,1.3369710458556314,0.1669710458556315
MLDB-004246,LOGO,group 11,mono,Au,10.1016/j.ejmech.2019.111661,1.2,1.3328593412140954,0.13285934121409548
MLDB-004247,LOGO,group 11,mono,Au,10.1016/j.ejmech.2019.111661,0.78,0.551829196172845,0.22817080382715504
MLDB-004248,LOGO,group 11,mono,Au,10.1016/j.ejmech.2019.111661,0.8,0.5938130193962428,0.20618698060375729
MLDB-004249,LOGO,group 11,mono,Au,10.1016/j.ejmech.2019.111661,0.23,0.5457068026083999,0.3157068026083999
MLDB-004250,LOGO,group 11,mono,Au,10.1016/j.ejmech.2019.111661,0.44,0.5624388237647743,0.12243882376477427
MLDB-004251,LOGO,group 11,mono,Au,10.1002/ejic.201201411,-0.4,-0.4165144734411916,0.016514473441191557
MLDB-004252,LOGO,group 11,mono,Au,10.1002/ejic.201201411,-0.34,-0.23377475059028355,0.10622524940971648
MLDB-004253,LOGO,group 11,mono,Au,10.1002/ejic.201201411,-0.39,-0.7865113038694043,0.39651130386940425
MLDB-004254,LOGO,group 11,mono,Au,10.1002/ejic.201201411,-0.14,-0.6129895033511735,0.4729895033511735
MLDB-004255,LOGO,group 11,mono,Au,10.1039/b705008a,-0.46,-0.4891975552145488,0.029197555214548754
MLDB-004256,LOGO,group 11,mono,Au,10.1039/c7mt00017k,-1.98,-1.2256865828326002,0.7543134171673997
MLDB-004257,LOGO,group 11,mono,Au,10.1039/c7mt00017k,0.38,-0.3675247220060079,0.747524722006008
MLDB-004258,LOGO,group 11,mono,Au,10.1039/c7mt00017k,-0.78,0.0575567395254111,0.8375567395254111
MLDB-004259,LOGO,group 11,mono,Au,10.1039/b602560a,-1.09,-1.2510671853884363,0.16106718538843623
MLDB-004260,LOGO,group 11,mono,Au,10.1039/b602560a,-0.83,0.057415239337900666,0.8874152393379007
MLDB-004261,LOGO,group 11,mono,Au,10.1039/b602560a,0.3,0.4134510528175329,0.11345105281753293
MLDB-004262,LOGO,group 11,mono,Au,10.1039/b602560a,1.09,0.35856896688037143,0.7314310331196286
MLDB-004263,LOGO,group 11,mono,Au,10.1039/b602560a,1.73,0.6221209057883632,1.1078790942116368
MLDB-004264,LOGO,group 11,multi,Au,10.1002/advs.202504729,-0.03,0.9970294536252863,1.0270294536252862
MLDB-004265,LOGO,group 11,mono,Au,10.1039/d6qi00134c,0.09,1.4012389994763292,1.3112389994763292
MLDB-004266,LOGO,group 11,mono,Au,10.1039/d6qi00134c,0.13,2.0003886949874725,1.8703886949874726
MLDB-004267,LOGO,group 11,mono,Au,10.1039/d6qi00134c,0.14,2.363413163540904,2.223413163540904
MLDB-004268,LOGO,group 11,mono,Au,10.1039/d6qi00134c,0.22,1.7488591384616925,1.5288591384616925
MLDB-004269,LOGO,group 11,mono,Au,10.1039/d6qi00134c,1.14,2.4536044916356796,1.3136044916356797
MLDB-004270,LOGO,group 11,mono,Au,10.1039/d6qi00134c,0.44,1.7441045772417114,1.3041045772417115
MLDB-004271,LOGO,group 11,mono,Au,10.1039/d6qi00134c,0.16,2.2544347668700246,2.0944347668700245
MLDB-004272,LOGO,group 11,mono,Au,10.1039/d6qi00134c,0.68,2.3614602401481233,1.6814602401481231
MLDB-004273,LOGO,group 11,mono,Au,10.1039/d6qi00134c,0.93,2.7534007944413776,1.8234007944413775
MLDB-004274,LOGO,group 11,mono,Au,10.1039/d6qi00134c,0.7,1.68683392490689,0.98683392490689
MLDB-004275,LOGO,group 11,mono,Au,10.1039/d6qi00134c,0.55,2.152603428016417,1.602603428016417
MLDB-004276,LOGO,group 11,mono,Au,10.1039/d6qi00134c,0.21,1.5898283002078275,1.3798283002078275
MLDB-004277,LOGO,group 11,mono,Au,10.1039/d6qi00134c,0.15,2.1340296849192084,1.9840296849192085
MLDB-004278,LOGO,group 11,mono,Au,10.1039/d6qi00134c,1.09,2.554506814176223,1.4645068141762227
MLDB-004279,LOGO,group 11,mono,Au,10.1039/d6qi00134c,1.15,2.3623023594558927,1.2123023594558928
MLDB-004280,LOGO,group 11,mono,Au,10.1002/ceur.202500483,2.02,0.9766545796128561,1.043345420387144
MLDB-004281,LOGO,group 11,mono,Au,10.1002/ceur.202500483,1.65,1.4798374140919812,0.1701625859080187
MLDB-004282,LOGO,group 11,mono,Au,10.1002/ceur.202500483,1.54,2.4486252359799865,0.9086252359799865
MLDB-004283,LOGO,group 11,mono,Au,10.1002/ceur.202500483,1.5,0.9950687959263245,0.5049312040736755
MLDB-004284,LOGO,group 11,mono,Au,10.1002/ceur.202500483,1.69,1.5134315561321152,0.17656844386788473
MLDB-004285,LOGO,group 11,mono,Au,10.1002/ceur.202500483,2.62,1.3592108157740435,1.2607891842259566
MLDB-004286,LOGO,group 11,mono,Au,10.1002/ceur.202500483,1.58,1.7679481796696326,0.1879481796696325
MLDB-004287,LOGO,group 11,mono,Au,10.1002/ceur.202500483,1.38,2.510801956457163,1.1308019564571632
MLDB-004288,LOGO,group 11,mono,Au,10.1002/ceur.202500483,1.45,1.2527284334973998,0.19727156650260014
MLDB-004289,LOGO,group 11,mono,Au,10.1002/ceur.202500483,1.79,1.7527862462554904,0.03721375374450964
MLDB-004290,LOGO,group 11,mono,Au,10.1002/ceur.202500483,1.04,1.2472112504330903,0.2072112504330903
MLDB-004294,LOGO,group 11,mono,Au,10.1021/acs.inorgchem.5c05908,1.9,1.9010551222786805,0.0010551222786805425
MLDB-004295,LOGO,group 11,mono,Au,10.1021/acs.inorgchem.5c05908,1.7,2.140475496710606,0.44047549671060593
MLDB-004296,LOGO,group 11,mono,Au,10.1021/acs.inorgchem.5c05908,1.3,1.99416703167859,0.69416703167859
MLDB-004297,LOGO,group 11,mono,Au,10.1021/acs.inorgchem.5c05908,2.1,1.7709834128463635,0.3290165871536366
MLDB-004298,LOGO,group 11,mono,Au,10.1021/acs.inorgchem.5c05908,1.5,1.6960223034249868,0.19602230342498683
MLDB-004299,LOGO,group 11,mono,Au,10.1021/acs.inorgchem.5c05908,1.8,1.695392098765009,0.10460790123499097
MLDB-004300,LOGO,group 11,multi,Au,10.1021/acs.inorgchem.5c05908,1.0,2.2369119768155867,1.2369119768155867
MLDB-004301,LOGO,group 11,multi,Au,10.1021/acs.inorgchem.5c05908,1.6,2.204210616498581,0.6042106164985808
MLDB-004308,LOGO,group 11,mono,Au,10.1039/d5sc05555e,1.6,0.3324485127660841,1.267551487233916
MLDB-004309,LOGO,group 11,mono,Au,10.1039/d5sc05555e,1.2,1.095595228125484,0.10440477187451602
MLDB-004310,LOGO,group 11,mono,Au,10.1039/d5sc05555e,1.5,1.1402016139953053,0.3597983860046947
MLDB-004311,LOGO,group 11,mono,Au,10.1039/d5sc05555e,1.4,1.2871080551752434,0.11289194482475651
MLDB-004321,LOGO,group 11,mono,Au,10.1016/j.ejmech.2024.116757,1.23,0.8015984916106207,0.4284015083893793
MLDB-004322,LOGO,group 11,mono,Au,10.3390/antibiotics14020118,1.25,1.0128305364107542,0.23716946358924584
MLDB-004331,LOGO,group 11,multi,Au-Cu,10.3390/biomedicines12081763,0.84,-0.5256101068789615,1.3656101068789614
MLDB-004333,LOGO,group 11,mono,Au,10.1039/d4dt01879f,0.81,1.347356431784689,0.5373564317846888
MLDB-004334,LOGO,group 11,mono,Au,10.1039/d4dt01879f,1.0,1.3714293626309646,0.3714293626309646
MLDB-004335,LOGO,group 11,mono,Au,10.1039/d4dt01879f,1.27,1.3730075571912461,0.1030075571912461
MLDB-004336,LOGO,group 11,mono,Au,10.1039/d4dt01879f,1.37,1.2959125669580096,0.0740874330419905
MLDB-004337,LOGO,group 11,mono,Au,10.1016/j.jorganchem.2024.123167,-0.35,1.49851291856435,1.8485129185643498
MLDB-004338,LOGO,group 11,mono,Au,10.1016/j.jorganchem.2024.123167,-0.46,1.5676139330334498,2.0276139330334497
MLDB-004339,LOGO,group 11,mono,Au,10.1016/j.jorganchem.2024.123167,-0.49,1.602628316884811,2.092628316884811
MLDB-004340,LOGO,group 11,mono,Au,10.1016/j.jorganchem.2024.123167,-0.64,1.3941576277692247,2.0341576277692246
MLDB-004341,LOGO,group 11,mono,Au,10.1016/j.jorganchem.2024.123167,-0.54,1.354747411041389,1.894747411041389
MLDB-004342,LOGO,group 11,multi,Cu,10.3390/inorganics12010019,0.06,0.17064306303880614,0.11064306303880614
MLDB-004343,LOGO,group 11,mono,Au,10.1093/mtomcs/mfac056,1.13,1.1453857773656826,0.015385777365682696
MLDB-004344,LOGO,group 11,mono,Au,10.1093/mtomcs/mfac056,1.87,-0.1522799257243232,2.022279925724323
MLDB-004345,LOGO,group 11,mono,Au,10.1093/mtomcs/mfac056,0.82,1.3009405784916541,0.48094057849165417
MLDB-004346,LOGO,group 11,mono,Au,10.1093/mtomcs/mfac056,0.7,0.34666967974752766,0.3533303202524723
MLDB-004347,LOGO,group 11,mono,Au,10.3390/biomedicines10061437,0.75,1.108022638838659,0.3580226388386589
MLDB-004348,LOGO,group 11,mono,Au,10.3390/biomedicines10061437,0.71,1.1979972741307456,0.4879972741307457
MLDB-004349,LOGO,group 11,mono,Au,10.3390/biomedicines10061437,0.91,1.137228829530444,0.227228829530444
MLDB-004350,LOGO,group 11,mono,Au,10.3390/biomedicines10061437,-0.4,-0.8813786655552412,0.4813786655552412
MLDB-004351,LOGO,group 11,mono,Au,10.3390/biomedicines10061437,-0.78,-0.9108791247838159,0.13087912478381591
MLDB-004352,LOGO,group 11,mono,Au,10.3390/biomedicines10061437,-0.83,-0.9147654213600596,0.0847654213600596
MLDB-004353,LOGO,group 11,mono,Au,10.3390/biomedicines10061437,0.35,1.0236837910617438,0.6736837910617438
MLDB-004354,LOGO,group 11,mono,Au,10.3390/biomedicines10061437,-0.13,0.9746363154065993,1.1046363154065992
MLDB-004355,LOGO,group 11,mono,Au,10.3390/biomedicines10061437,0.42,1.254773243173759,0.8347732431737591
MLDB-004356,LOGO,group 11,mono,Au,10.3390/biomedicines10061437,0.36,1.1925634971359726,0.8325634971359727
MLDB-004357,LOGO,group 11,mono,Au,10.1016/j.bcp.2024.116716,1.26,0.0012809960709243725,1.2587190039290757
MLDB-004358,LOGO,group 11,mono,Au,10.1039/d2dt00836j,0.9,1.3177548824522827,0.41775488245228265
MLDB-004380,LOGO,group 11,mono,Cu,10.1016/j.molstruc.2025.145151,0.4,0.9546323051382791,0.5546323051382791
MLDB-004381,LOGO,group 11,mono,Cu,10.1016/j.molstruc.2025.145151,-0.78,0.4828656950705059,1.262865695070506
MLDB-004689,LOGO,group 11,mono,Au,10.1002/chem.202502613,0.99,0.7496842372304701,0.24031576276952993
MLDB-004692,LOGO,group 11,mono,Au,10.1002/chem.202502613,1.53,1.0333944529801842,0.49660554701981585
MLDB-004705,LOGO,group 11,mono,Cu,10.1016/j.jinorgbio.2026.113228,-1.01,-2.1241207752530777,1.1141207752530777
MLDB-004748,LOGO,group 11,multi,Cu,10.1021/acsomega.5c00069,0.95,0.48379104401295897,0.466208955987041
MLDB-004772,LOGO,group 11,mono,Au,10.1021/acs.inorgchem.9b02528,0.63,0.7373420221293921,0.10734202212939215
MLDB-004773,LOGO,group 11,mono,Au,10.1021/acs.inorgchem.9b02528,1.33,0.8917658910678075,0.4382341089321926
MLDB-004774,LOGO,group 11,mono,Au,10.1021/acs.inorgchem.9b02528,0.66,0.8774272825725602,0.21742728257256017
MLDB-004775,LOGO,group 11,mono,Au,10.1021/acs.inorgchem.9b02528,0.91,1.030578189816431,0.12057818981643098
MLDB-004776,LOGO,group 11,mono,Au,10.1021/acs.inorgchem.9b02528,1.03,0.9776284532581853,0.05237154674181477
MLDB-004777,LOGO,group 11,mono,Au,10.1021/acs.inorgchem.9b02528,1.24,-0.0032504171574777225,1.2432504171574776
MLDB-004778,LOGO,group 11,mono,Au,10.1021/acs.inorgchem.9b02528,1.2,0.1067123015291805,1.0932876984708195
MLDB-004797,LOGO,group 11,mono,Ag,10.1002/aoc.3655,1.02,0.7068057609410733,0.31319423905892674
MLDB-004798,LOGO,group 11,mono,Ag,10.1002/aoc.3655,1.05,0.7628955833738512,0.28710441662614883
MLDB-004799,LOGO,group 11,mono,Ag,10.1002/aoc.3655,1.78,0.5859081262096784,1.1940918737903217
MLDB-004800,LOGO,group 11,mono,Ag,10.1002/aoc.3655,2.06,0.6262054923769772,1.433794507623023
MLDB-004908,LOGO,group 11,mono,Cu,10.1016/s0969-8051(97)00164-9,-0.13,-0.12270681901104137,0.0072931809889586335
MLDB-000022,LOGO,group 7,mono,Re,10.1002/anie.202008624,1.86,0.7914522296806997,1.0685477703193005
MLDB-000023,LOGO,group 7,mono,Re,10.1002/anie.202008624,2.01,1.2891400801416595,0.7208599198583403
MLDB-000024,LOGO,group 7,mono,Re,10.1002/anie.202008624,2.51,1.3681766561364301,1.1418233438635697
MLDB-000102,LOGO,group 7,mono,Re,10.1002/chem.201505160,-1.09,-0.2591101977750986,0.8308898022249015
MLDB-000103,LOGO,group 7,mono,Re,10.1002/chem.201505160,2.86,1.0896100791459071,1.7703899208540927
MLDB-000104,LOGO,group 7,multi,Re,10.1002/chem.201505160,-0.67,-0.8296152393821304,0.1596152393821304
MLDB-000105,LOGO,group 7,multi,Re,10.1002/chem.201505160,3.12,0.8932737020710185,2.2267262979289817
MLDB-000232,LOGO,group 7,mono,Re,10.1007/s00775-020-01827-7,-0.21,-0.8529287548674525,0.6429287548674525
MLDB-000233,LOGO,group 7,mono,Re,10.1007/s00775-020-01827-7,-0.14,-0.5232959903497469,0.38329599034974693
MLDB-000234,LOGO,group 7,mono,Re,10.1007/s00775-020-01827-7,0.38,-0.6139852608266159,0.9939852608266159
MLDB-000390,LOGO,group 7,mono,Re,10.1016/j.jinorgbio.2010.02.004,-1.84,-0.9745146170309692,0.8654853829690309
MLDB-000485,LOGO,group 7,mono,Re,10.1016/j.jinorgbio.2021.111537,0.66,-0.5040222750763709,1.164022275076371
MLDB-000486,LOGO,group 7,mono,Re,10.1016/j.jinorgbio.2021.111537,1.08,0.5274523159186634,0.5525476840813367
MLDB-000487,LOGO,group 7,mono,Re,10.1016/j.jinorgbio.2021.111537,1.54,1.104632966132876,0.43536703386712405
MLDB-000488,LOGO,group 7,mono,Re,10.1016/j.jinorgbio.2021.111537,1.96,2.0761361353069887,0.11613613530698874
MLDB-000690,LOGO,group 7,mono,Re,10.1021/acs.inorgchem.1c00418,1.73,0.7386587757663877,0.9913412242336123
MLDB-000691,LOGO,group 7,mono,Re,10.1021/acs.inorgchem.1c00418,0.94,-0.5435844475082962,1.4835844475082962
MLDB-000692,LOGO,group 7,mono,Re,10.1021/acs.inorgchem.1c00418,0.71,-0.5435844475082962,1.2535844475082962
MLDB-000693,LOGO,group 7,mono,Re,10.1021/acs.inorgchem.1c00418,0.79,-0.5435844475082962,1.3335844475082963
MLDB-000694,LOGO,group 7,mono,Re,10.1021/acs.inorgchem.1c00418,-0.17,-0.4079177103750593,0.2379177103750593
MLDB-000947,LOGO,group 7,mono,Re,10.1021/ic301948d,0.81,0.11857373110591948,0.6914262688940805
MLDB-000948,LOGO,group 7,mono,Re,10.1021/ic301948d,1.09,0.2304704341226502,0.8595295658773499
MLDB-000949,LOGO,group 7,mono,Re,10.1021/ic301948d,2.04,1.4304189264170257,0.6095810735829743
MLDB-000950,LOGO,group 7,mono,Re,10.1021/ic301948d,1.37,0.01550371625110846,1.3544962837488916
MLDB-000993,LOGO,group 7,mono,Re,10.1021/ml500158w,-0.36,-0.129237889977694,0.23076211002230598
MLDB-001230,LOGO,group 7,mono,Re,10.1039/c9dt02198a,1.55,0.38304325278276813,1.166956747217232
MLDB-001231,LOGO,group 7,mono,Re,10.1039/c9dt02198a,2.1,0.6298574769759393,1.4701425230240608
MLDB-001232,LOGO,group 7,mono,Re,10.1039/c9dt02198a,1.49,0.5293369928639244,0.9606630071360756
MLDB-001233,LOGO,group 7,mono,Re,10.1039/c9dt02198a,1.25,0.5428336226273023,0.7071663773726977
MLDB-001500,LOGO,group 7,mono,Re,10.3390/inorganics11040142,-0.11,-0.2064974892816348,0.0964974892816348
MLDB-001501,LOGO,group 7,mono,Re,10.3390/inorganics11040142,0.65,1.2651220684886266,0.6151220684886266
MLDB-002392,LOGO,group 7,mono,Mn,10.1039/d2md00394e,1.166,0.1527713649082732,1.0132286350917268
MLDB-002455,LOGO,group 7,multi,Mn,10.1021/acs.jmedchem.5c03122,-0.95,-0.5641083874264355,0.3858916125735644
MLDB-002514,LOGO,group 7,mono,Mn,10.1021/acs.jmedchem.6b01799,-1.84,-0.6305122475476098,1.2094877524523904
MLDB-002515,LOGO,group 7,mono,Mn,10.1021/acs.jmedchem.6b01799,-2.72,-2.8106373161807228,0.09063731618072257
MLDB-002516,LOGO,group 7,mono,Mn,10.1021/acs.jmedchem.6b01799,-3.07,-1.1749673187938283,1.8950326812061715
MLDB-002518,LOGO,group 7,mono,Mn,10.1016/j.jinorgbio.2010.06.012,0.67,0.3880258205533823,0.28197417944661773
MLDB-002519,LOGO,group 7,mono,Mn,10.1016/j.jinorgbio.2010.06.012,-1.31,-0.3168038423996188,0.9931961576003813
MLDB-002520,LOGO,group 7,mono,Mn,10.1016/j.jinorgbio.2010.06.012,-0.4,-0.40090929555763055,0.0009092955576305295
MLDB-002521,LOGO,group 7,mono,Mn,10.1039/c9mt00224c,0.48,-0.26566387519981394,0.7456638751998139
MLDB-002522,LOGO,group 7,mono,Mn,10.1039/c9mt00224c,0.43,0.2152563696474583,0.21474363035254168
MLDB-002523,LOGO,group 7,mono,Mn,10.1039/c9mt00224c,1.68,0.7230224801545398,0.9569775198454601
MLDB-002524,LOGO,group 7,mono,Mn,10.1039/c9mt00224c,1.66,1.2324395196147873,0.42756048038521266
MLDB-002525,LOGO,group 7,mono,Mn,10.1021/jacs.5b13337,-0.76,0.8449255474314878,1.6049255474314879
MLDB-002526,LOGO,group 7,mono,Mn,10.1021/jacs.5b13337,0.15,1.0535555772045981,0.9035555772045981
MLDB-002527,LOGO,group 7,mono,Mn,10.1021/jacs.5b13337,1.25,0.9507244107912127,0.2992755892087873
MLDB-002528,LOGO,group 7,mono,Mn,10.1002/ejic.201200115,0.87,-0.9637139796874152,1.8337139796874151
MLDB-002529,LOGO,group 7,mono,Mn,10.1002/ejic.201200115,0.83,-0.675794604520706,1.505794604520706
MLDB-002530,LOGO,group 7,mono,Mn,10.1002/ejic.201200115,-0.52,-0.7395274027946661,0.2195274027946661
MLDB-002535,LOGO,group 7,mono,Mn,10.1021/acs.bioconjchem.8b00560,-2.33,-0.7107021658835815,1.6192978341164186
MLDB-002538,LOGO,group 7,mono,Mn,10.1142/s1088424623500475,1.82,0.693084963953672,1.126915036046328
MLDB-002539,LOGO,group 7,mono,Mn,10.1021/acsami.4c22606,0.83,0.2151683112279554,0.6148316887720445
MLDB-002540,LOGO,group 7,mono,Mn,10.1021/acsami.4c22606,1.11,0.34385177942926026,0.7661482205707398
MLDB-002541,LOGO,group 7,mono,Mn,10.1021/acsami.4c22606,1.18,0.5536686125699276,0.6263313874300723
MLDB-002542,LOGO,group 7,mono,Mn,10.1021/acsami.4c22606,1.38,0.797154313163042,0.5828456868369579
MLDB-002543,LOGO,group 7,mono,Mn,10.3390/ph16040602,-0.93,-0.25653145844392866,0.6734685415560714
MLDB-002564,LOGO,group 7,multi,Mn,10.1038/s41598-025-33889-5,1.272,0.9519699744033081,0.3200300255966919
MLDB-002688,LOGO,group 7,multi,Re,10.1021/acs.jmedchem.5c00523,1.202,-0.23516164439878603,1.437161644398786
MLDB-002691,LOGO,group 7,multi,Re,10.1021/acs.jmedchem.5c00523,1.668,0.06578912411784264,1.6022108758821574
MLDB-002716,LOGO,group 7,multi,Re,10.1021/acs.jmedchem.4c00406,2.39,-0.34920514426636595,2.739205144266366
MLDB-002719,LOGO,group 7,multi,Re,10.1021/acs.jmedchem.4c00406,1.359,-0.3296919462628271,1.6886919462628271
MLDB-003464,LOGO,group 7,mono,Re,10.1021/acs.inorgchem.3c00730,1.84,-0.29449088922813094,2.134490889228131
MLDB-003465,LOGO,group 7,mono,Re,10.1021/acs.inorgchem.3c00730,1.95,-0.07412877977927596,2.024128779779276
MLDB-003466,LOGO,group 7,mono,Re,10.1021/acs.inorgchem.3c00730,1.93,-0.05874696889918307,1.988746968899183
MLDB-003467,LOGO,group 7,mono,Re,10.1021/acs.inorgchem.3c00730,1.56,-0.08843137438032961,1.6484313743803296
MLDB-003468,LOGO,group 7,mono,Re,10.1021/acs.inorgchem.3c00730,1.84,-0.3138595770181257,2.153859577018126
MLDB-003469,LOGO,group 7,mono,Re,10.1021/acs.inorgchem.3c00730,1.79,-0.27483081741623533,2.0648308174162353
MLDB-003470,LOGO,group 7,mono,Re,10.1021/acs.inorgchem.3c00730,2.01,-0.2550138959582132,2.265013895958213
MLDB-003471,LOGO,group 7,mono,Re,10.1021/acs.inorgchem.3c00730,1.62,-0.46041126542980443,2.0804112654298046
MLDB-003481,LOGO,group 7,multi,Re,10.1002/chem.202400217,0.8,1.4288031517121547,0.6288031517121546
MLDB-003482,LOGO,group 7,multi,Re,10.1002/chem.202400217,0.9,1.3431885457249522,0.44318854572495214
MLDB-003483,LOGO,group 7,multi,Re,10.1002/chem.202400217,0.7,1.228511156783925,0.5285111567839251
MLDB-003484,LOGO,group 7,mono,Re,10.1002/chem.202401720,0.78,-0.20680891097652346,0.9868089109765235
MLDB-003485,LOGO,group 7,mono,Re,10.1002/chem.202401720,0.82,-0.03772837522076844,0.8577283752207684
MLDB-003486,LOGO,group 7,mono,Re,10.1002/chem.202401720,0.61,0.047264080543434304,0.5627359194565656
MLDB-003487,LOGO,group 7,mono,Re,10.1002/chem.202401720,0.93,0.005215908953040622,0.9247840910469595
MLDB-003488,LOGO,group 7,mono,Re,10.1002/chem.202401720,1.18,0.17125773355505194,1.008742266444948
MLDB-003489,LOGO,group 7,mono,Re,10.1002/chem.202401720,1.34,0.26262145612087395,1.0773785438791261
MLDB-003490,LOGO,group 7,mono,Tc,10.1016/j.bmc.2022.117012,1.6,1.3001181566119775,0.2998818433880226
MLDB-003491,LOGO,group 7,mono,Tc,10.1016/j.bmc.2022.117012,2.2,1.302217817015619,0.8977821829843813
MLDB-003492,LOGO,group 7,mono,Tc,10.1016/j.bmc.2022.117012,2.03,1.2591902129294583,0.7708097870705415
MLDB-003493,LOGO,group 7,mono,Tc,10.1016/j.bmc.2022.117012,2.81,1.398774161586526,1.4112258384134742
MLDB-003494,LOGO,group 7,mono,Tc,10.1016/j.poly.2024.117236,2.9,0.7120394473746511,2.187960552625349
MLDB-003495,LOGO,group 7,mono,Tc,10.1016/j.poly.2024.117236,3.1,1.1602199368497026,1.9397800631502975
MLDB-003523,LOGO,group 7,mono,Re,10.1021/acsami.7b01764,-0.46,0.0181245004661248,0.4781245004661248
MLDB-003524,LOGO,group 7,mono,Re,10.1021/acsami.7b01764,0.03,-0.18948313429443797,0.21948313429443797
MLDB-003525,LOGO,group 7,mono,Re,10.1021/acsami.7b01764,-0.06,0.2039896885734951,0.2639896885734951
MLDB-003526,LOGO,group 7,mono,Re,10.1021/acsami.7b01764,-0.11,-0.25841840689070456,0.14841840689070457
MLDB-003527,LOGO,group 7,mono,Re,10.1021/acsami.7b01764,0.75,1.0293891970353772,0.27938919703537723
MLDB-003528,LOGO,group 7,mono,Re,10.1021/acsami.7b01764,0.6,0.899749979480409,0.29974997948040905
MLDB-003529,LOGO,group 7,mono,Re,10.1021/acsami.7b01764,0.58,1.0395402753026315,0.45954027530263153
MLDB-003530,LOGO,group 7,mono,Re,10.1021/acsami.7b01764,0.84,0.8437967265766464,0.0037967265766464253
MLDB-003610,LOGO,group 7,mono,Tc,10.1039/c7dt00043j,0.57,0.28115947348292814,0.2888405265170718
MLDB-003666,LOGO,group 7,mono,Re,10.1039/d4dt02992e,-0.3,-0.5191805525474922,0.2191805525474922
MLDB-003668,LOGO,group 7,mono,Tc,10.1039/c5ob00124b,1.98,0.39406928729156643,1.5859307127084334
MLDB-003669,LOGO,group 7,mono,Tc,10.1039/c5ob00124b,2.01,0.47781886953141833,1.5321811304685815
MLDB-003670,LOGO,group 7,mono,Tc,10.1039/c5ob00124b,1.95,0.5306644535194055,1.4193355464805943
MLDB-003671,LOGO,group 7,mono,Tc,10.1039/c5ob00124b,2.32,0.6120787903240187,1.7079212096759813
MLDB-003871,LOGO,group 7,mono,Re,10.1016/j.jinorgbio.2024.112600,-0.39,0.0181245004661248,0.4081245004661248
MLDB-003872,LOGO,group 7,mono,Re,10.1016/j.jinorgbio.2024.112600,-0.15,0.44100388767771953,0.5910038876777195
MLDB-003873,LOGO,group 7,mono,Re,10.1016/j.jinorgbio.2024.112600,0.65,0.5482953577592534,0.1017046422407466
MLDB-003874,LOGO,group 7,mono,Re,10.1021/acs.inorgchem.3c03110,0.3,-0.7599347597515359,1.0599347597515358
MLDB-003875,LOGO,group 7,mono,Re,10.1021/acs.inorgchem.3c03110,0.5,-0.4321802566948752,0.9321802566948751
MLDB-003876,LOGO,group 7,mono,Re,10.1021/acs.inorgchem.3c03110,1.6,0.09256826254904456,1.5074317374509556
MLDB-003898,LOGO,group 7,mono,Re,10.1021/acsomega.3c01639,0.318,0.4200362371263548,0.10203623712635479
MLDB-003919,LOGO,group 7,mono,Re,10.1093/mtomcs/mfac008,-0.95,-0.7830433416905735,0.1669566583094264
MLDB-003920,LOGO,group 7,mono,Re,10.1093/mtomcs/mfac008,-0.75,0.06467697976576436,0.8146769797657644
MLDB-003921,LOGO,group 7,mono,Re,10.1093/mtomcs/mfac008,-0.26,-0.21794718486486983,0.04205281513513018
MLDB-003925,LOGO,group 7,mono,Re,10.1039/d3dt04383e,1.23,0.02340394999019492,1.206596050009805
MLDB-003926,LOGO,group 7,mono,Re,10.1039/d3dt04383e,1.44,-0.03772837522076844,1.4777283752207684
MLDB-003927,LOGO,group 7,mono,Re,10.1039/d3dt04383e,1.68,-0.31286247228906255,1.9928624722890624
MLDB-003928,LOGO,group 7,mono,Re,10.1039/d3dt04383e,1.39,-0.08882992000135437,1.4788299200013544
MLDB-003929,LOGO,group 7,mono,Re,10.1039/d3dt04383e,1.48,0.22208935345552347,1.2579106465444765
MLDB-003930,LOGO,group 7,mono,Re,10.1039/d3dt04383e,1.6,0.29424539633868513,1.305754603661315
MLDB-004054,LOGO,group 7,mono,Re,10.1021/acs.jmedchem.5c02400,0.5196,-0.14854041412145025,0.6681404141214502
MLDB-004105,LOGO,group 7,mono,Re,10.1039/d3dt01667f,0.1669,0.18860978967110317,0.02170978967110318
MLDB-004106,LOGO,group 7,multi,Re,10.1021/acsomega.2c08285,0.22,-0.6129010945685895,0.8329010945685895
MLDB-004176,LOGO,group 7,mono,Re,10.1039/d3qi01653f,0.3,-0.8230390245175252,1.1230390245175252
MLDB-004177,LOGO,group 7,mono,Re,10.1039/d3qi01653f,0.6,-0.8483282567167114,1.4483282567167115
MLDB-004178,LOGO,group 7,mono,Re,10.1039/d3qi01653f,-0.5,-1.160108942040419,0.6601089420404189
MLDB-004315,LOGO,group 7,mono,Re,10.1039/d6dt00710d,-1.3,-1.3117688777851084,0.011768877785108378
MLDB-004316,LOGO,group 7,mono,Re,10.1039/d6dt00710d,-0.13,-0.7573900379168845,0.6273900379168845
MLDB-004317,LOGO,group 7,mono,Re,10.1039/d6dt00710d,0.3,-0.23886855071837132,0.5388685507183713
MLDB-004318,LOGO,group 7,mono,Re,10.1039/d6dt00710d,0.45,-0.5079490259095061,0.957949025909506
MLDB-004505,LOGO,group 7,mono,Re,10.1021/acs.jmedchem.5c02210,1.32,0.44364671529065575,0.8763532847093443
MLDB-004509,LOGO,group 7,mono,Re,10.1093/mtomcs/mfag002,1.46,-0.029759928732607233,1.489759928732607
MLDB-004510,LOGO,group 7,mono,Re,10.1093/mtomcs/mfag002,0.99,-0.12972754235330566,1.1197275423533057
MLDB-004511,LOGO,group 7,mono,Re,10.1093/mtomcs/mfag002,1.23,0.2823535923794802,0.9476464076205198
MLDB-004512,LOGO,group 7,mono,Re,10.1093/mtomcs/mfag002,1.72,0.1976187038688883,1.5223812961311116
MLDB-004513,LOGO,group 7,mono,Re,10.1093/mtomcs/mfag002,1.25,0.08005268261612408,1.169947317383876
MLDB-004514,LOGO,group 7,mono,Re,10.1093/mtomcs/mfag002,1.38,0.1597654792263919,1.220234520773608
MLDB-004515,LOGO,group 7,mono,Re,10.1093/mtomcs/mfag002,1.43,0.20237968322440403,1.227620316775596
MLDB-004527,LOGO,group 7,mono,Re,10.1021/acsomega.5c06647,1.61,0.9835655128911688,0.6264344871088313
MLDB-004528,LOGO,group 7,mono,Re,10.1021/acsomega.5c06647,1.67,0.8990966323882671,0.7709033676117328
MLDB-004529,LOGO,group 7,mono,Re,10.1021/acsomega.5c06647,1.71,0.9933980199911109,0.7166019800088891
MLDB-004530,LOGO,group 7,mono,Re,10.1021/acsomega.5c06647,1.71,1.036641378021691,0.673358621978309
MLDB-004708,LOGO,group 7,mono,Mn,10.1016/j.jinorgbio.2026.113228,-2.06,-2.039511923194687,0.02048807680531306
MLDB-004828,LOGO,group 7,mono,Tc,10.1021/jm800530p,-1.67,-0.8814709212060367,0.7885290787939633
MLDB-004829,LOGO,group 7,mono,Tc,10.1021/jm800530p,-1.08,-1.160465015479396,0.080465015479396
MLDB-004830,LOGO,group 7,mono,Tc,10.1021/jm800530p,-0.42,-0.43317988453090905,0.01317988453090907
MLDB-004831,LOGO,group 7,mono,Tc,10.1021/jm800530p,-0.31,-0.4458482871753018,0.13584828717530179
MLDB-004832,LOGO,group 7,mono,Tc,10.1021/jm800530p,0.42,-0.35328226173148536,0.7732822617314854
MLDB-004833,LOGO,group 7,mono,Tc,10.1021/jm800530p,1.11,0.05141482356892291,1.0585851764310772
MLDB-004834,LOGO,group 7,mono,Tc,10.1021/acsomega.5c07584,-1.2,0.6561648222768938,1.8561648222768938
MLDB-004835,LOGO,group 7,mono,Tc,10.1021/acsomega.5c07584,-1.22,0.6561648222768938,1.8761648222768939
MLDB-004836,LOGO,group 7,mono,Tc,10.1021/acsomega.5c07584,-1.14,0.1661387858493359,1.3061387858493358
MLDB-004837,LOGO,group 7,mono,Tc,10.1021/acsomega.5c07584,-1.12,0.1661387858493359,1.286138785849336
MLDB-004838,LOGO,group 7,mono,Tc,10.1021/acsomega.5c07584,0.49,0.39539234006106033,0.09460765993893966
MLDB-004839,LOGO,group 7,mono,Tc,10.1021/acsomega.5c07584,0.46,0.39539234006106033,0.06460765993893969
MLDB-004840,LOGO,group 7,mono,Tc,10.1021/acsomega.5c07584,0.7,0.38943736175060817,0.3105626382493918
MLDB-004841,LOGO,group 7,mono,Tc,10.1021/acsomega.5c07584,0.79,0.38943736175060817,0.40056263824939187
MLDB-004842,LOGO,group 7,mono,Tc,10.1021/acs.inorgchem.1c01992,1.54,0.9888348833243559,0.5511651166756442
MLDB-004843,LOGO,group 7,mono,Tc,10.1021/acs.inorgchem.1c01992,2.04,1.0307471280054923,1.0092528719945077
MLDB-004844,LOGO,group 7,mono,Re,10.1021/acs.inorgchem.3c01934,-1.9,-0.3912930143260824,1.5087069856739175
MLDB-004845,LOGO,group 7,mono,Tc,10.1021/acs.inorgchem.3c01934,-2.2,-0.47343550385506183,1.7265644961449382
MLDB-004846,LOGO,group 7,mono,Re,10.1021/acs.inorgchem.3c01934,-0.1,-0.33709664573896725,0.23709664573896724
MLDB-004847,LOGO,group 7,mono,Tc,10.1021/acs.inorgchem.3c01934,-0.2,-0.42601344625665594,0.22601344625665593
MLDB-004848,LOGO,group 7,mono,Re,10.1021/acs.inorgchem.3c01934,-0.02,-0.36307165179325507,0.34307165179325505
MLDB-004849,LOGO,group 7,mono,Tc,10.1021/acs.inorgchem.3c01934,-0.08,-0.43949051650576537,0.35949051650576536
MLDB-004850,LOGO,group 7,mono,Re,10.1021/acs.inorgchem.3c01934,0.22,-0.14229550591473292,0.3622955059147329
MLDB-004851,LOGO,group 7,mono,Tc,10.1021/acs.inorgchem.3c01934,0.2,-0.23583364071388258,0.4358336407138826
MLDB-004852,LOGO,group 7,mono,Re,10.1021/acs.inorgchem.3c01934,0.42,-0.10774419275053898,0.527744192750539
MLDB-004853,LOGO,group 7,mono,Tc,10.1021/acs.inorgchem.3c01934,0.35,-0.19666099326822817,0.5466609932682281
MLDB-004854,LOGO,group 7,mono,Re,10.1021/acs.inorgchem.3c01934,1.12,0.22561142297420508,0.894388577025795
MLDB-004855,LOGO,group 7,mono,Tc,10.1021/acs.inorgchem.3c01934,0.88,0.1291338850288486,0.7508661149711514
MLDB-004856,LOGO,group 7,mono,Tc,10.1021/acsomega.4c05699,-1.15,-0.3184397344341792,0.8315602655658207
MLDB-004857,LOGO,group 7,mono,Tc,10.1021/acsomega.4c05699,-0.27,-0.5830309674646158,0.3130309674646158
MLDB-004858,LOGO,group 7,mono,Re,10.1021/acsomega.4c05699,-1.04,-0.32066790441842813,0.7193320955815719
MLDB-004859,LOGO,group 7,mono,Re,10.1021/acsomega.4c05699,-0.19,-0.5178853502251589,0.3278853502251589
MLDB-004860,LOGO,group 7,mono,Tc,10.1016/j.jorganchem.2025.123986,3.72,0.32817152118935367,3.3918284788106465
MLDB-004861,LOGO,group 7,mono,Tc,10.1016/j.jorganchem.2025.123986,2.94,0.6873515574106296,2.2526484425893702
MLDB-004862,LOGO,group 7,mono,Tc,10.1016/j.jorganchem.2025.123986,3.99,1.1478907094658204,2.8421092905341796
MLDB-004863,LOGO,group 7,mono,Tc,10.1007/s13139-026-01041-4,0.72,-0.1194668963696404,0.8394668963696403
MLDB-004864,LOGO,group 7,mono,Tc,10.1007/s13139-026-01041-4,0.43,-0.39219086715060647,0.8221908671506064
MLDB-004865,LOGO,group 7,mono,Tc,10.3390/pharmaceutics16091213,3.2,1.0101976870967517,2.1898023129032484
MLDB-004866,LOGO,group 7,mono,Tc,10.1021/acs.inorgchem.3c02650,0.84,0.5475334616391484,0.29246653836085157
MLDB-004867,LOGO,group 7,mono,Tc,10.1021/acs.inorgchem.3c02650,0.97,0.579693719247871,0.3903062807521289
MLDB-004868,LOGO,group 7,mono,Tc,10.1021/acs.inorgchem.3c02650,1.05,0.6814745615497156,0.3685254384502844
MLDB-004869,LOGO,group 7,mono,Tc,10.1021/acs.inorgchem.3c02650,0.95,0.6525339624139285,0.2974660375860715
MLDB-004870,LOGO,group 7,mono,Tc,10.1021/acs.inorgchem.3c02650,0.82,1.2355133165501113,0.41551331655011137
MLDB-004871,LOGO,group 7,mono,Tc,10.3390/pharmaceutics17010100,1.03,0.6348222394841639,0.3951777605158361
MLDB-004872,LOGO,group 7,mono,Tc,10.3390/inorganics13110368,0.39,-0.41134683173569697,0.801346831735697
MLDB-004873,LOGO,group 7,mono,Tc,10.3390/inorganics13110368,1.62,0.6733567744982468,0.9466432255017533
MLDB-004874,LOGO,group 7,mono,Tc,10.3390/inorganics13110368,1.98,0.4019436916777673,1.5780563083222328
MLDB-004875,LOGO,group 7,mono,Tc,10.3390/inorganics13110368,0.89,0.581698374387128,0.308301625612872
MLDB-004876,LOGO,group 7,mono,Re,10.1021/acs.jmedchem.5c01760,1.07,-0.15632209468395417,1.2263220946839541
MLDB-004877,LOGO,group 7,mono,Tc,10.1016/j.heliyon.2023.e13169,-0.77134,0.6194046315105682,1.3907446315105683
MLDB-004878,LOGO,group 7,mono,Tc,10.3390/pharmaceutics16091210,1.2,0.6467171942235059,0.553282805776494
MLDB-004879,LOGO,group 7,mono,Tc,10.3390/pharmaceutics16091210,2.3,0.6677503923730547,1.632249607626945
MLDB-004880,LOGO,group 7,mono,Tc,10.3390/pharmaceutics16091210,2.7,0.48560657616775105,2.214393423832249
MLDB-004881,LOGO,group 7,mono,Tc,10.3390/pharmaceutics16091210,1.8,0.7042958111733998,1.0957041888266001
MLDB-004882,LOGO,group 7,mono,Tc,10.3390/pharmaceutics16091210,2.0,0.6568592046882007,1.3431407953117993
MLDB-004883,LOGO,group 7,mono,Tc,10.3390/pharmaceutics16091210,1.6,0.0482324483648708,1.5517675516351292
MLDB-004884,LOGO,group 7,mono,Tc,10.1016/j.ejmcr.2024.100182,2.09,0.5324877668332962,1.5575122331667037
MLDB-004885,LOGO,group 7,mono,Tc,10.3390/molecules28020820,1.2,0.10548442580431283,1.0945155741956871
MLDB-004886,LOGO,group 7,mono,Tc,10.3390/molecules28020820,0.75,0.5557948257441698,0.19420517425583017
MLDB-004887,LOGO,group 7,mono,Tc,10.3390/molecules28020820,1.5,0.5398604734634143,0.9601395265365857
MLDB-004888,LOGO,group 7,mono,Tc,10.3390/molecules28020820,1.1,0.501943519271677,0.5980564807283231
MLDB-004889,LOGO,group 7,mono,Tc,10.3390/ph16091276,-2.7,-0.8049825084141743,1.895017491585826
MLDB-004890,LOGO,group 7,mono,Tc,10.3390/ph16091276,-0.18,0.3915943580771894,0.5715943580771894
MLDB-004891,LOGO,group 7,mono,Tc,10.3390/ph16091276,-0.06,0.7380975161476309,0.7980975161476309
MLDB-004892,LOGO,group 7,mono,Tc,10.3390/ph16091276,0.1,1.0252638758487547,0.9252638758487547
MLDB-004893,LOGO,group 7,mono,Tc,10.3390/ph16091276,0.24,1.5661316163462338,1.3261316163462338
MLDB-004894,LOGO,group 7,mono,Tc,10.3390/inorganics12090254,2.45,0.5003891667503827,1.9496108332496176
MLDB-004895,LOGO,group 7,mono,Tc,10.3390/inorganics12090254,2.27,0.10679037516887131,2.1632096248311288
MLDB-004896,LOGO,group 7,mono,Tc,10.1021/acs.jmedchem.4c01425,-2.75,-0.9664319297337168,1.7835680702662833
MLDB-004897,LOGO,group 7,mono,Tc,10.1021/acs.jmedchem.4c01425,-2.34,-0.8832902718703356,1.4567097281296641
MLDB-004898,LOGO,group 7,mono,Tc,10.1021/acs.jmedchem.4c01425,-1.76,-0.7816711907010736,0.9783288092989264
MLDB-004899,LOGO,group 7,mono,Re,10.1016/j.nucmedbio.2022.01.004,-3.11,-0.43593201841828066,2.674067981581719
MLDB-004900,LOGO,group 7,mono,Tc,10.1016/j.nucmedbio.2022.01.004,-3.23,-0.5352888714864266,2.6947111285135734
MLDB-004901,LOGO,group 7,mono,Re,10.1016/j.nucmedbio.2022.01.004,-2.1,-0.36839549643961655,1.7316045035603835
MLDB-004902,LOGO,group 7,mono,Tc,10.1016/j.nucmedbio.2022.01.004,-2.1,-0.3441961437393213,1.7558038562606788
MLDB-004903,LOGO,group 7,mono,Tc,10.1007/s10967-022-08363-5,-4.0,0.07584364093779283,4.0758436409377925
MLDB-004904,LOGO,group 7,mono,Tc,10.1007/s10967-025-10080-8,0.98,0.8859208472648793,0.09407915273512069
MLDB-004905,LOGO,group 7,mono,Tc,10.1007/s10967-025-10080-8,1.65,1.032072256481682,0.6179277435183179
MLDB-004909,LOGO,group 7,mono,Tc,10.1016/j.ejmech.2013.08.005,0.433,0.06131494827202356,0.37168505172797645
MLDB-004910,LOGO,group 7,mono,Tc,10.1016/j.jinorgbio.2012.03.001,1.08,0.9426102439754271,0.13738975602457293
MLDB-004911,LOGO,group 7,mono,Tc,10.1016/j.jinorgbio.2012.03.001,1.25,0.15840010914414768,1.0915998908558524
MLDB-004912,LOGO,group 7,mono,Tc,10.3390/molecules26020441,-0.75,0.6387434489355117,1.3887434489355117
MLDB-004913,LOGO,group 7,mono,Tc,10.3390/molecules26020441,0.52,-0.09391295977223411,0.6139129597722341
MLDB-004914,LOGO,group 7,mono,Tc,10.3390/molecules26020441,0.45,0.38109506559044914,0.06890493440955087
MLDB-004915,LOGO,group 7,mono,Tc,10.1021/jm3014184,2.89,0.9416050266079258,1.9483949733920745
MLDB-004916,LOGO,group 7,mono,Tc,10.1021/jm3014184,3.61,1.2200200836883097,2.38997991631169
MLDB-004917,LOGO,group 7,mono,Tc,10.1021/jm3014184,3.45,1.2200200836883097,2.2299799163116907
MLDB-004918,LOGO,group 7,mono,Tc,10.1016/j.nucmedbio.2012.07.005,0.55,-1.7249820753778873,2.2749820753778875
MLDB-004919,LOGO,group 7,mono,Tc,10.1039/c8md00146d,-2.65,-0.8298374802966217,1.8201625197033782
MLDB-004920,LOGO,group 7,mono,Tc,10.1039/c8md00146d,-1.99,-0.49560785217166853,1.4943921478283315
MLDB-004921,LOGO,group 7,mono,Tc,10.1039/c8md00146d,-1.27,-0.2813701219365672,0.9886298780634328
MLDB-004922,LOGO,group 7,mono,Tc,10.1039/c8md00146d,-0.44,-0.039218134696507506,0.40078186530349247
MLDB-004923,LOGO,group 7,mono,Tc,10.1007/s10967-017-5617-z,-3.5,-1.0484401048534049,2.451559895146595
MLDB-004924,LOGO,group 7,mono,Tc,10.1002/aoc.5798,-2.21,0.07870611510274458,2.2887061151027446
MLDB-004925,LOGO,group 7,mono,Tc,10.1002/aoc.5798,-1.22,0.1340225488328784,1.3540225488328783
MLDB-004926,LOGO,group 7,mono,Tc,10.1021/jm5009488,2.24,0.26035104604083364,1.9796489539591666
MLDB-004927,LOGO,group 7,mono,Tc,10.1021/jm5009488,2.68,0.24271322845622365,2.4372867715437767
MLDB-004928,LOGO,group 7,mono,Tc,10.1021/jm5009488,3.09,-0.14725837543180229,3.2372583754318023
MLDB-004929,LOGO,group 7,mono,Tc,10.1016/j.bmcl.2012.08.083,2.52,0.08670656961014919,2.433293430389851
MLDB-004930,LOGO,group 7,mono,Tc,10.1002/jlcr.1438,1.49,1.3828602635832512,0.10713973641674879
MLDB-004931,LOGO,group 7,mono,Tc,10.1039/c7md00635g,-3.71,-0.6580291940043881,3.051970805995612
MLDB-004932,LOGO,group 7,mono,Tc,10.1039/c7md00635g,-1.31,-0.7739161163981373,0.5360838836018628
MLDB-004933,LOGO,group 7,mono,Tc,10.3390/pharmaceutics13040518,-2.43,1.0359408623342952,3.4659408623342953
MLDB-004934,LOGO,group 7,mono,Tc,10.3390/pharmaceutics13040518,-1.75,1.0548230116167678,2.804823011616768
MLDB-004935,LOGO,group 7,mono,Tc,10.3390/molecules26154552,-1.92,0.9155541129293807,2.8355541129293806
MLDB-004936,LOGO,group 7,mono,Tc,10.3390/molecules26154552,-2.28,0.14289925062375178,2.4228992506237517
MLDB-004937,LOGO,group 7,mono,Tc,10.1007/s10967-019-07005-7,-1.22,-0.11018102805152369,1.1098189719484763
MLDB-004938,LOGO,group 7,mono,Tc,10.1007/s10967-019-07005-7,-0.72,0.13464569227826248,0.8546456922782625
MLDB-005085,LOGO,group 7,mono,Tc,10.1021/acs.jmedchem.6b00024,-2.16,0.1957214153143567,2.3557214153143566
MLDB-005086,LOGO,group 7,mono,Tc,10.1021/acs.jmedchem.6b00024,-1.18,0.09415018507297643,1.2741501850729764
MLDB-005087,LOGO,group 7,mono,Tc,10.1021/acs.jmedchem.7b01834,3.04,1.2095886940808902,1.8304113059191098
MLDB-005088,LOGO,group 7,mono,Tc,10.1021/acs.jmedchem.7b01834,3.15,1.1806013769556358,1.969398623044364
MLDB-005089,LOGO,group 7,mono,Tc,10.1021/acs.jmedchem.7b01834,2.88,1.1500658195405846,1.7299341804594153
MLDB-005090,LOGO,group 7,mono,Tc,10.1021/acs.jmedchem.7b01834,2.48,1.0655420606054746,1.4144579393945254
MLDB-005091,LOGO,group 7,mono,Tc,10.1021/acs.jmedchem.5b01378,2.44,0.46660886511488414,1.9733911348851159
MLDB-005092,LOGO,group 7,mono,Tc,10.1021/acs.jmedchem.5b01378,2.61,0.6583200526552142,1.9516799473447857
MLDB-005093,LOGO,group 7,mono,Tc,10.1021/acs.jmedchem.5b01378,2.92,0.7168066484687473,2.2031933515312527
MLDB-005094,LOGO,group 7,mono,Tc,10.1021/acs.jmedchem.5b01378,2.6,0.7168066484687473,1.883193351531253
MLDB-005095,LOGO,group 7,mono,Tc,10.1021/acs.jmedchem.5b01378,1.72,0.2886197438675687,1.4313802561324311
MLDB-005096,LOGO,group 7,mono,Tc,10.1021/acs.jmedchem.8b01191,1.39,1.3443734765019884,0.04562652349801155
MLDB-005097,LOGO,group 7,mono,Tc,10.1021/acs.jmedchem.8b01191,0.92,1.399069784447422,0.479069784447422
MLDB-005098,LOGO,group 7,mono,Tc,10.1021/acs.jmedchem.8b01191,0.97,1.1507796365518084,0.1807796365518084
MLDB-005099,LOGO,group 7,mono,Tc,10.1021/acs.jmedchem.8b01191,0.48,1.3058282146057587,0.8258282146057587
MLDB-005100,LOGO,group 7,mono,Tc,10.1021/acs.jmedchem.8b01949,2.52,0.55730855174972,1.96269144825028
MLDB-005101,LOGO,group 7,mono,Tc,10.1021/acs.jmedchem.8b01949,1.84,0.6330485211559049,1.2069514788440951
MLDB-005102,LOGO,group 7,mono,Tc,10.1021/acs.jmedchem.8b01949,1.5,-0.012921232446164752,1.5129212324461647
MLDB-005103,LOGO,group 7,mono,Tc,10.1021/acs.jmedchem.8b01075,-2.13,-0.33083497713624777,1.7991650228637521
MLDB-005104,LOGO,group 7,mono,Tc,10.1021/acs.jmedchem.8b01075,-2.96,-0.1911056340217369,2.768894365978263
MLDB-005105,LOGO,group 7,mono,Tc,10.1021/acs.jmedchem.8b01075,-2.15,-0.24625001470684518,1.9037499852931548
MLDB-005106,LOGO,group 7,mono,Tc,10.1021/acs.jmedchem.8b01075,-2.92,-0.40000258381196496,2.519997416188035
MLDB-005107,LOGO,group 7,mono,Tc,10.1021/acs.inorgchem.6b00972,1.44,0.09594282478610403,1.344057175213896
MLDB-005108,LOGO,group 7,mono,Tc,10.1021/acs.inorgchem.6b00972,1.87,0.865534413816644,1.0044655861833562
MLDB-005109,LOGO,group 7,mono,Tc,10.1021/acs.molpharmaceut.9b00540,1.476,0.9381550799587378,0.5378449200412622
MLDB-005110,LOGO,group 7,mono,Tc,10.1021/acs.molpharmaceut.9b00540,1.52,0.9764807258298929,0.5435192741701071
MLDB-005111,LOGO,group 7,mono,Tc,10.1021/acs.molpharmaceut.9b00540,1.616,0.9170022281399489,0.6989977718600512
MLDB-005112,LOGO,group 7,mono,Tc,10.1021/acs.molpharmaceut.9b00540,1.681,0.9548444649972216,0.7261555350027784
MLDB-005113,LOGO,group 7,mono,Tc,10.1021/acs.molpharmaceut.1c00816,-1.38,0.8349457514877706,2.2149457514877704
MLDB-005114,LOGO,group 7,mono,Tc,10.1021/acs.molpharmaceut.1c00816,-2.44,0.18067760631214616,2.620677606312146
MLDB-005115,LOGO,group 7,mono,Tc,10.1021/acs.molpharmaceut.1c00816,-1.19,0.47897143111146945,1.6689714311114694
MLDB-005116,LOGO,group 7,mono,Tc,10.1021/acs.molpharmaceut.1c00816,-1.68,0.4353752306854253,2.115375230685425
MLDB-005117,LOGO,group 7,mono,Tc,10.1021/acs.molpharmaceut.1c00816,-2.39,-0.17279490928410768,2.2172050907158924
MLDB-005118,LOGO,group 7,mono,Tc,10.1021/acs.molpharmaceut.1c00816,-1.97,0.22375226998004638,2.1937522699800462
MLDB-005119,LOGO,group 7,mono,Tc,10.1021/acs.molpharmaceut.1c00816,-0.33,0.8363226546749968,1.1663226546749967
MLDB-005120,LOGO,group 7,mono,Tc,10.1021/acs.molpharmaceut.1c00816,-0.51,1.2182009521477581,1.7282009521477582
MLDB-005121,LOGO,group 7,mono,Tc,10.1021/acs.molpharmaceut.1c00816,-1.39,0.6073238056463602,1.99732380564636
MLDB-005122,LOGO,group 7,mono,Tc,10.1021/acs.molpharmaceut.1c00816,0.38,1.1580143945286636,0.7780143945286636
MLDB-005123,LOGO,group 7,mono,Tc,10.1021/acs.molpharmaceut.1c00816,-0.47,0.7120851504058243,1.1820851504058243
MLDB-005124,LOGO,group 7,mono,Tc,10.1021/acs.molpharmaceut.1c00816,-2.33,0.07213386836827763,2.402133868368278
MLDB-005125,LOGO,group 7,mono,Tc,10.1021/acs.molpharmaceut.1c00816,-1.68,-0.0015193210775277539,1.6784806789224722
MLDB-005126,LOGO,group 7,mono,Tc,10.1021/acs.molpharmaceut.1c00816,-0.16,0.43013053936029727,0.5901305393602972
MLDB-005127,LOGO,group 7,mono,Tc,10.1021/acsmedchemlett.7b00294,2.35,0.8476029764697577,1.5023970235302424
MLDB-005128,LOGO,group 7,mono,Tc,10.1021/acs.molpharmaceut.6b00081,-2.44,-0.20492509400521272,2.235074905994787
MLDB-005129,LOGO,group 7,mono,Tc,10.1021/acs.molpharmaceut.6b00081,-2.03,-0.5507275827145841,1.4792724172854157
MLDB-005130,LOGO,group 7,mono,Tc,10.1021/acs.molpharmaceut.6b00081,-3.25,-0.975738113450422,2.274261886549578
MLDB-005131,LOGO,group 7,mono,Tc,10.1021/acs.molpharmaceut.6b00081,-2.41,0.2510568832808551,2.6610568832808554
MLDB-005132,LOGO,group 7,mono,Tc,10.1021/acs.molpharmaceut.1c00712,-0.86,0.5999004459058341,1.4599004459058342
MLDB-005133,LOGO,group 7,mono,Tc,10.1021/acs.molpharmaceut.1c00712,-2.38,0.33777050024683564,2.7177705002468358
MLDB-005134,LOGO,group 7,mono,Tc,10.1021/acs.molpharmaceut.0c00070,-1.88,0.9111171122415813,2.791117112241581
MLDB-005135,LOGO,group 7,mono,Tc,10.1021/acs.molpharmaceut.0c00070,-1.4,0.5859845007022652,1.9859845007022652
MLDB-005136,LOGO,group 7,mono,Tc,10.1016/j.ejmech.2012.02.014,1.12,-0.5052244850009872,1.6252244850009872
MLDB-005137,LOGO,group 7,mono,Tc,10.1016/j.ejmech.2012.02.014,0.87,-0.13795688462651412,1.0079568846265141
MLDB-005138,LOGO,group 7,mono,Tc,10.1016/j.ejmech.2012.02.014,1.1,-0.7471846739194952,1.8471846739194953
MLDB-005139,LOGO,group 7,mono,Tc,10.1016/j.ejmech.2012.02.014,0.0,-0.289061181780749,0.289061181780749
MLDB-005140,LOGO,group 7,mono,Tc,10.1016/j.ejmech.2012.02.014,-0.02,-1.2378375508208839,1.2178375508208839
MLDB-005141,LOGO,group 7,mono,Tc,10.1016/j.ejmech.2015.05.014,1.82,0.6356511096619755,1.1843488903380246
MLDB-005142,LOGO,group 7,mono,Tc,10.1016/j.ejmech.2019.04.069,1.08,-0.08725637184513305,1.1672563718451332
MLDB-005143,LOGO,group 7,mono,Tc,10.1016/j.ejmech.2019.04.069,1.1,-0.17354404765875261,1.2735440476587527
MLDB-005144,LOGO,group 7,mono,Tc,10.1016/j.ejmech.2019.05.065,1.69,-0.2109164144575351,1.900916414457535
MLDB-005145,LOGO,group 7,mono,Tc,10.1016/j.ejmech.2019.05.065,2.11,-0.1996635941761312,2.309663594176131
MLDB-005146,LOGO,group 7,mono,Tc,10.1016/j.ejmech.2019.05.065,1.17,-0.45353210897002777,1.6235321089700276
MLDB-005147,LOGO,group 7,mono,Tc,10.1016/j.ejmech.2019.05.065,1.43,-0.4422792886886238,1.8722792886886237
MLDB-005148,LOGO,group 7,mono,Tc,10.1016/j.ejmech.2013.11.015,1.1,0.5548221168367016,0.5451778831632985
MLDB-005149,LOGO,group 7,mono,Tc,10.1016/j.ejmech.2013.11.015,1.21,-0.2037668772768881,1.413766877276888
MLDB-005150,LOGO,group 7,mono,Tc,10.1016/j.ejmech.2013.11.015,1.13,-0.46274463902781005,1.59274463902781
MLDB-005151,LOGO,group 7,mono,Tc,10.1016/j.ejmech.2013.11.015,1.05,-0.913043498100476,1.963043498100476
MLDB-005152,LOGO,group 7,mono,Tc,10.1021/acs.inorgchem.5b01691,-0.28,-0.11768533535112859,0.16231466464887145
MLDB-005153,LOGO,group 7,mono,Tc,10.1039/c4dt02969k,2.1,0.8087781245666417,1.2912218754333584
MLDB-005154,LOGO,group 7,mono,Tc,10.1039/c4dt02969k,1.7,1.0175663282791196,0.6824336717208803
MLDB-005155,LOGO,group 7,mono,Tc,10.1039/c4dt02969k,1.8,1.4132339695607423,0.3867660304392577
MLDB-005156,LOGO,group 7,mono,Tc,10.1039/c4dt02969k,1.0,1.489679701581599,0.489679701581599
MLDB-005157,LOGO,group 7,mono,Tc,10.1039/c4dt02965h,-2.76,0.5195742261135383,3.279574226113538
MLDB-005158,LOGO,group 7,mono,Tc,10.1039/c4dt02965h,-2.05,-0.44916903611312886,1.600830963886871
MLDB-002550,LOGO,group 13,mono,Ga,10.1002/anie.202307838,0.96,0.8833011729349849,0.07669882706501507
MLDB-002720,LOGO,group 13,mono,Ga,10.1021/acs.jmedchem.5c00969,1.6,1.318338381199967,0.28166161880003315
MLDB-002721,LOGO,group 13,mono,Ga,10.1021/acs.jmedchem.5c03480,0.027,-0.5856175319500458,0.6126175319500459
MLDB-002723,LOGO,group 13,mono,Ga,10.1021/acs.jmedchem.5c03480,0.095,0.0853644423896234,0.0096355576103766
MLDB-002724,LOGO,group 13,mono,Ga,10.1021/acs.jmedchem.5c03480,1.471,-0.16112310005014116,1.6321231000501413
MLDB-002725,LOGO,group 13,mono,Ga,10.1021/acs.jmedchem.5c03480,0.076,-0.22195901625303469,0.29795901625303467
MLDB-002726,LOGO,group 13,mono,Ga,10.1021/acs.jmedchem.5c03480,0.604,0.2504952463031526,0.35350475369684736
MLDB-002727,LOGO,group 13,mono,Ga,10.1002/cbic.202200532,0.27,0.18763688143186,0.08236311856814002
MLDB-002728,LOGO,group 13,mono,Ga,10.1002/cbic.202200532,-0.48,-1.8139490494477317,1.3339490494477317
MLDB-002729,LOGO,group 13,mono,Ga,10.1002/chem.202102207,0.14,0.5368598683204813,0.39685986832048126
MLDB-002730,LOGO,group 13,mono,Ga,10.1002/chem.202102207,0.04,0.6266938248177666,0.5866938248177666
MLDB-002731,LOGO,group 13,mono,Ga,10.1002/chem.202102207,0.09,1.2519466975901496,1.1619466975901496
MLDB-002732,LOGO,group 13,multi,Ga,10.1002/chem.202500747,1.51,0.9740369596011752,0.5359630403988248
MLDB-002733,LOGO,group 13,multi,Ga,10.1002/chem.202500747,1.86,1.1374818743821553,0.7225181256178448
MLDB-002734,LOGO,group 13,multi,Ga,10.1002/chem.202500747,1.9,1.2197094083933078,0.6802905916066921
MLDB-002735,LOGO,group 13,multi,Ga,10.1002/chem.202500747,2.1,1.3446973384823895,0.7553026615176106
MLDB-002736,LOGO,group 13,mono,Ga,10.1016/j.ejmech.2026.118695,0.71,0.30836245931872863,0.40163754068127133
MLDB-002737,LOGO,group 13,mono,Ga,10.1016/j.ejmech.2026.118695,0.12,-0.13870206429578913,0.2587020642957891
MLDB-002738,LOGO,group 13,mono,Ga,10.1016/j.ejmech.2026.118695,0.45,-0.8394737806474811,1.2894737806474812
MLDB-002739,LOGO,group 13,mono,Ga,10.1016/j.ejmech.2026.118695,2.97,1.2278690317007688,1.7421309682992314
MLDB-002740,LOGO,group 13,mono,Ga,10.1016/j.ejmech.2026.118695,1.75,0.482540800469224,1.267459199530776
MLDB-002741,LOGO,group 13,mono,Ga,10.1016/j.ejmech.2026.118695,2.45,0.8802774678692742,1.569722532130726
MLDB-002742,LOGO,group 13,mono,Ga,10.1021/acs.jmedchem.4c00249,1.33,1.8944783120661945,0.5644783120661945
MLDB-002743,LOGO,group 13,mono,Ga,10.1021/acs.jmedchem.4c00249,2.19,2.030525443058858,0.159474556941142
MLDB-002744,LOGO,group 13,mono,Ga,10.1021/acs.jmedchem.4c00249,1.24,2.2639122308866035,1.0239122308866035
MLDB-002745,LOGO,group 13,mono,Ga,10.1021/acs.jmedchem.4c00249,1.86,1.9266605670073986,0.06666056700739853
MLDB-002746,LOGO,group 13,mono,Ga,10.1016/j.jinorgbio.2025.113017,0.577,0.27188149568277237,0.3051185043172276
MLDB-002747,LOGO,group 13,mono,Ga,10.1016/j.jinorgbio.2025.113017,1.048,0.5007083408247188,0.5472916591752812
MLDB-002748,LOGO,group 13,mono,Ga,10.1016/j.jinorgbio.2025.113017,1.275,0.49104392693309334,0.7839560730669066
MLDB-002749,LOGO,group 13,mono,Ga,10.1016/j.jinorgbio.2025.113017,1.068,0.4742625068813793,0.5937374931186208
MLDB-002750,LOGO,group 13,mono,Ga,10.1016/j.jinorgbio.2025.113017,1.204,0.41781052903456684,0.7861894709654331
MLDB-002751,LOGO,group 13,mono,In,10.1016/j.jinorgbio.2025.113024,1.64,0.9453295008982383,0.6946704991017616
MLDB-002752,LOGO,group 13,mono,In,10.1016/j.jinorgbio.2025.113024,1.88,0.9732506137710651,0.9067493862289348
MLDB-002753,LOGO,group 13,mono,In,10.1016/j.jinorgbio.2025.113024,2.43,1.1389296284797572,1.291070371520243
MLDB-002754,LOGO,group 13,mono,In,10.1016/j.jinorgbio.2025.113024,2.46,1.0419738366047149,1.418026163395285
MLDB-002755,LOGO,group 13,mono,In,10.1016/j.jinorgbio.2025.113024,2.77,1.132063136677921,1.637936863322079
MLDB-002756,LOGO,group 13,mono,In,10.1016/j.jinorgbio.2025.113024,1.95,1.0458945492669234,0.9041054507330766
MLDB-002757,LOGO,group 13,mono,In,10.1016/j.jinorgbio.2025.113024,1.59,0.754431507125698,0.8355684928743021
MLDB-002758,LOGO,group 13,mono,In,10.1016/j.jinorgbio.2025.113024,2.66,0.7774446137243093,1.882555386275691
MLDB-002759,LOGO,group 13,mono,In,10.1016/j.jinorgbio.2025.113024,2.73,1.0776033660320032,1.6523966339679967
MLDB-002760,LOGO,group 13,mono,In,10.1016/j.jinorgbio.2025.113024,2.91,0.9199062115054272,1.990093788494573
MLDB-002761,LOGO,group 13,mono,In,10.1016/j.jinorgbio.2025.113024,2.76,0.8546566543062288,1.905343345693771
MLDB-002762,LOGO,group 13,mono,Ga,10.1016/j.jinorgbio.2006.07.003,0.88,0.7613473935027614,0.11865260649723863
MLDB-002763,LOGO,group 13,mono,Ga,10.1016/j.jinorgbio.2006.07.003,-1.15,0.4914671510466606,1.6414671510466605
MLDB-002764,LOGO,group 13,mono,Ga,10.1016/j.jinorgbio.2006.07.003,1.1,1.4400244834667713,0.34002448346677117
MLDB-002765,LOGO,group 13,mono,Ga,10.1016/j.jinorgbio.2006.07.003,-1.4,0.8559165960747381,2.255916596074738
MLDB-002766,LOGO,group 13,mono,Ga,10.1016/j.jinorgbio.2006.07.003,0.95,-0.008990771596132468,0.9589907715961324
MLDB-002767,LOGO,group 13,mono,Ga,10.1016/j.jinorgbio.2006.07.003,-0.69,0.5546474502065099,1.24464745020651
MLDB-002768,LOGO,group 13,mono,Ga,10.1016/j.jinorgbio.2006.07.003,-0.05,0.4067489221037336,0.4567489221037336
MLDB-002769,LOGO,group 13,mono,Ga,10.1016/j.jinorgbio.2006.07.003,0.47,-0.0849077446599242,0.5549077446599242
MLDB-002459,LOGO,group 12,mono,Zn,10.1016/j.ica.2024.122443,1.36,0.44578499677097433,0.9142150032290257
MLDB-002460,LOGO,group 12,mono,Cd,10.1016/j.ica.2024.122443,0.392,0.7203564100281491,0.3283564100281491
MLDB-002478,LOGO,group 12,mono,Zn,10.1021/acs.jmedchem.1c02186,1.3,0.5951013879379351,0.7048986120620649
MLDB-002509,LOGO,group 12,multi,Zn,10.1007/s10973-013-3460-1,-0.43,-1.1314148169784672,0.7014148169784673
MLDB-002545,LOGO,group 12,mono,Zn,10.1007/s12011-013-9704-x,1.18,0.7431694890062402,0.4368305109937597
MLDB-002546,LOGO,group 12,mono,Zn,10.1016/j.poly.2019.01.012,0.74,0.06710247235856316,0.6728975276414368
MLDB-002547,LOGO,group 12,mono,Zn,10.1016/j.poly.2019.01.012,1.84,-0.14178508144753937,1.9817850814475395
MLDB-002548,LOGO,group 12,mono,Zn,10.1016/j.jinorgbio.2011.09.005,-0.45,0.5006063912790726,0.9506063912790725
MLDB-002549,LOGO,group 12,mono,Zn,10.1016/j.jinorgbio.2011.09.005,-0.29,0.06352146300507394,0.3535214630050739
MLDB-002551,LOGO,group 12,mono,Zn,10.1002/anie.202307838,0.86,0.6181487290461322,0.24185127095386783
MLDB-002553,LOGO,group 12,mono,Zn,10.3390/molecules23092253,0.89,0.7944631367457939,0.09553686325420607
MLDB-002554,LOGO,group 12,mono,Zn,10.3390/molecules23092253,0.97,0.5242157747738687,0.44578422522613126
MLDB-002555,LOGO,group 12,mono,Zn,10.3390/molecules23092253,1.24,0.5029319799905095,0.7370680200094905
MLDB-002556,LOGO,group 12,mono,Zn,10.3390/molecules23092253,1.67,1.3069953173952575,0.3630046826047424
MLDB-002558,LOGO,group 12,mono,Zn,10.1016/j.poly.2013.04.007,2.88,1.5368781132938987,1.3431218867061012
MLDB-002559,LOGO,group 12,mono,Zn,10.2298/jsc230605066a,1.35,0.3676373267634579,0.9823626732365422
MLDB-002560,LOGO,group 12,mono,Zn,10.1002/anie.201907856,1.3,1.6777668865095954,0.37776688650959533
MLDB-002561,LOGO,group 12,mono,Zn,10.1002/anie.201907856,1.4,1.8377151085670713,0.4377151085670714
MLDB-002562,LOGO,group 12,mono,Zn,10.1002/anie.201907856,1.4,2.021560497977594,0.6215604979775939
MLDB-002563,LOGO,group 12,mono,Zn,10.1002/anie.201907856,2.0,1.7514152219058736,0.24858477809412638
MLDB-002568,LOGO,group 12,multi,Zn,10.1038/s41598-025-33889-5,0.806,1.3903729401870153,0.5843729401870152
MLDB-002569,LOGO,group 12,mono,Zn,10.1002/aoc.70208,-1.11,-1.0836183206755552,0.026381679324444907
MLDB-002646,LOGO,group 12,multi,Zn,10.1016/j.jinorgbio.2025.113041,0.54,-1.4100710393548215,1.9500710393548215
MLDB-002647,LOGO,group 12,mono,Zn,10.1016/j.jinorgbio.2025.113041,0.18,-1.1197492786993937,1.2997492786993936
MLDB-002648,LOGO,group 12,mono,Zn,10.1016/j.jinorgbio.2025.113041,-1.54,-2.4615785978955556,0.9215785978955555
MLDB-002651,LOGO,group 12,multi,Zn,10.1016/j.jinorgbio.2025.113041,-0.48,-1.4712103030430863,0.9912103030430863
MLDB-002652,LOGO,group 12,mono,Zn,10.1016/j.jinorgbio.2025.113041,-0.88,-1.3059315902409179,0.42593159024091787
MLDB-002653,LOGO,group 12,mono,Zn,10.1016/j.jinorgbio.2025.113041,-1.24,-2.5818754023311263,1.3418754023311263
MLDB-002850,LOGO,group 12,mono,Zn,10.1007/s00775-023-02029-7,0.9,0.44836991802255366,0.45163008197744636
MLDB-002851,LOGO,group 12,mono,Zn,10.1007/s00775-023-02029-7,0.95,0.4568340902122719,0.49316590978772806
MLDB-002854,LOGO,group 12,mono,Zn,10.1007/s00775-023-02029-7,0.86,0.5181348619914636,0.34186513800853635
MLDB-002855,LOGO,group 12,mono,Zn,10.1007/s00775-023-02029-7,0.82,0.6916818515313999,0.1283181484686
MLDB-003180,LOGO,group 12,mono,Zn,10.1021/acs.inorgchem.3c01066,0.86,0.5387618514217771,0.32123814857822286
MLDB-004362,LOGO,group 12,mono,Hg,10.1007/s10534-019-00210-7,-0.5,-0.07644883735828627,0.4235511626417137
MLDB-004363,LOGO,group 12,mono,Hg,10.1007/s10534-019-00210-7,-1.4,-0.34780894452213146,1.0521910554778684
MLDB-004364,LOGO,group 12,mono,Hg,10.1007/s10534-019-00210-7,0.9,0.10674697310469751,0.7932530268953025
MLDB-000702,LOGO,group 5,mono,V,10.1021/acs.inorgchem.1c01899,0.966,0.2633144822636961,0.7026855177363038
MLDB-000703,LOGO,group 5,mono,V,10.1021/acs.inorgchem.1c01899,1.077,0.5303749204261523,0.5466250795738476
MLDB-000704,LOGO,group 5,mono,V,10.1021/acs.inorgchem.1c01899,1.166,0.2633144822636961,0.9026855177363038
MLDB-000705,LOGO,group 5,mono,V,10.1021/acs.inorgchem.1c01899,0.715,0.5547817148531743,0.16021828514682568
MLDB-000706,LOGO,group 5,mono,V,10.1021/acs.inorgchem.1c01899,1.316,0.2877212766907179,1.028278723309282
MLDB-002401,LOGO,group 5,mono,V,10.1021/acs.inorgchem.3c00326,1.135,0.8286810936611779,0.3063189063388221
MLDB-002402,LOGO,group 5,mono,V,10.1021/acs.inorgchem.3c00326,2.123,1.1010218571524788,1.0219781428475214
MLDB-002403,LOGO,group 5,mono,V,10.1021/acs.inorgchem.3c00326,1.911,1.0738188816880951,0.8371811183119049
MLDB-002404,LOGO,group 5,mono,V,10.1021/acs.inorgchem.3c00326,1.391,0.8899806319032233,0.5010193680967767
MLDB-002532,LOGO,group 5,mono,V,10.1021/acs.inorgchem.5c05201,1.24,0.044892969442827266,1.1951070305571727
MLDB-002533,LOGO,group 5,mono,V,10.1021/acs.inorgchem.5c05201,1.13,0.413760502353257,0.7162394976467429
MLDB-002534,LOGO,group 5,mono,V,10.1021/acs.inorgchem.5c05201,1.01,0.3263425694179195,0.6836574305820805
MLDB-002770,LOGO,group 5,mono,V,10.1007/s10534-022-00384-7,0.43,0.2897646348430991,0.14023536515690088
MLDB-002771,LOGO,group 5,mono,V,10.1007/s10534-022-00384-7,0.46,0.4045025413736321,0.0554974586263679
MLDB-002772,LOGO,group 5,mono,V,10.1007/s10534-022-00384-7,0.45,0.3856431506183041,0.06435684938169589
MLDB-002773,LOGO,group 5,mono,V,10.1007/s10534-022-00384-7,0.37,0.2583871779622584,0.11161282203774159
MLDB-002774,LOGO,group 5,mono,V,10.1016/j.ica.2012.06.015,0.54,0.19774763425069497,0.34225236574930507
MLDB-002775,LOGO,group 5,mono,V,10.1016/j.ica.2012.06.015,0.36,0.00534990396761745,0.3546500960323825
MLDB-002776,LOGO,group 5,mono,V,10.1016/j.ica.2012.06.015,0.43,-0.16028040932070406,0.590280409320704
MLDB-002777,LOGO,group 5,mono,V,10.1016/j.ica.2012.06.015,0.76,0.40958779152317704,0.350412208476823
MLDB-002778,LOGO,group 5,mono,V,10.1016/j.ica.2012.06.015,0.78,0.18076488661454454,0.5992351133854554
MLDB-002779,LOGO,group 5,mono,V,10.1016/j.ica.2012.06.015,0.67,0.11460618473293661,0.5553938152670634
MLDB-004319,LOGO,group 5,mono,V,10.1002/asia.70388,0.27,0.9716936790322399,0.7016936790322399
