split,feature,group,mean_abs_shap
DOI,MorganBit_0000,ligands: fingerprint,0.0
DOI,MorganBit_0001,ligands: fingerprint,0.0016741219958087076
DOI,MorganBit_0002,ligands: fingerprint,0.00024757888114510017
DOI,MorganBit_0003,ligands: fingerprint,0.0
DOI,MorganBit_0004,ligands: fingerprint,0.00037925674667175883
DOI,MorganBit_0005,ligands: fingerprint,0.0
DOI,MorganBit_0006,ligands: fingerprint,0.0
DOI,MorganBit_0007,ligands: fingerprint,0.0
DOI,MorganBit_0008,ligands: fingerprint,0.0006395278300280209
DOI,MorganBit_0009,ligands: fingerprint,0.0
DOI,MorganBit_0010,ligands: fingerprint,0.0
DOI,MorganBit_0011,ligands: fingerprint,0.00013395446840149547
DOI,MorganBit_0012,ligands: fingerprint,0.0
DOI,MorganBit_0013,ligands: fingerprint,0.002010222751600967
DOI,MorganBit_0014,ligands: fingerprint,0.000393719645960072
DOI,MorganBit_0015,ligands: fingerprint,0.0
DOI,MorganBit_0016,ligands: fingerprint,0.0
DOI,MorganBit_0017,ligands: fingerprint,0.0
DOI,MorganBit_0018,ligands: fingerprint,0.001565595768436372
DOI,MorganBit_0019,ligands: fingerprint,0.0
DOI,MorganBit_0020,ligands: fingerprint,0.00018904029829562908
DOI,MorganBit_0021,ligands: fingerprint,0.00016303685159284128
DOI,MorganBit_0022,ligands: fingerprint,4.3018747231631985e-05
DOI,MorganBit_0023,ligands: fingerprint,0.00016661059680586203
DOI,MorganBit_0024,ligands: fingerprint,0.0
DOI,MorganBit_0025,ligands: fingerprint,0.00016105136868974456
DOI,MorganBit_0026,ligands: fingerprint,5.31077598533035e-05
DOI,MorganBit_0027,ligands: fingerprint,0.0
DOI,MorganBit_0028,ligands: fingerprint,0.0
DOI,MorganBit_0029,ligands: fingerprint,4.792435667234077e-05
DOI,MorganBit_0030,ligands: fingerprint,8.862894342225693e-05
DOI,MorganBit_0031,ligands: fingerprint,0.00012667969609669633
DOI,MorganBit_0032,ligands: fingerprint,0.00028322652852928574
DOI,MorganBit_0033,ligands: fingerprint,0.002645661868399256
DOI,MorganBit_0034,ligands: fingerprint,0.002712184891349907
DOI,MorganBit_0035,ligands: fingerprint,6.715216825467211e-05
DOI,MorganBit_0036,ligands: fingerprint,0.0
DOI,MorganBit_0037,ligands: fingerprint,0.0028638815997056454
DOI,MorganBit_0038,ligands: fingerprint,0.0
DOI,MorganBit_0039,ligands: fingerprint,0.0
DOI,MorganBit_0040,ligands: fingerprint,0.0
DOI,MorganBit_0041,ligands: fingerprint,0.0009424445541201285
DOI,MorganBit_0042,ligands: fingerprint,0.0
DOI,MorganBit_0043,ligands: fingerprint,0.00034040526688762995
DOI,MorganBit_0044,ligands: fingerprint,0.0
DOI,MorganBit_0045,ligands: fingerprint,0.003095468517627491
DOI,MorganBit_0046,ligands: fingerprint,0.0011404468523038688
DOI,MorganBit_0047,ligands: fingerprint,0.0
DOI,MorganBit_0048,ligands: fingerprint,0.0
DOI,MorganBit_0049,ligands: fingerprint,0.0
DOI,MorganBit_0050,ligands: fingerprint,0.0
DOI,MorganBit_0051,ligands: fingerprint,0.0
DOI,MorganBit_0052,ligands: fingerprint,0.0
DOI,MorganBit_0053,ligands: fingerprint,5.17754730814795e-06
DOI,MorganBit_0054,ligands: fingerprint,0.0
DOI,MorganBit_0055,ligands: fingerprint,0.0
DOI,MorganBit_0056,ligands: fingerprint,0.0001105467386683767
DOI,MorganBit_0057,ligands: fingerprint,0.0
DOI,MorganBit_0058,ligands: fingerprint,0.000274922632932651
DOI,MorganBit_0059,ligands: fingerprint,0.0
DOI,MorganBit_0060,ligands: fingerprint,0.0
DOI,MorganBit_0061,ligands: fingerprint,0.0
DOI,MorganBit_0062,ligands: fingerprint,0.0003237936843532781
DOI,MorganBit_0063,ligands: fingerprint,0.0
DOI,MorganBit_0064,ligands: fingerprint,0.0
DOI,MorganBit_0065,ligands: fingerprint,0.00036097400369266967
DOI,MorganBit_0066,ligands: fingerprint,0.0
DOI,MorganBit_0067,ligands: fingerprint,0.0
DOI,MorganBit_0068,ligands: fingerprint,0.0
DOI,MorganBit_0069,ligands: fingerprint,0.0
DOI,MorganBit_0070,ligands: fingerprint,0.0
DOI,MorganBit_0071,ligands: fingerprint,0.0
DOI,MorganBit_0072,ligands: fingerprint,0.0
DOI,MorganBit_0073,ligands: fingerprint,0.0
DOI,MorganBit_0074,ligands: fingerprint,0.001241452643403833
DOI,MorganBit_0075,ligands: fingerprint,0.0001250546730368547
DOI,MorganBit_0076,ligands: fingerprint,0.0004960939882016499
DOI,MorganBit_0077,ligands: fingerprint,7.846187555470656e-05
DOI,MorganBit_0078,ligands: fingerprint,0.0
DOI,MorganBit_0079,ligands: fingerprint,0.0007796997689431128
DOI,MorganBit_0080,ligands: fingerprint,0.007190442341599658
DOI,MorganBit_0081,ligands: fingerprint,3.8617051928853354e-05
DOI,MorganBit_0082,ligands: fingerprint,0.0
DOI,MorganBit_0083,ligands: fingerprint,3.526730327499554e-05
DOI,MorganBit_0084,ligands: fingerprint,0.00022184674683168505
DOI,MorganBit_0085,ligands: fingerprint,2.2520151926109403e-05
DOI,MorganBit_0086,ligands: fingerprint,0.0
DOI,MorganBit_0087,ligands: fingerprint,4.7914841541062674e-05
DOI,MorganBit_0088,ligands: fingerprint,0.0
DOI,MorganBit_0089,ligands: fingerprint,0.00043868502590022106
DOI,MorganBit_0090,ligands: fingerprint,2.2231873214079293e-05
DOI,MorganBit_0091,ligands: fingerprint,0.0
DOI,MorganBit_0092,ligands: fingerprint,0.0
DOI,MorganBit_0093,ligands: fingerprint,0.0
DOI,MorganBit_0094,ligands: fingerprint,7.87303897085487e-06
DOI,MorganBit_0095,ligands: fingerprint,0.0
DOI,MorganBit_0096,ligands: fingerprint,0.0
DOI,MorganBit_0097,ligands: fingerprint,0.0041788243284493955
DOI,MorganBit_0098,ligands: fingerprint,0.0
DOI,MorganBit_0099,ligands: fingerprint,0.0006350363355347778
DOI,MorganBit_0100,ligands: fingerprint,0.0
DOI,MorganBit_0101,ligands: fingerprint,0.0
DOI,MorganBit_0102,ligands: fingerprint,9.08410926732585e-05
DOI,MorganBit_0103,ligands: fingerprint,0.0
DOI,MorganBit_0104,ligands: fingerprint,0.0
DOI,MorganBit_0105,ligands: fingerprint,0.0005126687988936959
DOI,MorganBit_0106,ligands: fingerprint,0.00011219626583810514
DOI,MorganBit_0107,ligands: fingerprint,0.0
DOI,MorganBit_0108,ligands: fingerprint,0.00012422449011319114
DOI,MorganBit_0109,ligands: fingerprint,0.0
DOI,MorganBit_0110,ligands: fingerprint,0.0006295573071830943
DOI,MorganBit_0111,ligands: fingerprint,0.0
DOI,MorganBit_0112,ligands: fingerprint,0.0
DOI,MorganBit_0113,ligands: fingerprint,8.268529050567613e-06
DOI,MorganBit_0114,ligands: fingerprint,0.00045268155909513583
DOI,MorganBit_0115,ligands: fingerprint,0.0
DOI,MorganBit_0116,ligands: fingerprint,0.00020059633303785358
DOI,MorganBit_0117,ligands: fingerprint,0.0001674782643561581
DOI,MorganBit_0118,ligands: fingerprint,0.0003382318006883285
DOI,MorganBit_0119,ligands: fingerprint,0.0019954310332384846
DOI,MorganBit_0120,ligands: fingerprint,0.0
DOI,MorganBit_0121,ligands: fingerprint,0.0007037037734548463
DOI,MorganBit_0122,ligands: fingerprint,0.0
DOI,MorganBit_0123,ligands: fingerprint,0.0
DOI,MorganBit_0124,ligands: fingerprint,0.0
DOI,MorganBit_0125,ligands: fingerprint,0.0002642099216201056
DOI,MorganBit_0126,ligands: fingerprint,0.0025997887006333426
DOI,MorganBit_0127,ligands: fingerprint,0.00030500944382006405
DOI,MorganBit_0128,ligands: fingerprint,0.0
DOI,MorganBit_0129,ligands: fingerprint,0.0
DOI,MorganBit_0130,ligands: fingerprint,0.0
DOI,MorganBit_0131,ligands: fingerprint,0.0
DOI,MorganBit_0132,ligands: fingerprint,0.0
DOI,MorganBit_0133,ligands: fingerprint,0.0
DOI,MorganBit_0134,ligands: fingerprint,0.0
DOI,MorganBit_0135,ligands: fingerprint,0.0
DOI,MorganBit_0136,ligands: fingerprint,0.0
DOI,MorganBit_0137,ligands: fingerprint,0.0002425150518062291
DOI,MorganBit_0138,ligands: fingerprint,0.0
DOI,MorganBit_0139,ligands: fingerprint,0.0
DOI,MorganBit_0140,ligands: fingerprint,0.0012215698303581167
DOI,MorganBit_0141,ligands: fingerprint,0.0
DOI,MorganBit_0142,ligands: fingerprint,0.0
DOI,MorganBit_0143,ligands: fingerprint,0.0
DOI,MorganBit_0144,ligands: fingerprint,0.0003700948303130827
DOI,MorganBit_0145,ligands: fingerprint,0.002350519158541858
DOI,MorganBit_0146,ligands: fingerprint,0.00013662728848667702
DOI,MorganBit_0147,ligands: fingerprint,0.005008569752342357
DOI,MorganBit_0148,ligands: fingerprint,2.365354007368742e-05
DOI,MorganBit_0149,ligands: fingerprint,9.199309433857416e-05
DOI,MorganBit_0150,ligands: fingerprint,0.0
DOI,MorganBit_0151,ligands: fingerprint,4.468851910859169e-06
DOI,MorganBit_0152,ligands: fingerprint,0.0
DOI,MorganBit_0153,ligands: fingerprint,0.0
DOI,MorganBit_0154,ligands: fingerprint,0.0
DOI,MorganBit_0155,ligands: fingerprint,0.0
DOI,MorganBit_0156,ligands: fingerprint,0.0026527241159373903
DOI,MorganBit_0157,ligands: fingerprint,0.0
DOI,MorganBit_0158,ligands: fingerprint,0.0011081289543303217
DOI,MorganBit_0159,ligands: fingerprint,0.0
DOI,MorganBit_0160,ligands: fingerprint,0.0
DOI,MorganBit_0161,ligands: fingerprint,0.0
DOI,MorganBit_0162,ligands: fingerprint,0.0017710969990890365
DOI,MorganBit_0163,ligands: fingerprint,0.0
DOI,MorganBit_0164,ligands: fingerprint,7.988886374797003e-05
DOI,MorganBit_0165,ligands: fingerprint,0.0003501066095895556
DOI,MorganBit_0166,ligands: fingerprint,0.0
DOI,MorganBit_0167,ligands: fingerprint,9.299128691854901e-05
DOI,MorganBit_0168,ligands: fingerprint,0.0
DOI,MorganBit_0169,ligands: fingerprint,0.0
DOI,MorganBit_0170,ligands: fingerprint,0.003486493051071684
DOI,MorganBit_0171,ligands: fingerprint,6.177808146202158e-05
DOI,MorganBit_0172,ligands: fingerprint,0.00017852537660674103
DOI,MorganBit_0173,ligands: fingerprint,0.0003715264163254305
DOI,MorganBit_0174,ligands: fingerprint,0.0
DOI,MorganBit_0175,ligands: fingerprint,0.0
DOI,MorganBit_0176,ligands: fingerprint,0.0
DOI,MorganBit_0177,ligands: fingerprint,0.00020888811587668234
DOI,MorganBit_0178,ligands: fingerprint,0.0
DOI,MorganBit_0179,ligands: fingerprint,0.004830137996431484
DOI,MorganBit_0180,ligands: fingerprint,1.707249134891139e-05
DOI,MorganBit_0181,ligands: fingerprint,0.0006104275127862132
DOI,MorganBit_0182,ligands: fingerprint,0.0
DOI,MorganBit_0183,ligands: fingerprint,0.0
DOI,MorganBit_0184,ligands: fingerprint,0.002853749029183466
DOI,MorganBit_0185,ligands: fingerprint,0.0003957630402520409
DOI,MorganBit_0186,ligands: fingerprint,1.8176462835405073e-05
DOI,MorganBit_0187,ligands: fingerprint,0.0
DOI,MorganBit_0188,ligands: fingerprint,0.0
DOI,MorganBit_0189,ligands: fingerprint,0.0
DOI,MorganBit_0190,ligands: fingerprint,0.0001682672944105209
DOI,MorganBit_0191,ligands: fingerprint,0.0008672953129460686
DOI,MorganBit_0192,ligands: fingerprint,0.0017921952549881184
DOI,MorganBit_0193,ligands: fingerprint,0.0
DOI,MorganBit_0194,ligands: fingerprint,0.0
DOI,MorganBit_0195,ligands: fingerprint,0.0
DOI,MorganBit_0196,ligands: fingerprint,0.0
DOI,MorganBit_0197,ligands: fingerprint,0.0012143384268701461
DOI,MorganBit_0198,ligands: fingerprint,0.0
DOI,MorganBit_0199,ligands: fingerprint,0.0
DOI,MorganBit_0200,ligands: fingerprint,0.0
DOI,MorganBit_0201,ligands: fingerprint,0.0
DOI,MorganBit_0202,ligands: fingerprint,0.000660401600907368
DOI,MorganBit_0203,ligands: fingerprint,0.006234898837617572
DOI,MorganBit_0204,ligands: fingerprint,5.11204028621618e-05
DOI,MorganBit_0205,ligands: fingerprint,0.0
DOI,MorganBit_0206,ligands: fingerprint,0.0
DOI,MorganBit_0207,ligands: fingerprint,0.00017334928659466737
DOI,MorganBit_0208,ligands: fingerprint,0.0
DOI,MorganBit_0209,ligands: fingerprint,0.0
DOI,MorganBit_0210,ligands: fingerprint,0.0
DOI,MorganBit_0211,ligands: fingerprint,0.0
DOI,MorganBit_0212,ligands: fingerprint,0.0
DOI,MorganBit_0213,ligands: fingerprint,0.0
DOI,MorganBit_0214,ligands: fingerprint,7.357277093536053e-05
DOI,MorganBit_0215,ligands: fingerprint,0.0
DOI,MorganBit_0216,ligands: fingerprint,0.0002568076960494975
DOI,MorganBit_0217,ligands: fingerprint,0.0
DOI,MorganBit_0218,ligands: fingerprint,0.0012968061757938274
DOI,MorganBit_0219,ligands: fingerprint,0.0
DOI,MorganBit_0220,ligands: fingerprint,0.0
DOI,MorganBit_0221,ligands: fingerprint,0.0
DOI,MorganBit_0222,ligands: fingerprint,0.001373721281101882
DOI,MorganBit_0223,ligands: fingerprint,0.0026198550340720155
DOI,MorganBit_0224,ligands: fingerprint,0.0
DOI,MorganBit_0225,ligands: fingerprint,4.483658108860693e-06
DOI,MorganBit_0226,ligands: fingerprint,0.0
DOI,MorganBit_0227,ligands: fingerprint,0.0
DOI,MorganBit_0228,ligands: fingerprint,0.0
DOI,MorganBit_0229,ligands: fingerprint,0.0
DOI,MorganBit_0230,ligands: fingerprint,0.0
DOI,MorganBit_0231,ligands: fingerprint,7.496273087922919e-06
DOI,MorganBit_0232,ligands: fingerprint,0.0
DOI,MorganBit_0233,ligands: fingerprint,0.00012681362397323924
DOI,MorganBit_0234,ligands: fingerprint,0.0
DOI,MorganBit_0235,ligands: fingerprint,0.0007938046385277349
DOI,MorganBit_0236,ligands: fingerprint,0.0
DOI,MorganBit_0237,ligands: fingerprint,0.0006224477121563339
DOI,MorganBit_0238,ligands: fingerprint,0.0
DOI,MorganBit_0239,ligands: fingerprint,4.237244588551647e-06
DOI,MorganBit_0240,ligands: fingerprint,0.0
DOI,MorganBit_0241,ligands: fingerprint,5.4962020240722726e-05
DOI,MorganBit_0242,ligands: fingerprint,0.00034136730339328405
DOI,MorganBit_0243,ligands: fingerprint,0.0034866631745557714
DOI,MorganBit_0244,ligands: fingerprint,0.0
DOI,MorganBit_0245,ligands: fingerprint,0.0011093672873267253
DOI,MorganBit_0246,ligands: fingerprint,0.0
DOI,MorganBit_0247,ligands: fingerprint,0.0
DOI,MorganBit_0248,ligands: fingerprint,0.012702342979740763
DOI,MorganBit_0249,ligands: fingerprint,0.0008999756279245485
DOI,MorganBit_0250,ligands: fingerprint,0.0
DOI,MorganBit_0251,ligands: fingerprint,0.00233283212012256
DOI,MorganBit_0252,ligands: fingerprint,0.0007259448373238884
DOI,MorganBit_0253,ligands: fingerprint,1.1171810047678081e-05
DOI,MorganBit_0254,ligands: fingerprint,0.0005911889210212868
DOI,MorganBit_0255,ligands: fingerprint,0.00018337242237319095
DOI,MorganBit_0256,ligands: fingerprint,0.0
DOI,MorganBit_0257,ligands: fingerprint,0.0006066206761226961
DOI,MorganBit_0258,ligands: fingerprint,4.375939511815385e-05
DOI,MorganBit_0259,ligands: fingerprint,0.0
DOI,MorganBit_0260,ligands: fingerprint,0.0
DOI,MorganBit_0261,ligands: fingerprint,0.009247357811021937
DOI,MorganBit_0262,ligands: fingerprint,0.0
DOI,MorganBit_0263,ligands: fingerprint,0.00030426036942740413
DOI,MorganBit_0264,ligands: fingerprint,0.0
DOI,MorganBit_0265,ligands: fingerprint,0.00017704667750821087
DOI,MorganBit_0266,ligands: fingerprint,7.178183363457176e-05
DOI,MorganBit_0267,ligands: fingerprint,0.0
DOI,MorganBit_0268,ligands: fingerprint,0.0
DOI,MorganBit_0269,ligands: fingerprint,0.0
DOI,MorganBit_0270,ligands: fingerprint,4.939666903413186e-06
DOI,MorganBit_0271,ligands: fingerprint,0.002786609356447873
DOI,MorganBit_0272,ligands: fingerprint,0.0
DOI,MorganBit_0273,ligands: fingerprint,3.634742892229011e-05
DOI,MorganBit_0274,ligands: fingerprint,0.0025918535814603355
DOI,MorganBit_0275,ligands: fingerprint,6.9462611543651985e-06
DOI,MorganBit_0276,ligands: fingerprint,0.0003094332725763451
DOI,MorganBit_0277,ligands: fingerprint,0.0003083701222506344
DOI,MorganBit_0278,ligands: fingerprint,0.0
DOI,MorganBit_0279,ligands: fingerprint,0.0
DOI,MorganBit_0280,ligands: fingerprint,0.0
DOI,MorganBit_0281,ligands: fingerprint,0.0
DOI,MorganBit_0282,ligands: fingerprint,5.798424577372075e-05
DOI,MorganBit_0283,ligands: fingerprint,0.015314106576401532
DOI,MorganBit_0284,ligands: fingerprint,0.0
DOI,MorganBit_0285,ligands: fingerprint,0.00013129884153274335
DOI,MorganBit_0286,ligands: fingerprint,0.0
DOI,MorganBit_0287,ligands: fingerprint,0.0
DOI,MorganBit_0288,ligands: fingerprint,0.0
DOI,MorganBit_0289,ligands: fingerprint,0.0010371466687832676
DOI,MorganBit_0290,ligands: fingerprint,3.099731889365037e-05
DOI,MorganBit_0291,ligands: fingerprint,0.0008553358227353435
DOI,MorganBit_0292,ligands: fingerprint,0.0
DOI,MorganBit_0293,ligands: fingerprint,2.552258099562323e-05
DOI,MorganBit_0294,ligands: fingerprint,0.016191549365090725
DOI,MorganBit_0295,ligands: fingerprint,0.0
DOI,MorganBit_0296,ligands: fingerprint,0.0003603947201445457
DOI,MorganBit_0297,ligands: fingerprint,0.0
DOI,MorganBit_0298,ligands: fingerprint,0.00016536366927859632
DOI,MorganBit_0299,ligands: fingerprint,5.056017495693985e-05
DOI,MorganBit_0300,ligands: fingerprint,1.5474416007768846e-05
DOI,MorganBit_0301,ligands: fingerprint,0.00019859103088184946
DOI,MorganBit_0302,ligands: fingerprint,1.196804935116423e-05
DOI,MorganBit_0303,ligands: fingerprint,0.0
DOI,MorganBit_0304,ligands: fingerprint,0.0
DOI,MorganBit_0305,ligands: fingerprint,0.00021112015302997698
DOI,MorganBit_0306,ligands: fingerprint,0.0
DOI,MorganBit_0307,ligands: fingerprint,0.00013548279846175405
DOI,MorganBit_0308,ligands: fingerprint,0.0
DOI,MorganBit_0309,ligands: fingerprint,0.0
DOI,MorganBit_0310,ligands: fingerprint,0.0007112998178734344
DOI,MorganBit_0311,ligands: fingerprint,0.0
DOI,MorganBit_0312,ligands: fingerprint,0.0
DOI,MorganBit_0313,ligands: fingerprint,0.0
DOI,MorganBit_0314,ligands: fingerprint,0.004735037033531938
DOI,MorganBit_0315,ligands: fingerprint,0.00024287038957634594
DOI,MorganBit_0316,ligands: fingerprint,0.0
DOI,MorganBit_0317,ligands: fingerprint,0.0001482613159790902
DOI,MorganBit_0318,ligands: fingerprint,1.638543623284079e-05
DOI,MorganBit_0319,ligands: fingerprint,0.0026238059712174015
DOI,MorganBit_0320,ligands: fingerprint,0.0
DOI,MorganBit_0321,ligands: fingerprint,4.643853147142186e-06
DOI,MorganBit_0322,ligands: fingerprint,0.0020759440634958897
DOI,MorganBit_0323,ligands: fingerprint,0.0018688863225430018
DOI,MorganBit_0324,ligands: fingerprint,0.0005331203612310272
DOI,MorganBit_0325,ligands: fingerprint,0.001884018908826129
DOI,MorganBit_0326,ligands: fingerprint,0.0
DOI,MorganBit_0327,ligands: fingerprint,0.000175314583425143
DOI,MorganBit_0328,ligands: fingerprint,5.082177794541561e-06
DOI,MorganBit_0329,ligands: fingerprint,0.0
DOI,MorganBit_0330,ligands: fingerprint,0.0
DOI,MorganBit_0331,ligands: fingerprint,0.0
DOI,MorganBit_0332,ligands: fingerprint,9.154343657266501e-05
DOI,MorganBit_0333,ligands: fingerprint,3.5736241560126236e-05
DOI,MorganBit_0334,ligands: fingerprint,2.937432107339351e-06
DOI,MorganBit_0335,ligands: fingerprint,0.0001911289220534968
DOI,MorganBit_0336,ligands: fingerprint,0.0
DOI,MorganBit_0337,ligands: fingerprint,0.0
DOI,MorganBit_0338,ligands: fingerprint,0.0003025874574453106
DOI,MorganBit_0339,ligands: fingerprint,0.0
DOI,MorganBit_0340,ligands: fingerprint,0.0
DOI,MorganBit_0341,ligands: fingerprint,0.0009448810695161149
DOI,MorganBit_0342,ligands: fingerprint,0.0026273289295682817
DOI,MorganBit_0343,ligands: fingerprint,0.008710542734147538
DOI,MorganBit_0344,ligands: fingerprint,0.0004641208835039451
DOI,MorganBit_0345,ligands: fingerprint,0.0
DOI,MorganBit_0346,ligands: fingerprint,3.0041752095003882e-05
DOI,MorganBit_0347,ligands: fingerprint,0.0
DOI,MorganBit_0348,ligands: fingerprint,0.0
DOI,MorganBit_0349,ligands: fingerprint,0.0
DOI,MorganBit_0350,ligands: fingerprint,0.0032571175628176943
DOI,MorganBit_0351,ligands: fingerprint,0.0004899957468563076
DOI,MorganBit_0352,ligands: fingerprint,0.004406562527225554
DOI,MorganBit_0353,ligands: fingerprint,0.0
DOI,MorganBit_0354,ligands: fingerprint,0.000304323498265856
DOI,MorganBit_0355,ligands: fingerprint,0.0
DOI,MorganBit_0356,ligands: fingerprint,0.0
DOI,MorganBit_0357,ligands: fingerprint,0.0012316877893860643
DOI,MorganBit_0358,ligands: fingerprint,0.0
DOI,MorganBit_0359,ligands: fingerprint,0.0004039104750843326
DOI,MorganBit_0360,ligands: fingerprint,0.0
DOI,MorganBit_0361,ligands: fingerprint,0.0
DOI,MorganBit_0362,ligands: fingerprint,7.487757598729662e-05
DOI,MorganBit_0363,ligands: fingerprint,0.0
DOI,MorganBit_0364,ligands: fingerprint,0.000630877183816766
DOI,MorganBit_0365,ligands: fingerprint,0.0
DOI,MorganBit_0366,ligands: fingerprint,0.001139037120580438
DOI,MorganBit_0367,ligands: fingerprint,0.0
DOI,MorganBit_0368,ligands: fingerprint,1.423874272571331e-05
DOI,MorganBit_0369,ligands: fingerprint,1.1060451723048397e-05
DOI,MorganBit_0370,ligands: fingerprint,0.0
DOI,MorganBit_0371,ligands: fingerprint,0.0
DOI,MorganBit_0372,ligands: fingerprint,4.570575842255185e-05
DOI,MorganBit_0373,ligands: fingerprint,1.7746211711221226e-05
DOI,MorganBit_0374,ligands: fingerprint,0.0
DOI,MorganBit_0375,ligands: fingerprint,0.0
DOI,MorganBit_0376,ligands: fingerprint,0.0
DOI,MorganBit_0377,ligands: fingerprint,0.0
DOI,MorganBit_0378,ligands: fingerprint,0.005664808014232638
DOI,MorganBit_0379,ligands: fingerprint,0.0
DOI,MorganBit_0380,ligands: fingerprint,0.0008225257909948757
DOI,MorganBit_0381,ligands: fingerprint,0.00019061703403885937
DOI,MorganBit_0382,ligands: fingerprint,0.0
DOI,MorganBit_0383,ligands: fingerprint,0.0016253509187806083
DOI,MorganBit_0384,ligands: fingerprint,7.606828529261743e-05
DOI,MorganBit_0385,ligands: fingerprint,7.767133649351972e-05
DOI,MorganBit_0386,ligands: fingerprint,0.0002979948903316689
DOI,MorganBit_0387,ligands: fingerprint,0.00018268128987915447
DOI,MorganBit_0388,ligands: fingerprint,1.217404798094672e-05
DOI,MorganBit_0389,ligands: fingerprint,0.004016549046221095
DOI,MorganBit_0390,ligands: fingerprint,0.0
DOI,MorganBit_0391,ligands: fingerprint,0.0
DOI,MorganBit_0392,ligands: fingerprint,0.005646851881157974
DOI,MorganBit_0393,ligands: fingerprint,0.0
DOI,MorganBit_0394,ligands: fingerprint,0.00046469967145110343
DOI,MorganBit_0395,ligands: fingerprint,0.0
DOI,MorganBit_0396,ligands: fingerprint,0.00027154060425349757
DOI,MorganBit_0397,ligands: fingerprint,0.00020225332030139525
DOI,MorganBit_0398,ligands: fingerprint,0.0020502954581231997
DOI,MorganBit_0399,ligands: fingerprint,0.0
DOI,MorganBit_0400,ligands: fingerprint,3.9377813851838094e-05
DOI,MorganBit_0401,ligands: fingerprint,0.002384294527212476
DOI,MorganBit_0402,ligands: fingerprint,0.0008600689327542472
DOI,MorganBit_0403,ligands: fingerprint,0.0
DOI,MorganBit_0404,ligands: fingerprint,0.0
DOI,MorganBit_0405,ligands: fingerprint,0.0020647586097929022
DOI,MorganBit_0406,ligands: fingerprint,5.260690318602486e-05
DOI,MorganBit_0407,ligands: fingerprint,0.002085242393854459
DOI,MorganBit_0408,ligands: fingerprint,0.0
DOI,MorganBit_0409,ligands: fingerprint,1.4178855677960659e-05
DOI,MorganBit_0410,ligands: fingerprint,0.0
DOI,MorganBit_0411,ligands: fingerprint,0.0
DOI,MorganBit_0412,ligands: fingerprint,0.00010440781676761728
DOI,MorganBit_0413,ligands: fingerprint,0.00016750927278680677
DOI,MorganBit_0414,ligands: fingerprint,0.00032259660516399
DOI,MorganBit_0415,ligands: fingerprint,0.0
DOI,MorganBit_0416,ligands: fingerprint,0.0
DOI,MorganBit_0417,ligands: fingerprint,0.0
DOI,MorganBit_0418,ligands: fingerprint,6.301929303883079e-05
DOI,MorganBit_0419,ligands: fingerprint,0.0009396585169493951
DOI,MorganBit_0420,ligands: fingerprint,0.0
DOI,MorganBit_0421,ligands: fingerprint,0.0
DOI,MorganBit_0422,ligands: fingerprint,0.0
DOI,MorganBit_0423,ligands: fingerprint,0.000639303290427191
DOI,MorganBit_0424,ligands: fingerprint,0.0003486503717035692
DOI,MorganBit_0425,ligands: fingerprint,0.0
DOI,MorganBit_0426,ligands: fingerprint,0.0
DOI,MorganBit_0427,ligands: fingerprint,0.00023413808695662528
DOI,MorganBit_0428,ligands: fingerprint,0.0
DOI,MorganBit_0429,ligands: fingerprint,0.0
DOI,MorganBit_0430,ligands: fingerprint,0.0003542170269231802
DOI,MorganBit_0431,ligands: fingerprint,4.649183773596672e-05
DOI,MorganBit_0432,ligands: fingerprint,0.0
DOI,MorganBit_0433,ligands: fingerprint,0.0
DOI,MorganBit_0434,ligands: fingerprint,0.0
DOI,MorganBit_0435,ligands: fingerprint,0.00020650818824460442
DOI,MorganBit_0436,ligands: fingerprint,0.0
DOI,MorganBit_0437,ligands: fingerprint,0.00205155436768046
DOI,MorganBit_0438,ligands: fingerprint,0.0
DOI,MorganBit_0439,ligands: fingerprint,0.0
DOI,MorganBit_0440,ligands: fingerprint,2.1877849355073457e-05
DOI,MorganBit_0441,ligands: fingerprint,0.0015580416904683737
DOI,MorganBit_0442,ligands: fingerprint,0.0
DOI,MorganBit_0443,ligands: fingerprint,0.0
DOI,MorganBit_0444,ligands: fingerprint,0.0
DOI,MorganBit_0445,ligands: fingerprint,0.0
DOI,MorganBit_0446,ligands: fingerprint,0.0
DOI,MorganBit_0447,ligands: fingerprint,0.0
DOI,MorganBit_0448,ligands: fingerprint,0.0496568547149024
DOI,MorganBit_0449,ligands: fingerprint,0.0024889734314232255
DOI,MorganBit_0450,ligands: fingerprint,0.0
DOI,MorganBit_0451,ligands: fingerprint,0.0
DOI,MorganBit_0452,ligands: fingerprint,0.0
DOI,MorganBit_0453,ligands: fingerprint,5.456881753708898e-06
DOI,MorganBit_0454,ligands: fingerprint,2.620466967247508e-05
DOI,MorganBit_0455,ligands: fingerprint,0.0008222926222582582
DOI,MorganBit_0456,ligands: fingerprint,0.0075397557500605575
DOI,MorganBit_0457,ligands: fingerprint,0.00033491933406664597
DOI,MorganBit_0458,ligands: fingerprint,0.0
DOI,MorganBit_0459,ligands: fingerprint,0.0
DOI,MorganBit_0460,ligands: fingerprint,0.0
DOI,MorganBit_0461,ligands: fingerprint,0.0
DOI,MorganBit_0462,ligands: fingerprint,0.0
DOI,MorganBit_0463,ligands: fingerprint,0.0006615076410694543
DOI,MorganBit_0464,ligands: fingerprint,0.00025683173368999136
DOI,MorganBit_0465,ligands: fingerprint,0.0003796302461002043
DOI,MorganBit_0466,ligands: fingerprint,3.116490328140664e-05
DOI,MorganBit_0467,ligands: fingerprint,0.0
DOI,MorganBit_0468,ligands: fingerprint,0.0
DOI,MorganBit_0469,ligands: fingerprint,0.004481000063115327
DOI,MorganBit_0470,ligands: fingerprint,0.0
DOI,MorganBit_0471,ligands: fingerprint,0.00051796287334757
DOI,MorganBit_0472,ligands: fingerprint,0.0
DOI,MorganBit_0473,ligands: fingerprint,0.0036814456360760505
DOI,MorganBit_0474,ligands: fingerprint,3.901399988060951e-06
DOI,MorganBit_0475,ligands: fingerprint,0.00042384778279459356
DOI,MorganBit_0476,ligands: fingerprint,0.0
DOI,MorganBit_0477,ligands: fingerprint,0.0
DOI,MorganBit_0478,ligands: fingerprint,3.128196295483401e-06
DOI,MorganBit_0479,ligands: fingerprint,6.941787133105209e-05
DOI,MorganBit_0480,ligands: fingerprint,0.0
DOI,MorganBit_0481,ligands: fingerprint,0.0
DOI,MorganBit_0482,ligands: fingerprint,0.0006040133375598057
DOI,MorganBit_0483,ligands: fingerprint,0.0
DOI,MorganBit_0484,ligands: fingerprint,1.6135616686166136e-05
DOI,MorganBit_0485,ligands: fingerprint,0.0
DOI,MorganBit_0486,ligands: fingerprint,0.006736851304440465
DOI,MorganBit_0487,ligands: fingerprint,0.00023769946894974334
DOI,MorganBit_0488,ligands: fingerprint,0.00038432990660979916
DOI,MorganBit_0489,ligands: fingerprint,0.000763734983643343
DOI,MorganBit_0490,ligands: fingerprint,0.0014592892643730219
DOI,MorganBit_0491,ligands: fingerprint,0.001131108712154591
DOI,MorganBit_0492,ligands: fingerprint,0.0
DOI,MorganBit_0493,ligands: fingerprint,0.00030365073483152634
DOI,MorganBit_0494,ligands: fingerprint,0.0019428436413090912
DOI,MorganBit_0495,ligands: fingerprint,0.0002730280015088311
DOI,MorganBit_0496,ligands: fingerprint,0.0
DOI,MorganBit_0497,ligands: fingerprint,0.0031182213384901205
DOI,MorganBit_0498,ligands: fingerprint,0.0
DOI,MorganBit_0499,ligands: fingerprint,0.0
DOI,MorganBit_0500,ligands: fingerprint,0.0012295505539842622
DOI,MorganBit_0501,ligands: fingerprint,0.0006734526976611304
DOI,MorganBit_0502,ligands: fingerprint,0.00043225612996122196
DOI,MorganBit_0503,ligands: fingerprint,3.3682754943985682e-06
DOI,MorganBit_0504,ligands: fingerprint,0.0004373453916898238
DOI,MorganBit_0505,ligands: fingerprint,0.0
DOI,MorganBit_0506,ligands: fingerprint,0.0
DOI,MorganBit_0507,ligands: fingerprint,0.0019428649122768375
DOI,MorganBit_0508,ligands: fingerprint,0.0
DOI,MorganBit_0509,ligands: fingerprint,0.0
DOI,MorganBit_0510,ligands: fingerprint,0.0
DOI,MorganBit_0511,ligands: fingerprint,0.0
DOI,MorganBit_0512,ligands: fingerprint,0.0
DOI,MorganBit_0513,ligands: fingerprint,0.0
DOI,MorganBit_0514,ligands: fingerprint,0.0
DOI,MorganBit_0515,ligands: fingerprint,0.0
DOI,MorganBit_0516,ligands: fingerprint,0.0
DOI,MorganBit_0517,ligands: fingerprint,0.0
DOI,MorganBit_0518,ligands: fingerprint,2.7999158059378676e-05
DOI,MorganBit_0519,ligands: fingerprint,0.00012148774728189755
DOI,MorganBit_0520,ligands: fingerprint,0.0010901264555429608
DOI,MorganBit_0521,ligands: fingerprint,4.99042263043184e-05
DOI,MorganBit_0522,ligands: fingerprint,0.0
DOI,MorganBit_0523,ligands: fingerprint,0.0005297165052698335
DOI,MorganBit_0524,ligands: fingerprint,0.0
DOI,MorganBit_0525,ligands: fingerprint,6.844479609819443e-05
DOI,MorganBit_0526,ligands: fingerprint,0.0004769816954915387
DOI,MorganBit_0527,ligands: fingerprint,0.0014165959061862364
DOI,MorganBit_0528,ligands: fingerprint,0.0
DOI,MorganBit_0529,ligands: fingerprint,0.0
DOI,MorganBit_0530,ligands: fingerprint,0.0010567728869906548
DOI,MorganBit_0531,ligands: fingerprint,4.8516630401634615e-05
DOI,MorganBit_0532,ligands: fingerprint,0.0
DOI,MorganBit_0533,ligands: fingerprint,4.843754024203958e-06
DOI,MorganBit_0534,ligands: fingerprint,0.0
DOI,MorganBit_0535,ligands: fingerprint,0.00021301488324034905
DOI,MorganBit_0536,ligands: fingerprint,0.0
DOI,MorganBit_0537,ligands: fingerprint,0.0
DOI,MorganBit_0538,ligands: fingerprint,0.0
DOI,MorganBit_0539,ligands: fingerprint,0.0
DOI,MorganBit_0540,ligands: fingerprint,0.0
DOI,MorganBit_0541,ligands: fingerprint,0.000183018939161343
DOI,MorganBit_0542,ligands: fingerprint,0.0001843795933442075
DOI,MorganBit_0543,ligands: fingerprint,0.0
DOI,MorganBit_0544,ligands: fingerprint,0.0
DOI,MorganBit_0545,ligands: fingerprint,0.0
DOI,MorganBit_0546,ligands: fingerprint,0.0
DOI,MorganBit_0547,ligands: fingerprint,0.0007200822819856814
DOI,MorganBit_0548,ligands: fingerprint,0.0
DOI,MorganBit_0549,ligands: fingerprint,0.0
DOI,MorganBit_0550,ligands: fingerprint,0.0
DOI,MorganBit_0551,ligands: fingerprint,0.0
DOI,MorganBit_0552,ligands: fingerprint,0.001349451623817765
DOI,MorganBit_0553,ligands: fingerprint,0.0
DOI,MorganBit_0554,ligands: fingerprint,0.00024558903993097156
DOI,MorganBit_0555,ligands: fingerprint,0.0005970485270225303
DOI,MorganBit_0556,ligands: fingerprint,0.0
DOI,MorganBit_0557,ligands: fingerprint,0.0003547721457721176
DOI,MorganBit_0558,ligands: fingerprint,2.1956412734793033e-05
DOI,MorganBit_0559,ligands: fingerprint,0.0
DOI,MorganBit_0560,ligands: fingerprint,0.0
DOI,MorganBit_0561,ligands: fingerprint,0.007487217338635009
DOI,MorganBit_0562,ligands: fingerprint,6.6875538795173e-05
DOI,MorganBit_0563,ligands: fingerprint,0.0
DOI,MorganBit_0564,ligands: fingerprint,0.000900251173822111
DOI,MorganBit_0565,ligands: fingerprint,0.0
DOI,MorganBit_0566,ligands: fingerprint,0.0
DOI,MorganBit_0567,ligands: fingerprint,0.004198644109601374
DOI,MorganBit_0568,ligands: fingerprint,0.0
DOI,MorganBit_0569,ligands: fingerprint,0.0
DOI,MorganBit_0570,ligands: fingerprint,0.0
DOI,MorganBit_0571,ligands: fingerprint,0.0008910953179432796
DOI,MorganBit_0572,ligands: fingerprint,0.0
DOI,MorganBit_0573,ligands: fingerprint,2.2834694369782804e-05
DOI,MorganBit_0574,ligands: fingerprint,0.0
DOI,MorganBit_0575,ligands: fingerprint,0.0
DOI,MorganBit_0576,ligands: fingerprint,0.0
DOI,MorganBit_0577,ligands: fingerprint,0.0
DOI,MorganBit_0578,ligands: fingerprint,0.0002363718476832098
DOI,MorganBit_0579,ligands: fingerprint,0.0
DOI,MorganBit_0580,ligands: fingerprint,0.0
DOI,MorganBit_0581,ligands: fingerprint,0.0014761462879796113
DOI,MorganBit_0582,ligands: fingerprint,8.090586221146376e-05
DOI,MorganBit_0583,ligands: fingerprint,0.0
DOI,MorganBit_0584,ligands: fingerprint,0.0020226574479793673
DOI,MorganBit_0585,ligands: fingerprint,0.0
DOI,MorganBit_0586,ligands: fingerprint,1.8093293466867914e-05
DOI,MorganBit_0587,ligands: fingerprint,0.0
DOI,MorganBit_0588,ligands: fingerprint,0.00014295770245783263
DOI,MorganBit_0589,ligands: fingerprint,0.0004462528578954222
DOI,MorganBit_0590,ligands: fingerprint,0.0
DOI,MorganBit_0591,ligands: fingerprint,0.004196740380034557
DOI,MorganBit_0592,ligands: fingerprint,5.3359535887184496e-05
DOI,MorganBit_0593,ligands: fingerprint,0.0
DOI,MorganBit_0594,ligands: fingerprint,0.001335825007093463
DOI,MorganBit_0595,ligands: fingerprint,0.0
DOI,MorganBit_0596,ligands: fingerprint,0.0
DOI,MorganBit_0597,ligands: fingerprint,4.227542666944115e-05
DOI,MorganBit_0598,ligands: fingerprint,0.0007697551780781434
DOI,MorganBit_0599,ligands: fingerprint,0.0
DOI,MorganBit_0600,ligands: fingerprint,0.00012857395439892257
DOI,MorganBit_0601,ligands: fingerprint,0.00015490316391580768
DOI,MorganBit_0602,ligands: fingerprint,0.0
DOI,MorganBit_0603,ligands: fingerprint,0.0010909621375399037
DOI,MorganBit_0604,ligands: fingerprint,0.0
DOI,MorganBit_0605,ligands: fingerprint,0.0
DOI,MorganBit_0606,ligands: fingerprint,0.00013008388461868394
DOI,MorganBit_0607,ligands: fingerprint,0.0
DOI,MorganBit_0608,ligands: fingerprint,0.0
DOI,MorganBit_0609,ligands: fingerprint,1.3101179913390174e-05
DOI,MorganBit_0610,ligands: fingerprint,0.000986353697938519
DOI,MorganBit_0611,ligands: fingerprint,0.001586036889134315
DOI,MorganBit_0612,ligands: fingerprint,0.0
DOI,MorganBit_0613,ligands: fingerprint,0.0
DOI,MorganBit_0614,ligands: fingerprint,0.0002567066887142324
DOI,MorganBit_0615,ligands: fingerprint,0.0
DOI,MorganBit_0616,ligands: fingerprint,0.0
DOI,MorganBit_0617,ligands: fingerprint,0.0002449555984100132
DOI,MorganBit_0618,ligands: fingerprint,0.0
DOI,MorganBit_0619,ligands: fingerprint,4.885581221037393e-06
DOI,MorganBit_0620,ligands: fingerprint,0.0
DOI,MorganBit_0621,ligands: fingerprint,5.537928502209004e-05
DOI,MorganBit_0622,ligands: fingerprint,0.0
DOI,MorganBit_0623,ligands: fingerprint,5.7938806239037066e-05
DOI,MorganBit_0624,ligands: fingerprint,4.320578147654024e-05
DOI,MorganBit_0625,ligands: fingerprint,9.071990709363488e-06
DOI,MorganBit_0626,ligands: fingerprint,0.02590493252903785
DOI,MorganBit_0627,ligands: fingerprint,0.0
DOI,MorganBit_0628,ligands: fingerprint,0.00022189700469376107
DOI,MorganBit_0629,ligands: fingerprint,0.005199953673173219
DOI,MorganBit_0630,ligands: fingerprint,8.581098987576111e-06
DOI,MorganBit_0631,ligands: fingerprint,0.0
DOI,MorganBit_0632,ligands: fingerprint,0.00035841535689917016
DOI,MorganBit_0633,ligands: fingerprint,0.0
DOI,MorganBit_0634,ligands: fingerprint,0.0
DOI,MorganBit_0635,ligands: fingerprint,0.0005660599091534504
DOI,MorganBit_0636,ligands: fingerprint,0.0003503189415220119
DOI,MorganBit_0637,ligands: fingerprint,0.0001791611203493808
DOI,MorganBit_0638,ligands: fingerprint,5.988074411429369e-06
DOI,MorganBit_0639,ligands: fingerprint,0.0
DOI,MorganBit_0640,ligands: fingerprint,0.0
DOI,MorganBit_0641,ligands: fingerprint,3.289186391947832e-05
DOI,MorganBit_0642,ligands: fingerprint,0.000359281710009858
DOI,MorganBit_0643,ligands: fingerprint,0.0
DOI,MorganBit_0644,ligands: fingerprint,0.00013745831764079745
DOI,MorganBit_0645,ligands: fingerprint,0.0003461547646578109
DOI,MorganBit_0646,ligands: fingerprint,0.0
DOI,MorganBit_0647,ligands: fingerprint,0.0007468048262687648
DOI,MorganBit_0648,ligands: fingerprint,0.0
DOI,MorganBit_0649,ligands: fingerprint,0.0
DOI,MorganBit_0650,ligands: fingerprint,0.017435678939509626
DOI,MorganBit_0651,ligands: fingerprint,0.0
DOI,MorganBit_0652,ligands: fingerprint,0.0
DOI,MorganBit_0653,ligands: fingerprint,0.0
DOI,MorganBit_0654,ligands: fingerprint,0.0001971314640996617
DOI,MorganBit_0655,ligands: fingerprint,0.00011764855797761781
DOI,MorganBit_0656,ligands: fingerprint,0.007090256917405595
DOI,MorganBit_0657,ligands: fingerprint,0.0
DOI,MorganBit_0658,ligands: fingerprint,0.0
DOI,MorganBit_0659,ligands: fingerprint,0.0
DOI,MorganBit_0660,ligands: fingerprint,0.0
DOI,MorganBit_0661,ligands: fingerprint,0.002401735118483787
DOI,MorganBit_0662,ligands: fingerprint,0.0
DOI,MorganBit_0663,ligands: fingerprint,0.0001779295873281965
DOI,MorganBit_0664,ligands: fingerprint,0.0
DOI,MorganBit_0665,ligands: fingerprint,0.0
DOI,MorganBit_0666,ligands: fingerprint,0.0001665100509850539
DOI,MorganBit_0667,ligands: fingerprint,0.000861596364945339
DOI,MorganBit_0668,ligands: fingerprint,1.3596052472383269e-05
DOI,MorganBit_0669,ligands: fingerprint,0.000423295594251493
DOI,MorganBit_0670,ligands: fingerprint,1.1207874980044561e-05
DOI,MorganBit_0671,ligands: fingerprint,0.0
DOI,MorganBit_0672,ligands: fingerprint,0.0008123583369775064
DOI,MorganBit_0673,ligands: fingerprint,0.003996309139131328
DOI,MorganBit_0674,ligands: fingerprint,0.00303656603708927
DOI,MorganBit_0675,ligands: fingerprint,0.0015701291893763937
DOI,MorganBit_0676,ligands: fingerprint,0.0017563582671496982
DOI,MorganBit_0677,ligands: fingerprint,0.00015028048660975515
DOI,MorganBit_0678,ligands: fingerprint,8.314186478717607e-05
DOI,MorganBit_0679,ligands: fingerprint,0.00021417888079059994
DOI,MorganBit_0680,ligands: fingerprint,0.0018059519043545885
DOI,MorganBit_0681,ligands: fingerprint,0.0
DOI,MorganBit_0682,ligands: fingerprint,5.2098551838666256e-05
DOI,MorganBit_0683,ligands: fingerprint,0.0
DOI,MorganBit_0684,ligands: fingerprint,7.622827357442515e-05
DOI,MorganBit_0685,ligands: fingerprint,0.0
DOI,MorganBit_0686,ligands: fingerprint,0.0010476720113544173
DOI,MorganBit_0687,ligands: fingerprint,3.390121503292251e-05
DOI,MorganBit_0688,ligands: fingerprint,0.0
DOI,MorganBit_0689,ligands: fingerprint,0.0
DOI,MorganBit_0690,ligands: fingerprint,0.0
DOI,MorganBit_0691,ligands: fingerprint,0.0004857591753690958
DOI,MorganBit_0692,ligands: fingerprint,1.6277442852129967e-05
DOI,MorganBit_0693,ligands: fingerprint,0.0
DOI,MorganBit_0694,ligands: fingerprint,0.0043658062016569184
DOI,MorganBit_0695,ligands: fingerprint,0.0025960372095403376
DOI,MorganBit_0696,ligands: fingerprint,0.0
DOI,MorganBit_0697,ligands: fingerprint,0.0
DOI,MorganBit_0698,ligands: fingerprint,0.0007240041354783793
DOI,MorganBit_0699,ligands: fingerprint,0.00028796573836976843
DOI,MorganBit_0700,ligands: fingerprint,0.002260764978407208
DOI,MorganBit_0701,ligands: fingerprint,3.311759113751836e-05
DOI,MorganBit_0702,ligands: fingerprint,0.0
DOI,MorganBit_0703,ligands: fingerprint,0.0021369424229684118
DOI,MorganBit_0704,ligands: fingerprint,0.0
DOI,MorganBit_0705,ligands: fingerprint,0.0
DOI,MorganBit_0706,ligands: fingerprint,0.0
DOI,MorganBit_0707,ligands: fingerprint,0.0
DOI,MorganBit_0708,ligands: fingerprint,4.521968022636802e-06
DOI,MorganBit_0709,ligands: fingerprint,0.0
DOI,MorganBit_0710,ligands: fingerprint,0.00027432809691645154
DOI,MorganBit_0711,ligands: fingerprint,0.0
DOI,MorganBit_0712,ligands: fingerprint,8.251484943123095e-05
DOI,MorganBit_0713,ligands: fingerprint,0.00019436537755672745
DOI,MorganBit_0714,ligands: fingerprint,0.0
DOI,MorganBit_0715,ligands: fingerprint,0.0031238095226285923
DOI,MorganBit_0716,ligands: fingerprint,0.0004528247561348366
DOI,MorganBit_0717,ligands: fingerprint,9.23839355050903e-05
DOI,MorganBit_0718,ligands: fingerprint,0.0013905043532486832
DOI,MorganBit_0719,ligands: fingerprint,0.0005832593325137395
DOI,MorganBit_0720,ligands: fingerprint,0.0
DOI,MorganBit_0721,ligands: fingerprint,0.0
DOI,MorganBit_0722,ligands: fingerprint,0.0
DOI,MorganBit_0723,ligands: fingerprint,0.002630435666342663
DOI,MorganBit_0724,ligands: fingerprint,0.0005736123434963363
DOI,MorganBit_0725,ligands: fingerprint,0.011714476911793757
DOI,MorganBit_0726,ligands: fingerprint,0.0
DOI,MorganBit_0727,ligands: fingerprint,0.0011441649926913857
DOI,MorganBit_0728,ligands: fingerprint,0.00040304226123629333
DOI,MorganBit_0729,ligands: fingerprint,0.00012124092354734461
DOI,MorganBit_0730,ligands: fingerprint,0.0
DOI,MorganBit_0731,ligands: fingerprint,0.0
DOI,MorganBit_0732,ligands: fingerprint,0.0
DOI,MorganBit_0733,ligands: fingerprint,0.0
DOI,MorganBit_0734,ligands: fingerprint,0.0
DOI,MorganBit_0735,ligands: fingerprint,0.0021747739834340387
DOI,MorganBit_0736,ligands: fingerprint,0.004153988068746448
DOI,MorganBit_0737,ligands: fingerprint,0.0010484384911477525
DOI,MorganBit_0738,ligands: fingerprint,0.0
DOI,MorganBit_0739,ligands: fingerprint,0.002016380844429156
DOI,MorganBit_0740,ligands: fingerprint,0.0
DOI,MorganBit_0741,ligands: fingerprint,0.0
DOI,MorganBit_0742,ligands: fingerprint,0.0
DOI,MorganBit_0743,ligands: fingerprint,0.0006136055334034906
DOI,MorganBit_0744,ligands: fingerprint,8.167311551524783e-05
DOI,MorganBit_0745,ligands: fingerprint,0.0003825052766411605
DOI,MorganBit_0746,ligands: fingerprint,0.0
DOI,MorganBit_0747,ligands: fingerprint,9.631462147932437e-05
DOI,MorganBit_0748,ligands: fingerprint,0.0
DOI,MorganBit_0749,ligands: fingerprint,0.0
DOI,MorganBit_0750,ligands: fingerprint,0.0006072713557407103
DOI,MorganBit_0751,ligands: fingerprint,0.0007969182848332965
DOI,MorganBit_0752,ligands: fingerprint,0.0
DOI,MorganBit_0753,ligands: fingerprint,0.000633861232662823
DOI,MorganBit_0754,ligands: fingerprint,8.685622562149918e-05
DOI,MorganBit_0755,ligands: fingerprint,0.0
DOI,MorganBit_0756,ligands: fingerprint,0.0
DOI,MorganBit_0757,ligands: fingerprint,9.565787074450905e-06
DOI,MorganBit_0758,ligands: fingerprint,0.0
DOI,MorganBit_0759,ligands: fingerprint,0.0017639771666854258
DOI,MorganBit_0760,ligands: fingerprint,0.00011251440267340425
DOI,MorganBit_0761,ligands: fingerprint,0.0
DOI,MorganBit_0762,ligands: fingerprint,0.0
DOI,MorganBit_0763,ligands: fingerprint,0.0
DOI,MorganBit_0764,ligands: fingerprint,0.0
DOI,MorganBit_0765,ligands: fingerprint,0.0
DOI,MorganBit_0766,ligands: fingerprint,0.00032230879342049943
DOI,MorganBit_0767,ligands: fingerprint,5.100250056228987e-05
DOI,MorganBit_0768,ligands: fingerprint,0.0
DOI,MorganBit_0769,ligands: fingerprint,0.00035139428657200857
DOI,MorganBit_0770,ligands: fingerprint,0.0
DOI,MorganBit_0771,ligands: fingerprint,0.0015258360520014108
DOI,MorganBit_0772,ligands: fingerprint,0.0
DOI,MorganBit_0773,ligands: fingerprint,0.00016761807074889792
DOI,MorganBit_0774,ligands: fingerprint,2.079986526844688e-05
DOI,MorganBit_0775,ligands: fingerprint,0.0
DOI,MorganBit_0776,ligands: fingerprint,0.0
DOI,MorganBit_0777,ligands: fingerprint,0.0
DOI,MorganBit_0778,ligands: fingerprint,0.0
DOI,MorganBit_0779,ligands: fingerprint,0.0005185024700489429
DOI,MorganBit_0780,ligands: fingerprint,0.0011721277892809876
DOI,MorganBit_0781,ligands: fingerprint,0.0005198426761716361
DOI,MorganBit_0782,ligands: fingerprint,0.0007311940851305634
DOI,MorganBit_0783,ligands: fingerprint,0.00013121930786181
DOI,MorganBit_0784,ligands: fingerprint,0.0002071634140384723
DOI,MorganBit_0785,ligands: fingerprint,0.0027558121381336003
DOI,MorganBit_0786,ligands: fingerprint,1.2089739962151896e-05
DOI,MorganBit_0787,ligands: fingerprint,0.009943170512429683
DOI,MorganBit_0788,ligands: fingerprint,0.0
DOI,MorganBit_0789,ligands: fingerprint,0.0007923415631779776
DOI,MorganBit_0790,ligands: fingerprint,0.0023626134579423736
DOI,MorganBit_0791,ligands: fingerprint,0.0
DOI,MorganBit_0792,ligands: fingerprint,0.0
DOI,MorganBit_0793,ligands: fingerprint,0.0
DOI,MorganBit_0794,ligands: fingerprint,0.010832462881973485
DOI,MorganBit_0795,ligands: fingerprint,0.0
DOI,MorganBit_0796,ligands: fingerprint,0.0
DOI,MorganBit_0797,ligands: fingerprint,0.0
DOI,MorganBit_0798,ligands: fingerprint,0.00010387345624462566
DOI,MorganBit_0799,ligands: fingerprint,0.0012479181868641645
DOI,MorganBit_0800,ligands: fingerprint,0.0
DOI,MorganBit_0801,ligands: fingerprint,0.0
DOI,MorganBit_0802,ligands: fingerprint,0.002353180380343861
DOI,MorganBit_0803,ligands: fingerprint,1.1518683474263672e-05
DOI,MorganBit_0804,ligands: fingerprint,0.00111425990441843
DOI,MorganBit_0805,ligands: fingerprint,0.0
DOI,MorganBit_0806,ligands: fingerprint,0.0010491140910384319
DOI,MorganBit_0807,ligands: fingerprint,0.012178083505467988
DOI,MorganBit_0808,ligands: fingerprint,0.0
DOI,MorganBit_0809,ligands: fingerprint,0.00011840388903005129
DOI,MorganBit_0810,ligands: fingerprint,0.0
DOI,MorganBit_0811,ligands: fingerprint,0.0
DOI,MorganBit_0812,ligands: fingerprint,0.0
DOI,MorganBit_0813,ligands: fingerprint,0.0
DOI,MorganBit_0814,ligands: fingerprint,0.0
DOI,MorganBit_0815,ligands: fingerprint,0.0002372469416250684
DOI,MorganBit_0816,ligands: fingerprint,0.0001415388251378099
DOI,MorganBit_0817,ligands: fingerprint,0.0
DOI,MorganBit_0818,ligands: fingerprint,0.0
DOI,MorganBit_0819,ligands: fingerprint,0.0
DOI,MorganBit_0820,ligands: fingerprint,0.0
DOI,MorganBit_0821,ligands: fingerprint,0.00012332100905928744
DOI,MorganBit_0822,ligands: fingerprint,0.0
DOI,MorganBit_0823,ligands: fingerprint,0.00021521833295019285
DOI,MorganBit_0824,ligands: fingerprint,0.0
DOI,MorganBit_0825,ligands: fingerprint,6.067231310761792e-05
DOI,MorganBit_0826,ligands: fingerprint,0.0
DOI,MorganBit_0827,ligands: fingerprint,2.4600833000845007e-05
DOI,MorganBit_0828,ligands: fingerprint,9.060247281051397e-06
DOI,MorganBit_0829,ligands: fingerprint,0.0018937650082185755
DOI,MorganBit_0830,ligands: fingerprint,0.0
DOI,MorganBit_0831,ligands: fingerprint,0.0002549444903105073
DOI,MorganBit_0832,ligands: fingerprint,2.8974243024801e-05
DOI,MorganBit_0833,ligands: fingerprint,0.0003600756657146209
DOI,MorganBit_0834,ligands: fingerprint,3.1984145145487586e-05
DOI,MorganBit_0835,ligands: fingerprint,0.0004793608993418153
DOI,MorganBit_0836,ligands: fingerprint,0.0035435900551373375
DOI,MorganBit_0837,ligands: fingerprint,0.0005658668307844465
DOI,MorganBit_0838,ligands: fingerprint,0.0011903597297744342
DOI,MorganBit_0839,ligands: fingerprint,0.0006598291616968068
DOI,MorganBit_0840,ligands: fingerprint,0.00019484739189499736
DOI,MorganBit_0841,ligands: fingerprint,0.0021474339504346475
DOI,MorganBit_0842,ligands: fingerprint,0.0
DOI,MorganBit_0843,ligands: fingerprint,0.0018829858727791762
DOI,MorganBit_0844,ligands: fingerprint,0.00013012362194369625
DOI,MorganBit_0845,ligands: fingerprint,3.951395239152809e-05
DOI,MorganBit_0846,ligands: fingerprint,0.00036232946403255554
DOI,MorganBit_0847,ligands: fingerprint,0.0
DOI,MorganBit_0848,ligands: fingerprint,0.0
DOI,MorganBit_0849,ligands: fingerprint,9.717734693415289e-06
DOI,MorganBit_0850,ligands: fingerprint,0.0012324237945430503
DOI,MorganBit_0851,ligands: fingerprint,0.0
DOI,MorganBit_0852,ligands: fingerprint,0.0
DOI,MorganBit_0853,ligands: fingerprint,0.0
DOI,MorganBit_0854,ligands: fingerprint,2.2106505091201202e-05
DOI,MorganBit_0855,ligands: fingerprint,0.001160483297862536
DOI,MorganBit_0856,ligands: fingerprint,0.0
DOI,MorganBit_0857,ligands: fingerprint,0.00018482127152868148
DOI,MorganBit_0858,ligands: fingerprint,0.0
DOI,MorganBit_0859,ligands: fingerprint,0.0
DOI,MorganBit_0860,ligands: fingerprint,0.00018195626268566659
DOI,MorganBit_0861,ligands: fingerprint,0.0
DOI,MorganBit_0862,ligands: fingerprint,0.0025080306780652485
DOI,MorganBit_0863,ligands: fingerprint,9.879564493645108e-05
DOI,MorganBit_0864,ligands: fingerprint,0.0017487681802266495
DOI,MorganBit_0865,ligands: fingerprint,0.0
DOI,MorganBit_0866,ligands: fingerprint,6.311263820470297e-06
DOI,MorganBit_0867,ligands: fingerprint,1.2934563078671797e-05
DOI,MorganBit_0868,ligands: fingerprint,0.0
DOI,MorganBit_0869,ligands: fingerprint,0.0
DOI,MorganBit_0870,ligands: fingerprint,0.0
DOI,MorganBit_0871,ligands: fingerprint,0.0
DOI,MorganBit_0872,ligands: fingerprint,0.0
DOI,MorganBit_0873,ligands: fingerprint,0.0
DOI,MorganBit_0874,ligands: fingerprint,0.0
DOI,MorganBit_0875,ligands: fingerprint,0.011885114520308254
DOI,MorganBit_0876,ligands: fingerprint,0.0
DOI,MorganBit_0877,ligands: fingerprint,0.0012301931943495535
DOI,MorganBit_0878,ligands: fingerprint,0.000893193964833601
DOI,MorganBit_0879,ligands: fingerprint,0.0012429095351309376
DOI,MorganBit_0880,ligands: fingerprint,0.004652114806569665
DOI,MorganBit_0881,ligands: fingerprint,0.0022159108563142536
DOI,MorganBit_0882,ligands: fingerprint,9.583883989079191e-05
DOI,MorganBit_0883,ligands: fingerprint,0.0013898567024491946
DOI,MorganBit_0884,ligands: fingerprint,0.0013910021496047129
DOI,MorganBit_0885,ligands: fingerprint,1.2203717068329426e-05
DOI,MorganBit_0886,ligands: fingerprint,0.0
DOI,MorganBit_0887,ligands: fingerprint,0.0011716434708732106
DOI,MorganBit_0888,ligands: fingerprint,0.0014238397312084823
DOI,MorganBit_0889,ligands: fingerprint,0.0
DOI,MorganBit_0890,ligands: fingerprint,0.0038315815707474993
DOI,MorganBit_0891,ligands: fingerprint,0.0
DOI,MorganBit_0892,ligands: fingerprint,0.004638147101972872
DOI,MorganBit_0893,ligands: fingerprint,0.00015787680649682155
DOI,MorganBit_0894,ligands: fingerprint,0.0
DOI,MorganBit_0895,ligands: fingerprint,4.0156515657716986e-05
DOI,MorganBit_0896,ligands: fingerprint,0.0034253281542297987
DOI,MorganBit_0897,ligands: fingerprint,0.0
DOI,MorganBit_0898,ligands: fingerprint,0.00014409995477061914
DOI,MorganBit_0899,ligands: fingerprint,0.0
DOI,MorganBit_0900,ligands: fingerprint,0.00016939844251548229
DOI,MorganBit_0901,ligands: fingerprint,8.696345923572783e-05
DOI,MorganBit_0902,ligands: fingerprint,4.249629136571397e-06
DOI,MorganBit_0903,ligands: fingerprint,0.0
DOI,MorganBit_0904,ligands: fingerprint,0.0
DOI,MorganBit_0905,ligands: fingerprint,0.0
DOI,MorganBit_0906,ligands: fingerprint,0.0017637915508576189
DOI,MorganBit_0907,ligands: fingerprint,0.0
DOI,MorganBit_0908,ligands: fingerprint,0.0
DOI,MorganBit_0909,ligands: fingerprint,0.0004131480800179623
DOI,MorganBit_0910,ligands: fingerprint,0.00043891929371280236
DOI,MorganBit_0911,ligands: fingerprint,0.00016232524944294297
DOI,MorganBit_0912,ligands: fingerprint,7.392927096107129e-05
DOI,MorganBit_0913,ligands: fingerprint,0.00013154183265837822
DOI,MorganBit_0914,ligands: fingerprint,0.0003102997609648392
DOI,MorganBit_0915,ligands: fingerprint,0.001406360754452314
DOI,MorganBit_0916,ligands: fingerprint,0.0
DOI,MorganBit_0917,ligands: fingerprint,0.0002526722656669097
DOI,MorganBit_0918,ligands: fingerprint,0.0
DOI,MorganBit_0919,ligands: fingerprint,0.0008027633763884148
DOI,MorganBit_0920,ligands: fingerprint,0.00023155504466143244
DOI,MorganBit_0921,ligands: fingerprint,0.0
DOI,MorganBit_0922,ligands: fingerprint,0.00013441132024695238
DOI,MorganBit_0923,ligands: fingerprint,4.011747683331925e-05
DOI,MorganBit_0924,ligands: fingerprint,0.0005425012516027133
DOI,MorganBit_0925,ligands: fingerprint,0.0
DOI,MorganBit_0926,ligands: fingerprint,0.0034908682374669626
DOI,MorganBit_0927,ligands: fingerprint,4.991247302715834e-05
DOI,MorganBit_0928,ligands: fingerprint,2.854185533887317e-05
DOI,MorganBit_0929,ligands: fingerprint,0.0008840797657032847
DOI,MorganBit_0930,ligands: fingerprint,0.0016620200119113943
DOI,MorganBit_0931,ligands: fingerprint,0.0008374383288457111
DOI,MorganBit_0932,ligands: fingerprint,0.002052709630282754
DOI,MorganBit_0933,ligands: fingerprint,0.0
DOI,MorganBit_0934,ligands: fingerprint,4.773654903260552e-05
DOI,MorganBit_0935,ligands: fingerprint,0.009646373320913204
DOI,MorganBit_0936,ligands: fingerprint,0.0
DOI,MorganBit_0937,ligands: fingerprint,0.0001875254665169703
DOI,MorganBit_0938,ligands: fingerprint,0.0
DOI,MorganBit_0939,ligands: fingerprint,0.0
DOI,MorganBit_0940,ligands: fingerprint,0.0005163954723920416
DOI,MorganBit_0941,ligands: fingerprint,1.2601285954080253e-05
DOI,MorganBit_0942,ligands: fingerprint,0.0
DOI,MorganBit_0943,ligands: fingerprint,0.0005664862729649992
DOI,MorganBit_0944,ligands: fingerprint,0.0
DOI,MorganBit_0945,ligands: fingerprint,0.00026363445321896654
DOI,MorganBit_0946,ligands: fingerprint,0.0
DOI,MorganBit_0947,ligands: fingerprint,0.0015897603484528588
DOI,MorganBit_0948,ligands: fingerprint,0.0
DOI,MorganBit_0949,ligands: fingerprint,0.0
DOI,MorganBit_0950,ligands: fingerprint,0.00020205976771777253
DOI,MorganBit_0951,ligands: fingerprint,0.0
DOI,MorganBit_0952,ligands: fingerprint,0.0008923951114018127
DOI,MorganBit_0953,ligands: fingerprint,6.309811360777961e-06
DOI,MorganBit_0954,ligands: fingerprint,0.0016320612941831559
DOI,MorganBit_0955,ligands: fingerprint,0.0
DOI,MorganBit_0956,ligands: fingerprint,0.0011560831546433168
DOI,MorganBit_0957,ligands: fingerprint,0.0
DOI,MorganBit_0958,ligands: fingerprint,0.0
DOI,MorganBit_0959,ligands: fingerprint,0.0
DOI,MorganBit_0960,ligands: fingerprint,0.0006579025092096492
DOI,MorganBit_0961,ligands: fingerprint,0.0013125458341547924
DOI,MorganBit_0962,ligands: fingerprint,0.0
DOI,MorganBit_0963,ligands: fingerprint,0.0012153035121984287
DOI,MorganBit_0964,ligands: fingerprint,0.0
DOI,MorganBit_0965,ligands: fingerprint,0.0005105811557195212
DOI,MorganBit_0966,ligands: fingerprint,0.0010218278914816347
DOI,MorganBit_0967,ligands: fingerprint,0.0003360499580582978
DOI,MorganBit_0968,ligands: fingerprint,0.0
DOI,MorganBit_0969,ligands: fingerprint,0.0
DOI,MorganBit_0970,ligands: fingerprint,0.0
DOI,MorganBit_0971,ligands: fingerprint,4.531959498248619e-05
DOI,MorganBit_0972,ligands: fingerprint,0.001964493522486521
DOI,MorganBit_0973,ligands: fingerprint,6.963092848323016e-05
DOI,MorganBit_0974,ligands: fingerprint,0.00011588550694429109
DOI,MorganBit_0975,ligands: fingerprint,0.0
DOI,MorganBit_0976,ligands: fingerprint,0.0
DOI,MorganBit_0977,ligands: fingerprint,0.0
DOI,MorganBit_0978,ligands: fingerprint,0.00020807015037031728
DOI,MorganBit_0979,ligands: fingerprint,0.0
DOI,MorganBit_0980,ligands: fingerprint,0.0062931591527765176
DOI,MorganBit_0981,ligands: fingerprint,0.0027878068726237435
DOI,MorganBit_0982,ligands: fingerprint,0.0
DOI,MorganBit_0983,ligands: fingerprint,0.00032264994621365863
DOI,MorganBit_0984,ligands: fingerprint,0.005520505023918107
DOI,MorganBit_0985,ligands: fingerprint,0.0
DOI,MorganBit_0986,ligands: fingerprint,0.0
DOI,MorganBit_0987,ligands: fingerprint,0.0006198940039408097
DOI,MorganBit_0988,ligands: fingerprint,0.0003363847337050486
DOI,MorganBit_0989,ligands: fingerprint,0.0
DOI,MorganBit_0990,ligands: fingerprint,0.0
DOI,MorganBit_0991,ligands: fingerprint,0.0
DOI,MorganBit_0992,ligands: fingerprint,0.000527564346149646
DOI,MorganBit_0993,ligands: fingerprint,0.0006330134388965812
DOI,MorganBit_0994,ligands: fingerprint,6.865255432452154e-06
DOI,MorganBit_0995,ligands: fingerprint,0.0
DOI,MorganBit_0996,ligands: fingerprint,0.00011505498957750536
DOI,MorganBit_0997,ligands: fingerprint,0.0006476579244904097
DOI,MorganBit_0998,ligands: fingerprint,0.00012737645645555479
DOI,MorganBit_0999,ligands: fingerprint,0.0
DOI,MorganBit_1000,ligands: fingerprint,0.0
DOI,MorganBit_1001,ligands: fingerprint,0.0
DOI,MorganBit_1002,ligands: fingerprint,0.0
DOI,MorganBit_1003,ligands: fingerprint,0.0011192352726646416
DOI,MorganBit_1004,ligands: fingerprint,0.0011620015987802534
DOI,MorganBit_1005,ligands: fingerprint,7.5246285286182325e-06
DOI,MorganBit_1006,ligands: fingerprint,0.0
DOI,MorganBit_1007,ligands: fingerprint,0.0
DOI,MorganBit_1008,ligands: fingerprint,0.0
DOI,MorganBit_1009,ligands: fingerprint,9.851752790194324e-06
DOI,MorganBit_1010,ligands: fingerprint,0.0
DOI,MorganBit_1011,ligands: fingerprint,0.00017885488295829775
DOI,MorganBit_1012,ligands: fingerprint,2.023949561450614e-05
DOI,MorganBit_1013,ligands: fingerprint,7.256829404246251e-05
DOI,MorganBit_1014,ligands: fingerprint,0.00021781223140870037
DOI,MorganBit_1015,ligands: fingerprint,0.0
DOI,MorganBit_1016,ligands: fingerprint,0.0
DOI,MorganBit_1017,ligands: fingerprint,0.0020134834640883016
DOI,MorganBit_1018,ligands: fingerprint,0.0
DOI,MorganBit_1019,ligands: fingerprint,0.001565088974331459
DOI,MorganBit_1020,ligands: fingerprint,0.0
DOI,MorganBit_1021,ligands: fingerprint,6.960595000705276e-05
DOI,MorganBit_1022,ligands: fingerprint,0.0
DOI,MorganBit_1023,ligands: fingerprint,0.0
DOI,MorganBit_1024,ligands: fingerprint,0.00016414818659217433
DOI,MorganBit_1025,ligands: fingerprint,0.0036273397448799045
DOI,MorganBit_1026,ligands: fingerprint,0.0
DOI,MorganBit_1027,ligands: fingerprint,0.0009361202599207082
DOI,MorganBit_1028,ligands: fingerprint,0.004328415591936036
DOI,MorganBit_1029,ligands: fingerprint,7.814687339383847e-05
DOI,MorganBit_1030,ligands: fingerprint,0.0
DOI,MorganBit_1031,ligands: fingerprint,0.0
DOI,MorganBit_1032,ligands: fingerprint,0.0
DOI,MorganBit_1033,ligands: fingerprint,0.0
DOI,MorganBit_1034,ligands: fingerprint,0.0003452094626389802
DOI,MorganBit_1035,ligands: fingerprint,0.005489511425541621
DOI,MorganBit_1036,ligands: fingerprint,0.0
DOI,MorganBit_1037,ligands: fingerprint,7.32348994732189e-05
DOI,MorganBit_1038,ligands: fingerprint,0.0
DOI,MorganBit_1039,ligands: fingerprint,0.0028530093599226612
DOI,MorganBit_1040,ligands: fingerprint,0.0
DOI,MorganBit_1041,ligands: fingerprint,0.0
DOI,MorganBit_1042,ligands: fingerprint,0.0
DOI,MorganBit_1043,ligands: fingerprint,0.0096813868362664
DOI,MorganBit_1044,ligands: fingerprint,0.0
DOI,MorganBit_1045,ligands: fingerprint,0.0009435822288526872
DOI,MorganBit_1046,ligands: fingerprint,0.0
DOI,MorganBit_1047,ligands: fingerprint,0.00017524411297495566
DOI,MorganBit_1048,ligands: fingerprint,0.000597993403155543
DOI,MorganBit_1049,ligands: fingerprint,0.0003830048038537718
DOI,MorganBit_1050,ligands: fingerprint,0.0
DOI,MorganBit_1051,ligands: fingerprint,0.0
DOI,MorganBit_1052,ligands: fingerprint,0.0
DOI,MorganBit_1053,ligands: fingerprint,0.0018830309207879738
DOI,MorganBit_1054,ligands: fingerprint,0.0
DOI,MorganBit_1055,ligands: fingerprint,0.0026050943634152936
DOI,MorganBit_1056,ligands: fingerprint,0.0
DOI,MorganBit_1057,ligands: fingerprint,0.03278363633804212
DOI,MorganBit_1058,ligands: fingerprint,0.0
DOI,MorganBit_1059,ligands: fingerprint,0.0
DOI,MorganBit_1060,ligands: fingerprint,0.0003686592516101986
DOI,MorganBit_1061,ligands: fingerprint,0.0
DOI,MorganBit_1062,ligands: fingerprint,0.00013110838893771502
DOI,MorganBit_1063,ligands: fingerprint,0.0015170144205259987
DOI,MorganBit_1064,ligands: fingerprint,0.0032225108856023628
DOI,MorganBit_1065,ligands: fingerprint,0.0
DOI,MorganBit_1066,ligands: fingerprint,0.0009285776835941575
DOI,MorganBit_1067,ligands: fingerprint,0.0
DOI,MorganBit_1068,ligands: fingerprint,0.0
DOI,MorganBit_1069,ligands: fingerprint,0.0003660793156094984
DOI,MorganBit_1070,ligands: fingerprint,4.78553019629719e-05
DOI,MorganBit_1071,ligands: fingerprint,7.851693816128124e-05
DOI,MorganBit_1072,ligands: fingerprint,0.00010370742890572734
DOI,MorganBit_1073,ligands: fingerprint,0.0005338123687317192
DOI,MorganBit_1074,ligands: fingerprint,0.0
DOI,MorganBit_1075,ligands: fingerprint,0.0
DOI,MorganBit_1076,ligands: fingerprint,0.0
DOI,MorganBit_1077,ligands: fingerprint,0.0005197416274031546
DOI,MorganBit_1078,ligands: fingerprint,0.0
DOI,MorganBit_1079,ligands: fingerprint,0.0
DOI,MorganBit_1080,ligands: fingerprint,0.0009502872248758837
DOI,MorganBit_1081,ligands: fingerprint,0.0
DOI,MorganBit_1082,ligands: fingerprint,0.002671096449152088
DOI,MorganBit_1083,ligands: fingerprint,0.0006407320440355222
DOI,MorganBit_1084,ligands: fingerprint,0.0
DOI,MorganBit_1085,ligands: fingerprint,0.0
DOI,MorganBit_1086,ligands: fingerprint,0.0008022512375288201
DOI,MorganBit_1087,ligands: fingerprint,0.010447103138714563
DOI,MorganBit_1088,ligands: fingerprint,0.009520721543664115
DOI,MorganBit_1089,ligands: fingerprint,0.0001656365107872161
DOI,MorganBit_1090,ligands: fingerprint,0.0
DOI,MorganBit_1091,ligands: fingerprint,0.0
DOI,MorganBit_1092,ligands: fingerprint,0.0
DOI,MorganBit_1093,ligands: fingerprint,0.00021173102892024223
DOI,MorganBit_1094,ligands: fingerprint,0.0
DOI,MorganBit_1095,ligands: fingerprint,1.7926339315781226e-05
DOI,MorganBit_1096,ligands: fingerprint,0.0021285192315968196
DOI,MorganBit_1097,ligands: fingerprint,0.001102911473935975
DOI,MorganBit_1098,ligands: fingerprint,0.0
DOI,MorganBit_1099,ligands: fingerprint,8.618506435848419e-05
DOI,MorganBit_1100,ligands: fingerprint,0.009675501857783434
DOI,MorganBit_1101,ligands: fingerprint,0.0003644156146393144
DOI,MorganBit_1102,ligands: fingerprint,0.0003960070044655521
DOI,MorganBit_1103,ligands: fingerprint,0.0
DOI,MorganBit_1104,ligands: fingerprint,0.002952746840364426
DOI,MorganBit_1105,ligands: fingerprint,0.0
DOI,MorganBit_1106,ligands: fingerprint,0.0
DOI,MorganBit_1107,ligands: fingerprint,5.024303777129613e-05
DOI,MorganBit_1108,ligands: fingerprint,0.0
DOI,MorganBit_1109,ligands: fingerprint,0.0009556800848184346
DOI,MorganBit_1110,ligands: fingerprint,1.0972255777908806e-05
DOI,MorganBit_1111,ligands: fingerprint,0.0
DOI,MorganBit_1112,ligands: fingerprint,0.0
DOI,MorganBit_1113,ligands: fingerprint,0.0
DOI,MorganBit_1114,ligands: fingerprint,0.005982201063853417
DOI,MorganBit_1115,ligands: fingerprint,0.0
DOI,MorganBit_1116,ligands: fingerprint,0.0
DOI,MorganBit_1117,ligands: fingerprint,0.0
DOI,MorganBit_1118,ligands: fingerprint,5.1848004465406115e-05
DOI,MorganBit_1119,ligands: fingerprint,0.00023811278858505794
DOI,MorganBit_1120,ligands: fingerprint,4.7921667576498954e-05
DOI,MorganBit_1121,ligands: fingerprint,0.0
DOI,MorganBit_1122,ligands: fingerprint,7.705489030988232e-05
DOI,MorganBit_1123,ligands: fingerprint,3.1243304319166294e-05
DOI,MorganBit_1124,ligands: fingerprint,0.00023838252039104025
DOI,MorganBit_1125,ligands: fingerprint,1.521342832930852e-05
DOI,MorganBit_1126,ligands: fingerprint,8.986070952150867e-06
DOI,MorganBit_1127,ligands: fingerprint,0.0
DOI,MorganBit_1128,ligands: fingerprint,0.0007247231493149395
DOI,MorganBit_1129,ligands: fingerprint,0.0
DOI,MorganBit_1130,ligands: fingerprint,0.0001774777754044801
DOI,MorganBit_1131,ligands: fingerprint,0.0
DOI,MorganBit_1132,ligands: fingerprint,0.0
DOI,MorganBit_1133,ligands: fingerprint,0.0
DOI,MorganBit_1134,ligands: fingerprint,0.0
DOI,MorganBit_1135,ligands: fingerprint,0.0005591454190405113
DOI,MorganBit_1136,ligands: fingerprint,0.0004686440631894187
DOI,MorganBit_1137,ligands: fingerprint,0.0
DOI,MorganBit_1138,ligands: fingerprint,0.0008822646917186839
DOI,MorganBit_1139,ligands: fingerprint,0.0
DOI,MorganBit_1140,ligands: fingerprint,0.001776712935015598
DOI,MorganBit_1141,ligands: fingerprint,0.0009529829860191952
DOI,MorganBit_1142,ligands: fingerprint,0.0030289195777931217
DOI,MorganBit_1143,ligands: fingerprint,0.0029525071381604345
DOI,MorganBit_1144,ligands: fingerprint,0.0
DOI,MorganBit_1145,ligands: fingerprint,0.002470136230662645
DOI,MorganBit_1146,ligands: fingerprint,4.651429049719473e-06
DOI,MorganBit_1147,ligands: fingerprint,0.005527301887270476
DOI,MorganBit_1148,ligands: fingerprint,0.0
DOI,MorganBit_1149,ligands: fingerprint,0.0
DOI,MorganBit_1150,ligands: fingerprint,0.0
DOI,MorganBit_1151,ligands: fingerprint,0.0
DOI,MorganBit_1152,ligands: fingerprint,0.0019971445841522437
DOI,MorganBit_1153,ligands: fingerprint,0.0006943064994124275
DOI,MorganBit_1154,ligands: fingerprint,0.0015528049594427443
DOI,MorganBit_1155,ligands: fingerprint,0.01168988415880427
DOI,MorganBit_1156,ligands: fingerprint,0.0001152106784516028
DOI,MorganBit_1157,ligands: fingerprint,0.00026727355595168844
DOI,MorganBit_1158,ligands: fingerprint,0.0
DOI,MorganBit_1159,ligands: fingerprint,0.0
DOI,MorganBit_1160,ligands: fingerprint,0.003814203590741287
DOI,MorganBit_1161,ligands: fingerprint,0.0
DOI,MorganBit_1162,ligands: fingerprint,0.0007944336086668152
DOI,MorganBit_1163,ligands: fingerprint,0.0022536486193955934
DOI,MorganBit_1164,ligands: fingerprint,0.0006336945514424772
DOI,MorganBit_1165,ligands: fingerprint,0.0
DOI,MorganBit_1166,ligands: fingerprint,0.0009538222954001828
DOI,MorganBit_1167,ligands: fingerprint,0.0
DOI,MorganBit_1168,ligands: fingerprint,0.00036792089891594904
DOI,MorganBit_1169,ligands: fingerprint,0.0
DOI,MorganBit_1170,ligands: fingerprint,0.0
DOI,MorganBit_1171,ligands: fingerprint,0.009408453900368716
DOI,MorganBit_1172,ligands: fingerprint,0.0
DOI,MorganBit_1173,ligands: fingerprint,0.0
DOI,MorganBit_1174,ligands: fingerprint,0.00017602967661270767
DOI,MorganBit_1175,ligands: fingerprint,0.0
DOI,MorganBit_1176,ligands: fingerprint,0.00021608718937402368
DOI,MorganBit_1177,ligands: fingerprint,2.300567671650068e-05
DOI,MorganBit_1178,ligands: fingerprint,0.0
DOI,MorganBit_1179,ligands: fingerprint,5.335830193324266e-05
DOI,MorganBit_1180,ligands: fingerprint,0.0
DOI,MorganBit_1181,ligands: fingerprint,0.0
DOI,MorganBit_1182,ligands: fingerprint,0.00010001925368114625
DOI,MorganBit_1183,ligands: fingerprint,0.0002934911555754045
DOI,MorganBit_1184,ligands: fingerprint,0.0034028734004600734
DOI,MorganBit_1185,ligands: fingerprint,0.00013243563900725778
DOI,MorganBit_1186,ligands: fingerprint,0.0
DOI,MorganBit_1187,ligands: fingerprint,0.0006216352068061841
DOI,MorganBit_1188,ligands: fingerprint,0.0
DOI,MorganBit_1189,ligands: fingerprint,0.0
DOI,MorganBit_1190,ligands: fingerprint,0.0003550966236738249
DOI,MorganBit_1191,ligands: fingerprint,6.781422100672034e-06
DOI,MorganBit_1192,ligands: fingerprint,0.0002682611103346158
DOI,MorganBit_1193,ligands: fingerprint,0.0
DOI,MorganBit_1194,ligands: fingerprint,0.0
DOI,MorganBit_1195,ligands: fingerprint,0.0012197181453196112
DOI,MorganBit_1196,ligands: fingerprint,0.0
DOI,MorganBit_1197,ligands: fingerprint,5.4247918602425874e-05
DOI,MorganBit_1198,ligands: fingerprint,0.0
DOI,MorganBit_1199,ligands: fingerprint,0.021914653378274484
DOI,MorganBit_1200,ligands: fingerprint,0.0
DOI,MorganBit_1201,ligands: fingerprint,9.820399815486793e-06
DOI,MorganBit_1202,ligands: fingerprint,0.0
DOI,MorganBit_1203,ligands: fingerprint,0.0017241657536710086
DOI,MorganBit_1204,ligands: fingerprint,0.0
DOI,MorganBit_1205,ligands: fingerprint,0.00010525352684012902
DOI,MorganBit_1206,ligands: fingerprint,0.0
DOI,MorganBit_1207,ligands: fingerprint,0.0
DOI,MorganBit_1208,ligands: fingerprint,2.897585203787005e-05
DOI,MorganBit_1209,ligands: fingerprint,2.4092761001367946e-06
DOI,MorganBit_1210,ligands: fingerprint,0.0
DOI,MorganBit_1211,ligands: fingerprint,0.0003369447486491363
DOI,MorganBit_1212,ligands: fingerprint,0.0
DOI,MorganBit_1213,ligands: fingerprint,0.0
DOI,MorganBit_1214,ligands: fingerprint,3.6224046622665266e-05
DOI,MorganBit_1215,ligands: fingerprint,0.0
DOI,MorganBit_1216,ligands: fingerprint,0.0
DOI,MorganBit_1217,ligands: fingerprint,0.0
DOI,MorganBit_1218,ligands: fingerprint,0.00014614685751467225
DOI,MorganBit_1219,ligands: fingerprint,0.00014339082057369132
DOI,MorganBit_1220,ligands: fingerprint,0.0006811867992181928
DOI,MorganBit_1221,ligands: fingerprint,0.0
DOI,MorganBit_1222,ligands: fingerprint,3.1400155590125003e-06
DOI,MorganBit_1223,ligands: fingerprint,0.0002670921369802827
DOI,MorganBit_1224,ligands: fingerprint,0.0009450907135087536
DOI,MorganBit_1225,ligands: fingerprint,0.0036089948002289802
DOI,MorganBit_1226,ligands: fingerprint,0.0014521131618287458
DOI,MorganBit_1227,ligands: fingerprint,0.0
DOI,MorganBit_1228,ligands: fingerprint,0.0
DOI,MorganBit_1229,ligands: fingerprint,0.0
DOI,MorganBit_1230,ligands: fingerprint,0.0
DOI,MorganBit_1231,ligands: fingerprint,0.0
DOI,MorganBit_1232,ligands: fingerprint,0.0
DOI,MorganBit_1233,ligands: fingerprint,0.002114015319501456
DOI,MorganBit_1234,ligands: fingerprint,0.0001486357513691048
DOI,MorganBit_1235,ligands: fingerprint,0.0
DOI,MorganBit_1236,ligands: fingerprint,0.00018369189263248487
DOI,MorganBit_1237,ligands: fingerprint,0.0003648359397772682
DOI,MorganBit_1238,ligands: fingerprint,0.0002839018394558934
DOI,MorganBit_1239,ligands: fingerprint,0.0
DOI,MorganBit_1240,ligands: fingerprint,0.0
DOI,MorganBit_1241,ligands: fingerprint,0.0
DOI,MorganBit_1242,ligands: fingerprint,0.0
DOI,MorganBit_1243,ligands: fingerprint,0.00012959974745154328
DOI,MorganBit_1244,ligands: fingerprint,0.0
DOI,MorganBit_1245,ligands: fingerprint,0.00033396580713138124
DOI,MorganBit_1246,ligands: fingerprint,0.0
DOI,MorganBit_1247,ligands: fingerprint,0.0
DOI,MorganBit_1248,ligands: fingerprint,0.0
DOI,MorganBit_1249,ligands: fingerprint,0.00045273058498736105
DOI,MorganBit_1250,ligands: fingerprint,0.00016144134608209494
DOI,MorganBit_1251,ligands: fingerprint,0.0
DOI,MorganBit_1252,ligands: fingerprint,0.0
DOI,MorganBit_1253,ligands: fingerprint,0.0005340262590263581
DOI,MorganBit_1254,ligands: fingerprint,0.0
DOI,MorganBit_1255,ligands: fingerprint,0.00042280889024513753
DOI,MorganBit_1256,ligands: fingerprint,0.0009524914078381703
DOI,MorganBit_1257,ligands: fingerprint,0.0017436942405883854
DOI,MorganBit_1258,ligands: fingerprint,0.00022872490828349648
DOI,MorganBit_1259,ligands: fingerprint,0.0008223503780724485
DOI,MorganBit_1260,ligands: fingerprint,0.0
DOI,MorganBit_1261,ligands: fingerprint,0.0
DOI,MorganBit_1262,ligands: fingerprint,0.0
DOI,MorganBit_1263,ligands: fingerprint,0.0
DOI,MorganBit_1264,ligands: fingerprint,0.0
DOI,MorganBit_1265,ligands: fingerprint,0.0021173043425010986
DOI,MorganBit_1266,ligands: fingerprint,0.000572091134688809
DOI,MorganBit_1267,ligands: fingerprint,0.0011746296894414162
DOI,MorganBit_1268,ligands: fingerprint,0.0
DOI,MorganBit_1269,ligands: fingerprint,6.463291543015739e-05
DOI,MorganBit_1270,ligands: fingerprint,0.0
DOI,MorganBit_1271,ligands: fingerprint,0.0
DOI,MorganBit_1272,ligands: fingerprint,0.0
DOI,MorganBit_1273,ligands: fingerprint,0.0001113330432717261
DOI,MorganBit_1274,ligands: fingerprint,0.003714989722734794
DOI,MorganBit_1275,ligands: fingerprint,3.5941741660183355e-05
DOI,MorganBit_1276,ligands: fingerprint,0.0
DOI,MorganBit_1277,ligands: fingerprint,8.91011877428297e-05
DOI,MorganBit_1278,ligands: fingerprint,0.0
DOI,MorganBit_1279,ligands: fingerprint,0.0001600594713380524
DOI,MorganBit_1280,ligands: fingerprint,0.0
DOI,MorganBit_1281,ligands: fingerprint,0.0
DOI,MorganBit_1282,ligands: fingerprint,0.0
DOI,MorganBit_1283,ligands: fingerprint,0.00011477863822731863
DOI,MorganBit_1284,ligands: fingerprint,3.432037586345207e-05
DOI,MorganBit_1285,ligands: fingerprint,0.0030252381765741186
DOI,MorganBit_1286,ligands: fingerprint,0.00037872607657330316
DOI,MorganBit_1287,ligands: fingerprint,0.0
DOI,MorganBit_1288,ligands: fingerprint,0.0
DOI,MorganBit_1289,ligands: fingerprint,0.0
DOI,MorganBit_1290,ligands: fingerprint,0.0
DOI,MorganBit_1291,ligands: fingerprint,0.0
DOI,MorganBit_1292,ligands: fingerprint,0.0005890059109879603
DOI,MorganBit_1293,ligands: fingerprint,0.0
DOI,MorganBit_1294,ligands: fingerprint,0.00014683562207540253
DOI,MorganBit_1295,ligands: fingerprint,0.0
DOI,MorganBit_1296,ligands: fingerprint,0.0
DOI,MorganBit_1297,ligands: fingerprint,2.240945837085077e-05
DOI,MorganBit_1298,ligands: fingerprint,0.0
DOI,MorganBit_1299,ligands: fingerprint,0.00014718697879314514
DOI,MorganBit_1300,ligands: fingerprint,0.0001259000443152435
DOI,MorganBit_1301,ligands: fingerprint,0.0
DOI,MorganBit_1302,ligands: fingerprint,0.0
DOI,MorganBit_1303,ligands: fingerprint,0.0
DOI,MorganBit_1304,ligands: fingerprint,0.0
DOI,MorganBit_1305,ligands: fingerprint,0.0
DOI,MorganBit_1306,ligands: fingerprint,0.0
DOI,MorganBit_1307,ligands: fingerprint,2.8934135537449537e-05
DOI,MorganBit_1308,ligands: fingerprint,8.1649005723057e-05
DOI,MorganBit_1309,ligands: fingerprint,0.0012427752141936936
DOI,MorganBit_1310,ligands: fingerprint,0.0
DOI,MorganBit_1311,ligands: fingerprint,0.0
DOI,MorganBit_1312,ligands: fingerprint,0.00032410300477588727
DOI,MorganBit_1313,ligands: fingerprint,0.002387559922831591
DOI,MorganBit_1314,ligands: fingerprint,0.0003327062122972036
DOI,MorganBit_1315,ligands: fingerprint,0.0
DOI,MorganBit_1316,ligands: fingerprint,0.0
DOI,MorganBit_1317,ligands: fingerprint,0.0005739445749489491
DOI,MorganBit_1318,ligands: fingerprint,0.001720747726877751
DOI,MorganBit_1319,ligands: fingerprint,0.0
DOI,MorganBit_1320,ligands: fingerprint,0.0011443400499314836
DOI,MorganBit_1321,ligands: fingerprint,0.0
DOI,MorganBit_1322,ligands: fingerprint,0.00028021774605482103
DOI,MorganBit_1323,ligands: fingerprint,9.490006259393553e-05
DOI,MorganBit_1324,ligands: fingerprint,0.0
DOI,MorganBit_1325,ligands: fingerprint,0.011449531140397623
DOI,MorganBit_1326,ligands: fingerprint,0.0
DOI,MorganBit_1327,ligands: fingerprint,0.0
DOI,MorganBit_1328,ligands: fingerprint,0.0
DOI,MorganBit_1329,ligands: fingerprint,0.00018460370467690006
DOI,MorganBit_1330,ligands: fingerprint,0.0
DOI,MorganBit_1331,ligands: fingerprint,0.00017806011699519658
DOI,MorganBit_1332,ligands: fingerprint,0.00012878955673323734
DOI,MorganBit_1333,ligands: fingerprint,3.827964758288244e-05
DOI,MorganBit_1334,ligands: fingerprint,0.0
DOI,MorganBit_1335,ligands: fingerprint,0.0
DOI,MorganBit_1336,ligands: fingerprint,0.00010315005368303882
DOI,MorganBit_1337,ligands: fingerprint,0.0
DOI,MorganBit_1338,ligands: fingerprint,0.0
DOI,MorganBit_1339,ligands: fingerprint,0.0047654650951156775
DOI,MorganBit_1340,ligands: fingerprint,0.0
DOI,MorganBit_1341,ligands: fingerprint,0.0005270104614848423
DOI,MorganBit_1342,ligands: fingerprint,0.0
DOI,MorganBit_1343,ligands: fingerprint,8.556917236280487e-06
DOI,MorganBit_1344,ligands: fingerprint,0.00225233615869025
DOI,MorganBit_1345,ligands: fingerprint,0.0
DOI,MorganBit_1346,ligands: fingerprint,0.0008997882909806485
DOI,MorganBit_1347,ligands: fingerprint,0.002934807749772446
DOI,MorganBit_1348,ligands: fingerprint,0.00043723660256129803
DOI,MorganBit_1349,ligands: fingerprint,0.0018673879580757009
DOI,MorganBit_1350,ligands: fingerprint,2.8901684574057438e-05
DOI,MorganBit_1351,ligands: fingerprint,0.0
DOI,MorganBit_1352,ligands: fingerprint,0.0
DOI,MorganBit_1353,ligands: fingerprint,0.0004556841673001158
DOI,MorganBit_1354,ligands: fingerprint,0.0
DOI,MorganBit_1355,ligands: fingerprint,0.0
DOI,MorganBit_1356,ligands: fingerprint,0.0
DOI,MorganBit_1357,ligands: fingerprint,0.005618139932207812
DOI,MorganBit_1358,ligands: fingerprint,0.00717982060426465
DOI,MorganBit_1359,ligands: fingerprint,0.0
DOI,MorganBit_1360,ligands: fingerprint,0.0
DOI,MorganBit_1361,ligands: fingerprint,0.00016631622088218457
DOI,MorganBit_1362,ligands: fingerprint,4.308063114310184e-06
DOI,MorganBit_1363,ligands: fingerprint,0.000978415721076765
DOI,MorganBit_1364,ligands: fingerprint,0.0005563256364701999
DOI,MorganBit_1365,ligands: fingerprint,0.0007045666869949165
DOI,MorganBit_1366,ligands: fingerprint,0.0008906959492393574
DOI,MorganBit_1367,ligands: fingerprint,0.0
DOI,MorganBit_1368,ligands: fingerprint,0.0
DOI,MorganBit_1369,ligands: fingerprint,0.00027845894306866026
DOI,MorganBit_1370,ligands: fingerprint,0.0
DOI,MorganBit_1371,ligands: fingerprint,0.0
DOI,MorganBit_1372,ligands: fingerprint,0.0
DOI,MorganBit_1373,ligands: fingerprint,1.0237276143286078e-05
DOI,MorganBit_1374,ligands: fingerprint,0.0004927894578310962
DOI,MorganBit_1375,ligands: fingerprint,0.00033156301892849576
DOI,MorganBit_1376,ligands: fingerprint,0.0
DOI,MorganBit_1377,ligands: fingerprint,0.0
DOI,MorganBit_1378,ligands: fingerprint,0.0005950582446867484
DOI,MorganBit_1379,ligands: fingerprint,0.0016563511130460867
DOI,MorganBit_1380,ligands: fingerprint,0.03351958599591133
DOI,MorganBit_1381,ligands: fingerprint,0.0005719593316989575
DOI,MorganBit_1382,ligands: fingerprint,0.0007891759269383003
DOI,MorganBit_1383,ligands: fingerprint,0.0
DOI,MorganBit_1384,ligands: fingerprint,0.0003432236601561773
DOI,MorganBit_1385,ligands: fingerprint,0.00706047545978231
DOI,MorganBit_1386,ligands: fingerprint,3.6889941390384244e-05
DOI,MorganBit_1387,ligands: fingerprint,0.0
DOI,MorganBit_1388,ligands: fingerprint,0.0029160719894069593
DOI,MorganBit_1389,ligands: fingerprint,0.0
DOI,MorganBit_1390,ligands: fingerprint,0.0
DOI,MorganBit_1391,ligands: fingerprint,0.0011489209367910743
DOI,MorganBit_1392,ligands: fingerprint,0.0
DOI,MorganBit_1393,ligands: fingerprint,0.000682320625199177
DOI,MorganBit_1394,ligands: fingerprint,0.0
DOI,MorganBit_1395,ligands: fingerprint,0.002249063094933336
DOI,MorganBit_1396,ligands: fingerprint,0.0
DOI,MorganBit_1397,ligands: fingerprint,0.0
DOI,MorganBit_1398,ligands: fingerprint,0.0007305300272108083
DOI,MorganBit_1399,ligands: fingerprint,0.0
DOI,MorganBit_1400,ligands: fingerprint,0.0
DOI,MorganBit_1401,ligands: fingerprint,0.0
DOI,MorganBit_1402,ligands: fingerprint,0.0006285564936563856
DOI,MorganBit_1403,ligands: fingerprint,0.0010696459452379753
DOI,MorganBit_1404,ligands: fingerprint,0.0002293332714174944
DOI,MorganBit_1405,ligands: fingerprint,8.106166038469914e-05
DOI,MorganBit_1406,ligands: fingerprint,0.0
DOI,MorganBit_1407,ligands: fingerprint,0.00011411159171900658
DOI,MorganBit_1408,ligands: fingerprint,0.0
DOI,MorganBit_1409,ligands: fingerprint,0.0
DOI,MorganBit_1410,ligands: fingerprint,0.00017966865472192442
DOI,MorganBit_1411,ligands: fingerprint,1.6708311768977795e-05
DOI,MorganBit_1412,ligands: fingerprint,0.0
DOI,MorganBit_1413,ligands: fingerprint,0.0
DOI,MorganBit_1414,ligands: fingerprint,0.003064620007016115
DOI,MorganBit_1415,ligands: fingerprint,0.0
DOI,MorganBit_1416,ligands: fingerprint,0.00022867372908965284
DOI,MorganBit_1417,ligands: fingerprint,0.0036655030281555596
DOI,MorganBit_1418,ligands: fingerprint,5.732329132656389e-05
DOI,MorganBit_1419,ligands: fingerprint,0.0
DOI,MorganBit_1420,ligands: fingerprint,0.0
DOI,MorganBit_1421,ligands: fingerprint,0.0
DOI,MorganBit_1422,ligands: fingerprint,0.002653836068818693
DOI,MorganBit_1423,ligands: fingerprint,0.00012102349805418967
DOI,MorganBit_1424,ligands: fingerprint,0.0
DOI,MorganBit_1425,ligands: fingerprint,0.0
DOI,MorganBit_1426,ligands: fingerprint,0.0
DOI,MorganBit_1427,ligands: fingerprint,0.0008499158035104369
DOI,MorganBit_1428,ligands: fingerprint,0.0
DOI,MorganBit_1429,ligands: fingerprint,0.0
DOI,MorganBit_1430,ligands: fingerprint,0.00014516990809944184
DOI,MorganBit_1431,ligands: fingerprint,0.0
DOI,MorganBit_1432,ligands: fingerprint,0.0
DOI,MorganBit_1433,ligands: fingerprint,0.0
DOI,MorganBit_1434,ligands: fingerprint,0.0
DOI,MorganBit_1435,ligands: fingerprint,0.00022255384953499634
DOI,MorganBit_1436,ligands: fingerprint,0.0006091166342156686
DOI,MorganBit_1437,ligands: fingerprint,0.0
DOI,MorganBit_1438,ligands: fingerprint,0.0015364769013211082
DOI,MorganBit_1439,ligands: fingerprint,0.0
DOI,MorganBit_1440,ligands: fingerprint,0.0005524222544338294
DOI,MorganBit_1441,ligands: fingerprint,0.002320262527118615
DOI,MorganBit_1442,ligands: fingerprint,0.0
DOI,MorganBit_1443,ligands: fingerprint,0.0
DOI,MorganBit_1444,ligands: fingerprint,0.0009520061444702455
DOI,MorganBit_1445,ligands: fingerprint,4.016201982556992e-05
DOI,MorganBit_1446,ligands: fingerprint,0.00021071987260805862
DOI,MorganBit_1447,ligands: fingerprint,0.0011082377819650298
DOI,MorganBit_1448,ligands: fingerprint,0.0
DOI,MorganBit_1449,ligands: fingerprint,0.005258501325018193
DOI,MorganBit_1450,ligands: fingerprint,0.0
DOI,MorganBit_1451,ligands: fingerprint,0.0036129375228967225
DOI,MorganBit_1452,ligands: fingerprint,0.01127851279144442
DOI,MorganBit_1453,ligands: fingerprint,0.0002722040668122502
DOI,MorganBit_1454,ligands: fingerprint,0.0003381942259256913
DOI,MorganBit_1455,ligands: fingerprint,0.0027145398409291607
DOI,MorganBit_1456,ligands: fingerprint,0.0002942012366328114
DOI,MorganBit_1457,ligands: fingerprint,0.0025187593180493696
DOI,MorganBit_1458,ligands: fingerprint,0.0001694929265761668
DOI,MorganBit_1459,ligands: fingerprint,0.0005875204922061574
DOI,MorganBit_1460,ligands: fingerprint,0.0
DOI,MorganBit_1461,ligands: fingerprint,0.0006639663750629395
DOI,MorganBit_1462,ligands: fingerprint,0.0
DOI,MorganBit_1463,ligands: fingerprint,0.0006525121989215614
DOI,MorganBit_1464,ligands: fingerprint,1.9222649386788463e-05
DOI,MorganBit_1465,ligands: fingerprint,0.0003005204934209054
DOI,MorganBit_1466,ligands: fingerprint,0.0
DOI,MorganBit_1467,ligands: fingerprint,0.0
DOI,MorganBit_1468,ligands: fingerprint,0.000298230456535847
DOI,MorganBit_1469,ligands: fingerprint,0.0
DOI,MorganBit_1470,ligands: fingerprint,0.0001562880092010667
DOI,MorganBit_1471,ligands: fingerprint,0.0007145652363580574
DOI,MorganBit_1472,ligands: fingerprint,0.0
DOI,MorganBit_1473,ligands: fingerprint,0.0
DOI,MorganBit_1474,ligands: fingerprint,0.0
DOI,MorganBit_1475,ligands: fingerprint,0.00047333705741642236
DOI,MorganBit_1476,ligands: fingerprint,0.0004226099017602874
DOI,MorganBit_1477,ligands: fingerprint,0.0
DOI,MorganBit_1478,ligands: fingerprint,0.0
DOI,MorganBit_1479,ligands: fingerprint,0.0006389234275130499
DOI,MorganBit_1480,ligands: fingerprint,0.0054113633372164125
DOI,MorganBit_1481,ligands: fingerprint,0.0
DOI,MorganBit_1482,ligands: fingerprint,0.0005380733428742256
DOI,MorganBit_1483,ligands: fingerprint,0.0
DOI,MorganBit_1484,ligands: fingerprint,0.0
DOI,MorganBit_1485,ligands: fingerprint,0.0
DOI,MorganBit_1486,ligands: fingerprint,0.0
DOI,MorganBit_1487,ligands: fingerprint,0.00021400502982379545
DOI,MorganBit_1488,ligands: fingerprint,0.0
DOI,MorganBit_1489,ligands: fingerprint,0.0
DOI,MorganBit_1490,ligands: fingerprint,0.0
DOI,MorganBit_1491,ligands: fingerprint,0.0005345554160813158
DOI,MorganBit_1492,ligands: fingerprint,0.0
DOI,MorganBit_1493,ligands: fingerprint,0.0
DOI,MorganBit_1494,ligands: fingerprint,0.0007220471976033479
DOI,MorganBit_1495,ligands: fingerprint,0.003144982917807195
DOI,MorganBit_1496,ligands: fingerprint,3.7102225108942214e-06
DOI,MorganBit_1497,ligands: fingerprint,0.0
DOI,MorganBit_1498,ligands: fingerprint,0.0001306617988521067
DOI,MorganBit_1499,ligands: fingerprint,0.0
DOI,MorganBit_1500,ligands: fingerprint,0.00011665057377803522
DOI,MorganBit_1501,ligands: fingerprint,0.0
DOI,MorganBit_1502,ligands: fingerprint,0.0
DOI,MorganBit_1503,ligands: fingerprint,0.0
DOI,MorganBit_1504,ligands: fingerprint,0.0
DOI,MorganBit_1505,ligands: fingerprint,0.00136169574505679
DOI,MorganBit_1506,ligands: fingerprint,0.0003792497711637957
DOI,MorganBit_1507,ligands: fingerprint,5.456350396792695e-06
DOI,MorganBit_1508,ligands: fingerprint,4.5994166720380964e-05
DOI,MorganBit_1509,ligands: fingerprint,0.0
DOI,MorganBit_1510,ligands: fingerprint,0.0
DOI,MorganBit_1511,ligands: fingerprint,0.0
DOI,MorganBit_1512,ligands: fingerprint,0.0
DOI,MorganBit_1513,ligands: fingerprint,0.0
DOI,MorganBit_1514,ligands: fingerprint,1.981635761851573e-05
DOI,MorganBit_1515,ligands: fingerprint,0.0
DOI,MorganBit_1516,ligands: fingerprint,0.0001799885119456224
DOI,MorganBit_1517,ligands: fingerprint,0.0005929558924925953
DOI,MorganBit_1518,ligands: fingerprint,0.0001619704946857089
DOI,MorganBit_1519,ligands: fingerprint,0.0
DOI,MorganBit_1520,ligands: fingerprint,0.0022396249884063676
DOI,MorganBit_1521,ligands: fingerprint,0.0
DOI,MorganBit_1522,ligands: fingerprint,0.00026402513433860034
DOI,MorganBit_1523,ligands: fingerprint,4.946617011476152e-05
DOI,MorganBit_1524,ligands: fingerprint,0.0
DOI,MorganBit_1525,ligands: fingerprint,0.0
DOI,MorganBit_1526,ligands: fingerprint,0.0
DOI,MorganBit_1527,ligands: fingerprint,5.722107370911699e-06
DOI,MorganBit_1528,ligands: fingerprint,0.0
DOI,MorganBit_1529,ligands: fingerprint,0.0
DOI,MorganBit_1530,ligands: fingerprint,0.0006943277197537229
DOI,MorganBit_1531,ligands: fingerprint,0.00016782139703708433
DOI,MorganBit_1532,ligands: fingerprint,0.0
DOI,MorganBit_1533,ligands: fingerprint,0.0005665555249606432
DOI,MorganBit_1534,ligands: fingerprint,0.0
DOI,MorganBit_1535,ligands: fingerprint,0.0031127229718236967
DOI,MorganBit_1536,ligands: fingerprint,0.0007619379757778881
DOI,MorganBit_1537,ligands: fingerprint,0.0
DOI,MorganBit_1538,ligands: fingerprint,0.0
DOI,MorganBit_1539,ligands: fingerprint,0.0
DOI,MorganBit_1540,ligands: fingerprint,0.0
DOI,MorganBit_1541,ligands: fingerprint,0.0
DOI,MorganBit_1542,ligands: fingerprint,0.00018486222558215245
DOI,MorganBit_1543,ligands: fingerprint,0.0
DOI,MorganBit_1544,ligands: fingerprint,0.0
DOI,MorganBit_1545,ligands: fingerprint,0.0
DOI,MorganBit_1546,ligands: fingerprint,0.0
DOI,MorganBit_1547,ligands: fingerprint,0.0
DOI,MorganBit_1548,ligands: fingerprint,4.699492700975931e-05
DOI,MorganBit_1549,ligands: fingerprint,9.605029725500795e-05
DOI,MorganBit_1550,ligands: fingerprint,0.0015818654599277656
DOI,MorganBit_1551,ligands: fingerprint,0.0
DOI,MorganBit_1552,ligands: fingerprint,0.0
DOI,MorganBit_1553,ligands: fingerprint,0.0
DOI,MorganBit_1554,ligands: fingerprint,0.0016249324768933403
DOI,MorganBit_1555,ligands: fingerprint,0.0
DOI,MorganBit_1556,ligands: fingerprint,0.0
DOI,MorganBit_1557,ligands: fingerprint,0.0
DOI,MorganBit_1558,ligands: fingerprint,1.0167274816795491e-05
DOI,MorganBit_1559,ligands: fingerprint,0.0001599010590052807
DOI,MorganBit_1560,ligands: fingerprint,0.0
DOI,MorganBit_1561,ligands: fingerprint,6.641586637776182e-05
DOI,MorganBit_1562,ligands: fingerprint,0.0
DOI,MorganBit_1563,ligands: fingerprint,8.13181481261171e-06
DOI,MorganBit_1564,ligands: fingerprint,0.0024283189852316598
DOI,MorganBit_1565,ligands: fingerprint,0.0
DOI,MorganBit_1566,ligands: fingerprint,0.0
DOI,MorganBit_1567,ligands: fingerprint,0.00043733410286853015
DOI,MorganBit_1568,ligands: fingerprint,0.00182791469616305
DOI,MorganBit_1569,ligands: fingerprint,0.0
DOI,MorganBit_1570,ligands: fingerprint,0.0004382506580486052
DOI,MorganBit_1571,ligands: fingerprint,0.0
DOI,MorganBit_1572,ligands: fingerprint,0.0
DOI,MorganBit_1573,ligands: fingerprint,0.0034806922590174235
DOI,MorganBit_1574,ligands: fingerprint,0.0003365516075270015
DOI,MorganBit_1575,ligands: fingerprint,0.00037957735395115216
DOI,MorganBit_1576,ligands: fingerprint,0.0
DOI,MorganBit_1577,ligands: fingerprint,0.00015670155677502144
DOI,MorganBit_1578,ligands: fingerprint,2.069888372240472e-05
DOI,MorganBit_1579,ligands: fingerprint,0.0
DOI,MorganBit_1580,ligands: fingerprint,0.0
DOI,MorganBit_1581,ligands: fingerprint,0.000505360372826959
DOI,MorganBit_1582,ligands: fingerprint,0.0009664072749511749
DOI,MorganBit_1583,ligands: fingerprint,0.0
DOI,MorganBit_1584,ligands: fingerprint,4.992403333217122e-05
DOI,MorganBit_1585,ligands: fingerprint,0.0
DOI,MorganBit_1586,ligands: fingerprint,0.00016232161059105235
DOI,MorganBit_1587,ligands: fingerprint,0.0018054651376236436
DOI,MorganBit_1588,ligands: fingerprint,0.00027760354813783164
DOI,MorganBit_1589,ligands: fingerprint,0.0002832801992949681
DOI,MorganBit_1590,ligands: fingerprint,0.0
DOI,MorganBit_1591,ligands: fingerprint,0.0
DOI,MorganBit_1592,ligands: fingerprint,3.446471658175526e-05
DOI,MorganBit_1593,ligands: fingerprint,0.0
DOI,MorganBit_1594,ligands: fingerprint,0.004554182375194791
DOI,MorganBit_1595,ligands: fingerprint,0.0
DOI,MorganBit_1596,ligands: fingerprint,0.0
DOI,MorganBit_1597,ligands: fingerprint,1.3020097156394049e-05
DOI,MorganBit_1598,ligands: fingerprint,0.0
DOI,MorganBit_1599,ligands: fingerprint,0.00029088138126132334
DOI,MorganBit_1600,ligands: fingerprint,0.00010932787717862432
DOI,MorganBit_1601,ligands: fingerprint,0.0
DOI,MorganBit_1602,ligands: fingerprint,0.003398014504242929
DOI,MorganBit_1603,ligands: fingerprint,0.0003651319961501047
DOI,MorganBit_1604,ligands: fingerprint,0.0015085404325586706
DOI,MorganBit_1605,ligands: fingerprint,0.0
DOI,MorganBit_1606,ligands: fingerprint,0.0
DOI,MorganBit_1607,ligands: fingerprint,9.427524605901618e-05
DOI,MorganBit_1608,ligands: fingerprint,0.0
DOI,MorganBit_1609,ligands: fingerprint,0.002811326229690933
DOI,MorganBit_1610,ligands: fingerprint,0.0
DOI,MorganBit_1611,ligands: fingerprint,0.00037703760108437806
DOI,MorganBit_1612,ligands: fingerprint,1.994392036298293e-05
DOI,MorganBit_1613,ligands: fingerprint,0.0
DOI,MorganBit_1614,ligands: fingerprint,5.637891530869533e-05
DOI,MorganBit_1615,ligands: fingerprint,0.0007349453205971784
DOI,MorganBit_1616,ligands: fingerprint,0.0
DOI,MorganBit_1617,ligands: fingerprint,1.6364089371441028e-05
DOI,MorganBit_1618,ligands: fingerprint,0.0011691055930839317
DOI,MorganBit_1619,ligands: fingerprint,0.0
DOI,MorganBit_1620,ligands: fingerprint,5.4839266776950785e-05
DOI,MorganBit_1621,ligands: fingerprint,0.0
DOI,MorganBit_1622,ligands: fingerprint,4.6244939181965494e-05
DOI,MorganBit_1623,ligands: fingerprint,0.0
DOI,MorganBit_1624,ligands: fingerprint,0.0005565428393079935
DOI,MorganBit_1625,ligands: fingerprint,1.8250281082505087e-05
DOI,MorganBit_1626,ligands: fingerprint,0.0
DOI,MorganBit_1627,ligands: fingerprint,0.00022238026600686378
DOI,MorganBit_1628,ligands: fingerprint,0.0
DOI,MorganBit_1629,ligands: fingerprint,7.216939606089749e-06
DOI,MorganBit_1630,ligands: fingerprint,0.0
DOI,MorganBit_1631,ligands: fingerprint,0.0006515169473184581
DOI,MorganBit_1632,ligands: fingerprint,0.002033755848454668
DOI,MorganBit_1633,ligands: fingerprint,0.0009329947995449893
DOI,MorganBit_1634,ligands: fingerprint,0.0
DOI,MorganBit_1635,ligands: fingerprint,0.0
DOI,MorganBit_1636,ligands: fingerprint,0.0
DOI,MorganBit_1637,ligands: fingerprint,0.002876298365169575
DOI,MorganBit_1638,ligands: fingerprint,0.0
DOI,MorganBit_1639,ligands: fingerprint,0.0
DOI,MorganBit_1640,ligands: fingerprint,0.0
DOI,MorganBit_1641,ligands: fingerprint,0.0
DOI,MorganBit_1642,ligands: fingerprint,0.0
DOI,MorganBit_1643,ligands: fingerprint,0.0
DOI,MorganBit_1644,ligands: fingerprint,9.76831517165784e-05
DOI,MorganBit_1645,ligands: fingerprint,0.0
DOI,MorganBit_1646,ligands: fingerprint,0.0
DOI,MorganBit_1647,ligands: fingerprint,0.0
DOI,MorganBit_1648,ligands: fingerprint,1.051381960750024e-05
DOI,MorganBit_1649,ligands: fingerprint,2.237119972806646e-05
DOI,MorganBit_1650,ligands: fingerprint,0.0006469307236201605
DOI,MorganBit_1651,ligands: fingerprint,0.0
DOI,MorganBit_1652,ligands: fingerprint,0.0
DOI,MorganBit_1653,ligands: fingerprint,0.0002714415418670026
DOI,MorganBit_1654,ligands: fingerprint,0.000569525544737736
DOI,MorganBit_1655,ligands: fingerprint,0.0
DOI,MorganBit_1656,ligands: fingerprint,0.0
DOI,MorganBit_1657,ligands: fingerprint,0.0
DOI,MorganBit_1658,ligands: fingerprint,0.010505454126757633
DOI,MorganBit_1659,ligands: fingerprint,0.00023110982256429173
DOI,MorganBit_1660,ligands: fingerprint,0.0
DOI,MorganBit_1661,ligands: fingerprint,3.773064779168304e-05
DOI,MorganBit_1662,ligands: fingerprint,0.00014774151675669061
DOI,MorganBit_1663,ligands: fingerprint,4.413157446986473e-05
DOI,MorganBit_1664,ligands: fingerprint,0.0
DOI,MorganBit_1665,ligands: fingerprint,0.008038708008476383
DOI,MorganBit_1666,ligands: fingerprint,0.0
DOI,MorganBit_1667,ligands: fingerprint,0.0009068535959566601
DOI,MorganBit_1668,ligands: fingerprint,0.0
DOI,MorganBit_1669,ligands: fingerprint,2.2734008263377812e-05
DOI,MorganBit_1670,ligands: fingerprint,4.050870972964567e-05
DOI,MorganBit_1671,ligands: fingerprint,0.0
DOI,MorganBit_1672,ligands: fingerprint,0.0
DOI,MorganBit_1673,ligands: fingerprint,0.0
DOI,MorganBit_1674,ligands: fingerprint,0.0
DOI,MorganBit_1675,ligands: fingerprint,0.00011870620706941452
DOI,MorganBit_1676,ligands: fingerprint,0.0
DOI,MorganBit_1677,ligands: fingerprint,0.0
DOI,MorganBit_1678,ligands: fingerprint,5.256670583202935e-05
DOI,MorganBit_1679,ligands: fingerprint,0.0
DOI,MorganBit_1680,ligands: fingerprint,0.0
DOI,MorganBit_1681,ligands: fingerprint,0.0
DOI,MorganBit_1682,ligands: fingerprint,6.157782301772404e-05
DOI,MorganBit_1683,ligands: fingerprint,0.00084182717965403
DOI,MorganBit_1684,ligands: fingerprint,0.0
DOI,MorganBit_1685,ligands: fingerprint,0.0
DOI,MorganBit_1686,ligands: fingerprint,0.0006309368882895358
DOI,MorganBit_1687,ligands: fingerprint,1.294439572566545e-05
DOI,MorganBit_1688,ligands: fingerprint,0.0
DOI,MorganBit_1689,ligands: fingerprint,7.494950006826448e-05
DOI,MorganBit_1690,ligands: fingerprint,0.00021885445745236767
DOI,MorganBit_1691,ligands: fingerprint,0.0
DOI,MorganBit_1692,ligands: fingerprint,0.00010594131496716843
DOI,MorganBit_1693,ligands: fingerprint,0.0004088628850078521
DOI,MorganBit_1694,ligands: fingerprint,0.0
DOI,MorganBit_1695,ligands: fingerprint,0.00010707143779282234
DOI,MorganBit_1696,ligands: fingerprint,4.71153968031695e-05
DOI,MorganBit_1697,ligands: fingerprint,0.0021467795086588123
DOI,MorganBit_1698,ligands: fingerprint,9.966875295483464e-05
DOI,MorganBit_1699,ligands: fingerprint,8.914857990301498e-05
DOI,MorganBit_1700,ligands: fingerprint,0.0007296898611415467
DOI,MorganBit_1701,ligands: fingerprint,0.0
DOI,MorganBit_1702,ligands: fingerprint,0.0
DOI,MorganBit_1703,ligands: fingerprint,0.0
DOI,MorganBit_1704,ligands: fingerprint,0.0
DOI,MorganBit_1705,ligands: fingerprint,0.0031143552254459103
DOI,MorganBit_1706,ligands: fingerprint,0.0
DOI,MorganBit_1707,ligands: fingerprint,0.0
DOI,MorganBit_1708,ligands: fingerprint,0.000127667540853602
DOI,MorganBit_1709,ligands: fingerprint,0.0
DOI,MorganBit_1710,ligands: fingerprint,0.00044917219934888697
DOI,MorganBit_1711,ligands: fingerprint,0.0
DOI,MorganBit_1712,ligands: fingerprint,0.0
DOI,MorganBit_1713,ligands: fingerprint,0.0001908802667978609
DOI,MorganBit_1714,ligands: fingerprint,6.372897773097334e-05
DOI,MorganBit_1715,ligands: fingerprint,0.00039507864708202147
DOI,MorganBit_1716,ligands: fingerprint,0.0
DOI,MorganBit_1717,ligands: fingerprint,0.0008170644699903044
DOI,MorganBit_1718,ligands: fingerprint,0.00025700746797870544
DOI,MorganBit_1719,ligands: fingerprint,0.0
DOI,MorganBit_1720,ligands: fingerprint,0.0007927850544844454
DOI,MorganBit_1721,ligands: fingerprint,0.001072175247794903
DOI,MorganBit_1722,ligands: fingerprint,0.0037300855397432208
DOI,MorganBit_1723,ligands: fingerprint,0.0010371620349269813
DOI,MorganBit_1724,ligands: fingerprint,0.003359336735807842
DOI,MorganBit_1725,ligands: fingerprint,2.951658446267848e-05
DOI,MorganBit_1726,ligands: fingerprint,0.0005298165236231729
DOI,MorganBit_1727,ligands: fingerprint,0.0
DOI,MorganBit_1728,ligands: fingerprint,0.00017759271964186684
DOI,MorganBit_1729,ligands: fingerprint,0.00014777280085907126
DOI,MorganBit_1730,ligands: fingerprint,0.0020744895701110258
DOI,MorganBit_1731,ligands: fingerprint,0.0008947586341998152
DOI,MorganBit_1732,ligands: fingerprint,0.0
DOI,MorganBit_1733,ligands: fingerprint,0.002772855948716757
DOI,MorganBit_1734,ligands: fingerprint,0.003476263463733363
DOI,MorganBit_1735,ligands: fingerprint,0.0
DOI,MorganBit_1736,ligands: fingerprint,0.0
DOI,MorganBit_1737,ligands: fingerprint,0.006270808400782713
DOI,MorganBit_1738,ligands: fingerprint,0.0014525522064614174
DOI,MorganBit_1739,ligands: fingerprint,0.0
DOI,MorganBit_1740,ligands: fingerprint,0.0007683432786397537
DOI,MorganBit_1741,ligands: fingerprint,0.0007814677125369838
DOI,MorganBit_1742,ligands: fingerprint,0.0
DOI,MorganBit_1743,ligands: fingerprint,0.0
DOI,MorganBit_1744,ligands: fingerprint,0.0
DOI,MorganBit_1745,ligands: fingerprint,0.005908665497196097
DOI,MorganBit_1746,ligands: fingerprint,0.00021718813388480886
DOI,MorganBit_1747,ligands: fingerprint,0.000692045787792012
DOI,MorganBit_1748,ligands: fingerprint,0.0
DOI,MorganBit_1749,ligands: fingerprint,0.0
DOI,MorganBit_1750,ligands: fingerprint,0.008854805668940481
DOI,MorganBit_1751,ligands: fingerprint,0.0
DOI,MorganBit_1752,ligands: fingerprint,0.0
DOI,MorganBit_1753,ligands: fingerprint,0.0
DOI,MorganBit_1754,ligands: fingerprint,0.0036627789553322332
DOI,MorganBit_1755,ligands: fingerprint,0.00021764797633428223
DOI,MorganBit_1756,ligands: fingerprint,0.0
DOI,MorganBit_1757,ligands: fingerprint,0.0
DOI,MorganBit_1758,ligands: fingerprint,6.268971244339377e-05
DOI,MorganBit_1759,ligands: fingerprint,0.0
DOI,MorganBit_1760,ligands: fingerprint,0.0
DOI,MorganBit_1761,ligands: fingerprint,0.0
DOI,MorganBit_1762,ligands: fingerprint,4.6988365289050405e-06
DOI,MorganBit_1763,ligands: fingerprint,0.0001309168785370687
DOI,MorganBit_1764,ligands: fingerprint,0.00021176024053385346
DOI,MorganBit_1765,ligands: fingerprint,0.00033039658910307036
DOI,MorganBit_1766,ligands: fingerprint,0.0005483995227818738
DOI,MorganBit_1767,ligands: fingerprint,0.0
DOI,MorganBit_1768,ligands: fingerprint,0.0
DOI,MorganBit_1769,ligands: fingerprint,0.0
DOI,MorganBit_1770,ligands: fingerprint,0.0
DOI,MorganBit_1771,ligands: fingerprint,1.2196389455191209e-05
DOI,MorganBit_1772,ligands: fingerprint,0.0
DOI,MorganBit_1773,ligands: fingerprint,9.991330467918266e-05
DOI,MorganBit_1774,ligands: fingerprint,0.0
DOI,MorganBit_1775,ligands: fingerprint,0.00042442681381791366
DOI,MorganBit_1776,ligands: fingerprint,0.0020280685967958116
DOI,MorganBit_1777,ligands: fingerprint,0.0
DOI,MorganBit_1778,ligands: fingerprint,0.0006192345200330459
DOI,MorganBit_1779,ligands: fingerprint,0.0009847206178063238
DOI,MorganBit_1780,ligands: fingerprint,0.0
DOI,MorganBit_1781,ligands: fingerprint,0.0001255332222059266
DOI,MorganBit_1782,ligands: fingerprint,0.0004716164123014021
DOI,MorganBit_1783,ligands: fingerprint,0.0001420766847341397
DOI,MorganBit_1784,ligands: fingerprint,0.0
DOI,MorganBit_1785,ligands: fingerprint,0.0
DOI,MorganBit_1786,ligands: fingerprint,0.0
DOI,MorganBit_1787,ligands: fingerprint,0.0
DOI,MorganBit_1788,ligands: fingerprint,4.446092967977401e-05
DOI,MorganBit_1789,ligands: fingerprint,0.0
DOI,MorganBit_1790,ligands: fingerprint,0.0
DOI,MorganBit_1791,ligands: fingerprint,0.007257443673138337
DOI,MorganBit_1792,ligands: fingerprint,0.0008131917665245587
DOI,MorganBit_1793,ligands: fingerprint,1.1058306149796442e-05
DOI,MorganBit_1794,ligands: fingerprint,0.0
DOI,MorganBit_1795,ligands: fingerprint,0.0
DOI,MorganBit_1796,ligands: fingerprint,0.0
DOI,MorganBit_1797,ligands: fingerprint,0.0
DOI,MorganBit_1798,ligands: fingerprint,0.0
DOI,MorganBit_1799,ligands: fingerprint,0.0001843722398468577
DOI,MorganBit_1800,ligands: fingerprint,4.0969081491188614e-05
DOI,MorganBit_1801,ligands: fingerprint,0.0
DOI,MorganBit_1802,ligands: fingerprint,0.0
DOI,MorganBit_1803,ligands: fingerprint,0.0
DOI,MorganBit_1804,ligands: fingerprint,0.0001606565270537081
DOI,MorganBit_1805,ligands: fingerprint,0.0
DOI,MorganBit_1806,ligands: fingerprint,0.0
DOI,MorganBit_1807,ligands: fingerprint,0.0
DOI,MorganBit_1808,ligands: fingerprint,4.9715623274896776e-05
DOI,MorganBit_1809,ligands: fingerprint,0.0011089307456009702
DOI,MorganBit_1810,ligands: fingerprint,0.0014936234478361034
DOI,MorganBit_1811,ligands: fingerprint,0.0
DOI,MorganBit_1812,ligands: fingerprint,0.000288543766909927
DOI,MorganBit_1813,ligands: fingerprint,0.00012954729037688542
DOI,MorganBit_1814,ligands: fingerprint,0.0006831407675995424
DOI,MorganBit_1815,ligands: fingerprint,0.0
DOI,MorganBit_1816,ligands: fingerprint,0.002383935007736035
DOI,MorganBit_1817,ligands: fingerprint,0.00013761042280461996
DOI,MorganBit_1818,ligands: fingerprint,0.0005816294410468518
DOI,MorganBit_1819,ligands: fingerprint,3.76417276511321e-05
DOI,MorganBit_1820,ligands: fingerprint,0.00010494412129469905
DOI,MorganBit_1821,ligands: fingerprint,0.0
DOI,MorganBit_1822,ligands: fingerprint,0.0
DOI,MorganBit_1823,ligands: fingerprint,0.0035724309551075405
DOI,MorganBit_1824,ligands: fingerprint,0.0003559470644041652
DOI,MorganBit_1825,ligands: fingerprint,0.00012248991657879264
DOI,MorganBit_1826,ligands: fingerprint,0.0
DOI,MorganBit_1827,ligands: fingerprint,3.7654032830680065e-05
DOI,MorganBit_1828,ligands: fingerprint,0.0010356535743208752
DOI,MorganBit_1829,ligands: fingerprint,0.0
DOI,MorganBit_1830,ligands: fingerprint,0.002737219635066385
DOI,MorganBit_1831,ligands: fingerprint,0.0011123536767707438
DOI,MorganBit_1832,ligands: fingerprint,0.00307373161401149
DOI,MorganBit_1833,ligands: fingerprint,0.0
DOI,MorganBit_1834,ligands: fingerprint,0.0
DOI,MorganBit_1835,ligands: fingerprint,0.00019985482232546295
DOI,MorganBit_1836,ligands: fingerprint,0.0
DOI,MorganBit_1837,ligands: fingerprint,0.0
DOI,MorganBit_1838,ligands: fingerprint,0.0003534707039615778
DOI,MorganBit_1839,ligands: fingerprint,0.0
DOI,MorganBit_1840,ligands: fingerprint,0.003497591459401865
DOI,MorganBit_1841,ligands: fingerprint,0.0
DOI,MorganBit_1842,ligands: fingerprint,0.00031122714355477193
DOI,MorganBit_1843,ligands: fingerprint,0.0
DOI,MorganBit_1844,ligands: fingerprint,0.002996864759543295
DOI,MorganBit_1845,ligands: fingerprint,0.0
DOI,MorganBit_1846,ligands: fingerprint,0.0
DOI,MorganBit_1847,ligands: fingerprint,0.00013762148386581419
DOI,MorganBit_1848,ligands: fingerprint,0.0
DOI,MorganBit_1849,ligands: fingerprint,0.0016976309263876214
DOI,MorganBit_1850,ligands: fingerprint,0.0
DOI,MorganBit_1851,ligands: fingerprint,0.00786074849002155
DOI,MorganBit_1852,ligands: fingerprint,0.003665114794240822
DOI,MorganBit_1853,ligands: fingerprint,0.0009946909586303586
DOI,MorganBit_1854,ligands: fingerprint,0.0009733534154487593
DOI,MorganBit_1855,ligands: fingerprint,0.008818963995339147
DOI,MorganBit_1856,ligands: fingerprint,0.0
DOI,MorganBit_1857,ligands: fingerprint,0.0
DOI,MorganBit_1858,ligands: fingerprint,0.0
DOI,MorganBit_1859,ligands: fingerprint,0.0005734897843350925
DOI,MorganBit_1860,ligands: fingerprint,6.0011307974804755e-05
DOI,MorganBit_1861,ligands: fingerprint,0.0
DOI,MorganBit_1862,ligands: fingerprint,2.2611435202717313e-05
DOI,MorganBit_1863,ligands: fingerprint,3.9155069400647156e-05
DOI,MorganBit_1864,ligands: fingerprint,0.00527867733626593
DOI,MorganBit_1865,ligands: fingerprint,0.0
DOI,MorganBit_1866,ligands: fingerprint,0.019855174637216533
DOI,MorganBit_1867,ligands: fingerprint,0.00020654817076238267
DOI,MorganBit_1868,ligands: fingerprint,0.0001306221101329602
DOI,MorganBit_1869,ligands: fingerprint,0.0
DOI,MorganBit_1870,ligands: fingerprint,2.71419425384304e-05
DOI,MorganBit_1871,ligands: fingerprint,0.0033347081799909176
DOI,MorganBit_1872,ligands: fingerprint,0.00033559884450487396
DOI,MorganBit_1873,ligands: fingerprint,0.009014392864929433
DOI,MorganBit_1874,ligands: fingerprint,0.0008849347883547711
DOI,MorganBit_1875,ligands: fingerprint,0.00029724794837137036
DOI,MorganBit_1876,ligands: fingerprint,0.00012866368513418297
DOI,MorganBit_1877,ligands: fingerprint,0.0001281702339302887
DOI,MorganBit_1878,ligands: fingerprint,1.0259285395202836e-05
DOI,MorganBit_1879,ligands: fingerprint,0.004686207503986352
DOI,MorganBit_1880,ligands: fingerprint,0.0
DOI,MorganBit_1881,ligands: fingerprint,0.0
DOI,MorganBit_1882,ligands: fingerprint,5.957930881279614e-06
DOI,MorganBit_1883,ligands: fingerprint,0.0
DOI,MorganBit_1884,ligands: fingerprint,0.0
DOI,MorganBit_1885,ligands: fingerprint,0.0
DOI,MorganBit_1886,ligands: fingerprint,0.0
DOI,MorganBit_1887,ligands: fingerprint,0.0004429627736619995
DOI,MorganBit_1888,ligands: fingerprint,0.0
DOI,MorganBit_1889,ligands: fingerprint,0.0
DOI,MorganBit_1890,ligands: fingerprint,0.0
DOI,MorganBit_1891,ligands: fingerprint,0.0
DOI,MorganBit_1892,ligands: fingerprint,0.0
DOI,MorganBit_1893,ligands: fingerprint,0.0
DOI,MorganBit_1894,ligands: fingerprint,0.0
DOI,MorganBit_1895,ligands: fingerprint,0.0
DOI,MorganBit_1896,ligands: fingerprint,0.0
DOI,MorganBit_1897,ligands: fingerprint,0.0
DOI,MorganBit_1898,ligands: fingerprint,0.00015976758703650649
DOI,MorganBit_1899,ligands: fingerprint,0.0
DOI,MorganBit_1900,ligands: fingerprint,0.001071615023484955
DOI,MorganBit_1901,ligands: fingerprint,0.0
DOI,MorganBit_1902,ligands: fingerprint,0.0
DOI,MorganBit_1903,ligands: fingerprint,0.0
DOI,MorganBit_1904,ligands: fingerprint,0.0
DOI,MorganBit_1905,ligands: fingerprint,7.680751050149215e-05
DOI,MorganBit_1906,ligands: fingerprint,3.5750009000461476e-06
DOI,MorganBit_1907,ligands: fingerprint,0.0
DOI,MorganBit_1908,ligands: fingerprint,0.0
DOI,MorganBit_1909,ligands: fingerprint,0.0
DOI,MorganBit_1910,ligands: fingerprint,3.8146688831090045e-05
DOI,MorganBit_1911,ligands: fingerprint,0.0047724025853797414
DOI,MorganBit_1912,ligands: fingerprint,0.00022711739518701418
DOI,MorganBit_1913,ligands: fingerprint,0.0
DOI,MorganBit_1914,ligands: fingerprint,0.0
DOI,MorganBit_1915,ligands: fingerprint,0.0
DOI,MorganBit_1916,ligands: fingerprint,0.0
DOI,MorganBit_1917,ligands: fingerprint,0.006246932727864114
DOI,MorganBit_1918,ligands: fingerprint,0.0
DOI,MorganBit_1919,ligands: fingerprint,0.0008954147424521045
DOI,MorganBit_1920,ligands: fingerprint,0.0034233875301601024
DOI,MorganBit_1921,ligands: fingerprint,0.0046474503463413515
DOI,MorganBit_1922,ligands: fingerprint,7.005097941002903e-06
DOI,MorganBit_1923,ligands: fingerprint,0.0
DOI,MorganBit_1924,ligands: fingerprint,0.0
DOI,MorganBit_1925,ligands: fingerprint,3.8427112349041233e-05
DOI,MorganBit_1926,ligands: fingerprint,3.5878173928744e-06
DOI,MorganBit_1927,ligands: fingerprint,3.0809863649563204e-06
DOI,MorganBit_1928,ligands: fingerprint,0.0011049002831904375
DOI,MorganBit_1929,ligands: fingerprint,0.0
DOI,MorganBit_1930,ligands: fingerprint,6.6904398157415e-05
DOI,MorganBit_1931,ligands: fingerprint,0.0007088672112386587
DOI,MorganBit_1932,ligands: fingerprint,0.00012259686989590557
DOI,MorganBit_1933,ligands: fingerprint,0.0
DOI,MorganBit_1934,ligands: fingerprint,0.00043929171905448194
DOI,MorganBit_1935,ligands: fingerprint,0.0
DOI,MorganBit_1936,ligands: fingerprint,0.0
DOI,MorganBit_1937,ligands: fingerprint,0.0
DOI,MorganBit_1938,ligands: fingerprint,0.0
DOI,MorganBit_1939,ligands: fingerprint,0.005653340174722602
DOI,MorganBit_1940,ligands: fingerprint,0.0
DOI,MorganBit_1941,ligands: fingerprint,0.0
DOI,MorganBit_1942,ligands: fingerprint,5.8550044989839565e-05
DOI,MorganBit_1943,ligands: fingerprint,0.0
DOI,MorganBit_1944,ligands: fingerprint,0.0
DOI,MorganBit_1945,ligands: fingerprint,0.0
DOI,MorganBit_1946,ligands: fingerprint,0.0
DOI,MorganBit_1947,ligands: fingerprint,0.0
DOI,MorganBit_1948,ligands: fingerprint,8.296525864061654e-05
DOI,MorganBit_1949,ligands: fingerprint,0.0
DOI,MorganBit_1950,ligands: fingerprint,0.002432453308970752
DOI,MorganBit_1951,ligands: fingerprint,0.0027082548945631868
DOI,MorganBit_1952,ligands: fingerprint,0.0005603207103900527
DOI,MorganBit_1953,ligands: fingerprint,0.0009467749253221026
DOI,MorganBit_1954,ligands: fingerprint,0.00040344955766886265
DOI,MorganBit_1955,ligands: fingerprint,0.00025690546460996105
DOI,MorganBit_1956,ligands: fingerprint,0.00018660076689258447
DOI,MorganBit_1957,ligands: fingerprint,0.0
DOI,MorganBit_1958,ligands: fingerprint,0.0
DOI,MorganBit_1959,ligands: fingerprint,0.0
DOI,MorganBit_1960,ligands: fingerprint,0.0
DOI,MorganBit_1961,ligands: fingerprint,0.0
DOI,MorganBit_1962,ligands: fingerprint,8.734132571415548e-05
DOI,MorganBit_1963,ligands: fingerprint,0.000501310269953797
DOI,MorganBit_1964,ligands: fingerprint,0.0011010424560332498
DOI,MorganBit_1965,ligands: fingerprint,8.580650244636293e-05
DOI,MorganBit_1966,ligands: fingerprint,0.0
DOI,MorganBit_1967,ligands: fingerprint,0.0
DOI,MorganBit_1968,ligands: fingerprint,0.0
DOI,MorganBit_1969,ligands: fingerprint,0.0
DOI,MorganBit_1970,ligands: fingerprint,0.000841455406307021
DOI,MorganBit_1971,ligands: fingerprint,0.0016503367253724334
DOI,MorganBit_1972,ligands: fingerprint,8.379730113991044e-05
DOI,MorganBit_1973,ligands: fingerprint,9.048437184587448e-05
DOI,MorganBit_1974,ligands: fingerprint,0.00021408453600586176
DOI,MorganBit_1975,ligands: fingerprint,0.0
DOI,MorganBit_1976,ligands: fingerprint,0.0
DOI,MorganBit_1977,ligands: fingerprint,5.849637879508917e-05
DOI,MorganBit_1978,ligands: fingerprint,0.00033911349128103754
DOI,MorganBit_1979,ligands: fingerprint,0.0
DOI,MorganBit_1980,ligands: fingerprint,8.125949956745796e-06
DOI,MorganBit_1981,ligands: fingerprint,0.0010178518650738786
DOI,MorganBit_1982,ligands: fingerprint,0.0
DOI,MorganBit_1983,ligands: fingerprint,0.0
DOI,MorganBit_1984,ligands: fingerprint,0.0003271509840677695
DOI,MorganBit_1985,ligands: fingerprint,0.0027477193679496135
DOI,MorganBit_1986,ligands: fingerprint,0.0
DOI,MorganBit_1987,ligands: fingerprint,0.0
DOI,MorganBit_1988,ligands: fingerprint,0.0
DOI,MorganBit_1989,ligands: fingerprint,0.0
DOI,MorganBit_1990,ligands: fingerprint,0.0006972513006610464
DOI,MorganBit_1991,ligands: fingerprint,0.00020762427832716584
DOI,MorganBit_1992,ligands: fingerprint,0.00038873011773884385
DOI,MorganBit_1993,ligands: fingerprint,0.0
DOI,MorganBit_1994,ligands: fingerprint,0.0029335343694025092
DOI,MorganBit_1995,ligands: fingerprint,0.0003556385776255697
DOI,MorganBit_1996,ligands: fingerprint,0.0
DOI,MorganBit_1997,ligands: fingerprint,2.0927556250494618e-05
DOI,MorganBit_1998,ligands: fingerprint,0.0020189890226831545
DOI,MorganBit_1999,ligands: fingerprint,0.0007746542279853353
DOI,MorganBit_2000,ligands: fingerprint,0.0
DOI,MorganBit_2001,ligands: fingerprint,0.003848050609146157
DOI,MorganBit_2002,ligands: fingerprint,0.0
DOI,MorganBit_2003,ligands: fingerprint,0.0
DOI,MorganBit_2004,ligands: fingerprint,0.0004293464863484037
DOI,MorganBit_2005,ligands: fingerprint,0.0
DOI,MorganBit_2006,ligands: fingerprint,0.0
DOI,MorganBit_2007,ligands: fingerprint,1.568998489750577e-05
DOI,MorganBit_2008,ligands: fingerprint,0.0020091070163739304
DOI,MorganBit_2009,ligands: fingerprint,5.4825182893784527e-05
DOI,MorganBit_2010,ligands: fingerprint,0.0
DOI,MorganBit_2011,ligands: fingerprint,0.0002522179265181948
DOI,MorganBit_2012,ligands: fingerprint,0.0
DOI,MorganBit_2013,ligands: fingerprint,0.0
DOI,MorganBit_2014,ligands: fingerprint,0.0
DOI,MorganBit_2015,ligands: fingerprint,0.0
DOI,MorganBit_2016,ligands: fingerprint,0.0
DOI,MorganBit_2017,ligands: fingerprint,0.0
DOI,MorganBit_2018,ligands: fingerprint,0.001026835835857464
DOI,MorganBit_2019,ligands: fingerprint,0.0
DOI,MorganBit_2020,ligands: fingerprint,0.0006276947193229139
DOI,MorganBit_2021,ligands: fingerprint,0.0011159463193684757
DOI,MorganBit_2022,ligands: fingerprint,0.0
DOI,MorganBit_2023,ligands: fingerprint,4.772553615221399e-05
DOI,MorganBit_2024,ligands: fingerprint,0.0
DOI,MorganBit_2025,ligands: fingerprint,0.0
DOI,MorganBit_2026,ligands: fingerprint,0.0
DOI,MorganBit_2027,ligands: fingerprint,0.0
DOI,MorganBit_2028,ligands: fingerprint,2.525850734816122e-05
DOI,MorganBit_2029,ligands: fingerprint,7.308767089910324e-05
DOI,MorganBit_2030,ligands: fingerprint,0.0
DOI,MorganBit_2031,ligands: fingerprint,0.0
DOI,MorganBit_2032,ligands: fingerprint,4.471445138792792e-05
DOI,MorganBit_2033,ligands: fingerprint,0.0005120265997799322
DOI,MorganBit_2034,ligands: fingerprint,0.002684905474249335
DOI,MorganBit_2035,ligands: fingerprint,0.0
DOI,MorganBit_2036,ligands: fingerprint,0.00014042119872082498
DOI,MorganBit_2037,ligands: fingerprint,0.0
DOI,MorganBit_2038,ligands: fingerprint,0.0
DOI,MorganBit_2039,ligands: fingerprint,0.0
DOI,MorganBit_2040,ligands: fingerprint,0.0
DOI,MorganBit_2041,ligands: fingerprint,0.0010938246807095434
DOI,MorganBit_2042,ligands: fingerprint,0.0
DOI,MorganBit_2043,ligands: fingerprint,0.0
DOI,MorganBit_2044,ligands: fingerprint,0.0001877317009131298
DOI,MorganBit_2045,ligands: fingerprint,0.0
DOI,MorganBit_2046,ligands: fingerprint,0.0
DOI,MorganBit_2047,ligands: fingerprint,0.0
DOI,buffer_class_group,conditions,0.023323006166113873
DOI,complex_charge_numeric,ion pair,0.07241908413691908
DOI,coordination_number_mean,coordination,0.0053239511761175185
DOI,cosolvent_present,conditions,0.004090124245968114
DOI,counterion_MW,ion pair,0.023794569856781862
DOI,counterion_MolLogP,ion pair,0.027585318978151103
DOI,counterion_TPSA,ion pair,0.005728840098319008
DOI,counterion_abs_charge_sum,ion pair,0.03000639405660211
DOI,counterion_count_C,ion pair,0.003408108264443385
DOI,counterion_count_Cl,ion pair,0.0036248299493242737
DOI,counterion_count_F,ion pair,0.0015052818564560088
DOI,counterion_count_N,ion pair,0.008763608722760906
DOI,counterion_count_P,ion pair,0.00039313216651051645
DOI,counterion_count_S,ion pair,0.001572216435184614
DOI,counterion_n_fragments,ion pair,0.10689967536660902
DOI,donor_bonds_C,coordination,0.02324251877585935
DOI,donor_bonds_Cl,coordination,0.012943740841418439
DOI,donor_bonds_N,coordination,0.015325247882810158
DOI,donor_bonds_O,coordination,0.009243961014816721
DOI,donor_bonds_P,coordination,0.0018225128468064126
DOI,donor_bonds_S,coordination,0.010843267808757783
DOI,donor_bonds_other,coordination,0.003008678355236421
DOI,halide_conc_mM_value,conditions,0.05714279820659387
DOI,halide_conc_present,conditions,0.00026249820237090476
DOI,halide_type_group,conditions,0.01124124180744649
DOI,heterometallic,metal,0.0009370370699823989
DOI,metal_d_electrons_mean,metal,0.0035499603190758794
DOI,metal_group_mean,metal,0.022232240762226373
DOI,metal_oxidation_state_mean,metal,0.025370438595856998
DOI,metal_period_mean,metal,0.045635396305781326
DOI,n_bridging_donor_atoms,coordination,0.00013362942956583079
DOI,n_metal_centers,metal,0.0034607391169609964
DOI,n_metal_metal_bonds,coordination,0.0
DOI,rdkit_BertzCT,ligands: descriptors,0.015542892463933273
DOI,rdkit_FractionCSP3,ligands: descriptors,0.02529777517013293
DOI,rdkit_MaxEStateIndex,ligands: descriptors,0.038542978286112785
DOI,rdkit_MinEStateIndex,ligands: descriptors,0.06476582354275681
DOI,rdkit_MolLogP,ligands: descriptors,0.23143008767214285
DOI,rdkit_MolWt,ligands: descriptors,0.06531946227096237
DOI,rdkit_NumAromaticRings,ligands: descriptors,0.006748327182551553
DOI,rdkit_NumHAcceptors,ligands: descriptors,0.011336377560971233
DOI,rdkit_NumHDonors,ligands: descriptors,0.020408487089648136
DOI,rdkit_NumHeteroatoms,ligands: descriptors,0.014015409401387745
DOI,rdkit_NumRotatableBonds,ligands: descriptors,0.017721209396449514
DOI,rdkit_RingCount,ligands: descriptors,0.01222077920148348
DOI,rdkit_TPSA,ligands: descriptors,0.026129590921964586
DOI,rdkit_fr_Ar_NH,ligands: descriptors,0.007809882518184978
DOI,rdkit_fr_COO,ligands: descriptors,0.027532306754568886
DOI,rdkit_fr_amide,ligands: descriptors,0.006742304678895275
DOI,rdkit_fr_benzene,ligands: descriptors,0.16029763579672623
DOI,rdkit_fr_ether,ligands: descriptors,0.0024395807638363165
DOI,rdkit_fr_pyridine,ligands: descriptors,0.01753997433020684
LOGO,MorganBit_0000,ligands: fingerprint,0.0
LOGO,MorganBit_0001,ligands: fingerprint,0.00265855683736383
LOGO,MorganBit_0002,ligands: fingerprint,0.00029078843707144094
LOGO,MorganBit_0003,ligands: fingerprint,0.0
LOGO,MorganBit_0004,ligands: fingerprint,0.0006649167858731494
LOGO,MorganBit_0005,ligands: fingerprint,0.0
LOGO,MorganBit_0006,ligands: fingerprint,0.0
LOGO,MorganBit_0007,ligands: fingerprint,0.0
LOGO,MorganBit_0008,ligands: fingerprint,0.0007246849867511542
LOGO,MorganBit_0009,ligands: fingerprint,0.0
LOGO,MorganBit_0010,ligands: fingerprint,0.0
LOGO,MorganBit_0011,ligands: fingerprint,5.0318626997466555e-05
LOGO,MorganBit_0012,ligands: fingerprint,0.0
LOGO,MorganBit_0013,ligands: fingerprint,0.001555818702680361
LOGO,MorganBit_0014,ligands: fingerprint,0.00017866835084642905
LOGO,MorganBit_0015,ligands: fingerprint,0.0
LOGO,MorganBit_0016,ligands: fingerprint,0.0
LOGO,MorganBit_0017,ligands: fingerprint,0.0
LOGO,MorganBit_0018,ligands: fingerprint,0.0020778469751747577
LOGO,MorganBit_0019,ligands: fingerprint,0.0
LOGO,MorganBit_0020,ligands: fingerprint,0.00017403891970581365
LOGO,MorganBit_0021,ligands: fingerprint,0.0001155885114930709
LOGO,MorganBit_0022,ligands: fingerprint,0.0002531180994018575
LOGO,MorganBit_0023,ligands: fingerprint,6.5200694839006e-05
LOGO,MorganBit_0024,ligands: fingerprint,0.0
LOGO,MorganBit_0025,ligands: fingerprint,3.480696768698034e-05
LOGO,MorganBit_0026,ligands: fingerprint,8.682385062277798e-05
LOGO,MorganBit_0027,ligands: fingerprint,0.0
LOGO,MorganBit_0028,ligands: fingerprint,0.0
LOGO,MorganBit_0029,ligands: fingerprint,2.3102953721863718e-05
LOGO,MorganBit_0030,ligands: fingerprint,9.04514738207429e-05
LOGO,MorganBit_0031,ligands: fingerprint,0.0003430394253753078
LOGO,MorganBit_0032,ligands: fingerprint,0.00014487171644110377
LOGO,MorganBit_0033,ligands: fingerprint,0.002290368910559707
LOGO,MorganBit_0034,ligands: fingerprint,0.0030804536992496867
LOGO,MorganBit_0035,ligands: fingerprint,5.8220596674207e-05
LOGO,MorganBit_0036,ligands: fingerprint,0.0
LOGO,MorganBit_0037,ligands: fingerprint,0.0011355533338543618
LOGO,MorganBit_0038,ligands: fingerprint,3.8141151925133396e-05
LOGO,MorganBit_0039,ligands: fingerprint,0.0
LOGO,MorganBit_0040,ligands: fingerprint,0.0
LOGO,MorganBit_0041,ligands: fingerprint,0.0008029589234556688
LOGO,MorganBit_0042,ligands: fingerprint,0.0
LOGO,MorganBit_0043,ligands: fingerprint,0.0005567447098024262
LOGO,MorganBit_0044,ligands: fingerprint,0.0
LOGO,MorganBit_0045,ligands: fingerprint,0.001786507706429853
LOGO,MorganBit_0046,ligands: fingerprint,0.0008809655357755533
LOGO,MorganBit_0047,ligands: fingerprint,0.0
LOGO,MorganBit_0048,ligands: fingerprint,0.0
LOGO,MorganBit_0049,ligands: fingerprint,0.0
LOGO,MorganBit_0050,ligands: fingerprint,0.0
LOGO,MorganBit_0051,ligands: fingerprint,0.0
LOGO,MorganBit_0052,ligands: fingerprint,0.0
LOGO,MorganBit_0053,ligands: fingerprint,4.7476966361182404e-05
LOGO,MorganBit_0054,ligands: fingerprint,1.1819088093810663e-05
LOGO,MorganBit_0055,ligands: fingerprint,0.0
LOGO,MorganBit_0056,ligands: fingerprint,8.018848105574317e-05
LOGO,MorganBit_0057,ligands: fingerprint,0.0
LOGO,MorganBit_0058,ligands: fingerprint,0.0002240082666281125
LOGO,MorganBit_0059,ligands: fingerprint,0.0
LOGO,MorganBit_0060,ligands: fingerprint,0.0
LOGO,MorganBit_0061,ligands: fingerprint,0.0
LOGO,MorganBit_0062,ligands: fingerprint,8.834857723807535e-05
LOGO,MorganBit_0063,ligands: fingerprint,0.0
LOGO,MorganBit_0064,ligands: fingerprint,0.0
LOGO,MorganBit_0065,ligands: fingerprint,0.0004281352375759025
LOGO,MorganBit_0066,ligands: fingerprint,0.0
LOGO,MorganBit_0067,ligands: fingerprint,0.0
LOGO,MorganBit_0068,ligands: fingerprint,0.0
LOGO,MorganBit_0069,ligands: fingerprint,0.0
LOGO,MorganBit_0070,ligands: fingerprint,0.0
LOGO,MorganBit_0071,ligands: fingerprint,0.0
LOGO,MorganBit_0072,ligands: fingerprint,0.0
LOGO,MorganBit_0073,ligands: fingerprint,0.0
LOGO,MorganBit_0074,ligands: fingerprint,0.0009435529249829975
LOGO,MorganBit_0075,ligands: fingerprint,0.0002513262106636916
LOGO,MorganBit_0076,ligands: fingerprint,0.0007480001340653729
LOGO,MorganBit_0077,ligands: fingerprint,0.00012657553292777217
LOGO,MorganBit_0078,ligands: fingerprint,0.0
LOGO,MorganBit_0079,ligands: fingerprint,0.0016097583419703587
LOGO,MorganBit_0080,ligands: fingerprint,0.006097021805638288
LOGO,MorganBit_0081,ligands: fingerprint,0.0
LOGO,MorganBit_0082,ligands: fingerprint,0.0
LOGO,MorganBit_0083,ligands: fingerprint,6.546898090034836e-05
LOGO,MorganBit_0084,ligands: fingerprint,0.00023802560889383411
LOGO,MorganBit_0085,ligands: fingerprint,0.0
LOGO,MorganBit_0086,ligands: fingerprint,0.0
LOGO,MorganBit_0087,ligands: fingerprint,0.0001127011502593396
LOGO,MorganBit_0088,ligands: fingerprint,0.0
LOGO,MorganBit_0089,ligands: fingerprint,0.0002857172638771105
LOGO,MorganBit_0090,ligands: fingerprint,2.2298475083280918e-05
LOGO,MorganBit_0091,ligands: fingerprint,0.0
LOGO,MorganBit_0092,ligands: fingerprint,0.0
LOGO,MorganBit_0093,ligands: fingerprint,0.0
LOGO,MorganBit_0094,ligands: fingerprint,0.0
LOGO,MorganBit_0095,ligands: fingerprint,0.0
LOGO,MorganBit_0096,ligands: fingerprint,0.0
LOGO,MorganBit_0097,ligands: fingerprint,0.0033345941837586656
LOGO,MorganBit_0098,ligands: fingerprint,0.0
LOGO,MorganBit_0099,ligands: fingerprint,0.000541884422199513
LOGO,MorganBit_0100,ligands: fingerprint,0.0
LOGO,MorganBit_0101,ligands: fingerprint,0.0
LOGO,MorganBit_0102,ligands: fingerprint,0.0004418153380527641
LOGO,MorganBit_0103,ligands: fingerprint,0.0
LOGO,MorganBit_0104,ligands: fingerprint,0.0
LOGO,MorganBit_0105,ligands: fingerprint,0.0007287515007336607
LOGO,MorganBit_0106,ligands: fingerprint,1.0196813494170608e-05
LOGO,MorganBit_0107,ligands: fingerprint,0.0
LOGO,MorganBit_0108,ligands: fingerprint,2.7643001661931978e-05
LOGO,MorganBit_0109,ligands: fingerprint,0.0
LOGO,MorganBit_0110,ligands: fingerprint,0.0010834609306548573
LOGO,MorganBit_0111,ligands: fingerprint,0.0
LOGO,MorganBit_0112,ligands: fingerprint,0.0
LOGO,MorganBit_0113,ligands: fingerprint,4.497570873341619e-06
LOGO,MorganBit_0114,ligands: fingerprint,0.00026418197605128135
LOGO,MorganBit_0115,ligands: fingerprint,3.0950565937853035e-06
LOGO,MorganBit_0116,ligands: fingerprint,0.0001775400783182447
LOGO,MorganBit_0117,ligands: fingerprint,0.00023509674572813727
LOGO,MorganBit_0118,ligands: fingerprint,0.00042073039853006883
LOGO,MorganBit_0119,ligands: fingerprint,0.0014759460607964119
LOGO,MorganBit_0120,ligands: fingerprint,0.0
LOGO,MorganBit_0121,ligands: fingerprint,0.00047216750137757136
LOGO,MorganBit_0122,ligands: fingerprint,0.0
LOGO,MorganBit_0123,ligands: fingerprint,0.0
LOGO,MorganBit_0124,ligands: fingerprint,0.0
LOGO,MorganBit_0125,ligands: fingerprint,0.00013473992460342612
LOGO,MorganBit_0126,ligands: fingerprint,0.001937663201048956
LOGO,MorganBit_0127,ligands: fingerprint,0.0006086599939671358
LOGO,MorganBit_0128,ligands: fingerprint,0.0
LOGO,MorganBit_0129,ligands: fingerprint,0.0
LOGO,MorganBit_0130,ligands: fingerprint,0.0
LOGO,MorganBit_0131,ligands: fingerprint,0.0
LOGO,MorganBit_0132,ligands: fingerprint,0.0
LOGO,MorganBit_0133,ligands: fingerprint,0.0
LOGO,MorganBit_0134,ligands: fingerprint,0.0
LOGO,MorganBit_0135,ligands: fingerprint,0.0
LOGO,MorganBit_0136,ligands: fingerprint,0.0
LOGO,MorganBit_0137,ligands: fingerprint,0.0002565800767989829
LOGO,MorganBit_0138,ligands: fingerprint,0.0
LOGO,MorganBit_0139,ligands: fingerprint,0.0
LOGO,MorganBit_0140,ligands: fingerprint,0.0008695967614220634
LOGO,MorganBit_0141,ligands: fingerprint,0.0
LOGO,MorganBit_0142,ligands: fingerprint,0.0
LOGO,MorganBit_0143,ligands: fingerprint,0.0
LOGO,MorganBit_0144,ligands: fingerprint,0.0009718303761244086
LOGO,MorganBit_0145,ligands: fingerprint,0.0019226561086863971
LOGO,MorganBit_0146,ligands: fingerprint,2.2761336940513838e-05
LOGO,MorganBit_0147,ligands: fingerprint,0.004759066125666356
LOGO,MorganBit_0148,ligands: fingerprint,0.0
LOGO,MorganBit_0149,ligands: fingerprint,0.00017647401841265088
LOGO,MorganBit_0150,ligands: fingerprint,0.0
LOGO,MorganBit_0151,ligands: fingerprint,0.0
LOGO,MorganBit_0152,ligands: fingerprint,0.0
LOGO,MorganBit_0153,ligands: fingerprint,0.0
LOGO,MorganBit_0154,ligands: fingerprint,0.0
LOGO,MorganBit_0155,ligands: fingerprint,0.0
LOGO,MorganBit_0156,ligands: fingerprint,0.0017216432755655917
LOGO,MorganBit_0157,ligands: fingerprint,5.024812017060363e-06
LOGO,MorganBit_0158,ligands: fingerprint,0.0007598472520741144
LOGO,MorganBit_0159,ligands: fingerprint,0.0
LOGO,MorganBit_0160,ligands: fingerprint,6.369138122113216e-06
LOGO,MorganBit_0161,ligands: fingerprint,0.0
LOGO,MorganBit_0162,ligands: fingerprint,0.0011797009753893365
LOGO,MorganBit_0163,ligands: fingerprint,0.0
LOGO,MorganBit_0164,ligands: fingerprint,0.0001383319909378389
LOGO,MorganBit_0165,ligands: fingerprint,0.0006014776630777915
LOGO,MorganBit_0166,ligands: fingerprint,0.0
LOGO,MorganBit_0167,ligands: fingerprint,8.713929030126814e-05
LOGO,MorganBit_0168,ligands: fingerprint,0.0
LOGO,MorganBit_0169,ligands: fingerprint,0.0
LOGO,MorganBit_0170,ligands: fingerprint,0.0021102633223256625
LOGO,MorganBit_0171,ligands: fingerprint,1.7527409230717533e-05
LOGO,MorganBit_0172,ligands: fingerprint,0.0005781486172830155
LOGO,MorganBit_0173,ligands: fingerprint,0.00043601919866152283
LOGO,MorganBit_0174,ligands: fingerprint,0.0
LOGO,MorganBit_0175,ligands: fingerprint,0.0
LOGO,MorganBit_0176,ligands: fingerprint,0.0
LOGO,MorganBit_0177,ligands: fingerprint,0.00021605817485279472
LOGO,MorganBit_0178,ligands: fingerprint,0.0
LOGO,MorganBit_0179,ligands: fingerprint,0.0030522717823883863
LOGO,MorganBit_0180,ligands: fingerprint,2.0533031515253645e-05
LOGO,MorganBit_0181,ligands: fingerprint,0.0009281950275184759
LOGO,MorganBit_0182,ligands: fingerprint,0.0
LOGO,MorganBit_0183,ligands: fingerprint,0.0
LOGO,MorganBit_0184,ligands: fingerprint,0.0015605110147811966
LOGO,MorganBit_0185,ligands: fingerprint,0.0004390778757064055
LOGO,MorganBit_0186,ligands: fingerprint,1.1951580613482885e-05
LOGO,MorganBit_0187,ligands: fingerprint,0.0
LOGO,MorganBit_0188,ligands: fingerprint,0.0
LOGO,MorganBit_0189,ligands: fingerprint,0.0
LOGO,MorganBit_0190,ligands: fingerprint,0.0001616265813295724
LOGO,MorganBit_0191,ligands: fingerprint,0.0005294901735576113
LOGO,MorganBit_0192,ligands: fingerprint,0.0017879957778477158
LOGO,MorganBit_0193,ligands: fingerprint,0.0
LOGO,MorganBit_0194,ligands: fingerprint,0.0
LOGO,MorganBit_0195,ligands: fingerprint,0.0
LOGO,MorganBit_0196,ligands: fingerprint,0.0
LOGO,MorganBit_0197,ligands: fingerprint,0.002362634004718847
LOGO,MorganBit_0198,ligands: fingerprint,0.0
LOGO,MorganBit_0199,ligands: fingerprint,0.0
LOGO,MorganBit_0200,ligands: fingerprint,0.0
LOGO,MorganBit_0201,ligands: fingerprint,0.0
LOGO,MorganBit_0202,ligands: fingerprint,0.0004118703742080136
LOGO,MorganBit_0203,ligands: fingerprint,0.00655878208623425
LOGO,MorganBit_0204,ligands: fingerprint,0.0
LOGO,MorganBit_0205,ligands: fingerprint,0.0
LOGO,MorganBit_0206,ligands: fingerprint,0.0
LOGO,MorganBit_0207,ligands: fingerprint,0.00024375533558707098
LOGO,MorganBit_0208,ligands: fingerprint,3.3385171921315307e-06
LOGO,MorganBit_0209,ligands: fingerprint,0.0
LOGO,MorganBit_0210,ligands: fingerprint,0.0
LOGO,MorganBit_0211,ligands: fingerprint,0.0
LOGO,MorganBit_0212,ligands: fingerprint,0.0
LOGO,MorganBit_0213,ligands: fingerprint,0.0
LOGO,MorganBit_0214,ligands: fingerprint,0.0
LOGO,MorganBit_0215,ligands: fingerprint,0.0
LOGO,MorganBit_0216,ligands: fingerprint,0.0002585063379124895
LOGO,MorganBit_0217,ligands: fingerprint,0.0
LOGO,MorganBit_0218,ligands: fingerprint,0.005131035193120376
LOGO,MorganBit_0219,ligands: fingerprint,0.0
LOGO,MorganBit_0220,ligands: fingerprint,0.0
LOGO,MorganBit_0221,ligands: fingerprint,0.0
LOGO,MorganBit_0222,ligands: fingerprint,0.0011174999377598686
LOGO,MorganBit_0223,ligands: fingerprint,0.002338502311147038
LOGO,MorganBit_0224,ligands: fingerprint,0.0
LOGO,MorganBit_0225,ligands: fingerprint,0.00010923726400656768
LOGO,MorganBit_0226,ligands: fingerprint,0.0
LOGO,MorganBit_0227,ligands: fingerprint,0.0
LOGO,MorganBit_0228,ligands: fingerprint,0.0
LOGO,MorganBit_0229,ligands: fingerprint,0.0
LOGO,MorganBit_0230,ligands: fingerprint,0.0
LOGO,MorganBit_0231,ligands: fingerprint,8.718137562339927e-06
LOGO,MorganBit_0232,ligands: fingerprint,0.0
LOGO,MorganBit_0233,ligands: fingerprint,0.00019086696419641822
LOGO,MorganBit_0234,ligands: fingerprint,0.0
LOGO,MorganBit_0235,ligands: fingerprint,0.0033402727293587505
LOGO,MorganBit_0236,ligands: fingerprint,0.0
LOGO,MorganBit_0237,ligands: fingerprint,0.00012239894532979864
LOGO,MorganBit_0238,ligands: fingerprint,0.0
LOGO,MorganBit_0239,ligands: fingerprint,0.0
LOGO,MorganBit_0240,ligands: fingerprint,0.0
LOGO,MorganBit_0241,ligands: fingerprint,4.5527081816612024e-05
LOGO,MorganBit_0242,ligands: fingerprint,0.00025634491743662166
LOGO,MorganBit_0243,ligands: fingerprint,0.002994969560763095
LOGO,MorganBit_0244,ligands: fingerprint,0.0
LOGO,MorganBit_0245,ligands: fingerprint,0.0011855773085909674
LOGO,MorganBit_0246,ligands: fingerprint,0.0
LOGO,MorganBit_0247,ligands: fingerprint,0.0
LOGO,MorganBit_0248,ligands: fingerprint,0.020455907286827432
LOGO,MorganBit_0249,ligands: fingerprint,0.001048807356955911
LOGO,MorganBit_0250,ligands: fingerprint,0.0
LOGO,MorganBit_0251,ligands: fingerprint,0.0032537413104015856
LOGO,MorganBit_0252,ligands: fingerprint,0.00023589301991856253
LOGO,MorganBit_0253,ligands: fingerprint,0.0
LOGO,MorganBit_0254,ligands: fingerprint,0.0002868451361411423
LOGO,MorganBit_0255,ligands: fingerprint,0.00011820542451297874
LOGO,MorganBit_0256,ligands: fingerprint,0.0
LOGO,MorganBit_0257,ligands: fingerprint,0.00020305100986521503
LOGO,MorganBit_0258,ligands: fingerprint,4.945894536183156e-06
LOGO,MorganBit_0259,ligands: fingerprint,0.0
LOGO,MorganBit_0260,ligands: fingerprint,0.0
LOGO,MorganBit_0261,ligands: fingerprint,0.007088946979177132
LOGO,MorganBit_0262,ligands: fingerprint,0.0
LOGO,MorganBit_0263,ligands: fingerprint,0.0002112249368039813
LOGO,MorganBit_0264,ligands: fingerprint,0.0
LOGO,MorganBit_0265,ligands: fingerprint,0.00022287072202139494
LOGO,MorganBit_0266,ligands: fingerprint,3.852244960857473e-05
LOGO,MorganBit_0267,ligands: fingerprint,0.0
LOGO,MorganBit_0268,ligands: fingerprint,0.0
LOGO,MorganBit_0269,ligands: fingerprint,0.0
LOGO,MorganBit_0270,ligands: fingerprint,0.0
LOGO,MorganBit_0271,ligands: fingerprint,0.0041876265621963275
LOGO,MorganBit_0272,ligands: fingerprint,0.0
LOGO,MorganBit_0273,ligands: fingerprint,7.580238881318216e-06
LOGO,MorganBit_0274,ligands: fingerprint,0.0014080037515753418
LOGO,MorganBit_0275,ligands: fingerprint,3.544861297606242e-05
LOGO,MorganBit_0276,ligands: fingerprint,3.623278560707707e-05
LOGO,MorganBit_0277,ligands: fingerprint,0.00021161659138762632
LOGO,MorganBit_0278,ligands: fingerprint,0.0
LOGO,MorganBit_0279,ligands: fingerprint,0.0
LOGO,MorganBit_0280,ligands: fingerprint,0.0
LOGO,MorganBit_0281,ligands: fingerprint,0.0
LOGO,MorganBit_0282,ligands: fingerprint,3.0068057907629677e-06
LOGO,MorganBit_0283,ligands: fingerprint,0.01345013254804257
LOGO,MorganBit_0284,ligands: fingerprint,0.0
LOGO,MorganBit_0285,ligands: fingerprint,0.00016028089350971362
LOGO,MorganBit_0286,ligands: fingerprint,0.0
LOGO,MorganBit_0287,ligands: fingerprint,0.0
LOGO,MorganBit_0288,ligands: fingerprint,0.0
LOGO,MorganBit_0289,ligands: fingerprint,0.0009276135756160471
LOGO,MorganBit_0290,ligands: fingerprint,2.4891575765683946e-05
LOGO,MorganBit_0291,ligands: fingerprint,0.0005791785789476885
LOGO,MorganBit_0292,ligands: fingerprint,0.0
LOGO,MorganBit_0293,ligands: fingerprint,1.0936648270635173e-05
LOGO,MorganBit_0294,ligands: fingerprint,0.014199924389960868
LOGO,MorganBit_0295,ligands: fingerprint,0.0
LOGO,MorganBit_0296,ligands: fingerprint,0.00039451128454925466
LOGO,MorganBit_0297,ligands: fingerprint,0.0
LOGO,MorganBit_0298,ligands: fingerprint,0.0001249413288881125
LOGO,MorganBit_0299,ligands: fingerprint,0.0002186376347391202
LOGO,MorganBit_0300,ligands: fingerprint,0.0
LOGO,MorganBit_0301,ligands: fingerprint,0.00022681275415425086
LOGO,MorganBit_0302,ligands: fingerprint,0.0
LOGO,MorganBit_0303,ligands: fingerprint,0.0
LOGO,MorganBit_0304,ligands: fingerprint,0.0
LOGO,MorganBit_0305,ligands: fingerprint,0.00042070947479973237
LOGO,MorganBit_0306,ligands: fingerprint,0.0
LOGO,MorganBit_0307,ligands: fingerprint,4.2653174654632065e-05
LOGO,MorganBit_0308,ligands: fingerprint,0.0
LOGO,MorganBit_0309,ligands: fingerprint,0.0
LOGO,MorganBit_0310,ligands: fingerprint,0.00044824671203372307
LOGO,MorganBit_0311,ligands: fingerprint,0.0
LOGO,MorganBit_0312,ligands: fingerprint,0.0
LOGO,MorganBit_0313,ligands: fingerprint,0.0
LOGO,MorganBit_0314,ligands: fingerprint,0.006001754656731136
LOGO,MorganBit_0315,ligands: fingerprint,0.0002938942981497863
LOGO,MorganBit_0316,ligands: fingerprint,0.0
LOGO,MorganBit_0317,ligands: fingerprint,4.557343818235675e-05
LOGO,MorganBit_0318,ligands: fingerprint,6.266588771480002e-05
LOGO,MorganBit_0319,ligands: fingerprint,0.004942444085496095
LOGO,MorganBit_0320,ligands: fingerprint,0.0
LOGO,MorganBit_0321,ligands: fingerprint,0.0
LOGO,MorganBit_0322,ligands: fingerprint,0.0026676436592276585
LOGO,MorganBit_0323,ligands: fingerprint,0.002179936454434821
LOGO,MorganBit_0324,ligands: fingerprint,0.00022837247623410943
LOGO,MorganBit_0325,ligands: fingerprint,0.0024014353843748565
LOGO,MorganBit_0326,ligands: fingerprint,0.0
LOGO,MorganBit_0327,ligands: fingerprint,8.409720456551589e-05
LOGO,MorganBit_0328,ligands: fingerprint,0.0
LOGO,MorganBit_0329,ligands: fingerprint,0.0
LOGO,MorganBit_0330,ligands: fingerprint,0.0
LOGO,MorganBit_0331,ligands: fingerprint,0.0
LOGO,MorganBit_0332,ligands: fingerprint,6.085835352372098e-05
LOGO,MorganBit_0333,ligands: fingerprint,0.00010956237089664736
LOGO,MorganBit_0334,ligands: fingerprint,0.00010875258256607232
LOGO,MorganBit_0335,ligands: fingerprint,0.00021180085705954348
LOGO,MorganBit_0336,ligands: fingerprint,0.0
LOGO,MorganBit_0337,ligands: fingerprint,0.0
LOGO,MorganBit_0338,ligands: fingerprint,0.00021109644495693547
LOGO,MorganBit_0339,ligands: fingerprint,0.0
LOGO,MorganBit_0340,ligands: fingerprint,0.0
LOGO,MorganBit_0341,ligands: fingerprint,0.0019711572415612834
LOGO,MorganBit_0342,ligands: fingerprint,0.0021104258458704904
LOGO,MorganBit_0343,ligands: fingerprint,0.0068827033096117785
LOGO,MorganBit_0344,ligands: fingerprint,0.0001275957678340249
LOGO,MorganBit_0345,ligands: fingerprint,0.0
LOGO,MorganBit_0346,ligands: fingerprint,2.1145463637731016e-05
LOGO,MorganBit_0347,ligands: fingerprint,0.0
LOGO,MorganBit_0348,ligands: fingerprint,0.0
LOGO,MorganBit_0349,ligands: fingerprint,0.0
LOGO,MorganBit_0350,ligands: fingerprint,0.004787036205675619
LOGO,MorganBit_0351,ligands: fingerprint,0.0004845146421996429
LOGO,MorganBit_0352,ligands: fingerprint,0.0037091823528446325
LOGO,MorganBit_0353,ligands: fingerprint,0.0
LOGO,MorganBit_0354,ligands: fingerprint,0.0006080125671113662
LOGO,MorganBit_0355,ligands: fingerprint,0.0
LOGO,MorganBit_0356,ligands: fingerprint,0.0
LOGO,MorganBit_0357,ligands: fingerprint,0.0016849571628792211
LOGO,MorganBit_0358,ligands: fingerprint,0.0
LOGO,MorganBit_0359,ligands: fingerprint,0.0003838359406380987
LOGO,MorganBit_0360,ligands: fingerprint,0.0
LOGO,MorganBit_0361,ligands: fingerprint,0.0
LOGO,MorganBit_0362,ligands: fingerprint,0.00022481065676455603
LOGO,MorganBit_0363,ligands: fingerprint,0.0
LOGO,MorganBit_0364,ligands: fingerprint,0.0012729915612509145
LOGO,MorganBit_0365,ligands: fingerprint,0.0
LOGO,MorganBit_0366,ligands: fingerprint,0.001154923183038954
LOGO,MorganBit_0367,ligands: fingerprint,0.0
LOGO,MorganBit_0368,ligands: fingerprint,5.608608049896377e-06
LOGO,MorganBit_0369,ligands: fingerprint,0.0
LOGO,MorganBit_0370,ligands: fingerprint,0.0
LOGO,MorganBit_0371,ligands: fingerprint,0.0
LOGO,MorganBit_0372,ligands: fingerprint,6.755859882654954e-05
LOGO,MorganBit_0373,ligands: fingerprint,5.30165716550435e-06
LOGO,MorganBit_0374,ligands: fingerprint,0.0
LOGO,MorganBit_0375,ligands: fingerprint,0.0
LOGO,MorganBit_0376,ligands: fingerprint,0.0
LOGO,MorganBit_0377,ligands: fingerprint,5.315254302478434e-05
LOGO,MorganBit_0378,ligands: fingerprint,0.004888449663912245
LOGO,MorganBit_0379,ligands: fingerprint,0.0
LOGO,MorganBit_0380,ligands: fingerprint,0.00026028959525804053
LOGO,MorganBit_0381,ligands: fingerprint,4.938157268538204e-05
LOGO,MorganBit_0382,ligands: fingerprint,0.0
LOGO,MorganBit_0383,ligands: fingerprint,0.0022071402931405325
LOGO,MorganBit_0384,ligands: fingerprint,0.0009167264426030212
LOGO,MorganBit_0385,ligands: fingerprint,1.3781385646880758e-05
LOGO,MorganBit_0386,ligands: fingerprint,0.00022850486722461952
LOGO,MorganBit_0387,ligands: fingerprint,1.364786260387251e-05
LOGO,MorganBit_0388,ligands: fingerprint,0.0004271268608012751
LOGO,MorganBit_0389,ligands: fingerprint,0.0042957392541239075
LOGO,MorganBit_0390,ligands: fingerprint,0.0
LOGO,MorganBit_0391,ligands: fingerprint,0.0
LOGO,MorganBit_0392,ligands: fingerprint,0.004062321550724648
LOGO,MorganBit_0393,ligands: fingerprint,0.0
LOGO,MorganBit_0394,ligands: fingerprint,0.0002536697716428119
LOGO,MorganBit_0395,ligands: fingerprint,0.0
LOGO,MorganBit_0396,ligands: fingerprint,7.951735644309647e-05
LOGO,MorganBit_0397,ligands: fingerprint,1.6062281488255224e-05
LOGO,MorganBit_0398,ligands: fingerprint,0.001225292347666269
LOGO,MorganBit_0399,ligands: fingerprint,0.0
LOGO,MorganBit_0400,ligands: fingerprint,3.30866311103698e-05
LOGO,MorganBit_0401,ligands: fingerprint,0.0010888320302085983
LOGO,MorganBit_0402,ligands: fingerprint,0.001872151841087868
LOGO,MorganBit_0403,ligands: fingerprint,0.0
LOGO,MorganBit_0404,ligands: fingerprint,0.0
LOGO,MorganBit_0405,ligands: fingerprint,0.0016182089521389333
LOGO,MorganBit_0406,ligands: fingerprint,3.0729037163168894e-05
LOGO,MorganBit_0407,ligands: fingerprint,0.004566649306353764
LOGO,MorganBit_0408,ligands: fingerprint,0.0
LOGO,MorganBit_0409,ligands: fingerprint,2.2285843496758407e-05
LOGO,MorganBit_0410,ligands: fingerprint,0.0
LOGO,MorganBit_0411,ligands: fingerprint,0.0
LOGO,MorganBit_0412,ligands: fingerprint,7.101709229843642e-05
LOGO,MorganBit_0413,ligands: fingerprint,8.084348412293041e-05
LOGO,MorganBit_0414,ligands: fingerprint,0.00016524539221162947
LOGO,MorganBit_0415,ligands: fingerprint,0.0
LOGO,MorganBit_0416,ligands: fingerprint,0.0
LOGO,MorganBit_0417,ligands: fingerprint,0.0
LOGO,MorganBit_0418,ligands: fingerprint,9.945431051292239e-06
LOGO,MorganBit_0419,ligands: fingerprint,0.0016056931866128186
LOGO,MorganBit_0420,ligands: fingerprint,0.0
LOGO,MorganBit_0421,ligands: fingerprint,0.0
LOGO,MorganBit_0422,ligands: fingerprint,0.0
LOGO,MorganBit_0423,ligands: fingerprint,0.0012714334579191316
LOGO,MorganBit_0424,ligands: fingerprint,0.0001278664476365937
LOGO,MorganBit_0425,ligands: fingerprint,0.0
LOGO,MorganBit_0426,ligands: fingerprint,0.0
LOGO,MorganBit_0427,ligands: fingerprint,6.047795613533341e-05
LOGO,MorganBit_0428,ligands: fingerprint,0.0
LOGO,MorganBit_0429,ligands: fingerprint,0.0
LOGO,MorganBit_0430,ligands: fingerprint,0.00028322747176755286
LOGO,MorganBit_0431,ligands: fingerprint,2.1747149851575562e-05
LOGO,MorganBit_0432,ligands: fingerprint,0.0
LOGO,MorganBit_0433,ligands: fingerprint,0.0
LOGO,MorganBit_0434,ligands: fingerprint,0.0
LOGO,MorganBit_0435,ligands: fingerprint,8.9134147146007e-05
LOGO,MorganBit_0436,ligands: fingerprint,0.0
LOGO,MorganBit_0437,ligands: fingerprint,0.002783510457418046
LOGO,MorganBit_0438,ligands: fingerprint,0.0
LOGO,MorganBit_0439,ligands: fingerprint,0.0
LOGO,MorganBit_0440,ligands: fingerprint,0.0
LOGO,MorganBit_0441,ligands: fingerprint,0.002782396389837248
LOGO,MorganBit_0442,ligands: fingerprint,0.0
LOGO,MorganBit_0443,ligands: fingerprint,0.0
LOGO,MorganBit_0444,ligands: fingerprint,0.0
LOGO,MorganBit_0445,ligands: fingerprint,0.0
LOGO,MorganBit_0446,ligands: fingerprint,0.0
LOGO,MorganBit_0447,ligands: fingerprint,0.0
LOGO,MorganBit_0448,ligands: fingerprint,0.04952015017932345
LOGO,MorganBit_0449,ligands: fingerprint,0.0021464323322602824
LOGO,MorganBit_0450,ligands: fingerprint,0.0
LOGO,MorganBit_0451,ligands: fingerprint,0.0
LOGO,MorganBit_0452,ligands: fingerprint,0.0
LOGO,MorganBit_0453,ligands: fingerprint,0.0
LOGO,MorganBit_0454,ligands: fingerprint,6.594741170807715e-05
LOGO,MorganBit_0455,ligands: fingerprint,0.0006045428357218475
LOGO,MorganBit_0456,ligands: fingerprint,0.007901901539319718
LOGO,MorganBit_0457,ligands: fingerprint,0.0005455159229086179
LOGO,MorganBit_0458,ligands: fingerprint,0.0
LOGO,MorganBit_0459,ligands: fingerprint,0.0
LOGO,MorganBit_0460,ligands: fingerprint,0.0
LOGO,MorganBit_0461,ligands: fingerprint,7.436378910996718e-06
LOGO,MorganBit_0462,ligands: fingerprint,0.0
LOGO,MorganBit_0463,ligands: fingerprint,0.0014583081589045611
LOGO,MorganBit_0464,ligands: fingerprint,0.0005005511424952023
LOGO,MorganBit_0465,ligands: fingerprint,0.00014928505975790723
LOGO,MorganBit_0466,ligands: fingerprint,9.901046941555604e-05
LOGO,MorganBit_0467,ligands: fingerprint,1.5546679903452268e-05
LOGO,MorganBit_0468,ligands: fingerprint,0.0
LOGO,MorganBit_0469,ligands: fingerprint,0.0026590460703941393
LOGO,MorganBit_0470,ligands: fingerprint,0.0
LOGO,MorganBit_0471,ligands: fingerprint,0.0011530960143527227
LOGO,MorganBit_0472,ligands: fingerprint,0.0
LOGO,MorganBit_0473,ligands: fingerprint,0.002423814293277312
LOGO,MorganBit_0474,ligands: fingerprint,0.0
LOGO,MorganBit_0475,ligands: fingerprint,0.0001457027380069071
LOGO,MorganBit_0476,ligands: fingerprint,0.0
LOGO,MorganBit_0477,ligands: fingerprint,0.0
LOGO,MorganBit_0478,ligands: fingerprint,0.0
LOGO,MorganBit_0479,ligands: fingerprint,0.00033890964539587463
LOGO,MorganBit_0480,ligands: fingerprint,0.0
LOGO,MorganBit_0481,ligands: fingerprint,0.0
LOGO,MorganBit_0482,ligands: fingerprint,0.0005111524908351284
LOGO,MorganBit_0483,ligands: fingerprint,0.0
LOGO,MorganBit_0484,ligands: fingerprint,7.474413880772981e-05
LOGO,MorganBit_0485,ligands: fingerprint,0.0
LOGO,MorganBit_0486,ligands: fingerprint,0.009546713347684106
LOGO,MorganBit_0487,ligands: fingerprint,0.0003718658739295929
LOGO,MorganBit_0488,ligands: fingerprint,0.000786278654424913
LOGO,MorganBit_0489,ligands: fingerprint,0.0008352251185683981
LOGO,MorganBit_0490,ligands: fingerprint,0.0006173271633497007
LOGO,MorganBit_0491,ligands: fingerprint,0.002219552279246024
LOGO,MorganBit_0492,ligands: fingerprint,0.0
LOGO,MorganBit_0493,ligands: fingerprint,0.00014178000016232392
LOGO,MorganBit_0494,ligands: fingerprint,0.0027554981213593534
LOGO,MorganBit_0495,ligands: fingerprint,0.00025181406966310254
LOGO,MorganBit_0496,ligands: fingerprint,0.0
LOGO,MorganBit_0497,ligands: fingerprint,0.003747160433906059
LOGO,MorganBit_0498,ligands: fingerprint,0.0
LOGO,MorganBit_0499,ligands: fingerprint,0.0
LOGO,MorganBit_0500,ligands: fingerprint,0.000392215197108415
LOGO,MorganBit_0501,ligands: fingerprint,0.0008335762859818286
LOGO,MorganBit_0502,ligands: fingerprint,0.00017678605630556404
LOGO,MorganBit_0503,ligands: fingerprint,3.6149573871855004e-06
LOGO,MorganBit_0504,ligands: fingerprint,0.0005800303839567254
LOGO,MorganBit_0505,ligands: fingerprint,0.0
LOGO,MorganBit_0506,ligands: fingerprint,0.0
LOGO,MorganBit_0507,ligands: fingerprint,0.0011284105373402986
LOGO,MorganBit_0508,ligands: fingerprint,0.0
LOGO,MorganBit_0509,ligands: fingerprint,0.0
LOGO,MorganBit_0510,ligands: fingerprint,0.0
LOGO,MorganBit_0511,ligands: fingerprint,0.0
LOGO,MorganBit_0512,ligands: fingerprint,0.0
LOGO,MorganBit_0513,ligands: fingerprint,0.0
LOGO,MorganBit_0514,ligands: fingerprint,0.0
LOGO,MorganBit_0515,ligands: fingerprint,0.0
LOGO,MorganBit_0516,ligands: fingerprint,0.0
LOGO,MorganBit_0517,ligands: fingerprint,0.0
LOGO,MorganBit_0518,ligands: fingerprint,5.797728397095771e-05
LOGO,MorganBit_0519,ligands: fingerprint,0.00016493113929761874
LOGO,MorganBit_0520,ligands: fingerprint,0.0009125438957695389
LOGO,MorganBit_0521,ligands: fingerprint,6.086860926505764e-06
LOGO,MorganBit_0522,ligands: fingerprint,0.0
LOGO,MorganBit_0523,ligands: fingerprint,0.0005901332319362685
LOGO,MorganBit_0524,ligands: fingerprint,0.0
LOGO,MorganBit_0525,ligands: fingerprint,3.111995931599833e-05
LOGO,MorganBit_0526,ligands: fingerprint,0.0006641853210893353
LOGO,MorganBit_0527,ligands: fingerprint,0.0007186983099387086
LOGO,MorganBit_0528,ligands: fingerprint,0.0
LOGO,MorganBit_0529,ligands: fingerprint,0.0
LOGO,MorganBit_0530,ligands: fingerprint,0.00026646314188608035
LOGO,MorganBit_0531,ligands: fingerprint,8.645542832298476e-06
LOGO,MorganBit_0532,ligands: fingerprint,0.0
LOGO,MorganBit_0533,ligands: fingerprint,1.439982744162199e-05
LOGO,MorganBit_0534,ligands: fingerprint,0.0
LOGO,MorganBit_0535,ligands: fingerprint,7.688555075741616e-05
LOGO,MorganBit_0536,ligands: fingerprint,0.0
LOGO,MorganBit_0537,ligands: fingerprint,0.0
LOGO,MorganBit_0538,ligands: fingerprint,0.0
LOGO,MorganBit_0539,ligands: fingerprint,0.0
LOGO,MorganBit_0540,ligands: fingerprint,0.0
LOGO,MorganBit_0541,ligands: fingerprint,0.0007667069651509706
LOGO,MorganBit_0542,ligands: fingerprint,0.00029185401152088047
LOGO,MorganBit_0543,ligands: fingerprint,0.0
LOGO,MorganBit_0544,ligands: fingerprint,0.0
LOGO,MorganBit_0545,ligands: fingerprint,0.0
LOGO,MorganBit_0546,ligands: fingerprint,0.0
LOGO,MorganBit_0547,ligands: fingerprint,0.00029664546401782964
LOGO,MorganBit_0548,ligands: fingerprint,0.0
LOGO,MorganBit_0549,ligands: fingerprint,0.0
LOGO,MorganBit_0550,ligands: fingerprint,0.0
LOGO,MorganBit_0551,ligands: fingerprint,0.0
LOGO,MorganBit_0552,ligands: fingerprint,0.002674144279766451
LOGO,MorganBit_0553,ligands: fingerprint,0.0
LOGO,MorganBit_0554,ligands: fingerprint,0.00033977480179035686
LOGO,MorganBit_0555,ligands: fingerprint,0.00016758866171212532
LOGO,MorganBit_0556,ligands: fingerprint,3.5603287006582013e-06
LOGO,MorganBit_0557,ligands: fingerprint,0.0005247529885213037
LOGO,MorganBit_0558,ligands: fingerprint,0.0
LOGO,MorganBit_0559,ligands: fingerprint,0.0
LOGO,MorganBit_0560,ligands: fingerprint,0.0
LOGO,MorganBit_0561,ligands: fingerprint,0.004890907999246795
LOGO,MorganBit_0562,ligands: fingerprint,6.0546264930071e-05
LOGO,MorganBit_0563,ligands: fingerprint,0.0
LOGO,MorganBit_0564,ligands: fingerprint,0.0007670686570491645
LOGO,MorganBit_0565,ligands: fingerprint,0.0
LOGO,MorganBit_0566,ligands: fingerprint,0.0
LOGO,MorganBit_0567,ligands: fingerprint,0.0028820057213651304
LOGO,MorganBit_0568,ligands: fingerprint,0.0
LOGO,MorganBit_0569,ligands: fingerprint,0.0
LOGO,MorganBit_0570,ligands: fingerprint,0.0
LOGO,MorganBit_0571,ligands: fingerprint,0.0004723974271021506
LOGO,MorganBit_0572,ligands: fingerprint,0.0
LOGO,MorganBit_0573,ligands: fingerprint,6.348250931182603e-05
LOGO,MorganBit_0574,ligands: fingerprint,0.0
LOGO,MorganBit_0575,ligands: fingerprint,0.0001307364765681823
LOGO,MorganBit_0576,ligands: fingerprint,0.0
LOGO,MorganBit_0577,ligands: fingerprint,0.0
LOGO,MorganBit_0578,ligands: fingerprint,0.0001594796960875253
LOGO,MorganBit_0579,ligands: fingerprint,0.0
LOGO,MorganBit_0580,ligands: fingerprint,0.0
LOGO,MorganBit_0581,ligands: fingerprint,0.003151950614201314
LOGO,MorganBit_0582,ligands: fingerprint,0.0001026597506865935
LOGO,MorganBit_0583,ligands: fingerprint,0.0
LOGO,MorganBit_0584,ligands: fingerprint,0.001383284068238191
LOGO,MorganBit_0585,ligands: fingerprint,0.0
LOGO,MorganBit_0586,ligands: fingerprint,0.0
LOGO,MorganBit_0587,ligands: fingerprint,0.0
LOGO,MorganBit_0588,ligands: fingerprint,0.00026186107752542223
LOGO,MorganBit_0589,ligands: fingerprint,0.00016149775046711643
LOGO,MorganBit_0590,ligands: fingerprint,0.0
LOGO,MorganBit_0591,ligands: fingerprint,0.004454311781700602
LOGO,MorganBit_0592,ligands: fingerprint,5.723638942455627e-05
LOGO,MorganBit_0593,ligands: fingerprint,0.0
LOGO,MorganBit_0594,ligands: fingerprint,0.002388767099754133
LOGO,MorganBit_0595,ligands: fingerprint,0.0
LOGO,MorganBit_0596,ligands: fingerprint,0.0
LOGO,MorganBit_0597,ligands: fingerprint,7.497959401866248e-05
LOGO,MorganBit_0598,ligands: fingerprint,0.0006331052710806366
LOGO,MorganBit_0599,ligands: fingerprint,0.0
LOGO,MorganBit_0600,ligands: fingerprint,8.830096535472838e-06
LOGO,MorganBit_0601,ligands: fingerprint,0.0007410239565745316
LOGO,MorganBit_0602,ligands: fingerprint,0.0
LOGO,MorganBit_0603,ligands: fingerprint,0.000910427888794085
LOGO,MorganBit_0604,ligands: fingerprint,0.0
LOGO,MorganBit_0605,ligands: fingerprint,0.0
LOGO,MorganBit_0606,ligands: fingerprint,7.776487778279144e-05
LOGO,MorganBit_0607,ligands: fingerprint,0.0
LOGO,MorganBit_0608,ligands: fingerprint,0.0
LOGO,MorganBit_0609,ligands: fingerprint,5.883240463378068e-05
LOGO,MorganBit_0610,ligands: fingerprint,0.0010628958271267537
LOGO,MorganBit_0611,ligands: fingerprint,0.000537754799243863
LOGO,MorganBit_0612,ligands: fingerprint,0.0
LOGO,MorganBit_0613,ligands: fingerprint,0.0
LOGO,MorganBit_0614,ligands: fingerprint,7.631822651010527e-05
LOGO,MorganBit_0615,ligands: fingerprint,0.0
LOGO,MorganBit_0616,ligands: fingerprint,0.0
LOGO,MorganBit_0617,ligands: fingerprint,0.000202301390312544
LOGO,MorganBit_0618,ligands: fingerprint,0.0
LOGO,MorganBit_0619,ligands: fingerprint,0.0
LOGO,MorganBit_0620,ligands: fingerprint,0.0
LOGO,MorganBit_0621,ligands: fingerprint,0.00014728138123310734
LOGO,MorganBit_0622,ligands: fingerprint,2.9773222024913402e-05
LOGO,MorganBit_0623,ligands: fingerprint,1.7928794040828235e-05
LOGO,MorganBit_0624,ligands: fingerprint,1.3895796908054562e-05
LOGO,MorganBit_0625,ligands: fingerprint,2.4555747321280377e-05
LOGO,MorganBit_0626,ligands: fingerprint,0.018156305097356256
LOGO,MorganBit_0627,ligands: fingerprint,0.0
LOGO,MorganBit_0628,ligands: fingerprint,0.00017789883135913213
LOGO,MorganBit_0629,ligands: fingerprint,0.009144884653578773
LOGO,MorganBit_0630,ligands: fingerprint,2.826002564066964e-05
LOGO,MorganBit_0631,ligands: fingerprint,0.0
LOGO,MorganBit_0632,ligands: fingerprint,0.0004622258506868957
LOGO,MorganBit_0633,ligands: fingerprint,0.0
LOGO,MorganBit_0634,ligands: fingerprint,0.0
LOGO,MorganBit_0635,ligands: fingerprint,0.00036636704158182754
LOGO,MorganBit_0636,ligands: fingerprint,0.0005304061115438282
LOGO,MorganBit_0637,ligands: fingerprint,7.133172756914889e-05
LOGO,MorganBit_0638,ligands: fingerprint,0.0
LOGO,MorganBit_0639,ligands: fingerprint,0.0
LOGO,MorganBit_0640,ligands: fingerprint,0.0
LOGO,MorganBit_0641,ligands: fingerprint,9.41578962084144e-05
LOGO,MorganBit_0642,ligands: fingerprint,0.00013660887610879785
LOGO,MorganBit_0643,ligands: fingerprint,0.0
LOGO,MorganBit_0644,ligands: fingerprint,3.3882911845830564e-05
LOGO,MorganBit_0645,ligands: fingerprint,0.00023761140550883586
LOGO,MorganBit_0646,ligands: fingerprint,0.0
LOGO,MorganBit_0647,ligands: fingerprint,0.0004968033317055355
LOGO,MorganBit_0648,ligands: fingerprint,0.0
LOGO,MorganBit_0649,ligands: fingerprint,0.0
LOGO,MorganBit_0650,ligands: fingerprint,0.01340400183704212
LOGO,MorganBit_0651,ligands: fingerprint,0.0
LOGO,MorganBit_0652,ligands: fingerprint,0.0
LOGO,MorganBit_0653,ligands: fingerprint,0.0
LOGO,MorganBit_0654,ligands: fingerprint,0.00015078078446372582
LOGO,MorganBit_0655,ligands: fingerprint,9.983611850649906e-05
LOGO,MorganBit_0656,ligands: fingerprint,0.008874388984727137
LOGO,MorganBit_0657,ligands: fingerprint,5.576452949082967e-06
LOGO,MorganBit_0658,ligands: fingerprint,0.0
LOGO,MorganBit_0659,ligands: fingerprint,0.0
LOGO,MorganBit_0660,ligands: fingerprint,0.0
LOGO,MorganBit_0661,ligands: fingerprint,0.0027897629023709205
LOGO,MorganBit_0662,ligands: fingerprint,0.0
LOGO,MorganBit_0663,ligands: fingerprint,7.366082546763034e-05
LOGO,MorganBit_0664,ligands: fingerprint,0.0
LOGO,MorganBit_0665,ligands: fingerprint,0.0
LOGO,MorganBit_0666,ligands: fingerprint,0.00014617759252219856
LOGO,MorganBit_0667,ligands: fingerprint,0.00047670023084169915
LOGO,MorganBit_0668,ligands: fingerprint,9.708698850334363e-06
LOGO,MorganBit_0669,ligands: fingerprint,0.0007001777716444643
LOGO,MorganBit_0670,ligands: fingerprint,5.65373730534018e-06
LOGO,MorganBit_0671,ligands: fingerprint,0.0
LOGO,MorganBit_0672,ligands: fingerprint,0.0008973834674902387
LOGO,MorganBit_0673,ligands: fingerprint,0.0033561571554275764
LOGO,MorganBit_0674,ligands: fingerprint,0.0030085808548751466
LOGO,MorganBit_0675,ligands: fingerprint,0.0009376834919112328
LOGO,MorganBit_0676,ligands: fingerprint,0.002359549303216215
LOGO,MorganBit_0677,ligands: fingerprint,0.00014950365318117895
LOGO,MorganBit_0678,ligands: fingerprint,0.00010641628105013083
LOGO,MorganBit_0679,ligands: fingerprint,8.77327725718026e-05
LOGO,MorganBit_0680,ligands: fingerprint,0.002537426791815788
LOGO,MorganBit_0681,ligands: fingerprint,0.0
LOGO,MorganBit_0682,ligands: fingerprint,0.0
LOGO,MorganBit_0683,ligands: fingerprint,0.0
LOGO,MorganBit_0684,ligands: fingerprint,3.4585822138287573e-06
LOGO,MorganBit_0685,ligands: fingerprint,0.0
LOGO,MorganBit_0686,ligands: fingerprint,0.0012451899448145828
LOGO,MorganBit_0687,ligands: fingerprint,1.641669285232684e-05
LOGO,MorganBit_0688,ligands: fingerprint,0.0
LOGO,MorganBit_0689,ligands: fingerprint,0.0
LOGO,MorganBit_0690,ligands: fingerprint,0.0
LOGO,MorganBit_0691,ligands: fingerprint,0.0007776181303620492
LOGO,MorganBit_0692,ligands: fingerprint,5.297758661145968e-05
LOGO,MorganBit_0693,ligands: fingerprint,0.0
LOGO,MorganBit_0694,ligands: fingerprint,0.0037856537092190615
LOGO,MorganBit_0695,ligands: fingerprint,0.0023600065179939385
LOGO,MorganBit_0696,ligands: fingerprint,0.0
LOGO,MorganBit_0697,ligands: fingerprint,0.0
LOGO,MorganBit_0698,ligands: fingerprint,0.00048363590850804316
LOGO,MorganBit_0699,ligands: fingerprint,0.00018777343531916214
LOGO,MorganBit_0700,ligands: fingerprint,0.0011763720688098603
LOGO,MorganBit_0701,ligands: fingerprint,6.949115414523747e-05
LOGO,MorganBit_0702,ligands: fingerprint,0.0
LOGO,MorganBit_0703,ligands: fingerprint,0.0016374243261016268
LOGO,MorganBit_0704,ligands: fingerprint,0.0
LOGO,MorganBit_0705,ligands: fingerprint,0.0
LOGO,MorganBit_0706,ligands: fingerprint,0.0
LOGO,MorganBit_0707,ligands: fingerprint,0.0
LOGO,MorganBit_0708,ligands: fingerprint,1.821430625346701e-05
LOGO,MorganBit_0709,ligands: fingerprint,0.0
LOGO,MorganBit_0710,ligands: fingerprint,0.0002148205847321294
LOGO,MorganBit_0711,ligands: fingerprint,0.0
LOGO,MorganBit_0712,ligands: fingerprint,3.78549942102264e-05
LOGO,MorganBit_0713,ligands: fingerprint,0.0005926353543965975
LOGO,MorganBit_0714,ligands: fingerprint,0.0
LOGO,MorganBit_0715,ligands: fingerprint,0.0040363636336087924
LOGO,MorganBit_0716,ligands: fingerprint,0.00043668506424241816
LOGO,MorganBit_0717,ligands: fingerprint,4.805983132773145e-05
LOGO,MorganBit_0718,ligands: fingerprint,0.0016210496123978046
LOGO,MorganBit_0719,ligands: fingerprint,0.0006457916866866815
LOGO,MorganBit_0720,ligands: fingerprint,0.0
LOGO,MorganBit_0721,ligands: fingerprint,0.0
LOGO,MorganBit_0722,ligands: fingerprint,0.0
LOGO,MorganBit_0723,ligands: fingerprint,0.000914599907777736
LOGO,MorganBit_0724,ligands: fingerprint,0.0021085626325584197
LOGO,MorganBit_0725,ligands: fingerprint,0.013027336337496389
LOGO,MorganBit_0726,ligands: fingerprint,0.0
LOGO,MorganBit_0727,ligands: fingerprint,0.0012136211171126247
LOGO,MorganBit_0728,ligands: fingerprint,0.00040060420937310765
LOGO,MorganBit_0729,ligands: fingerprint,8.595433858955575e-05
LOGO,MorganBit_0730,ligands: fingerprint,0.0
LOGO,MorganBit_0731,ligands: fingerprint,0.0
LOGO,MorganBit_0732,ligands: fingerprint,0.0
LOGO,MorganBit_0733,ligands: fingerprint,0.0
LOGO,MorganBit_0734,ligands: fingerprint,0.0
LOGO,MorganBit_0735,ligands: fingerprint,0.0031292562701716125
LOGO,MorganBit_0736,ligands: fingerprint,0.003872645151302522
LOGO,MorganBit_0737,ligands: fingerprint,0.0012104709972196469
LOGO,MorganBit_0738,ligands: fingerprint,0.0
LOGO,MorganBit_0739,ligands: fingerprint,0.001512288345993908
LOGO,MorganBit_0740,ligands: fingerprint,0.0
LOGO,MorganBit_0741,ligands: fingerprint,0.0
LOGO,MorganBit_0742,ligands: fingerprint,0.0
LOGO,MorganBit_0743,ligands: fingerprint,0.000689102426488551
LOGO,MorganBit_0744,ligands: fingerprint,0.00013215900904809595
LOGO,MorganBit_0745,ligands: fingerprint,0.00019278082051118995
LOGO,MorganBit_0746,ligands: fingerprint,0.0
LOGO,MorganBit_0747,ligands: fingerprint,0.0
LOGO,MorganBit_0748,ligands: fingerprint,0.0
LOGO,MorganBit_0749,ligands: fingerprint,0.0
LOGO,MorganBit_0750,ligands: fingerprint,0.0006325047008822116
LOGO,MorganBit_0751,ligands: fingerprint,0.0011359235983720314
LOGO,MorganBit_0752,ligands: fingerprint,0.0
LOGO,MorganBit_0753,ligands: fingerprint,0.0006776888326744852
LOGO,MorganBit_0754,ligands: fingerprint,1.979133659292072e-05
LOGO,MorganBit_0755,ligands: fingerprint,0.0
LOGO,MorganBit_0756,ligands: fingerprint,0.0
LOGO,MorganBit_0757,ligands: fingerprint,6.935871783150484e-06
LOGO,MorganBit_0758,ligands: fingerprint,0.0
LOGO,MorganBit_0759,ligands: fingerprint,0.001552386459963778
LOGO,MorganBit_0760,ligands: fingerprint,8.979038172583819e-05
LOGO,MorganBit_0761,ligands: fingerprint,0.0
LOGO,MorganBit_0762,ligands: fingerprint,0.0
LOGO,MorganBit_0763,ligands: fingerprint,2.2898359333743357e-05
LOGO,MorganBit_0764,ligands: fingerprint,0.0
LOGO,MorganBit_0765,ligands: fingerprint,0.0
LOGO,MorganBit_0766,ligands: fingerprint,0.0004393984789652946
LOGO,MorganBit_0767,ligands: fingerprint,0.00010402598920237779
LOGO,MorganBit_0768,ligands: fingerprint,0.0
LOGO,MorganBit_0769,ligands: fingerprint,0.00017765179230163017
LOGO,MorganBit_0770,ligands: fingerprint,0.0
LOGO,MorganBit_0771,ligands: fingerprint,0.0012413799416292617
LOGO,MorganBit_0772,ligands: fingerprint,0.0
LOGO,MorganBit_0773,ligands: fingerprint,0.0007802383202072468
LOGO,MorganBit_0774,ligands: fingerprint,1.0025138955365792e-05
LOGO,MorganBit_0775,ligands: fingerprint,0.0
LOGO,MorganBit_0776,ligands: fingerprint,0.0
LOGO,MorganBit_0777,ligands: fingerprint,0.0
LOGO,MorganBit_0778,ligands: fingerprint,0.0
LOGO,MorganBit_0779,ligands: fingerprint,0.0005712155039333049
LOGO,MorganBit_0780,ligands: fingerprint,0.0012883905191172246
LOGO,MorganBit_0781,ligands: fingerprint,0.00015056485590041774
LOGO,MorganBit_0782,ligands: fingerprint,0.00039694595194270804
LOGO,MorganBit_0783,ligands: fingerprint,0.00012304993423754677
LOGO,MorganBit_0784,ligands: fingerprint,0.00018901434322974382
LOGO,MorganBit_0785,ligands: fingerprint,0.003175037827814106
LOGO,MorganBit_0786,ligands: fingerprint,9.079777307281024e-05
LOGO,MorganBit_0787,ligands: fingerprint,0.012594433482262114
LOGO,MorganBit_0788,ligands: fingerprint,0.0
LOGO,MorganBit_0789,ligands: fingerprint,0.0007328656179308669
LOGO,MorganBit_0790,ligands: fingerprint,0.0030259089171673723
LOGO,MorganBit_0791,ligands: fingerprint,0.0
LOGO,MorganBit_0792,ligands: fingerprint,0.0
LOGO,MorganBit_0793,ligands: fingerprint,0.0
LOGO,MorganBit_0794,ligands: fingerprint,0.007087817125620548
LOGO,MorganBit_0795,ligands: fingerprint,0.0
LOGO,MorganBit_0796,ligands: fingerprint,0.0
LOGO,MorganBit_0797,ligands: fingerprint,5.930171631757092e-06
LOGO,MorganBit_0798,ligands: fingerprint,4.824091399369469e-06
LOGO,MorganBit_0799,ligands: fingerprint,0.0003692256768162726
LOGO,MorganBit_0800,ligands: fingerprint,0.0
LOGO,MorganBit_0801,ligands: fingerprint,0.0
LOGO,MorganBit_0802,ligands: fingerprint,0.003191977070363906
LOGO,MorganBit_0803,ligands: fingerprint,7.553623542839481e-06
LOGO,MorganBit_0804,ligands: fingerprint,0.0010843578602554398
LOGO,MorganBit_0805,ligands: fingerprint,0.0
LOGO,MorganBit_0806,ligands: fingerprint,0.0007505498623866873
LOGO,MorganBit_0807,ligands: fingerprint,0.01203010854722038
LOGO,MorganBit_0808,ligands: fingerprint,0.0
LOGO,MorganBit_0809,ligands: fingerprint,0.0003823529442813515
LOGO,MorganBit_0810,ligands: fingerprint,0.0
LOGO,MorganBit_0811,ligands: fingerprint,0.0
LOGO,MorganBit_0812,ligands: fingerprint,0.0
LOGO,MorganBit_0813,ligands: fingerprint,0.0
LOGO,MorganBit_0814,ligands: fingerprint,3.271348783519154e-06
LOGO,MorganBit_0815,ligands: fingerprint,0.0003058793534538488
LOGO,MorganBit_0816,ligands: fingerprint,0.00022111377259396796
LOGO,MorganBit_0817,ligands: fingerprint,0.0
LOGO,MorganBit_0818,ligands: fingerprint,0.0
LOGO,MorganBit_0819,ligands: fingerprint,0.0
LOGO,MorganBit_0820,ligands: fingerprint,0.0
LOGO,MorganBit_0821,ligands: fingerprint,0.0001496887767054054
LOGO,MorganBit_0822,ligands: fingerprint,0.0
LOGO,MorganBit_0823,ligands: fingerprint,0.0006496870262760577
LOGO,MorganBit_0824,ligands: fingerprint,0.0
LOGO,MorganBit_0825,ligands: fingerprint,5.314137721732774e-05
LOGO,MorganBit_0826,ligands: fingerprint,0.0
LOGO,MorganBit_0827,ligands: fingerprint,5.65433422191577e-05
LOGO,MorganBit_0828,ligands: fingerprint,1.0192059022391839e-05
LOGO,MorganBit_0829,ligands: fingerprint,0.0010806671153383131
LOGO,MorganBit_0830,ligands: fingerprint,0.0
LOGO,MorganBit_0831,ligands: fingerprint,0.00038920789476683645
LOGO,MorganBit_0832,ligands: fingerprint,3.824691299057532e-05
LOGO,MorganBit_0833,ligands: fingerprint,0.0002021046888828631
LOGO,MorganBit_0834,ligands: fingerprint,7.009827947901177e-05
LOGO,MorganBit_0835,ligands: fingerprint,0.0006575307676929342
LOGO,MorganBit_0836,ligands: fingerprint,0.0045441675274518305
LOGO,MorganBit_0837,ligands: fingerprint,0.0007525360811884134
LOGO,MorganBit_0838,ligands: fingerprint,0.0010464519635253304
LOGO,MorganBit_0839,ligands: fingerprint,0.001347547821351171
LOGO,MorganBit_0840,ligands: fingerprint,0.00010280120919465777
LOGO,MorganBit_0841,ligands: fingerprint,0.0021064058260234185
LOGO,MorganBit_0842,ligands: fingerprint,0.0
LOGO,MorganBit_0843,ligands: fingerprint,0.0013973958287311036
LOGO,MorganBit_0844,ligands: fingerprint,0.00034002517797403507
LOGO,MorganBit_0845,ligands: fingerprint,2.7004895870020553e-05
LOGO,MorganBit_0846,ligands: fingerprint,0.00029152846383657217
LOGO,MorganBit_0847,ligands: fingerprint,0.0
LOGO,MorganBit_0848,ligands: fingerprint,0.0
LOGO,MorganBit_0849,ligands: fingerprint,5.707489089143536e-05
LOGO,MorganBit_0850,ligands: fingerprint,0.0009486842705313642
LOGO,MorganBit_0851,ligands: fingerprint,0.0
LOGO,MorganBit_0852,ligands: fingerprint,0.0
LOGO,MorganBit_0853,ligands: fingerprint,0.0
LOGO,MorganBit_0854,ligands: fingerprint,0.00040110982848157265
LOGO,MorganBit_0855,ligands: fingerprint,0.0016376656830194832
LOGO,MorganBit_0856,ligands: fingerprint,0.0
LOGO,MorganBit_0857,ligands: fingerprint,5.266209271535053e-05
LOGO,MorganBit_0858,ligands: fingerprint,0.0
LOGO,MorganBit_0859,ligands: fingerprint,0.0
LOGO,MorganBit_0860,ligands: fingerprint,6.274311780330977e-05
LOGO,MorganBit_0861,ligands: fingerprint,0.0
LOGO,MorganBit_0862,ligands: fingerprint,0.0036827140096693137
LOGO,MorganBit_0863,ligands: fingerprint,0.00026913303567555475
LOGO,MorganBit_0864,ligands: fingerprint,0.004421582721211104
LOGO,MorganBit_0865,ligands: fingerprint,0.0
LOGO,MorganBit_0866,ligands: fingerprint,0.0
LOGO,MorganBit_0867,ligands: fingerprint,0.0001505937216285516
LOGO,MorganBit_0868,ligands: fingerprint,0.0
LOGO,MorganBit_0869,ligands: fingerprint,0.0
LOGO,MorganBit_0870,ligands: fingerprint,0.0
LOGO,MorganBit_0871,ligands: fingerprint,0.0
LOGO,MorganBit_0872,ligands: fingerprint,0.0
LOGO,MorganBit_0873,ligands: fingerprint,0.0
LOGO,MorganBit_0874,ligands: fingerprint,0.0
LOGO,MorganBit_0875,ligands: fingerprint,0.010801618001173149
LOGO,MorganBit_0876,ligands: fingerprint,0.0
LOGO,MorganBit_0877,ligands: fingerprint,0.0002900948368017375
LOGO,MorganBit_0878,ligands: fingerprint,0.0021039053493133925
LOGO,MorganBit_0879,ligands: fingerprint,0.0013789444785123255
LOGO,MorganBit_0880,ligands: fingerprint,0.00428940890126416
LOGO,MorganBit_0881,ligands: fingerprint,0.003923242782501749
LOGO,MorganBit_0882,ligands: fingerprint,1.6284380833612494e-05
LOGO,MorganBit_0883,ligands: fingerprint,0.0011053938615032313
LOGO,MorganBit_0884,ligands: fingerprint,0.00048674937555153347
LOGO,MorganBit_0885,ligands: fingerprint,8.439234665277192e-05
LOGO,MorganBit_0886,ligands: fingerprint,0.0
LOGO,MorganBit_0887,ligands: fingerprint,0.00083395820085541
LOGO,MorganBit_0888,ligands: fingerprint,0.0014783940642852582
LOGO,MorganBit_0889,ligands: fingerprint,4.8846597871300413e-05
LOGO,MorganBit_0890,ligands: fingerprint,0.0017608952546873749
LOGO,MorganBit_0891,ligands: fingerprint,0.0
LOGO,MorganBit_0892,ligands: fingerprint,0.0018847666919672799
LOGO,MorganBit_0893,ligands: fingerprint,0.00011427434401271005
LOGO,MorganBit_0894,ligands: fingerprint,9.19208614672403e-06
LOGO,MorganBit_0895,ligands: fingerprint,3.28835945941794e-05
LOGO,MorganBit_0896,ligands: fingerprint,0.0020363767273798047
LOGO,MorganBit_0897,ligands: fingerprint,0.0
LOGO,MorganBit_0898,ligands: fingerprint,0.00040055907741019326
LOGO,MorganBit_0899,ligands: fingerprint,0.0
LOGO,MorganBit_0900,ligands: fingerprint,0.00015446628188114684
LOGO,MorganBit_0901,ligands: fingerprint,0.00020315905620606613
LOGO,MorganBit_0902,ligands: fingerprint,5.369084143303743e-06
LOGO,MorganBit_0903,ligands: fingerprint,0.0
LOGO,MorganBit_0904,ligands: fingerprint,0.0
LOGO,MorganBit_0905,ligands: fingerprint,0.0
LOGO,MorganBit_0906,ligands: fingerprint,0.001439625023621096
LOGO,MorganBit_0907,ligands: fingerprint,0.0
LOGO,MorganBit_0908,ligands: fingerprint,0.0
LOGO,MorganBit_0909,ligands: fingerprint,0.0006810845047435024
LOGO,MorganBit_0910,ligands: fingerprint,0.00014919708834925882
LOGO,MorganBit_0911,ligands: fingerprint,0.00012476706997286614
LOGO,MorganBit_0912,ligands: fingerprint,5.393737432835718e-06
LOGO,MorganBit_0913,ligands: fingerprint,0.00016348688179194335
LOGO,MorganBit_0914,ligands: fingerprint,0.00042939818672868535
LOGO,MorganBit_0915,ligands: fingerprint,0.002144337151625296
LOGO,MorganBit_0916,ligands: fingerprint,3.1104595333210896e-06
LOGO,MorganBit_0917,ligands: fingerprint,0.00023076899789611254
LOGO,MorganBit_0918,ligands: fingerprint,0.0
LOGO,MorganBit_0919,ligands: fingerprint,0.0005718434094472485
LOGO,MorganBit_0920,ligands: fingerprint,0.00034772448997380035
LOGO,MorganBit_0921,ligands: fingerprint,0.0
LOGO,MorganBit_0922,ligands: fingerprint,5.849509878682227e-05
LOGO,MorganBit_0923,ligands: fingerprint,1.6271994974683516e-05
LOGO,MorganBit_0924,ligands: fingerprint,0.0008235892301854241
LOGO,MorganBit_0925,ligands: fingerprint,0.0
LOGO,MorganBit_0926,ligands: fingerprint,0.004250490404123646
LOGO,MorganBit_0927,ligands: fingerprint,7.565158931916909e-06
LOGO,MorganBit_0928,ligands: fingerprint,5.1822905380375436e-06
LOGO,MorganBit_0929,ligands: fingerprint,0.0005386594965452246
LOGO,MorganBit_0930,ligands: fingerprint,0.0005654376513578479
LOGO,MorganBit_0931,ligands: fingerprint,0.00035745647496752427
LOGO,MorganBit_0932,ligands: fingerprint,0.002895188302621496
LOGO,MorganBit_0933,ligands: fingerprint,0.0
LOGO,MorganBit_0934,ligands: fingerprint,0.0
LOGO,MorganBit_0935,ligands: fingerprint,0.01046860440222696
LOGO,MorganBit_0936,ligands: fingerprint,2.04732103858393e-05
LOGO,MorganBit_0937,ligands: fingerprint,0.0001764127415354689
LOGO,MorganBit_0938,ligands: fingerprint,0.0
LOGO,MorganBit_0939,ligands: fingerprint,0.0
LOGO,MorganBit_0940,ligands: fingerprint,0.0001723232817645377
LOGO,MorganBit_0941,ligands: fingerprint,0.0
LOGO,MorganBit_0942,ligands: fingerprint,0.0
LOGO,MorganBit_0943,ligands: fingerprint,0.0005176448346973602
LOGO,MorganBit_0944,ligands: fingerprint,0.0
LOGO,MorganBit_0945,ligands: fingerprint,0.0002944449945483998
LOGO,MorganBit_0946,ligands: fingerprint,0.0
LOGO,MorganBit_0947,ligands: fingerprint,0.003509792100542079
LOGO,MorganBit_0948,ligands: fingerprint,0.0
LOGO,MorganBit_0949,ligands: fingerprint,0.0
LOGO,MorganBit_0950,ligands: fingerprint,0.00014406826414454317
LOGO,MorganBit_0951,ligands: fingerprint,0.0
LOGO,MorganBit_0952,ligands: fingerprint,0.001231752090929468
LOGO,MorganBit_0953,ligands: fingerprint,0.0
LOGO,MorganBit_0954,ligands: fingerprint,0.0016560352621879468
LOGO,MorganBit_0955,ligands: fingerprint,0.0
LOGO,MorganBit_0956,ligands: fingerprint,0.0016166174254819915
LOGO,MorganBit_0957,ligands: fingerprint,0.0
LOGO,MorganBit_0958,ligands: fingerprint,0.0
LOGO,MorganBit_0959,ligands: fingerprint,0.0
LOGO,MorganBit_0960,ligands: fingerprint,0.00042379316297694303
LOGO,MorganBit_0961,ligands: fingerprint,0.0033707320313204107
LOGO,MorganBit_0962,ligands: fingerprint,0.0
LOGO,MorganBit_0963,ligands: fingerprint,0.0017277311353154235
LOGO,MorganBit_0964,ligands: fingerprint,0.0
LOGO,MorganBit_0965,ligands: fingerprint,3.938977007606367e-06
LOGO,MorganBit_0966,ligands: fingerprint,0.0008057004565142955
LOGO,MorganBit_0967,ligands: fingerprint,0.00013316602220429303
LOGO,MorganBit_0968,ligands: fingerprint,0.0
LOGO,MorganBit_0969,ligands: fingerprint,0.0
LOGO,MorganBit_0970,ligands: fingerprint,0.0
LOGO,MorganBit_0971,ligands: fingerprint,4.7437142560064346e-05
LOGO,MorganBit_0972,ligands: fingerprint,0.002071490086967381
LOGO,MorganBit_0973,ligands: fingerprint,8.884025175705263e-05
LOGO,MorganBit_0974,ligands: fingerprint,0.00022411861642520665
LOGO,MorganBit_0975,ligands: fingerprint,0.0
LOGO,MorganBit_0976,ligands: fingerprint,0.0
LOGO,MorganBit_0977,ligands: fingerprint,0.0
LOGO,MorganBit_0978,ligands: fingerprint,0.00019283475658981344
LOGO,MorganBit_0979,ligands: fingerprint,0.0
LOGO,MorganBit_0980,ligands: fingerprint,0.0053179801381446545
LOGO,MorganBit_0981,ligands: fingerprint,0.002448728614562433
LOGO,MorganBit_0982,ligands: fingerprint,0.0
LOGO,MorganBit_0983,ligands: fingerprint,0.00032486289160615374
LOGO,MorganBit_0984,ligands: fingerprint,0.007125903984109053
LOGO,MorganBit_0985,ligands: fingerprint,0.0
LOGO,MorganBit_0986,ligands: fingerprint,0.0
LOGO,MorganBit_0987,ligands: fingerprint,0.0011310261545513269
LOGO,MorganBit_0988,ligands: fingerprint,0.00011796569483656311
LOGO,MorganBit_0989,ligands: fingerprint,0.0
LOGO,MorganBit_0990,ligands: fingerprint,0.0
LOGO,MorganBit_0991,ligands: fingerprint,0.0
LOGO,MorganBit_0992,ligands: fingerprint,0.00038601825826297645
LOGO,MorganBit_0993,ligands: fingerprint,0.00032866022613341385
LOGO,MorganBit_0994,ligands: fingerprint,0.0
LOGO,MorganBit_0995,ligands: fingerprint,0.0
LOGO,MorganBit_0996,ligands: fingerprint,8.62636406991942e-05
LOGO,MorganBit_0997,ligands: fingerprint,0.0002545080938460385
LOGO,MorganBit_0998,ligands: fingerprint,6.64835078932292e-05
LOGO,MorganBit_0999,ligands: fingerprint,0.0
LOGO,MorganBit_1000,ligands: fingerprint,0.0
LOGO,MorganBit_1001,ligands: fingerprint,0.0
LOGO,MorganBit_1002,ligands: fingerprint,0.0
LOGO,MorganBit_1003,ligands: fingerprint,0.0007871813650815882
LOGO,MorganBit_1004,ligands: fingerprint,0.0007081039110150363
LOGO,MorganBit_1005,ligands: fingerprint,0.0
LOGO,MorganBit_1006,ligands: fingerprint,0.0
LOGO,MorganBit_1007,ligands: fingerprint,8.016668904996435e-06
LOGO,MorganBit_1008,ligands: fingerprint,0.0
LOGO,MorganBit_1009,ligands: fingerprint,0.0
LOGO,MorganBit_1010,ligands: fingerprint,0.0
LOGO,MorganBit_1011,ligands: fingerprint,9.096492742216087e-05
LOGO,MorganBit_1012,ligands: fingerprint,6.106268361887455e-06
LOGO,MorganBit_1013,ligands: fingerprint,5.658629232808296e-06
LOGO,MorganBit_1014,ligands: fingerprint,6.176252348765203e-05
LOGO,MorganBit_1015,ligands: fingerprint,0.0
LOGO,MorganBit_1016,ligands: fingerprint,0.0
LOGO,MorganBit_1017,ligands: fingerprint,0.0019690368673805692
LOGO,MorganBit_1018,ligands: fingerprint,0.0
LOGO,MorganBit_1019,ligands: fingerprint,0.0015093561399377447
LOGO,MorganBit_1020,ligands: fingerprint,0.0
LOGO,MorganBit_1021,ligands: fingerprint,0.0
LOGO,MorganBit_1022,ligands: fingerprint,4.018181442099251e-06
LOGO,MorganBit_1023,ligands: fingerprint,0.0
LOGO,MorganBit_1024,ligands: fingerprint,0.00010775853604472354
LOGO,MorganBit_1025,ligands: fingerprint,0.0035407127032835027
LOGO,MorganBit_1026,ligands: fingerprint,0.0
LOGO,MorganBit_1027,ligands: fingerprint,0.0007135598004084564
LOGO,MorganBit_1028,ligands: fingerprint,0.004348721148216021
LOGO,MorganBit_1029,ligands: fingerprint,5.035203379492112e-05
LOGO,MorganBit_1030,ligands: fingerprint,0.0
LOGO,MorganBit_1031,ligands: fingerprint,0.0
LOGO,MorganBit_1032,ligands: fingerprint,0.0
LOGO,MorganBit_1033,ligands: fingerprint,0.0
LOGO,MorganBit_1034,ligands: fingerprint,0.0001665158303925418
LOGO,MorganBit_1035,ligands: fingerprint,0.0037285028063133692
LOGO,MorganBit_1036,ligands: fingerprint,0.0
LOGO,MorganBit_1037,ligands: fingerprint,0.0
LOGO,MorganBit_1038,ligands: fingerprint,0.0
LOGO,MorganBit_1039,ligands: fingerprint,0.0032981573051441876
LOGO,MorganBit_1040,ligands: fingerprint,0.0
LOGO,MorganBit_1041,ligands: fingerprint,0.0
LOGO,MorganBit_1042,ligands: fingerprint,0.0
LOGO,MorganBit_1043,ligands: fingerprint,0.011052729695616811
LOGO,MorganBit_1044,ligands: fingerprint,0.0
LOGO,MorganBit_1045,ligands: fingerprint,0.0006897500787917041
LOGO,MorganBit_1046,ligands: fingerprint,0.0
LOGO,MorganBit_1047,ligands: fingerprint,0.00021725442024202304
LOGO,MorganBit_1048,ligands: fingerprint,0.0003799974087863173
LOGO,MorganBit_1049,ligands: fingerprint,0.00016403002965157033
LOGO,MorganBit_1050,ligands: fingerprint,0.0
LOGO,MorganBit_1051,ligands: fingerprint,0.0
LOGO,MorganBit_1052,ligands: fingerprint,0.0
LOGO,MorganBit_1053,ligands: fingerprint,0.001393221299298861
LOGO,MorganBit_1054,ligands: fingerprint,0.0
LOGO,MorganBit_1055,ligands: fingerprint,0.0027821541660054067
LOGO,MorganBit_1056,ligands: fingerprint,0.0
LOGO,MorganBit_1057,ligands: fingerprint,0.03194408796057477
LOGO,MorganBit_1058,ligands: fingerprint,0.0
LOGO,MorganBit_1059,ligands: fingerprint,0.0
LOGO,MorganBit_1060,ligands: fingerprint,0.0002767670421803239
LOGO,MorganBit_1061,ligands: fingerprint,0.0
LOGO,MorganBit_1062,ligands: fingerprint,6.667128672204243e-05
LOGO,MorganBit_1063,ligands: fingerprint,0.002051941409247594
LOGO,MorganBit_1064,ligands: fingerprint,0.0025205619087088405
LOGO,MorganBit_1065,ligands: fingerprint,0.0
LOGO,MorganBit_1066,ligands: fingerprint,0.001808310437130925
LOGO,MorganBit_1067,ligands: fingerprint,0.0
LOGO,MorganBit_1068,ligands: fingerprint,0.0
LOGO,MorganBit_1069,ligands: fingerprint,0.0004244305956700652
LOGO,MorganBit_1070,ligands: fingerprint,0.0
LOGO,MorganBit_1071,ligands: fingerprint,0.0004296748950029947
LOGO,MorganBit_1072,ligands: fingerprint,2.6715025062990875e-06
LOGO,MorganBit_1073,ligands: fingerprint,0.0004731966105786653
LOGO,MorganBit_1074,ligands: fingerprint,0.0
LOGO,MorganBit_1075,ligands: fingerprint,0.0
LOGO,MorganBit_1076,ligands: fingerprint,0.0
LOGO,MorganBit_1077,ligands: fingerprint,0.0004163748682819461
LOGO,MorganBit_1078,ligands: fingerprint,0.0
LOGO,MorganBit_1079,ligands: fingerprint,0.0
LOGO,MorganBit_1080,ligands: fingerprint,0.0027345165700022006
LOGO,MorganBit_1081,ligands: fingerprint,0.0
LOGO,MorganBit_1082,ligands: fingerprint,0.0016724882742886798
LOGO,MorganBit_1083,ligands: fingerprint,0.000906400646647381
LOGO,MorganBit_1084,ligands: fingerprint,0.0
LOGO,MorganBit_1085,ligands: fingerprint,0.0
LOGO,MorganBit_1086,ligands: fingerprint,0.0005496575181532406
LOGO,MorganBit_1087,ligands: fingerprint,0.012144420188922526
LOGO,MorganBit_1088,ligands: fingerprint,0.009244512658480858
LOGO,MorganBit_1089,ligands: fingerprint,4.7623990274847435e-05
LOGO,MorganBit_1090,ligands: fingerprint,0.0
LOGO,MorganBit_1091,ligands: fingerprint,0.0
LOGO,MorganBit_1092,ligands: fingerprint,0.0
LOGO,MorganBit_1093,ligands: fingerprint,9.126579721219e-05
LOGO,MorganBit_1094,ligands: fingerprint,0.0
LOGO,MorganBit_1095,ligands: fingerprint,1.5572977891652764e-05
LOGO,MorganBit_1096,ligands: fingerprint,0.0026058596231506477
LOGO,MorganBit_1097,ligands: fingerprint,0.0008013360301209706
LOGO,MorganBit_1098,ligands: fingerprint,0.0
LOGO,MorganBit_1099,ligands: fingerprint,0.00016068738338016197
LOGO,MorganBit_1100,ligands: fingerprint,0.007469859999828349
LOGO,MorganBit_1101,ligands: fingerprint,0.0005543096421014659
LOGO,MorganBit_1102,ligands: fingerprint,0.00033896887062181524
LOGO,MorganBit_1103,ligands: fingerprint,0.0
LOGO,MorganBit_1104,ligands: fingerprint,0.0046477994984094415
LOGO,MorganBit_1105,ligands: fingerprint,0.0
LOGO,MorganBit_1106,ligands: fingerprint,0.0
LOGO,MorganBit_1107,ligands: fingerprint,0.0
LOGO,MorganBit_1108,ligands: fingerprint,0.0
LOGO,MorganBit_1109,ligands: fingerprint,0.0008399005492137514
LOGO,MorganBit_1110,ligands: fingerprint,0.0
LOGO,MorganBit_1111,ligands: fingerprint,0.0
LOGO,MorganBit_1112,ligands: fingerprint,0.0
LOGO,MorganBit_1113,ligands: fingerprint,0.0
LOGO,MorganBit_1114,ligands: fingerprint,0.005121360996733866
LOGO,MorganBit_1115,ligands: fingerprint,0.0
LOGO,MorganBit_1116,ligands: fingerprint,0.0
LOGO,MorganBit_1117,ligands: fingerprint,0.0
LOGO,MorganBit_1118,ligands: fingerprint,6.060589739157961e-05
LOGO,MorganBit_1119,ligands: fingerprint,0.00012577273129119287
LOGO,MorganBit_1120,ligands: fingerprint,4.6312311181933716e-05
LOGO,MorganBit_1121,ligands: fingerprint,0.0
LOGO,MorganBit_1122,ligands: fingerprint,6.690534733865945e-05
LOGO,MorganBit_1123,ligands: fingerprint,0.0002069499035403615
LOGO,MorganBit_1124,ligands: fingerprint,0.0002461565125550468
LOGO,MorganBit_1125,ligands: fingerprint,9.697645235383877e-05
LOGO,MorganBit_1126,ligands: fingerprint,0.0
LOGO,MorganBit_1127,ligands: fingerprint,0.0
LOGO,MorganBit_1128,ligands: fingerprint,0.0011276828622125005
LOGO,MorganBit_1129,ligands: fingerprint,0.0
LOGO,MorganBit_1130,ligands: fingerprint,6.375245364385881e-05
LOGO,MorganBit_1131,ligands: fingerprint,0.0
LOGO,MorganBit_1132,ligands: fingerprint,0.0
LOGO,MorganBit_1133,ligands: fingerprint,0.0
LOGO,MorganBit_1134,ligands: fingerprint,0.0
LOGO,MorganBit_1135,ligands: fingerprint,0.0015490935788036843
LOGO,MorganBit_1136,ligands: fingerprint,0.00017952925972606097
LOGO,MorganBit_1137,ligands: fingerprint,0.0
LOGO,MorganBit_1138,ligands: fingerprint,0.0015432885374679105
LOGO,MorganBit_1139,ligands: fingerprint,0.0
LOGO,MorganBit_1140,ligands: fingerprint,0.002134429406744313
LOGO,MorganBit_1141,ligands: fingerprint,0.0010530906779891737
LOGO,MorganBit_1142,ligands: fingerprint,0.0017199932495216516
LOGO,MorganBit_1143,ligands: fingerprint,0.0020337888157093273
LOGO,MorganBit_1144,ligands: fingerprint,0.0
LOGO,MorganBit_1145,ligands: fingerprint,0.00270250121978669
LOGO,MorganBit_1146,ligands: fingerprint,0.0
LOGO,MorganBit_1147,ligands: fingerprint,0.006774812157118567
LOGO,MorganBit_1148,ligands: fingerprint,0.0
LOGO,MorganBit_1149,ligands: fingerprint,3.436772703045153e-05
LOGO,MorganBit_1150,ligands: fingerprint,0.0
LOGO,MorganBit_1151,ligands: fingerprint,0.0
LOGO,MorganBit_1152,ligands: fingerprint,0.005381534930551827
LOGO,MorganBit_1153,ligands: fingerprint,0.0010576114911472214
LOGO,MorganBit_1154,ligands: fingerprint,0.0007705335677261826
LOGO,MorganBit_1155,ligands: fingerprint,0.007545196021789271
LOGO,MorganBit_1156,ligands: fingerprint,0.00015893651896237604
LOGO,MorganBit_1157,ligands: fingerprint,0.0005975627488936419
LOGO,MorganBit_1158,ligands: fingerprint,0.0
LOGO,MorganBit_1159,ligands: fingerprint,0.0
LOGO,MorganBit_1160,ligands: fingerprint,0.004305003421652033
LOGO,MorganBit_1161,ligands: fingerprint,0.0
LOGO,MorganBit_1162,ligands: fingerprint,0.00014346533043256077
LOGO,MorganBit_1163,ligands: fingerprint,0.0020681439526248663
LOGO,MorganBit_1164,ligands: fingerprint,0.0006567888693736286
LOGO,MorganBit_1165,ligands: fingerprint,0.0
LOGO,MorganBit_1166,ligands: fingerprint,0.0010526047159015084
LOGO,MorganBit_1167,ligands: fingerprint,0.0
LOGO,MorganBit_1168,ligands: fingerprint,0.00013000060913142958
LOGO,MorganBit_1169,ligands: fingerprint,0.0
LOGO,MorganBit_1170,ligands: fingerprint,0.0
LOGO,MorganBit_1171,ligands: fingerprint,0.004953414618369807
LOGO,MorganBit_1172,ligands: fingerprint,0.0
LOGO,MorganBit_1173,ligands: fingerprint,5.882381427120064e-06
LOGO,MorganBit_1174,ligands: fingerprint,8.456339728509108e-05
LOGO,MorganBit_1175,ligands: fingerprint,0.0
LOGO,MorganBit_1176,ligands: fingerprint,0.00022717596733213554
LOGO,MorganBit_1177,ligands: fingerprint,2.671393337021716e-05
LOGO,MorganBit_1178,ligands: fingerprint,0.0
LOGO,MorganBit_1179,ligands: fingerprint,0.0
LOGO,MorganBit_1180,ligands: fingerprint,0.0
LOGO,MorganBit_1181,ligands: fingerprint,0.00017570700923936672
LOGO,MorganBit_1182,ligands: fingerprint,0.0005228504466322371
LOGO,MorganBit_1183,ligands: fingerprint,0.0002028522127436397
LOGO,MorganBit_1184,ligands: fingerprint,0.0035486565891558056
LOGO,MorganBit_1185,ligands: fingerprint,8.766510836735449e-05
LOGO,MorganBit_1186,ligands: fingerprint,0.0
LOGO,MorganBit_1187,ligands: fingerprint,0.0007011199356983055
LOGO,MorganBit_1188,ligands: fingerprint,0.0
LOGO,MorganBit_1189,ligands: fingerprint,0.0
LOGO,MorganBit_1190,ligands: fingerprint,0.00035927720212622507
LOGO,MorganBit_1191,ligands: fingerprint,7.98099753486417e-06
LOGO,MorganBit_1192,ligands: fingerprint,2.9832927239793324e-05
LOGO,MorganBit_1193,ligands: fingerprint,0.0
LOGO,MorganBit_1194,ligands: fingerprint,0.0
LOGO,MorganBit_1195,ligands: fingerprint,0.002614712381805811
LOGO,MorganBit_1196,ligands: fingerprint,0.0
LOGO,MorganBit_1197,ligands: fingerprint,7.689947560032943e-05
LOGO,MorganBit_1198,ligands: fingerprint,0.0
LOGO,MorganBit_1199,ligands: fingerprint,0.01888655122011445
LOGO,MorganBit_1200,ligands: fingerprint,0.0
LOGO,MorganBit_1201,ligands: fingerprint,1.5146926660321475e-05
LOGO,MorganBit_1202,ligands: fingerprint,0.0
LOGO,MorganBit_1203,ligands: fingerprint,0.0020922597785792947
LOGO,MorganBit_1204,ligands: fingerprint,0.0
LOGO,MorganBit_1205,ligands: fingerprint,0.00014930863392328687
LOGO,MorganBit_1206,ligands: fingerprint,0.0
LOGO,MorganBit_1207,ligands: fingerprint,0.0
LOGO,MorganBit_1208,ligands: fingerprint,0.0003163768340519715
LOGO,MorganBit_1209,ligands: fingerprint,2.6705272376797877e-06
LOGO,MorganBit_1210,ligands: fingerprint,0.0
LOGO,MorganBit_1211,ligands: fingerprint,0.00015005987093806062
LOGO,MorganBit_1212,ligands: fingerprint,0.0
LOGO,MorganBit_1213,ligands: fingerprint,0.0
LOGO,MorganBit_1214,ligands: fingerprint,5.338977632977385e-05
LOGO,MorganBit_1215,ligands: fingerprint,0.0
LOGO,MorganBit_1216,ligands: fingerprint,0.0
LOGO,MorganBit_1217,ligands: fingerprint,0.0
LOGO,MorganBit_1218,ligands: fingerprint,0.0002590029831945744
LOGO,MorganBit_1219,ligands: fingerprint,0.0004879393475045855
LOGO,MorganBit_1220,ligands: fingerprint,0.001318822152102045
LOGO,MorganBit_1221,ligands: fingerprint,0.0
LOGO,MorganBit_1222,ligands: fingerprint,8.955383389004237e-06
LOGO,MorganBit_1223,ligands: fingerprint,0.00033099351854844574
LOGO,MorganBit_1224,ligands: fingerprint,0.001571231944225451
LOGO,MorganBit_1225,ligands: fingerprint,0.0014753572663182334
LOGO,MorganBit_1226,ligands: fingerprint,0.0024531970832671513
LOGO,MorganBit_1227,ligands: fingerprint,0.0
LOGO,MorganBit_1228,ligands: fingerprint,0.0
LOGO,MorganBit_1229,ligands: fingerprint,0.0
LOGO,MorganBit_1230,ligands: fingerprint,0.0
LOGO,MorganBit_1231,ligands: fingerprint,0.0
LOGO,MorganBit_1232,ligands: fingerprint,0.0
LOGO,MorganBit_1233,ligands: fingerprint,0.0038298181069569416
LOGO,MorganBit_1234,ligands: fingerprint,3.8487827126029044e-05
LOGO,MorganBit_1235,ligands: fingerprint,0.0
LOGO,MorganBit_1236,ligands: fingerprint,0.0002966450619702593
LOGO,MorganBit_1237,ligands: fingerprint,0.0001359038823384311
LOGO,MorganBit_1238,ligands: fingerprint,0.0011565859221147846
LOGO,MorganBit_1239,ligands: fingerprint,0.0
LOGO,MorganBit_1240,ligands: fingerprint,0.0
LOGO,MorganBit_1241,ligands: fingerprint,0.0
LOGO,MorganBit_1242,ligands: fingerprint,0.0
LOGO,MorganBit_1243,ligands: fingerprint,0.0005875891220803971
LOGO,MorganBit_1244,ligands: fingerprint,0.0
LOGO,MorganBit_1245,ligands: fingerprint,4.339625445355775e-05
LOGO,MorganBit_1246,ligands: fingerprint,0.0
LOGO,MorganBit_1247,ligands: fingerprint,0.0
LOGO,MorganBit_1248,ligands: fingerprint,0.0
LOGO,MorganBit_1249,ligands: fingerprint,0.0002204322769102944
LOGO,MorganBit_1250,ligands: fingerprint,0.00019145649013319939
LOGO,MorganBit_1251,ligands: fingerprint,0.0
LOGO,MorganBit_1252,ligands: fingerprint,0.0
LOGO,MorganBit_1253,ligands: fingerprint,0.0002044161144432755
LOGO,MorganBit_1254,ligands: fingerprint,0.0
LOGO,MorganBit_1255,ligands: fingerprint,0.0015960013086051006
LOGO,MorganBit_1256,ligands: fingerprint,0.0007973608358166065
LOGO,MorganBit_1257,ligands: fingerprint,0.0015986076549642267
LOGO,MorganBit_1258,ligands: fingerprint,8.092561983769658e-05
LOGO,MorganBit_1259,ligands: fingerprint,0.0013860818082812895
LOGO,MorganBit_1260,ligands: fingerprint,0.0
LOGO,MorganBit_1261,ligands: fingerprint,0.0
LOGO,MorganBit_1262,ligands: fingerprint,0.0
LOGO,MorganBit_1263,ligands: fingerprint,0.0
LOGO,MorganBit_1264,ligands: fingerprint,0.0
LOGO,MorganBit_1265,ligands: fingerprint,0.001279602114095896
LOGO,MorganBit_1266,ligands: fingerprint,0.00010942014582938147
LOGO,MorganBit_1267,ligands: fingerprint,0.0005288958579594675
LOGO,MorganBit_1268,ligands: fingerprint,0.0
LOGO,MorganBit_1269,ligands: fingerprint,1.9322616720854075e-05
LOGO,MorganBit_1270,ligands: fingerprint,0.0
LOGO,MorganBit_1271,ligands: fingerprint,0.0
LOGO,MorganBit_1272,ligands: fingerprint,0.0
LOGO,MorganBit_1273,ligands: fingerprint,4.382014579191966e-05
LOGO,MorganBit_1274,ligands: fingerprint,0.003820308733762872
LOGO,MorganBit_1275,ligands: fingerprint,1.5385725389747576e-05
LOGO,MorganBit_1276,ligands: fingerprint,0.0
LOGO,MorganBit_1277,ligands: fingerprint,0.0003799900482105038
LOGO,MorganBit_1278,ligands: fingerprint,0.0
LOGO,MorganBit_1279,ligands: fingerprint,3.756993847677311e-05
LOGO,MorganBit_1280,ligands: fingerprint,0.0
LOGO,MorganBit_1281,ligands: fingerprint,0.0
LOGO,MorganBit_1282,ligands: fingerprint,0.0
LOGO,MorganBit_1283,ligands: fingerprint,0.0002664649741550559
LOGO,MorganBit_1284,ligands: fingerprint,1.3264666912031786e-05
LOGO,MorganBit_1285,ligands: fingerprint,0.0038882768564813576
LOGO,MorganBit_1286,ligands: fingerprint,0.00024386743829628456
LOGO,MorganBit_1287,ligands: fingerprint,0.0
LOGO,MorganBit_1288,ligands: fingerprint,0.0
LOGO,MorganBit_1289,ligands: fingerprint,0.0
LOGO,MorganBit_1290,ligands: fingerprint,0.0
LOGO,MorganBit_1291,ligands: fingerprint,1.2856820615293434e-05
LOGO,MorganBit_1292,ligands: fingerprint,0.00036873546622399244
LOGO,MorganBit_1293,ligands: fingerprint,0.0
LOGO,MorganBit_1294,ligands: fingerprint,7.664267573288927e-05
LOGO,MorganBit_1295,ligands: fingerprint,0.0
LOGO,MorganBit_1296,ligands: fingerprint,0.0
LOGO,MorganBit_1297,ligands: fingerprint,2.9947377263994325e-06
LOGO,MorganBit_1298,ligands: fingerprint,0.0
LOGO,MorganBit_1299,ligands: fingerprint,8.990540342805061e-05
LOGO,MorganBit_1300,ligands: fingerprint,0.0001510963764418032
LOGO,MorganBit_1301,ligands: fingerprint,0.0
LOGO,MorganBit_1302,ligands: fingerprint,0.0
LOGO,MorganBit_1303,ligands: fingerprint,0.0
LOGO,MorganBit_1304,ligands: fingerprint,0.0
LOGO,MorganBit_1305,ligands: fingerprint,0.0
LOGO,MorganBit_1306,ligands: fingerprint,0.0
LOGO,MorganBit_1307,ligands: fingerprint,0.0
LOGO,MorganBit_1308,ligands: fingerprint,7.355792616395564e-05
LOGO,MorganBit_1309,ligands: fingerprint,0.0010696335551576854
LOGO,MorganBit_1310,ligands: fingerprint,0.0
LOGO,MorganBit_1311,ligands: fingerprint,0.0
LOGO,MorganBit_1312,ligands: fingerprint,0.0002790595555572808
LOGO,MorganBit_1313,ligands: fingerprint,0.0018621051522693063
LOGO,MorganBit_1314,ligands: fingerprint,0.0001240468487996097
LOGO,MorganBit_1315,ligands: fingerprint,0.0
LOGO,MorganBit_1316,ligands: fingerprint,0.0
LOGO,MorganBit_1317,ligands: fingerprint,0.00043440553677729873
LOGO,MorganBit_1318,ligands: fingerprint,0.0009904800215830328
LOGO,MorganBit_1319,ligands: fingerprint,0.0
LOGO,MorganBit_1320,ligands: fingerprint,0.000551516523952818
LOGO,MorganBit_1321,ligands: fingerprint,0.0
LOGO,MorganBit_1322,ligands: fingerprint,0.0001250623597834348
LOGO,MorganBit_1323,ligands: fingerprint,0.0
LOGO,MorganBit_1324,ligands: fingerprint,0.0
LOGO,MorganBit_1325,ligands: fingerprint,0.007325344066184826
LOGO,MorganBit_1326,ligands: fingerprint,0.0
LOGO,MorganBit_1327,ligands: fingerprint,0.0
LOGO,MorganBit_1328,ligands: fingerprint,0.0
LOGO,MorganBit_1329,ligands: fingerprint,0.0001433725012401393
LOGO,MorganBit_1330,ligands: fingerprint,0.0
LOGO,MorganBit_1331,ligands: fingerprint,1.948639809176475e-05
LOGO,MorganBit_1332,ligands: fingerprint,7.726245141677978e-05
LOGO,MorganBit_1333,ligands: fingerprint,9.938518570438164e-05
LOGO,MorganBit_1334,ligands: fingerprint,0.0
LOGO,MorganBit_1335,ligands: fingerprint,0.0
LOGO,MorganBit_1336,ligands: fingerprint,5.318339659191585e-05
LOGO,MorganBit_1337,ligands: fingerprint,0.0
LOGO,MorganBit_1338,ligands: fingerprint,0.0
LOGO,MorganBit_1339,ligands: fingerprint,0.004577902365408768
LOGO,MorganBit_1340,ligands: fingerprint,0.0
LOGO,MorganBit_1341,ligands: fingerprint,0.0004935196891925976
LOGO,MorganBit_1342,ligands: fingerprint,0.0
LOGO,MorganBit_1343,ligands: fingerprint,0.0
LOGO,MorganBit_1344,ligands: fingerprint,0.002309940032407089
LOGO,MorganBit_1345,ligands: fingerprint,0.0
LOGO,MorganBit_1346,ligands: fingerprint,0.00041637118792623904
LOGO,MorganBit_1347,ligands: fingerprint,0.001969735985985478
LOGO,MorganBit_1348,ligands: fingerprint,0.00041314893371790953
LOGO,MorganBit_1349,ligands: fingerprint,0.0015730491384841534
LOGO,MorganBit_1350,ligands: fingerprint,0.0
LOGO,MorganBit_1351,ligands: fingerprint,2.6839147434345297e-06
LOGO,MorganBit_1352,ligands: fingerprint,0.0
LOGO,MorganBit_1353,ligands: fingerprint,0.00036752683413991476
LOGO,MorganBit_1354,ligands: fingerprint,0.0
LOGO,MorganBit_1355,ligands: fingerprint,0.0
LOGO,MorganBit_1356,ligands: fingerprint,0.0
LOGO,MorganBit_1357,ligands: fingerprint,0.006240374008061409
LOGO,MorganBit_1358,ligands: fingerprint,0.008112468406679011
LOGO,MorganBit_1359,ligands: fingerprint,0.0
LOGO,MorganBit_1360,ligands: fingerprint,0.0
LOGO,MorganBit_1361,ligands: fingerprint,4.4309443645316636e-05
LOGO,MorganBit_1362,ligands: fingerprint,4.2931272045134784e-05
LOGO,MorganBit_1363,ligands: fingerprint,0.0014140875431617361
LOGO,MorganBit_1364,ligands: fingerprint,2.2668286480400394e-05
LOGO,MorganBit_1365,ligands: fingerprint,0.0007295225032106613
LOGO,MorganBit_1366,ligands: fingerprint,0.0005617036567461768
LOGO,MorganBit_1367,ligands: fingerprint,0.0
LOGO,MorganBit_1368,ligands: fingerprint,6.829705882884421e-06
LOGO,MorganBit_1369,ligands: fingerprint,0.00011088172555066875
LOGO,MorganBit_1370,ligands: fingerprint,0.0
LOGO,MorganBit_1371,ligands: fingerprint,0.0
LOGO,MorganBit_1372,ligands: fingerprint,0.0
LOGO,MorganBit_1373,ligands: fingerprint,0.0
LOGO,MorganBit_1374,ligands: fingerprint,0.0005069430838636537
LOGO,MorganBit_1375,ligands: fingerprint,0.0005536090306734248
LOGO,MorganBit_1376,ligands: fingerprint,0.0
LOGO,MorganBit_1377,ligands: fingerprint,0.0
LOGO,MorganBit_1378,ligands: fingerprint,0.0006191514967970143
LOGO,MorganBit_1379,ligands: fingerprint,0.0014340343962852052
LOGO,MorganBit_1380,ligands: fingerprint,0.029637830470730778
LOGO,MorganBit_1381,ligands: fingerprint,0.0002443674521593175
LOGO,MorganBit_1382,ligands: fingerprint,0.00039009361085012373
LOGO,MorganBit_1383,ligands: fingerprint,0.0
LOGO,MorganBit_1384,ligands: fingerprint,0.0002399204736934877
LOGO,MorganBit_1385,ligands: fingerprint,0.005128325920708888
LOGO,MorganBit_1386,ligands: fingerprint,0.00023094545926305427
LOGO,MorganBit_1387,ligands: fingerprint,0.0
LOGO,MorganBit_1388,ligands: fingerprint,0.0009789080379156592
LOGO,MorganBit_1389,ligands: fingerprint,0.0
LOGO,MorganBit_1390,ligands: fingerprint,0.0
LOGO,MorganBit_1391,ligands: fingerprint,0.0009748854677547364
LOGO,MorganBit_1392,ligands: fingerprint,0.0
LOGO,MorganBit_1393,ligands: fingerprint,0.0008508477064866781
LOGO,MorganBit_1394,ligands: fingerprint,0.0
LOGO,MorganBit_1395,ligands: fingerprint,0.0008426791340104003
LOGO,MorganBit_1396,ligands: fingerprint,0.0
LOGO,MorganBit_1397,ligands: fingerprint,0.0
LOGO,MorganBit_1398,ligands: fingerprint,0.00038988369756309636
LOGO,MorganBit_1399,ligands: fingerprint,8.595732869021238e-05
LOGO,MorganBit_1400,ligands: fingerprint,0.0
LOGO,MorganBit_1401,ligands: fingerprint,0.0
LOGO,MorganBit_1402,ligands: fingerprint,0.0014616445976410033
LOGO,MorganBit_1403,ligands: fingerprint,0.0012618222603887502
LOGO,MorganBit_1404,ligands: fingerprint,4.784495560266193e-05
LOGO,MorganBit_1405,ligands: fingerprint,9.97536854291326e-05
LOGO,MorganBit_1406,ligands: fingerprint,0.0
LOGO,MorganBit_1407,ligands: fingerprint,0.0005913491154841702
LOGO,MorganBit_1408,ligands: fingerprint,0.0
LOGO,MorganBit_1409,ligands: fingerprint,0.0
LOGO,MorganBit_1410,ligands: fingerprint,0.0002579941634201138
LOGO,MorganBit_1411,ligands: fingerprint,5.571522180857768e-06
LOGO,MorganBit_1412,ligands: fingerprint,0.0
LOGO,MorganBit_1413,ligands: fingerprint,0.0
LOGO,MorganBit_1414,ligands: fingerprint,0.001694500819567981
LOGO,MorganBit_1415,ligands: fingerprint,0.0
LOGO,MorganBit_1416,ligands: fingerprint,0.00016754906767378023
LOGO,MorganBit_1417,ligands: fingerprint,0.0028442635715287927
LOGO,MorganBit_1418,ligands: fingerprint,2.6949236056681766e-05
LOGO,MorganBit_1419,ligands: fingerprint,0.0
LOGO,MorganBit_1420,ligands: fingerprint,0.0
LOGO,MorganBit_1421,ligands: fingerprint,0.0
LOGO,MorganBit_1422,ligands: fingerprint,0.0016491691173115366
LOGO,MorganBit_1423,ligands: fingerprint,7.033993334272749e-05
LOGO,MorganBit_1424,ligands: fingerprint,0.0
LOGO,MorganBit_1425,ligands: fingerprint,0.0
LOGO,MorganBit_1426,ligands: fingerprint,0.0
LOGO,MorganBit_1427,ligands: fingerprint,0.0010575517179254401
LOGO,MorganBit_1428,ligands: fingerprint,0.0
LOGO,MorganBit_1429,ligands: fingerprint,0.0
LOGO,MorganBit_1430,ligands: fingerprint,6.125838649294896e-05
LOGO,MorganBit_1431,ligands: fingerprint,3.0588321813247484e-05
LOGO,MorganBit_1432,ligands: fingerprint,0.0
LOGO,MorganBit_1433,ligands: fingerprint,0.0
LOGO,MorganBit_1434,ligands: fingerprint,0.0
LOGO,MorganBit_1435,ligands: fingerprint,0.00045392775094017036
LOGO,MorganBit_1436,ligands: fingerprint,0.00042186251371687623
LOGO,MorganBit_1437,ligands: fingerprint,0.0
LOGO,MorganBit_1438,ligands: fingerprint,0.0007051957730161199
LOGO,MorganBit_1439,ligands: fingerprint,0.0
LOGO,MorganBit_1440,ligands: fingerprint,0.0007106442585608925
LOGO,MorganBit_1441,ligands: fingerprint,0.0031441285804673334
LOGO,MorganBit_1442,ligands: fingerprint,0.0
LOGO,MorganBit_1443,ligands: fingerprint,0.0
LOGO,MorganBit_1444,ligands: fingerprint,0.0012245786245866533
LOGO,MorganBit_1445,ligands: fingerprint,1.4772825181835368e-05
LOGO,MorganBit_1446,ligands: fingerprint,7.148539716084357e-05
LOGO,MorganBit_1447,ligands: fingerprint,0.0008355147369973847
LOGO,MorganBit_1448,ligands: fingerprint,0.0
LOGO,MorganBit_1449,ligands: fingerprint,0.0036025703713456823
LOGO,MorganBit_1450,ligands: fingerprint,0.0
LOGO,MorganBit_1451,ligands: fingerprint,0.004556991091581169
LOGO,MorganBit_1452,ligands: fingerprint,0.005778263479245614
LOGO,MorganBit_1453,ligands: fingerprint,0.00022339225319205266
LOGO,MorganBit_1454,ligands: fingerprint,0.00011641544786518982
LOGO,MorganBit_1455,ligands: fingerprint,0.0021018510218493974
LOGO,MorganBit_1456,ligands: fingerprint,0.00034782974439218637
LOGO,MorganBit_1457,ligands: fingerprint,0.0025202537605039845
LOGO,MorganBit_1458,ligands: fingerprint,0.0001891774202618776
LOGO,MorganBit_1459,ligands: fingerprint,0.0006818789061565532
LOGO,MorganBit_1460,ligands: fingerprint,0.0
LOGO,MorganBit_1461,ligands: fingerprint,0.0002456418267606936
LOGO,MorganBit_1462,ligands: fingerprint,0.0
LOGO,MorganBit_1463,ligands: fingerprint,0.0004638820558248238
LOGO,MorganBit_1464,ligands: fingerprint,0.0
LOGO,MorganBit_1465,ligands: fingerprint,0.00035505465377770455
LOGO,MorganBit_1466,ligands: fingerprint,0.0
LOGO,MorganBit_1467,ligands: fingerprint,0.0
LOGO,MorganBit_1468,ligands: fingerprint,0.00011920290715910946
LOGO,MorganBit_1469,ligands: fingerprint,0.0
LOGO,MorganBit_1470,ligands: fingerprint,0.0001863516156790364
LOGO,MorganBit_1471,ligands: fingerprint,0.00043265682517137243
LOGO,MorganBit_1472,ligands: fingerprint,0.0
LOGO,MorganBit_1473,ligands: fingerprint,0.0
LOGO,MorganBit_1474,ligands: fingerprint,0.0
LOGO,MorganBit_1475,ligands: fingerprint,0.0009099375037703715
LOGO,MorganBit_1476,ligands: fingerprint,0.0010985943166232283
LOGO,MorganBit_1477,ligands: fingerprint,6.730624318993706e-06
LOGO,MorganBit_1478,ligands: fingerprint,0.0
LOGO,MorganBit_1479,ligands: fingerprint,0.0008125354890836946
LOGO,MorganBit_1480,ligands: fingerprint,0.003379897657505343
LOGO,MorganBit_1481,ligands: fingerprint,0.0
LOGO,MorganBit_1482,ligands: fingerprint,0.0005565293905453738
LOGO,MorganBit_1483,ligands: fingerprint,0.0
LOGO,MorganBit_1484,ligands: fingerprint,0.0
LOGO,MorganBit_1485,ligands: fingerprint,0.0
LOGO,MorganBit_1486,ligands: fingerprint,0.0
LOGO,MorganBit_1487,ligands: fingerprint,0.0006176006430318935
LOGO,MorganBit_1488,ligands: fingerprint,0.0
LOGO,MorganBit_1489,ligands: fingerprint,0.0
LOGO,MorganBit_1490,ligands: fingerprint,0.0
LOGO,MorganBit_1491,ligands: fingerprint,0.0006316105732700389
LOGO,MorganBit_1492,ligands: fingerprint,0.0
LOGO,MorganBit_1493,ligands: fingerprint,0.0
LOGO,MorganBit_1494,ligands: fingerprint,0.0004442692836793372
LOGO,MorganBit_1495,ligands: fingerprint,0.0041064980135077506
LOGO,MorganBit_1496,ligands: fingerprint,0.0
LOGO,MorganBit_1497,ligands: fingerprint,0.0
LOGO,MorganBit_1498,ligands: fingerprint,3.136272099315902e-05
LOGO,MorganBit_1499,ligands: fingerprint,0.0
LOGO,MorganBit_1500,ligands: fingerprint,5.834570699022679e-05
LOGO,MorganBit_1501,ligands: fingerprint,0.0
LOGO,MorganBit_1502,ligands: fingerprint,0.0
LOGO,MorganBit_1503,ligands: fingerprint,1.3247681814979157e-05
LOGO,MorganBit_1504,ligands: fingerprint,0.0
LOGO,MorganBit_1505,ligands: fingerprint,0.0012186824364266934
LOGO,MorganBit_1506,ligands: fingerprint,0.0004136366018648381
LOGO,MorganBit_1507,ligands: fingerprint,0.0
LOGO,MorganBit_1508,ligands: fingerprint,0.0
LOGO,MorganBit_1509,ligands: fingerprint,0.0
LOGO,MorganBit_1510,ligands: fingerprint,0.0
LOGO,MorganBit_1511,ligands: fingerprint,0.0
LOGO,MorganBit_1512,ligands: fingerprint,0.0
LOGO,MorganBit_1513,ligands: fingerprint,0.0
LOGO,MorganBit_1514,ligands: fingerprint,0.0
LOGO,MorganBit_1515,ligands: fingerprint,0.0
LOGO,MorganBit_1516,ligands: fingerprint,0.00037569480535130375
LOGO,MorganBit_1517,ligands: fingerprint,0.0007334163512932732
LOGO,MorganBit_1518,ligands: fingerprint,7.457751021935956e-05
LOGO,MorganBit_1519,ligands: fingerprint,0.0
LOGO,MorganBit_1520,ligands: fingerprint,0.0013343088640532502
LOGO,MorganBit_1521,ligands: fingerprint,0.0
LOGO,MorganBit_1522,ligands: fingerprint,0.0005999062498635319
LOGO,MorganBit_1523,ligands: fingerprint,3.5752374936037166e-05
LOGO,MorganBit_1524,ligands: fingerprint,0.0
LOGO,MorganBit_1525,ligands: fingerprint,0.0
LOGO,MorganBit_1526,ligands: fingerprint,0.0
LOGO,MorganBit_1527,ligands: fingerprint,4.752916842996351e-05
LOGO,MorganBit_1528,ligands: fingerprint,0.0
LOGO,MorganBit_1529,ligands: fingerprint,0.0
LOGO,MorganBit_1530,ligands: fingerprint,0.0010408954856727217
LOGO,MorganBit_1531,ligands: fingerprint,0.0001543778222415277
LOGO,MorganBit_1532,ligands: fingerprint,0.0
LOGO,MorganBit_1533,ligands: fingerprint,5.7672759158784e-05
LOGO,MorganBit_1534,ligands: fingerprint,0.0
LOGO,MorganBit_1535,ligands: fingerprint,0.0036559667562345347
LOGO,MorganBit_1536,ligands: fingerprint,0.0009812466719802144
LOGO,MorganBit_1537,ligands: fingerprint,0.0
LOGO,MorganBit_1538,ligands: fingerprint,0.0
LOGO,MorganBit_1539,ligands: fingerprint,0.0
LOGO,MorganBit_1540,ligands: fingerprint,0.0
LOGO,MorganBit_1541,ligands: fingerprint,0.0
LOGO,MorganBit_1542,ligands: fingerprint,0.00013976018801069821
LOGO,MorganBit_1543,ligands: fingerprint,0.0
LOGO,MorganBit_1544,ligands: fingerprint,0.0
LOGO,MorganBit_1545,ligands: fingerprint,0.0
LOGO,MorganBit_1546,ligands: fingerprint,0.0
LOGO,MorganBit_1547,ligands: fingerprint,0.0
LOGO,MorganBit_1548,ligands: fingerprint,9.583051201044001e-06
LOGO,MorganBit_1549,ligands: fingerprint,3.223548093146933e-05
LOGO,MorganBit_1550,ligands: fingerprint,0.0009138021724148051
LOGO,MorganBit_1551,ligands: fingerprint,0.0
LOGO,MorganBit_1552,ligands: fingerprint,0.0
LOGO,MorganBit_1553,ligands: fingerprint,0.0
LOGO,MorganBit_1554,ligands: fingerprint,0.0008507761042025626
LOGO,MorganBit_1555,ligands: fingerprint,0.0
LOGO,MorganBit_1556,ligands: fingerprint,0.0
LOGO,MorganBit_1557,ligands: fingerprint,0.0
LOGO,MorganBit_1558,ligands: fingerprint,2.7793554804735785e-06
LOGO,MorganBit_1559,ligands: fingerprint,4.5170313578932754e-05
LOGO,MorganBit_1560,ligands: fingerprint,0.0
LOGO,MorganBit_1561,ligands: fingerprint,3.229871187957083e-05
LOGO,MorganBit_1562,ligands: fingerprint,0.0
LOGO,MorganBit_1563,ligands: fingerprint,4.438695136345291e-06
LOGO,MorganBit_1564,ligands: fingerprint,0.002360568065481446
LOGO,MorganBit_1565,ligands: fingerprint,0.0
LOGO,MorganBit_1566,ligands: fingerprint,0.0
LOGO,MorganBit_1567,ligands: fingerprint,0.0006186238426475997
LOGO,MorganBit_1568,ligands: fingerprint,0.001166464612423893
LOGO,MorganBit_1569,ligands: fingerprint,0.0
LOGO,MorganBit_1570,ligands: fingerprint,0.0005624469484523799
LOGO,MorganBit_1571,ligands: fingerprint,0.0
LOGO,MorganBit_1572,ligands: fingerprint,0.0
LOGO,MorganBit_1573,ligands: fingerprint,0.0028952113916024882
LOGO,MorganBit_1574,ligands: fingerprint,0.00048223142266821945
LOGO,MorganBit_1575,ligands: fingerprint,0.00043816800481777493
LOGO,MorganBit_1576,ligands: fingerprint,0.0
LOGO,MorganBit_1577,ligands: fingerprint,0.00012156312289083956
LOGO,MorganBit_1578,ligands: fingerprint,0.0
LOGO,MorganBit_1579,ligands: fingerprint,0.0
LOGO,MorganBit_1580,ligands: fingerprint,0.0
LOGO,MorganBit_1581,ligands: fingerprint,0.000234213440637839
LOGO,MorganBit_1582,ligands: fingerprint,0.0008992593959279207
LOGO,MorganBit_1583,ligands: fingerprint,3.554002252846781e-05
LOGO,MorganBit_1584,ligands: fingerprint,4.322356072819009e-06
LOGO,MorganBit_1585,ligands: fingerprint,0.0
LOGO,MorganBit_1586,ligands: fingerprint,0.00023483580026097695
LOGO,MorganBit_1587,ligands: fingerprint,0.0016244090798363453
LOGO,MorganBit_1588,ligands: fingerprint,2.0430920090856334e-05
LOGO,MorganBit_1589,ligands: fingerprint,0.0004600080867943105
LOGO,MorganBit_1590,ligands: fingerprint,0.0
LOGO,MorganBit_1591,ligands: fingerprint,0.0
LOGO,MorganBit_1592,ligands: fingerprint,1.1813449619273474e-05
LOGO,MorganBit_1593,ligands: fingerprint,0.0
LOGO,MorganBit_1594,ligands: fingerprint,0.003672381431599227
LOGO,MorganBit_1595,ligands: fingerprint,0.0
LOGO,MorganBit_1596,ligands: fingerprint,0.0
LOGO,MorganBit_1597,ligands: fingerprint,9.179888797772308e-06
LOGO,MorganBit_1598,ligands: fingerprint,0.0
LOGO,MorganBit_1599,ligands: fingerprint,0.0005040851414840743
LOGO,MorganBit_1600,ligands: fingerprint,1.645929391753118e-05
LOGO,MorganBit_1601,ligands: fingerprint,0.0
LOGO,MorganBit_1602,ligands: fingerprint,0.0036783622393778276
LOGO,MorganBit_1603,ligands: fingerprint,0.000925963705871426
LOGO,MorganBit_1604,ligands: fingerprint,0.0015895100802379458
LOGO,MorganBit_1605,ligands: fingerprint,0.0
LOGO,MorganBit_1606,ligands: fingerprint,0.0
LOGO,MorganBit_1607,ligands: fingerprint,0.00033000343732989934
LOGO,MorganBit_1608,ligands: fingerprint,0.0
LOGO,MorganBit_1609,ligands: fingerprint,0.001816301245866945
LOGO,MorganBit_1610,ligands: fingerprint,0.0
LOGO,MorganBit_1611,ligands: fingerprint,0.0004777401105989995
LOGO,MorganBit_1612,ligands: fingerprint,2.4210299418241408e-05
LOGO,MorganBit_1613,ligands: fingerprint,0.0
LOGO,MorganBit_1614,ligands: fingerprint,2.1628091654713292e-05
LOGO,MorganBit_1615,ligands: fingerprint,0.0015150524101030817
LOGO,MorganBit_1616,ligands: fingerprint,0.0
LOGO,MorganBit_1617,ligands: fingerprint,9.283479273069583e-06
LOGO,MorganBit_1618,ligands: fingerprint,0.0013832994621607725
LOGO,MorganBit_1619,ligands: fingerprint,0.0
LOGO,MorganBit_1620,ligands: fingerprint,0.0
LOGO,MorganBit_1621,ligands: fingerprint,0.0
LOGO,MorganBit_1622,ligands: fingerprint,1.0623307173781697e-05
LOGO,MorganBit_1623,ligands: fingerprint,0.0
LOGO,MorganBit_1624,ligands: fingerprint,0.0006242405915287222
LOGO,MorganBit_1625,ligands: fingerprint,0.0
LOGO,MorganBit_1626,ligands: fingerprint,0.0
LOGO,MorganBit_1627,ligands: fingerprint,0.0003760781709452173
LOGO,MorganBit_1628,ligands: fingerprint,0.0
LOGO,MorganBit_1629,ligands: fingerprint,0.0
LOGO,MorganBit_1630,ligands: fingerprint,0.0
LOGO,MorganBit_1631,ligands: fingerprint,0.0011556707850855405
LOGO,MorganBit_1632,ligands: fingerprint,0.0016746643664121146
LOGO,MorganBit_1633,ligands: fingerprint,0.002808676878556766
LOGO,MorganBit_1634,ligands: fingerprint,0.0
LOGO,MorganBit_1635,ligands: fingerprint,0.0
LOGO,MorganBit_1636,ligands: fingerprint,5.352769006346844e-06
LOGO,MorganBit_1637,ligands: fingerprint,0.0028924519741492585
LOGO,MorganBit_1638,ligands: fingerprint,1.9374410980446067e-05
LOGO,MorganBit_1639,ligands: fingerprint,0.0
LOGO,MorganBit_1640,ligands: fingerprint,0.0
LOGO,MorganBit_1641,ligands: fingerprint,0.0
LOGO,MorganBit_1642,ligands: fingerprint,0.0
LOGO,MorganBit_1643,ligands: fingerprint,0.0
LOGO,MorganBit_1644,ligands: fingerprint,0.00021380549124802014
LOGO,MorganBit_1645,ligands: fingerprint,0.0
LOGO,MorganBit_1646,ligands: fingerprint,0.0
LOGO,MorganBit_1647,ligands: fingerprint,0.0
LOGO,MorganBit_1648,ligands: fingerprint,1.950920858154933e-06
LOGO,MorganBit_1649,ligands: fingerprint,0.0
LOGO,MorganBit_1650,ligands: fingerprint,0.00024533584864018147
LOGO,MorganBit_1651,ligands: fingerprint,0.0
LOGO,MorganBit_1652,ligands: fingerprint,0.0
LOGO,MorganBit_1653,ligands: fingerprint,0.0003066688245212508
LOGO,MorganBit_1654,ligands: fingerprint,0.000990511908614357
LOGO,MorganBit_1655,ligands: fingerprint,0.0
LOGO,MorganBit_1656,ligands: fingerprint,0.0
LOGO,MorganBit_1657,ligands: fingerprint,0.0
LOGO,MorganBit_1658,ligands: fingerprint,0.009156373839031604
LOGO,MorganBit_1659,ligands: fingerprint,0.0002629909867266089
LOGO,MorganBit_1660,ligands: fingerprint,0.0
LOGO,MorganBit_1661,ligands: fingerprint,4.5342008111113195e-05
LOGO,MorganBit_1662,ligands: fingerprint,5.840089134411612e-05
LOGO,MorganBit_1663,ligands: fingerprint,7.467335850016557e-05
LOGO,MorganBit_1664,ligands: fingerprint,0.0
LOGO,MorganBit_1665,ligands: fingerprint,0.007710109800321878
LOGO,MorganBit_1666,ligands: fingerprint,0.0
LOGO,MorganBit_1667,ligands: fingerprint,0.0007948534904083116
LOGO,MorganBit_1668,ligands: fingerprint,0.0
LOGO,MorganBit_1669,ligands: fingerprint,5.778260586468238e-06
LOGO,MorganBit_1670,ligands: fingerprint,1.9861753095635947e-05
LOGO,MorganBit_1671,ligands: fingerprint,0.0
LOGO,MorganBit_1672,ligands: fingerprint,0.0
LOGO,MorganBit_1673,ligands: fingerprint,0.0
LOGO,MorganBit_1674,ligands: fingerprint,0.0
LOGO,MorganBit_1675,ligands: fingerprint,0.00023993007870657215
LOGO,MorganBit_1676,ligands: fingerprint,0.0
LOGO,MorganBit_1677,ligands: fingerprint,0.0
LOGO,MorganBit_1678,ligands: fingerprint,0.00012157763315421878
LOGO,MorganBit_1679,ligands: fingerprint,0.0
LOGO,MorganBit_1680,ligands: fingerprint,0.0
LOGO,MorganBit_1681,ligands: fingerprint,0.0
LOGO,MorganBit_1682,ligands: fingerprint,4.6992343512917405e-05
LOGO,MorganBit_1683,ligands: fingerprint,0.0012901575018055666
LOGO,MorganBit_1684,ligands: fingerprint,0.0
LOGO,MorganBit_1685,ligands: fingerprint,0.0
LOGO,MorganBit_1686,ligands: fingerprint,0.000908623327066008
LOGO,MorganBit_1687,ligands: fingerprint,0.0
LOGO,MorganBit_1688,ligands: fingerprint,0.0
LOGO,MorganBit_1689,ligands: fingerprint,1.3439959287482853e-05
LOGO,MorganBit_1690,ligands: fingerprint,4.4356672714549024e-05
LOGO,MorganBit_1691,ligands: fingerprint,0.0
LOGO,MorganBit_1692,ligands: fingerprint,4.3417186653147644e-05
LOGO,MorganBit_1693,ligands: fingerprint,0.00014712105346375564
LOGO,MorganBit_1694,ligands: fingerprint,0.0
LOGO,MorganBit_1695,ligands: fingerprint,3.773307844583859e-05
LOGO,MorganBit_1696,ligands: fingerprint,1.3340972648991455e-05
LOGO,MorganBit_1697,ligands: fingerprint,0.0028729739735542455
LOGO,MorganBit_1698,ligands: fingerprint,8.587534771320319e-05
LOGO,MorganBit_1699,ligands: fingerprint,0.00015560596167395977
LOGO,MorganBit_1700,ligands: fingerprint,0.0005071677601664335
LOGO,MorganBit_1701,ligands: fingerprint,0.0
LOGO,MorganBit_1702,ligands: fingerprint,0.0
LOGO,MorganBit_1703,ligands: fingerprint,0.0
LOGO,MorganBit_1704,ligands: fingerprint,0.0
LOGO,MorganBit_1705,ligands: fingerprint,0.002092845033147998
LOGO,MorganBit_1706,ligands: fingerprint,0.0
LOGO,MorganBit_1707,ligands: fingerprint,0.0
LOGO,MorganBit_1708,ligands: fingerprint,1.4999443431925371e-05
LOGO,MorganBit_1709,ligands: fingerprint,0.0
LOGO,MorganBit_1710,ligands: fingerprint,0.00027245499148340985
LOGO,MorganBit_1711,ligands: fingerprint,0.0
LOGO,MorganBit_1712,ligands: fingerprint,0.0
LOGO,MorganBit_1713,ligands: fingerprint,0.00012951237941856436
LOGO,MorganBit_1714,ligands: fingerprint,9.18878580521968e-05
LOGO,MorganBit_1715,ligands: fingerprint,0.0002559311568613037
LOGO,MorganBit_1716,ligands: fingerprint,0.0
LOGO,MorganBit_1717,ligands: fingerprint,0.00048433258568060734
LOGO,MorganBit_1718,ligands: fingerprint,0.0002869998572727028
LOGO,MorganBit_1719,ligands: fingerprint,0.0
LOGO,MorganBit_1720,ligands: fingerprint,0.0019773671841416263
LOGO,MorganBit_1721,ligands: fingerprint,0.00037957032555789436
LOGO,MorganBit_1722,ligands: fingerprint,0.004443520919265484
LOGO,MorganBit_1723,ligands: fingerprint,0.0006080230573053445
LOGO,MorganBit_1724,ligands: fingerprint,0.00421533077761034
LOGO,MorganBit_1725,ligands: fingerprint,0.0
LOGO,MorganBit_1726,ligands: fingerprint,0.0009687794326380706
LOGO,MorganBit_1727,ligands: fingerprint,0.0
LOGO,MorganBit_1728,ligands: fingerprint,0.00010588574015750991
LOGO,MorganBit_1729,ligands: fingerprint,7.901173738782279e-05
LOGO,MorganBit_1730,ligands: fingerprint,0.003441502027097747
LOGO,MorganBit_1731,ligands: fingerprint,0.0018928239671426913
LOGO,MorganBit_1732,ligands: fingerprint,0.0
LOGO,MorganBit_1733,ligands: fingerprint,0.002103468783908855
LOGO,MorganBit_1734,ligands: fingerprint,0.002993620323156418
LOGO,MorganBit_1735,ligands: fingerprint,0.0
LOGO,MorganBit_1736,ligands: fingerprint,0.0
LOGO,MorganBit_1737,ligands: fingerprint,0.006720863464492618
LOGO,MorganBit_1738,ligands: fingerprint,0.0005226632291003818
LOGO,MorganBit_1739,ligands: fingerprint,0.0
LOGO,MorganBit_1740,ligands: fingerprint,0.000566231774482787
LOGO,MorganBit_1741,ligands: fingerprint,0.0006037900010653064
LOGO,MorganBit_1742,ligands: fingerprint,0.0
LOGO,MorganBit_1743,ligands: fingerprint,0.0
LOGO,MorganBit_1744,ligands: fingerprint,0.0
LOGO,MorganBit_1745,ligands: fingerprint,0.0052818439305398115
LOGO,MorganBit_1746,ligands: fingerprint,0.00035998256337965994
LOGO,MorganBit_1747,ligands: fingerprint,0.0007314996256596967
LOGO,MorganBit_1748,ligands: fingerprint,0.0
LOGO,MorganBit_1749,ligands: fingerprint,0.0
LOGO,MorganBit_1750,ligands: fingerprint,0.008393289927251281
LOGO,MorganBit_1751,ligands: fingerprint,0.0
LOGO,MorganBit_1752,ligands: fingerprint,0.0
LOGO,MorganBit_1753,ligands: fingerprint,0.0
LOGO,MorganBit_1754,ligands: fingerprint,0.0015333231938234621
LOGO,MorganBit_1755,ligands: fingerprint,0.0002365124895465401
LOGO,MorganBit_1756,ligands: fingerprint,0.0
LOGO,MorganBit_1757,ligands: fingerprint,0.0
LOGO,MorganBit_1758,ligands: fingerprint,0.00020529933891433593
LOGO,MorganBit_1759,ligands: fingerprint,0.0
LOGO,MorganBit_1760,ligands: fingerprint,0.0
LOGO,MorganBit_1761,ligands: fingerprint,0.0
LOGO,MorganBit_1762,ligands: fingerprint,0.0
LOGO,MorganBit_1763,ligands: fingerprint,0.00015904659081665592
LOGO,MorganBit_1764,ligands: fingerprint,0.0003620238795535818
LOGO,MorganBit_1765,ligands: fingerprint,0.000420368079612919
LOGO,MorganBit_1766,ligands: fingerprint,0.0023990434333740493
LOGO,MorganBit_1767,ligands: fingerprint,0.0
LOGO,MorganBit_1768,ligands: fingerprint,9.982783185487072e-05
LOGO,MorganBit_1769,ligands: fingerprint,0.0
LOGO,MorganBit_1770,ligands: fingerprint,0.0
LOGO,MorganBit_1771,ligands: fingerprint,0.0
LOGO,MorganBit_1772,ligands: fingerprint,0.0
LOGO,MorganBit_1773,ligands: fingerprint,0.00041140524013175416
LOGO,MorganBit_1774,ligands: fingerprint,0.0
LOGO,MorganBit_1775,ligands: fingerprint,0.00034327507815005325
LOGO,MorganBit_1776,ligands: fingerprint,0.0035350374520495735
LOGO,MorganBit_1777,ligands: fingerprint,0.0
LOGO,MorganBit_1778,ligands: fingerprint,0.0004515140555632468
LOGO,MorganBit_1779,ligands: fingerprint,0.00057273878614128
LOGO,MorganBit_1780,ligands: fingerprint,0.0
LOGO,MorganBit_1781,ligands: fingerprint,0.00042484763585453684
LOGO,MorganBit_1782,ligands: fingerprint,0.0002722514449472919
LOGO,MorganBit_1783,ligands: fingerprint,0.0004413997910182263
LOGO,MorganBit_1784,ligands: fingerprint,0.0
LOGO,MorganBit_1785,ligands: fingerprint,0.0
LOGO,MorganBit_1786,ligands: fingerprint,0.0
LOGO,MorganBit_1787,ligands: fingerprint,0.0
LOGO,MorganBit_1788,ligands: fingerprint,1.029684048072781e-05
LOGO,MorganBit_1789,ligands: fingerprint,0.0
LOGO,MorganBit_1790,ligands: fingerprint,0.0
LOGO,MorganBit_1791,ligands: fingerprint,0.0096522419951487
LOGO,MorganBit_1792,ligands: fingerprint,0.0019096558767639142
LOGO,MorganBit_1793,ligands: fingerprint,0.0
LOGO,MorganBit_1794,ligands: fingerprint,0.0
LOGO,MorganBit_1795,ligands: fingerprint,0.0
LOGO,MorganBit_1796,ligands: fingerprint,0.0
LOGO,MorganBit_1797,ligands: fingerprint,0.0
LOGO,MorganBit_1798,ligands: fingerprint,0.0
LOGO,MorganBit_1799,ligands: fingerprint,7.423010069836178e-05
LOGO,MorganBit_1800,ligands: fingerprint,1.0508831738018877e-05
LOGO,MorganBit_1801,ligands: fingerprint,0.0
LOGO,MorganBit_1802,ligands: fingerprint,0.0
LOGO,MorganBit_1803,ligands: fingerprint,0.0
LOGO,MorganBit_1804,ligands: fingerprint,3.149650930994662e-05
LOGO,MorganBit_1805,ligands: fingerprint,0.0
LOGO,MorganBit_1806,ligands: fingerprint,0.0
LOGO,MorganBit_1807,ligands: fingerprint,0.0
LOGO,MorganBit_1808,ligands: fingerprint,7.017358466139147e-05
LOGO,MorganBit_1809,ligands: fingerprint,0.0015334786374946623
LOGO,MorganBit_1810,ligands: fingerprint,0.0014060384684444517
LOGO,MorganBit_1811,ligands: fingerprint,0.0
LOGO,MorganBit_1812,ligands: fingerprint,0.00041148441187492473
LOGO,MorganBit_1813,ligands: fingerprint,7.895497550494144e-05
LOGO,MorganBit_1814,ligands: fingerprint,0.0006248334549435597
LOGO,MorganBit_1815,ligands: fingerprint,0.0
LOGO,MorganBit_1816,ligands: fingerprint,0.0029651583182045333
LOGO,MorganBit_1817,ligands: fingerprint,6.62197287324639e-05
LOGO,MorganBit_1818,ligands: fingerprint,0.0002959452265146704
LOGO,MorganBit_1819,ligands: fingerprint,7.650884189976608e-05
LOGO,MorganBit_1820,ligands: fingerprint,8.029052543434353e-06
LOGO,MorganBit_1821,ligands: fingerprint,0.0
LOGO,MorganBit_1822,ligands: fingerprint,0.0
LOGO,MorganBit_1823,ligands: fingerprint,0.003326867212778688
LOGO,MorganBit_1824,ligands: fingerprint,0.0005502180689712962
LOGO,MorganBit_1825,ligands: fingerprint,0.0003359230736808214
LOGO,MorganBit_1826,ligands: fingerprint,0.0
LOGO,MorganBit_1827,ligands: fingerprint,4.199793379323536e-05
LOGO,MorganBit_1828,ligands: fingerprint,0.0005742305499098735
LOGO,MorganBit_1829,ligands: fingerprint,0.0
LOGO,MorganBit_1830,ligands: fingerprint,0.0019005856663035059
LOGO,MorganBit_1831,ligands: fingerprint,0.0023062932063648302
LOGO,MorganBit_1832,ligands: fingerprint,0.002347920997975599
LOGO,MorganBit_1833,ligands: fingerprint,0.0
LOGO,MorganBit_1834,ligands: fingerprint,0.0
LOGO,MorganBit_1835,ligands: fingerprint,0.000249206076696814
LOGO,MorganBit_1836,ligands: fingerprint,0.0
LOGO,MorganBit_1837,ligands: fingerprint,0.0
LOGO,MorganBit_1838,ligands: fingerprint,0.0009868586199844333
LOGO,MorganBit_1839,ligands: fingerprint,0.0
LOGO,MorganBit_1840,ligands: fingerprint,0.004766717789673979
LOGO,MorganBit_1841,ligands: fingerprint,0.0
LOGO,MorganBit_1842,ligands: fingerprint,8.947853930703403e-05
LOGO,MorganBit_1843,ligands: fingerprint,0.0
LOGO,MorganBit_1844,ligands: fingerprint,0.0028772788920650503
LOGO,MorganBit_1845,ligands: fingerprint,0.0
LOGO,MorganBit_1846,ligands: fingerprint,0.0
LOGO,MorganBit_1847,ligands: fingerprint,0.0002031310496289436
LOGO,MorganBit_1848,ligands: fingerprint,0.0
LOGO,MorganBit_1849,ligands: fingerprint,0.0020635634090950183
LOGO,MorganBit_1850,ligands: fingerprint,0.0
LOGO,MorganBit_1851,ligands: fingerprint,0.006988942086158363
LOGO,MorganBit_1852,ligands: fingerprint,0.0022171498282635123
LOGO,MorganBit_1853,ligands: fingerprint,0.000764806353054755
LOGO,MorganBit_1854,ligands: fingerprint,0.0007585059410970796
LOGO,MorganBit_1855,ligands: fingerprint,0.007010500985094427
LOGO,MorganBit_1856,ligands: fingerprint,0.0
LOGO,MorganBit_1857,ligands: fingerprint,0.0
LOGO,MorganBit_1858,ligands: fingerprint,0.0
LOGO,MorganBit_1859,ligands: fingerprint,0.0004743432091373432
LOGO,MorganBit_1860,ligands: fingerprint,0.0
LOGO,MorganBit_1861,ligands: fingerprint,0.0
LOGO,MorganBit_1862,ligands: fingerprint,2.0964689553701385e-05
LOGO,MorganBit_1863,ligands: fingerprint,0.0
LOGO,MorganBit_1864,ligands: fingerprint,0.005688885204193498
LOGO,MorganBit_1865,ligands: fingerprint,0.0
LOGO,MorganBit_1866,ligands: fingerprint,0.017884883557360662
LOGO,MorganBit_1867,ligands: fingerprint,0.00015074280533137658
LOGO,MorganBit_1868,ligands: fingerprint,9.880568514271108e-06
LOGO,MorganBit_1869,ligands: fingerprint,0.0
LOGO,MorganBit_1870,ligands: fingerprint,9.177274385872261e-06
LOGO,MorganBit_1871,ligands: fingerprint,0.004034386073747315
LOGO,MorganBit_1872,ligands: fingerprint,0.0
LOGO,MorganBit_1873,ligands: fingerprint,0.009198626552051498
LOGO,MorganBit_1874,ligands: fingerprint,0.0008291207678800592
LOGO,MorganBit_1875,ligands: fingerprint,0.0004255869691419848
LOGO,MorganBit_1876,ligands: fingerprint,7.792617802473913e-05
LOGO,MorganBit_1877,ligands: fingerprint,5.638592368921214e-05
LOGO,MorganBit_1878,ligands: fingerprint,3.6325551728143914e-06
LOGO,MorganBit_1879,ligands: fingerprint,0.004553979662590439
LOGO,MorganBit_1880,ligands: fingerprint,0.0
LOGO,MorganBit_1881,ligands: fingerprint,0.0
LOGO,MorganBit_1882,ligands: fingerprint,4.1458045933813504e-05
LOGO,MorganBit_1883,ligands: fingerprint,0.0
LOGO,MorganBit_1884,ligands: fingerprint,0.0
LOGO,MorganBit_1885,ligands: fingerprint,0.0
LOGO,MorganBit_1886,ligands: fingerprint,0.0
LOGO,MorganBit_1887,ligands: fingerprint,0.00016954358387657927
LOGO,MorganBit_1888,ligands: fingerprint,0.0
LOGO,MorganBit_1889,ligands: fingerprint,0.0
LOGO,MorganBit_1890,ligands: fingerprint,0.0
LOGO,MorganBit_1891,ligands: fingerprint,0.0
LOGO,MorganBit_1892,ligands: fingerprint,0.0
LOGO,MorganBit_1893,ligands: fingerprint,0.0
LOGO,MorganBit_1894,ligands: fingerprint,0.0
LOGO,MorganBit_1895,ligands: fingerprint,0.0
LOGO,MorganBit_1896,ligands: fingerprint,0.0
LOGO,MorganBit_1897,ligands: fingerprint,0.0
LOGO,MorganBit_1898,ligands: fingerprint,0.00017808197245500776
LOGO,MorganBit_1899,ligands: fingerprint,0.0
LOGO,MorganBit_1900,ligands: fingerprint,0.0008819938706112212
LOGO,MorganBit_1901,ligands: fingerprint,0.0
LOGO,MorganBit_1902,ligands: fingerprint,0.0
LOGO,MorganBit_1903,ligands: fingerprint,0.0
LOGO,MorganBit_1904,ligands: fingerprint,0.0
LOGO,MorganBit_1905,ligands: fingerprint,5.637376610572549e-05
LOGO,MorganBit_1906,ligands: fingerprint,0.0
LOGO,MorganBit_1907,ligands: fingerprint,0.0
LOGO,MorganBit_1908,ligands: fingerprint,0.0
LOGO,MorganBit_1909,ligands: fingerprint,0.0
LOGO,MorganBit_1910,ligands: fingerprint,0.00010432730149194097
LOGO,MorganBit_1911,ligands: fingerprint,0.004060584398712717
LOGO,MorganBit_1912,ligands: fingerprint,0.00021540121311724208
LOGO,MorganBit_1913,ligands: fingerprint,0.0
LOGO,MorganBit_1914,ligands: fingerprint,0.0
LOGO,MorganBit_1915,ligands: fingerprint,0.0
LOGO,MorganBit_1916,ligands: fingerprint,0.0
LOGO,MorganBit_1917,ligands: fingerprint,0.004540469184725641
LOGO,MorganBit_1918,ligands: fingerprint,0.0
LOGO,MorganBit_1919,ligands: fingerprint,0.0019109123242766434
LOGO,MorganBit_1920,ligands: fingerprint,0.004482835641991589
LOGO,MorganBit_1921,ligands: fingerprint,0.004290428928257115
LOGO,MorganBit_1922,ligands: fingerprint,2.1811648149806024e-05
LOGO,MorganBit_1923,ligands: fingerprint,0.0
LOGO,MorganBit_1924,ligands: fingerprint,0.0
LOGO,MorganBit_1925,ligands: fingerprint,0.00014605608744514613
LOGO,MorganBit_1926,ligands: fingerprint,0.0
LOGO,MorganBit_1927,ligands: fingerprint,0.0
LOGO,MorganBit_1928,ligands: fingerprint,0.0023021145489993487
LOGO,MorganBit_1929,ligands: fingerprint,0.0
LOGO,MorganBit_1930,ligands: fingerprint,0.00016067670191838957
LOGO,MorganBit_1931,ligands: fingerprint,0.00010414211537864045
LOGO,MorganBit_1932,ligands: fingerprint,0.00011428182415961586
LOGO,MorganBit_1933,ligands: fingerprint,0.0
LOGO,MorganBit_1934,ligands: fingerprint,0.00011818548995431741
LOGO,MorganBit_1935,ligands: fingerprint,0.0
LOGO,MorganBit_1936,ligands: fingerprint,0.0
LOGO,MorganBit_1937,ligands: fingerprint,0.0
LOGO,MorganBit_1938,ligands: fingerprint,0.0
LOGO,MorganBit_1939,ligands: fingerprint,0.0038720368502988493
LOGO,MorganBit_1940,ligands: fingerprint,0.0
LOGO,MorganBit_1941,ligands: fingerprint,0.0
LOGO,MorganBit_1942,ligands: fingerprint,6.374481222552663e-05
LOGO,MorganBit_1943,ligands: fingerprint,0.0
LOGO,MorganBit_1944,ligands: fingerprint,0.0
LOGO,MorganBit_1945,ligands: fingerprint,0.0
LOGO,MorganBit_1946,ligands: fingerprint,0.0
LOGO,MorganBit_1947,ligands: fingerprint,0.0
LOGO,MorganBit_1948,ligands: fingerprint,7.150319740377046e-05
LOGO,MorganBit_1949,ligands: fingerprint,0.00015087386121975655
LOGO,MorganBit_1950,ligands: fingerprint,0.002622733287524672
LOGO,MorganBit_1951,ligands: fingerprint,0.002502813677513052
LOGO,MorganBit_1952,ligands: fingerprint,0.00047606249722256236
LOGO,MorganBit_1953,ligands: fingerprint,0.0009089192896601895
LOGO,MorganBit_1954,ligands: fingerprint,0.0003784496395519639
LOGO,MorganBit_1955,ligands: fingerprint,0.0007209496207254838
LOGO,MorganBit_1956,ligands: fingerprint,0.0003039283126939255
LOGO,MorganBit_1957,ligands: fingerprint,0.0
LOGO,MorganBit_1958,ligands: fingerprint,0.0
LOGO,MorganBit_1959,ligands: fingerprint,0.0
LOGO,MorganBit_1960,ligands: fingerprint,0.0
LOGO,MorganBit_1961,ligands: fingerprint,0.0
LOGO,MorganBit_1962,ligands: fingerprint,0.0
LOGO,MorganBit_1963,ligands: fingerprint,0.00028774602379793863
LOGO,MorganBit_1964,ligands: fingerprint,0.0007920961382857357
LOGO,MorganBit_1965,ligands: fingerprint,0.00028162961948923995
LOGO,MorganBit_1966,ligands: fingerprint,0.0
LOGO,MorganBit_1967,ligands: fingerprint,0.0
LOGO,MorganBit_1968,ligands: fingerprint,0.0
LOGO,MorganBit_1969,ligands: fingerprint,0.0
LOGO,MorganBit_1970,ligands: fingerprint,0.0026229948989583965
LOGO,MorganBit_1971,ligands: fingerprint,0.0015555107081831633
LOGO,MorganBit_1972,ligands: fingerprint,6.738013429975389e-05
LOGO,MorganBit_1973,ligands: fingerprint,0.0005136265798195984
LOGO,MorganBit_1974,ligands: fingerprint,0.0002798978377196321
LOGO,MorganBit_1975,ligands: fingerprint,0.0
LOGO,MorganBit_1976,ligands: fingerprint,0.0
LOGO,MorganBit_1977,ligands: fingerprint,6.893317884147064e-05
LOGO,MorganBit_1978,ligands: fingerprint,0.00013147018139171536
LOGO,MorganBit_1979,ligands: fingerprint,0.0
LOGO,MorganBit_1980,ligands: fingerprint,0.0
LOGO,MorganBit_1981,ligands: fingerprint,0.0009653583116012512
LOGO,MorganBit_1982,ligands: fingerprint,0.0
LOGO,MorganBit_1983,ligands: fingerprint,0.0
LOGO,MorganBit_1984,ligands: fingerprint,0.0006134329768906214
LOGO,MorganBit_1985,ligands: fingerprint,0.002135049541877742
LOGO,MorganBit_1986,ligands: fingerprint,0.0
LOGO,MorganBit_1987,ligands: fingerprint,0.0
LOGO,MorganBit_1988,ligands: fingerprint,0.0
LOGO,MorganBit_1989,ligands: fingerprint,0.0
LOGO,MorganBit_1990,ligands: fingerprint,0.0007302111421212202
LOGO,MorganBit_1991,ligands: fingerprint,0.00038647339471532246
LOGO,MorganBit_1992,ligands: fingerprint,0.00018677620007487834
LOGO,MorganBit_1993,ligands: fingerprint,5.80190105027037e-05
LOGO,MorganBit_1994,ligands: fingerprint,0.005064054377107323
LOGO,MorganBit_1995,ligands: fingerprint,0.00010588378667329206
LOGO,MorganBit_1996,ligands: fingerprint,0.0
LOGO,MorganBit_1997,ligands: fingerprint,7.0744449900877386e-06
LOGO,MorganBit_1998,ligands: fingerprint,0.0038865875576903327
LOGO,MorganBit_1999,ligands: fingerprint,0.000498063448267661
LOGO,MorganBit_2000,ligands: fingerprint,0.0
LOGO,MorganBit_2001,ligands: fingerprint,0.00241490706152726
LOGO,MorganBit_2002,ligands: fingerprint,0.0
LOGO,MorganBit_2003,ligands: fingerprint,0.0
LOGO,MorganBit_2004,ligands: fingerprint,0.00030017206180722635
LOGO,MorganBit_2005,ligands: fingerprint,0.0
LOGO,MorganBit_2006,ligands: fingerprint,0.0
LOGO,MorganBit_2007,ligands: fingerprint,3.230255411080816e-05
LOGO,MorganBit_2008,ligands: fingerprint,0.007299282513533969
LOGO,MorganBit_2009,ligands: fingerprint,7.535805931934886e-05
LOGO,MorganBit_2010,ligands: fingerprint,0.0
LOGO,MorganBit_2011,ligands: fingerprint,0.0002918765369765113
LOGO,MorganBit_2012,ligands: fingerprint,0.0
LOGO,MorganBit_2013,ligands: fingerprint,0.0
LOGO,MorganBit_2014,ligands: fingerprint,0.0
LOGO,MorganBit_2015,ligands: fingerprint,0.0
LOGO,MorganBit_2016,ligands: fingerprint,0.0
LOGO,MorganBit_2017,ligands: fingerprint,0.0
LOGO,MorganBit_2018,ligands: fingerprint,0.0008466207296983473
LOGO,MorganBit_2019,ligands: fingerprint,0.0
LOGO,MorganBit_2020,ligands: fingerprint,0.0006833146423910079
LOGO,MorganBit_2021,ligands: fingerprint,0.0024883052152781435
LOGO,MorganBit_2022,ligands: fingerprint,0.0
LOGO,MorganBit_2023,ligands: fingerprint,8.321019824413967e-06
LOGO,MorganBit_2024,ligands: fingerprint,0.0
LOGO,MorganBit_2025,ligands: fingerprint,0.0
LOGO,MorganBit_2026,ligands: fingerprint,0.0
LOGO,MorganBit_2027,ligands: fingerprint,0.0
LOGO,MorganBit_2028,ligands: fingerprint,3.536276600607709e-05
LOGO,MorganBit_2029,ligands: fingerprint,0.00017762494248419697
LOGO,MorganBit_2030,ligands: fingerprint,0.0
LOGO,MorganBit_2031,ligands: fingerprint,0.0
LOGO,MorganBit_2032,ligands: fingerprint,0.00010137962508369512
LOGO,MorganBit_2033,ligands: fingerprint,0.0007217909918967024
LOGO,MorganBit_2034,ligands: fingerprint,0.002393409962311675
LOGO,MorganBit_2035,ligands: fingerprint,0.0
LOGO,MorganBit_2036,ligands: fingerprint,5.695468856542883e-05
LOGO,MorganBit_2037,ligands: fingerprint,0.0
LOGO,MorganBit_2038,ligands: fingerprint,0.0
LOGO,MorganBit_2039,ligands: fingerprint,0.0
LOGO,MorganBit_2040,ligands: fingerprint,0.0
LOGO,MorganBit_2041,ligands: fingerprint,0.0007494597265148463
LOGO,MorganBit_2042,ligands: fingerprint,0.0
LOGO,MorganBit_2043,ligands: fingerprint,0.0
LOGO,MorganBit_2044,ligands: fingerprint,0.00010668613175373378
LOGO,MorganBit_2045,ligands: fingerprint,0.0
LOGO,MorganBit_2046,ligands: fingerprint,0.0
LOGO,MorganBit_2047,ligands: fingerprint,0.0
LOGO,buffer_class_group,conditions,0.018150738896463684
LOGO,complex_charge_numeric,ion pair,0.0814707008564996
LOGO,coordination_number_mean,coordination,0.007999628008864256
LOGO,cosolvent_present,conditions,0.005270657645470134
LOGO,counterion_MW,ion pair,0.021433700919458343
LOGO,counterion_MolLogP,ion pair,0.029051415458948716
LOGO,counterion_TPSA,ion pair,0.005316508936458688
LOGO,counterion_abs_charge_sum,ion pair,0.022523217781664606
LOGO,counterion_count_C,ion pair,0.0022311581333079567
LOGO,counterion_count_Cl,ion pair,0.0028449104122313974
LOGO,counterion_count_F,ion pair,0.0014588670365837891
LOGO,counterion_count_N,ion pair,0.006684819023002017
LOGO,counterion_count_P,ion pair,0.0003728962813658212
LOGO,counterion_count_S,ion pair,0.0009364811838155932
LOGO,counterion_n_fragments,ion pair,0.09289227433846856
LOGO,donor_bonds_C,coordination,0.019565743610017332
LOGO,donor_bonds_Cl,coordination,0.012248130890465116
LOGO,donor_bonds_N,coordination,0.01666007217430694
LOGO,donor_bonds_O,coordination,0.014037003801384203
LOGO,donor_bonds_P,coordination,0.0006725313456351397
LOGO,donor_bonds_S,coordination,0.01231587572833232
LOGO,donor_bonds_other,coordination,0.0017399119838919224
LOGO,halide_conc_mM_value,conditions,0.04734729928784748
LOGO,halide_conc_present,conditions,0.00010767379582179508
LOGO,halide_type_group,conditions,0.00828073569164038
LOGO,heterometallic,metal,0.0003930005004906109
LOGO,metal_d_electrons_mean,metal,0.005451851670866133
LOGO,metal_group_mean,metal,0.038301816464361246
LOGO,metal_oxidation_state_mean,metal,0.029510490046149456
LOGO,metal_period_mean,metal,0.05545894151401418
LOGO,n_bridging_donor_atoms,coordination,0.0
LOGO,n_metal_centers,metal,0.001289547273556342
LOGO,n_metal_metal_bonds,coordination,5.3893089982879696e-05
LOGO,rdkit_BertzCT,ligands: descriptors,0.016494340976054605
LOGO,rdkit_FractionCSP3,ligands: descriptors,0.02687447605910549
LOGO,rdkit_MaxEStateIndex,ligands: descriptors,0.03820198438497107
LOGO,rdkit_MinEStateIndex,ligands: descriptors,0.07541509612515404
LOGO,rdkit_MolLogP,ligands: descriptors,0.2506110573114309
LOGO,rdkit_MolWt,ligands: descriptors,0.06049607224768615
LOGO,rdkit_NumAromaticRings,ligands: descriptors,0.005755271527305059
LOGO,rdkit_NumHAcceptors,ligands: descriptors,0.010143274185477063
LOGO,rdkit_NumHDonors,ligands: descriptors,0.019938276227880816
LOGO,rdkit_NumHeteroatoms,ligands: descriptors,0.015781710707489932
LOGO,rdkit_NumRotatableBonds,ligands: descriptors,0.015155526244610388
LOGO,rdkit_RingCount,ligands: descriptors,0.012098998704733124
LOGO,rdkit_TPSA,ligands: descriptors,0.027009755387269255
LOGO,rdkit_fr_Ar_NH,ligands: descriptors,0.005904412252834997
LOGO,rdkit_fr_COO,ligands: descriptors,0.04525125375096887
LOGO,rdkit_fr_amide,ligands: descriptors,0.006649784325939746
LOGO,rdkit_fr_benzene,ligands: descriptors,0.14564140305095014
LOGO,rdkit_fr_ether,ligands: descriptors,0.0021577018450354866
LOGO,rdkit_fr_pyridine,ligands: descriptors,0.017330444099979282
LOMO,MorganBit_0000,ligands: fingerprint,0.0
LOMO,MorganBit_0001,ligands: fingerprint,0.001630426332068394
LOMO,MorganBit_0002,ligands: fingerprint,0.0002727880189014658
LOMO,MorganBit_0003,ligands: fingerprint,0.0
LOMO,MorganBit_0004,ligands: fingerprint,0.0003554364464155881
LOMO,MorganBit_0005,ligands: fingerprint,0.0
LOMO,MorganBit_0006,ligands: fingerprint,0.0
LOMO,MorganBit_0007,ligands: fingerprint,0.0
LOMO,MorganBit_0008,ligands: fingerprint,0.0004371740260207026
LOMO,MorganBit_0009,ligands: fingerprint,0.0
LOMO,MorganBit_0010,ligands: fingerprint,0.0
LOMO,MorganBit_0011,ligands: fingerprint,9.864742855632287e-05
LOMO,MorganBit_0012,ligands: fingerprint,0.0
LOMO,MorganBit_0013,ligands: fingerprint,0.001193588377870858
LOMO,MorganBit_0014,ligands: fingerprint,0.0001324970664867618
LOMO,MorganBit_0015,ligands: fingerprint,0.0
LOMO,MorganBit_0016,ligands: fingerprint,0.0
LOMO,MorganBit_0017,ligands: fingerprint,0.0
LOMO,MorganBit_0018,ligands: fingerprint,0.001660003845949858
LOMO,MorganBit_0019,ligands: fingerprint,0.0
LOMO,MorganBit_0020,ligands: fingerprint,4.735729765136784e-05
LOMO,MorganBit_0021,ligands: fingerprint,6.153486710584833e-05
LOMO,MorganBit_0022,ligands: fingerprint,6.31076730711291e-05
LOMO,MorganBit_0023,ligands: fingerprint,8.648051185227653e-05
LOMO,MorganBit_0024,ligands: fingerprint,3.0075595272547503e-06
LOMO,MorganBit_0025,ligands: fingerprint,5.012925021552617e-05
LOMO,MorganBit_0026,ligands: fingerprint,3.806480549574146e-05
LOMO,MorganBit_0027,ligands: fingerprint,0.0
LOMO,MorganBit_0028,ligands: fingerprint,0.0
LOMO,MorganBit_0029,ligands: fingerprint,1.0139931515432814e-05
LOMO,MorganBit_0030,ligands: fingerprint,9.89053831901833e-05
LOMO,MorganBit_0031,ligands: fingerprint,0.0002259853583117669
LOMO,MorganBit_0032,ligands: fingerprint,0.000108257059059246
LOMO,MorganBit_0033,ligands: fingerprint,0.002422116903026417
LOMO,MorganBit_0034,ligands: fingerprint,0.0035535229665244975
LOMO,MorganBit_0035,ligands: fingerprint,0.00011372292497719715
LOMO,MorganBit_0036,ligands: fingerprint,0.0
LOMO,MorganBit_0037,ligands: fingerprint,0.001549246379893049
LOMO,MorganBit_0038,ligands: fingerprint,2.448606544374955e-05
LOMO,MorganBit_0039,ligands: fingerprint,0.0
LOMO,MorganBit_0040,ligands: fingerprint,0.0
LOMO,MorganBit_0041,ligands: fingerprint,0.0005819383378093432
LOMO,MorganBit_0042,ligands: fingerprint,0.0
LOMO,MorganBit_0043,ligands: fingerprint,0.00040841416346675284
LOMO,MorganBit_0044,ligands: fingerprint,0.0
LOMO,MorganBit_0045,ligands: fingerprint,0.002928981264500205
LOMO,MorganBit_0046,ligands: fingerprint,0.001366500520653941
LOMO,MorganBit_0047,ligands: fingerprint,0.0
LOMO,MorganBit_0048,ligands: fingerprint,0.0
LOMO,MorganBit_0049,ligands: fingerprint,0.0
LOMO,MorganBit_0050,ligands: fingerprint,0.0
LOMO,MorganBit_0051,ligands: fingerprint,0.0
LOMO,MorganBit_0052,ligands: fingerprint,0.0
LOMO,MorganBit_0053,ligands: fingerprint,7.109797830004514e-05
LOMO,MorganBit_0054,ligands: fingerprint,0.0
LOMO,MorganBit_0055,ligands: fingerprint,0.0
LOMO,MorganBit_0056,ligands: fingerprint,0.00014784655644206645
LOMO,MorganBit_0057,ligands: fingerprint,0.0
LOMO,MorganBit_0058,ligands: fingerprint,0.00022922122195930168
LOMO,MorganBit_0059,ligands: fingerprint,0.0
LOMO,MorganBit_0060,ligands: fingerprint,0.0
LOMO,MorganBit_0061,ligands: fingerprint,0.0
LOMO,MorganBit_0062,ligands: fingerprint,0.00013561012810061555
LOMO,MorganBit_0063,ligands: fingerprint,0.0
LOMO,MorganBit_0064,ligands: fingerprint,0.0
LOMO,MorganBit_0065,ligands: fingerprint,0.0004680771770376223
LOMO,MorganBit_0066,ligands: fingerprint,0.0
LOMO,MorganBit_0067,ligands: fingerprint,0.0
LOMO,MorganBit_0068,ligands: fingerprint,0.0
LOMO,MorganBit_0069,ligands: fingerprint,0.0
LOMO,MorganBit_0070,ligands: fingerprint,4.2657937746381586e-05
LOMO,MorganBit_0071,ligands: fingerprint,0.0
LOMO,MorganBit_0072,ligands: fingerprint,0.0
LOMO,MorganBit_0073,ligands: fingerprint,0.0
LOMO,MorganBit_0074,ligands: fingerprint,0.002045069913854638
LOMO,MorganBit_0075,ligands: fingerprint,5.460255803712774e-05
LOMO,MorganBit_0076,ligands: fingerprint,0.0007870066874974199
LOMO,MorganBit_0077,ligands: fingerprint,6.816352318721853e-05
LOMO,MorganBit_0078,ligands: fingerprint,0.0
LOMO,MorganBit_0079,ligands: fingerprint,0.0011903107357213003
LOMO,MorganBit_0080,ligands: fingerprint,0.007129475485900096
LOMO,MorganBit_0081,ligands: fingerprint,0.00011564381302455629
LOMO,MorganBit_0082,ligands: fingerprint,0.0
LOMO,MorganBit_0083,ligands: fingerprint,9.408844845507613e-05
LOMO,MorganBit_0084,ligands: fingerprint,0.00026570513167505116
LOMO,MorganBit_0085,ligands: fingerprint,0.0
LOMO,MorganBit_0086,ligands: fingerprint,0.0
LOMO,MorganBit_0087,ligands: fingerprint,3.159758698683718e-05
LOMO,MorganBit_0088,ligands: fingerprint,0.0
LOMO,MorganBit_0089,ligands: fingerprint,0.00036339902029016065
LOMO,MorganBit_0090,ligands: fingerprint,7.41657563350514e-06
LOMO,MorganBit_0091,ligands: fingerprint,0.0
LOMO,MorganBit_0092,ligands: fingerprint,0.0
LOMO,MorganBit_0093,ligands: fingerprint,0.0
LOMO,MorganBit_0094,ligands: fingerprint,4.494894151853398e-06
LOMO,MorganBit_0095,ligands: fingerprint,0.0
LOMO,MorganBit_0096,ligands: fingerprint,0.0
LOMO,MorganBit_0097,ligands: fingerprint,0.005613862853606623
LOMO,MorganBit_0098,ligands: fingerprint,0.0
LOMO,MorganBit_0099,ligands: fingerprint,0.0006634673560216011
LOMO,MorganBit_0100,ligands: fingerprint,0.0
LOMO,MorganBit_0101,ligands: fingerprint,0.0
LOMO,MorganBit_0102,ligands: fingerprint,0.000377961077663173
LOMO,MorganBit_0103,ligands: fingerprint,0.0
LOMO,MorganBit_0104,ligands: fingerprint,1.2855428380299091e-05
LOMO,MorganBit_0105,ligands: fingerprint,0.0006095073900111457
LOMO,MorganBit_0106,ligands: fingerprint,3.2910471385471904e-05
LOMO,MorganBit_0107,ligands: fingerprint,0.0
LOMO,MorganBit_0108,ligands: fingerprint,2.7271143793694806e-05
LOMO,MorganBit_0109,ligands: fingerprint,0.0
LOMO,MorganBit_0110,ligands: fingerprint,0.0016308131743435806
LOMO,MorganBit_0111,ligands: fingerprint,0.0
LOMO,MorganBit_0112,ligands: fingerprint,0.0
LOMO,MorganBit_0113,ligands: fingerprint,2.269296581209579e-06
LOMO,MorganBit_0114,ligands: fingerprint,0.0004242159649701294
LOMO,MorganBit_0115,ligands: fingerprint,0.0
LOMO,MorganBit_0116,ligands: fingerprint,0.00016350545207610768
LOMO,MorganBit_0117,ligands: fingerprint,0.0002104333824601547
LOMO,MorganBit_0118,ligands: fingerprint,0.0003756354596197904
LOMO,MorganBit_0119,ligands: fingerprint,0.0014518311172323376
LOMO,MorganBit_0120,ligands: fingerprint,0.0
LOMO,MorganBit_0121,ligands: fingerprint,0.00018938531565155465
LOMO,MorganBit_0122,ligands: fingerprint,0.0
LOMO,MorganBit_0123,ligands: fingerprint,0.0
LOMO,MorganBit_0124,ligands: fingerprint,0.0
LOMO,MorganBit_0125,ligands: fingerprint,0.00021600983928604284
LOMO,MorganBit_0126,ligands: fingerprint,0.0019124272547880804
LOMO,MorganBit_0127,ligands: fingerprint,0.0004629661806368272
LOMO,MorganBit_0128,ligands: fingerprint,0.0
LOMO,MorganBit_0129,ligands: fingerprint,0.0
LOMO,MorganBit_0130,ligands: fingerprint,0.0
LOMO,MorganBit_0131,ligands: fingerprint,0.0
LOMO,MorganBit_0132,ligands: fingerprint,0.0
LOMO,MorganBit_0133,ligands: fingerprint,0.0
LOMO,MorganBit_0134,ligands: fingerprint,0.0
LOMO,MorganBit_0135,ligands: fingerprint,0.0
LOMO,MorganBit_0136,ligands: fingerprint,0.0
LOMO,MorganBit_0137,ligands: fingerprint,0.00033704195626459746
LOMO,MorganBit_0138,ligands: fingerprint,0.0
LOMO,MorganBit_0139,ligands: fingerprint,0.0
LOMO,MorganBit_0140,ligands: fingerprint,0.0005461209967187308
LOMO,MorganBit_0141,ligands: fingerprint,0.0
LOMO,MorganBit_0142,ligands: fingerprint,0.0
LOMO,MorganBit_0143,ligands: fingerprint,0.0
LOMO,MorganBit_0144,ligands: fingerprint,0.0010766696194220182
LOMO,MorganBit_0145,ligands: fingerprint,0.0013711511185477262
LOMO,MorganBit_0146,ligands: fingerprint,0.00012416123979512204
LOMO,MorganBit_0147,ligands: fingerprint,0.004584260854523792
LOMO,MorganBit_0148,ligands: fingerprint,1.1168536536459027e-05
LOMO,MorganBit_0149,ligands: fingerprint,0.00012741602955558372
LOMO,MorganBit_0150,ligands: fingerprint,0.0
LOMO,MorganBit_0151,ligands: fingerprint,0.0
LOMO,MorganBit_0152,ligands: fingerprint,0.0
LOMO,MorganBit_0153,ligands: fingerprint,0.0
LOMO,MorganBit_0154,ligands: fingerprint,0.0
LOMO,MorganBit_0155,ligands: fingerprint,0.0
LOMO,MorganBit_0156,ligands: fingerprint,0.0023152539320838365
LOMO,MorganBit_0157,ligands: fingerprint,0.0
LOMO,MorganBit_0158,ligands: fingerprint,0.000961115502298934
LOMO,MorganBit_0159,ligands: fingerprint,0.0
LOMO,MorganBit_0160,ligands: fingerprint,0.0
LOMO,MorganBit_0161,ligands: fingerprint,0.0
LOMO,MorganBit_0162,ligands: fingerprint,0.0011607380135674951
LOMO,MorganBit_0163,ligands: fingerprint,0.0
LOMO,MorganBit_0164,ligands: fingerprint,0.00016715792546433982
LOMO,MorganBit_0165,ligands: fingerprint,0.00038663080881094634
LOMO,MorganBit_0166,ligands: fingerprint,0.0
LOMO,MorganBit_0167,ligands: fingerprint,0.00011321324374773974
LOMO,MorganBit_0168,ligands: fingerprint,0.0
LOMO,MorganBit_0169,ligands: fingerprint,0.0
LOMO,MorganBit_0170,ligands: fingerprint,0.004123103030387559
LOMO,MorganBit_0171,ligands: fingerprint,6.922702899211047e-06
LOMO,MorganBit_0172,ligands: fingerprint,0.0003090490104786429
LOMO,MorganBit_0173,ligands: fingerprint,0.0004387211824005812
LOMO,MorganBit_0174,ligands: fingerprint,0.0
LOMO,MorganBit_0175,ligands: fingerprint,0.0
LOMO,MorganBit_0176,ligands: fingerprint,0.0
LOMO,MorganBit_0177,ligands: fingerprint,0.00017679653029962543
LOMO,MorganBit_0178,ligands: fingerprint,0.0
LOMO,MorganBit_0179,ligands: fingerprint,0.003865624594776342
LOMO,MorganBit_0180,ligands: fingerprint,4.998651000378334e-05
LOMO,MorganBit_0181,ligands: fingerprint,0.001193674889472777
LOMO,MorganBit_0182,ligands: fingerprint,0.0
LOMO,MorganBit_0183,ligands: fingerprint,0.0
LOMO,MorganBit_0184,ligands: fingerprint,0.0013228342785943693
LOMO,MorganBit_0185,ligands: fingerprint,0.0005802560382321487
LOMO,MorganBit_0186,ligands: fingerprint,5.487505593668937e-06
LOMO,MorganBit_0187,ligands: fingerprint,0.0
LOMO,MorganBit_0188,ligands: fingerprint,0.0
LOMO,MorganBit_0189,ligands: fingerprint,0.0
LOMO,MorganBit_0190,ligands: fingerprint,0.00012746022038653577
LOMO,MorganBit_0191,ligands: fingerprint,0.0007622957546194392
LOMO,MorganBit_0192,ligands: fingerprint,0.001986844241127059
LOMO,MorganBit_0193,ligands: fingerprint,0.0
LOMO,MorganBit_0194,ligands: fingerprint,0.0
LOMO,MorganBit_0195,ligands: fingerprint,0.0
LOMO,MorganBit_0196,ligands: fingerprint,0.0
LOMO,MorganBit_0197,ligands: fingerprint,0.002015417371646466
LOMO,MorganBit_0198,ligands: fingerprint,0.0
LOMO,MorganBit_0199,ligands: fingerprint,0.0
LOMO,MorganBit_0200,ligands: fingerprint,0.0
LOMO,MorganBit_0201,ligands: fingerprint,0.0
LOMO,MorganBit_0202,ligands: fingerprint,0.000258575635057373
LOMO,MorganBit_0203,ligands: fingerprint,0.007099792288472337
LOMO,MorganBit_0204,ligands: fingerprint,0.0
LOMO,MorganBit_0205,ligands: fingerprint,0.0
LOMO,MorganBit_0206,ligands: fingerprint,0.0
LOMO,MorganBit_0207,ligands: fingerprint,0.00012152271711079549
LOMO,MorganBit_0208,ligands: fingerprint,0.0
LOMO,MorganBit_0209,ligands: fingerprint,0.0
LOMO,MorganBit_0210,ligands: fingerprint,0.0
LOMO,MorganBit_0211,ligands: fingerprint,0.0
LOMO,MorganBit_0212,ligands: fingerprint,0.0
LOMO,MorganBit_0213,ligands: fingerprint,0.0
LOMO,MorganBit_0214,ligands: fingerprint,0.0
LOMO,MorganBit_0215,ligands: fingerprint,0.0
LOMO,MorganBit_0216,ligands: fingerprint,0.0002808227417242255
LOMO,MorganBit_0217,ligands: fingerprint,0.0
LOMO,MorganBit_0218,ligands: fingerprint,0.0034104941676924958
LOMO,MorganBit_0219,ligands: fingerprint,0.0
LOMO,MorganBit_0220,ligands: fingerprint,0.0
LOMO,MorganBit_0221,ligands: fingerprint,0.0
LOMO,MorganBit_0222,ligands: fingerprint,0.0013261418124893782
LOMO,MorganBit_0223,ligands: fingerprint,0.002409136991782019
LOMO,MorganBit_0224,ligands: fingerprint,0.0
LOMO,MorganBit_0225,ligands: fingerprint,6.988677663759548e-05
LOMO,MorganBit_0226,ligands: fingerprint,0.0
LOMO,MorganBit_0227,ligands: fingerprint,0.0
LOMO,MorganBit_0228,ligands: fingerprint,0.0
LOMO,MorganBit_0229,ligands: fingerprint,0.0
LOMO,MorganBit_0230,ligands: fingerprint,0.0
LOMO,MorganBit_0231,ligands: fingerprint,1.590733903657592e-05
LOMO,MorganBit_0232,ligands: fingerprint,0.0
LOMO,MorganBit_0233,ligands: fingerprint,4.746700724844621e-05
LOMO,MorganBit_0234,ligands: fingerprint,0.0
LOMO,MorganBit_0235,ligands: fingerprint,0.001291742060620223
LOMO,MorganBit_0236,ligands: fingerprint,0.0
LOMO,MorganBit_0237,ligands: fingerprint,0.0003637428581369008
LOMO,MorganBit_0238,ligands: fingerprint,0.0
LOMO,MorganBit_0239,ligands: fingerprint,0.0
LOMO,MorganBit_0240,ligands: fingerprint,0.0
LOMO,MorganBit_0241,ligands: fingerprint,2.330372591266209e-05
LOMO,MorganBit_0242,ligands: fingerprint,0.0001765274029242898
LOMO,MorganBit_0243,ligands: fingerprint,0.0034097949490024377
LOMO,MorganBit_0244,ligands: fingerprint,0.0
LOMO,MorganBit_0245,ligands: fingerprint,0.001249007611721061
LOMO,MorganBit_0246,ligands: fingerprint,0.0
LOMO,MorganBit_0247,ligands: fingerprint,2.6318276664612302e-05
LOMO,MorganBit_0248,ligands: fingerprint,0.015428014377759786
LOMO,MorganBit_0249,ligands: fingerprint,0.000705877138778862
LOMO,MorganBit_0250,ligands: fingerprint,0.0
LOMO,MorganBit_0251,ligands: fingerprint,0.0028729546830270217
LOMO,MorganBit_0252,ligands: fingerprint,0.0006323409047695649
LOMO,MorganBit_0253,ligands: fingerprint,1.7808400477390378e-06
LOMO,MorganBit_0254,ligands: fingerprint,0.0007523892662374709
LOMO,MorganBit_0255,ligands: fingerprint,4.961653792480868e-05
LOMO,MorganBit_0256,ligands: fingerprint,0.0
LOMO,MorganBit_0257,ligands: fingerprint,0.0001825924994812444
LOMO,MorganBit_0258,ligands: fingerprint,4.053905966436574e-05
LOMO,MorganBit_0259,ligands: fingerprint,0.0
LOMO,MorganBit_0260,ligands: fingerprint,0.0
LOMO,MorganBit_0261,ligands: fingerprint,0.018233442122774716
LOMO,MorganBit_0262,ligands: fingerprint,0.0
LOMO,MorganBit_0263,ligands: fingerprint,0.0002871365378522717
LOMO,MorganBit_0264,ligands: fingerprint,0.0
LOMO,MorganBit_0265,ligands: fingerprint,0.00019605737122429804
LOMO,MorganBit_0266,ligands: fingerprint,3.3144100837997984e-06
LOMO,MorganBit_0267,ligands: fingerprint,0.0
LOMO,MorganBit_0268,ligands: fingerprint,0.0
LOMO,MorganBit_0269,ligands: fingerprint,0.0
LOMO,MorganBit_0270,ligands: fingerprint,0.0
LOMO,MorganBit_0271,ligands: fingerprint,0.005075094619060397
LOMO,MorganBit_0272,ligands: fingerprint,0.0
LOMO,MorganBit_0273,ligands: fingerprint,1.5143169955734342e-05
LOMO,MorganBit_0274,ligands: fingerprint,0.0022342117123009186
LOMO,MorganBit_0275,ligands: fingerprint,7.204622977674014e-06
LOMO,MorganBit_0276,ligands: fingerprint,8.50619533653349e-05
LOMO,MorganBit_0277,ligands: fingerprint,0.00014034909909068036
LOMO,MorganBit_0278,ligands: fingerprint,0.0
LOMO,MorganBit_0279,ligands: fingerprint,0.0
LOMO,MorganBit_0280,ligands: fingerprint,0.0
LOMO,MorganBit_0281,ligands: fingerprint,0.0
LOMO,MorganBit_0282,ligands: fingerprint,7.864193988462685e-06
LOMO,MorganBit_0283,ligands: fingerprint,0.013776307192870336
LOMO,MorganBit_0284,ligands: fingerprint,1.0975115932462482e-05
LOMO,MorganBit_0285,ligands: fingerprint,0.0001052534817433429
LOMO,MorganBit_0286,ligands: fingerprint,0.0
LOMO,MorganBit_0287,ligands: fingerprint,0.0
LOMO,MorganBit_0288,ligands: fingerprint,0.0
LOMO,MorganBit_0289,ligands: fingerprint,0.0011640659532700436
LOMO,MorganBit_0290,ligands: fingerprint,1.7331045283933555e-05
LOMO,MorganBit_0291,ligands: fingerprint,0.0005655637990195019
LOMO,MorganBit_0292,ligands: fingerprint,0.0
LOMO,MorganBit_0293,ligands: fingerprint,3.615034662249987e-05
LOMO,MorganBit_0294,ligands: fingerprint,0.013247028580955238
LOMO,MorganBit_0295,ligands: fingerprint,0.0
LOMO,MorganBit_0296,ligands: fingerprint,0.0002999591858852578
LOMO,MorganBit_0297,ligands: fingerprint,0.0
LOMO,MorganBit_0298,ligands: fingerprint,7.542568574069233e-05
LOMO,MorganBit_0299,ligands: fingerprint,0.00019647350448101592
LOMO,MorganBit_0300,ligands: fingerprint,6.2587302068242245e-06
LOMO,MorganBit_0301,ligands: fingerprint,9.53435795448306e-05
LOMO,MorganBit_0302,ligands: fingerprint,4.980175842388474e-06
LOMO,MorganBit_0303,ligands: fingerprint,0.0
LOMO,MorganBit_0304,ligands: fingerprint,0.0
LOMO,MorganBit_0305,ligands: fingerprint,0.0007332351161170811
LOMO,MorganBit_0306,ligands: fingerprint,0.0
LOMO,MorganBit_0307,ligands: fingerprint,9.541661018722637e-05
LOMO,MorganBit_0308,ligands: fingerprint,0.0
LOMO,MorganBit_0309,ligands: fingerprint,0.0
LOMO,MorganBit_0310,ligands: fingerprint,0.0006250843411737438
LOMO,MorganBit_0311,ligands: fingerprint,0.0
LOMO,MorganBit_0312,ligands: fingerprint,0.0
LOMO,MorganBit_0313,ligands: fingerprint,0.0
LOMO,MorganBit_0314,ligands: fingerprint,0.004327457655285321
LOMO,MorganBit_0315,ligands: fingerprint,0.0003737919099570095
LOMO,MorganBit_0316,ligands: fingerprint,0.0
LOMO,MorganBit_0317,ligands: fingerprint,0.00011852707638477912
LOMO,MorganBit_0318,ligands: fingerprint,8.833799689202323e-05
LOMO,MorganBit_0319,ligands: fingerprint,0.004309878566856235
LOMO,MorganBit_0320,ligands: fingerprint,0.0
LOMO,MorganBit_0321,ligands: fingerprint,0.0
LOMO,MorganBit_0322,ligands: fingerprint,0.001805381794654144
LOMO,MorganBit_0323,ligands: fingerprint,0.0010697856664260924
LOMO,MorganBit_0324,ligands: fingerprint,0.0016210984636411516
LOMO,MorganBit_0325,ligands: fingerprint,0.002624911668026318
LOMO,MorganBit_0326,ligands: fingerprint,0.0
LOMO,MorganBit_0327,ligands: fingerprint,0.0001777715281408258
LOMO,MorganBit_0328,ligands: fingerprint,0.0
LOMO,MorganBit_0329,ligands: fingerprint,0.0
LOMO,MorganBit_0330,ligands: fingerprint,0.0
LOMO,MorganBit_0331,ligands: fingerprint,0.0
LOMO,MorganBit_0332,ligands: fingerprint,0.0
LOMO,MorganBit_0333,ligands: fingerprint,5.315348159340527e-05
LOMO,MorganBit_0334,ligands: fingerprint,0.0001208897664955832
LOMO,MorganBit_0335,ligands: fingerprint,0.00018341984844495024
LOMO,MorganBit_0336,ligands: fingerprint,0.0
LOMO,MorganBit_0337,ligands: fingerprint,0.0
LOMO,MorganBit_0338,ligands: fingerprint,0.000337820210572341
LOMO,MorganBit_0339,ligands: fingerprint,0.0
LOMO,MorganBit_0340,ligands: fingerprint,0.0
LOMO,MorganBit_0341,ligands: fingerprint,0.0005479684753581563
LOMO,MorganBit_0342,ligands: fingerprint,0.0022629585116218836
LOMO,MorganBit_0343,ligands: fingerprint,0.00814168560393741
LOMO,MorganBit_0344,ligands: fingerprint,0.00020352389406798615
LOMO,MorganBit_0345,ligands: fingerprint,0.0
LOMO,MorganBit_0346,ligands: fingerprint,7.162388373212971e-06
LOMO,MorganBit_0347,ligands: fingerprint,0.0
LOMO,MorganBit_0348,ligands: fingerprint,0.0
LOMO,MorganBit_0349,ligands: fingerprint,0.0
LOMO,MorganBit_0350,ligands: fingerprint,0.005884995143633121
LOMO,MorganBit_0351,ligands: fingerprint,0.0003547733884858553
LOMO,MorganBit_0352,ligands: fingerprint,0.006231181678666175
LOMO,MorganBit_0353,ligands: fingerprint,0.0
LOMO,MorganBit_0354,ligands: fingerprint,0.00037986253474855464
LOMO,MorganBit_0355,ligands: fingerprint,0.0
LOMO,MorganBit_0356,ligands: fingerprint,0.0
LOMO,MorganBit_0357,ligands: fingerprint,0.0011961455869352775
LOMO,MorganBit_0358,ligands: fingerprint,0.0
LOMO,MorganBit_0359,ligands: fingerprint,0.00036234023366865816
LOMO,MorganBit_0360,ligands: fingerprint,1.4771741326286613e-06
LOMO,MorganBit_0361,ligands: fingerprint,0.0
LOMO,MorganBit_0362,ligands: fingerprint,2.1877985864215446e-05
LOMO,MorganBit_0363,ligands: fingerprint,0.0
LOMO,MorganBit_0364,ligands: fingerprint,0.00105473796425009
LOMO,MorganBit_0365,ligands: fingerprint,0.0
LOMO,MorganBit_0366,ligands: fingerprint,0.0011419081625390617
LOMO,MorganBit_0367,ligands: fingerprint,0.0
LOMO,MorganBit_0368,ligands: fingerprint,2.36635237615395e-06
LOMO,MorganBit_0369,ligands: fingerprint,8.607206510301556e-06
LOMO,MorganBit_0370,ligands: fingerprint,0.0
LOMO,MorganBit_0371,ligands: fingerprint,0.0
LOMO,MorganBit_0372,ligands: fingerprint,8.475053632203435e-05
LOMO,MorganBit_0373,ligands: fingerprint,5.680756462485613e-06
LOMO,MorganBit_0374,ligands: fingerprint,0.0
LOMO,MorganBit_0375,ligands: fingerprint,0.0
LOMO,MorganBit_0376,ligands: fingerprint,0.0
LOMO,MorganBit_0377,ligands: fingerprint,2.0660646265098316e-05
LOMO,MorganBit_0378,ligands: fingerprint,0.00517278670779333
LOMO,MorganBit_0379,ligands: fingerprint,0.0
LOMO,MorganBit_0380,ligands: fingerprint,0.00024217628522575868
LOMO,MorganBit_0381,ligands: fingerprint,1.1756335663998033e-05
LOMO,MorganBit_0382,ligands: fingerprint,0.0
LOMO,MorganBit_0383,ligands: fingerprint,0.002557233520835504
LOMO,MorganBit_0384,ligands: fingerprint,0.00039399533961531364
LOMO,MorganBit_0385,ligands: fingerprint,5.527022491905359e-05
LOMO,MorganBit_0386,ligands: fingerprint,0.00022039474782876653
LOMO,MorganBit_0387,ligands: fingerprint,7.088392651558931e-05
LOMO,MorganBit_0388,ligands: fingerprint,0.00018233750965288746
LOMO,MorganBit_0389,ligands: fingerprint,0.004116393029913678
LOMO,MorganBit_0390,ligands: fingerprint,0.0
LOMO,MorganBit_0391,ligands: fingerprint,0.0
LOMO,MorganBit_0392,ligands: fingerprint,0.0039137524922399115
LOMO,MorganBit_0393,ligands: fingerprint,0.0
LOMO,MorganBit_0394,ligands: fingerprint,0.000533495841532121
LOMO,MorganBit_0395,ligands: fingerprint,0.0
LOMO,MorganBit_0396,ligands: fingerprint,7.096823926741524e-05
LOMO,MorganBit_0397,ligands: fingerprint,9.19199370267914e-05
LOMO,MorganBit_0398,ligands: fingerprint,0.0019201965301668068
LOMO,MorganBit_0399,ligands: fingerprint,0.0
LOMO,MorganBit_0400,ligands: fingerprint,7.04700517974352e-05
LOMO,MorganBit_0401,ligands: fingerprint,0.0018619312405578218
LOMO,MorganBit_0402,ligands: fingerprint,0.0011912202146319463
LOMO,MorganBit_0403,ligands: fingerprint,0.0
LOMO,MorganBit_0404,ligands: fingerprint,0.0
LOMO,MorganBit_0405,ligands: fingerprint,0.0011890877983045207
LOMO,MorganBit_0406,ligands: fingerprint,1.0609106618625757e-05
LOMO,MorganBit_0407,ligands: fingerprint,0.0036609537251753865
LOMO,MorganBit_0408,ligands: fingerprint,0.0
LOMO,MorganBit_0409,ligands: fingerprint,5.04970567977684e-06
LOMO,MorganBit_0410,ligands: fingerprint,0.0
LOMO,MorganBit_0411,ligands: fingerprint,0.0
LOMO,MorganBit_0412,ligands: fingerprint,5.270647316672428e-05
LOMO,MorganBit_0413,ligands: fingerprint,0.00019300610986019133
LOMO,MorganBit_0414,ligands: fingerprint,0.000314853643168277
LOMO,MorganBit_0415,ligands: fingerprint,0.0
LOMO,MorganBit_0416,ligands: fingerprint,0.0
LOMO,MorganBit_0417,ligands: fingerprint,0.0
LOMO,MorganBit_0418,ligands: fingerprint,2.895962529000096e-05
LOMO,MorganBit_0419,ligands: fingerprint,0.0013892340297503416
LOMO,MorganBit_0420,ligands: fingerprint,0.0
LOMO,MorganBit_0421,ligands: fingerprint,0.0
LOMO,MorganBit_0422,ligands: fingerprint,2.6835042602126993e-06
LOMO,MorganBit_0423,ligands: fingerprint,0.0014790742831304392
LOMO,MorganBit_0424,ligands: fingerprint,0.0008126198527986532
LOMO,MorganBit_0425,ligands: fingerprint,0.0
LOMO,MorganBit_0426,ligands: fingerprint,0.0
LOMO,MorganBit_0427,ligands: fingerprint,0.00010542980819308693
LOMO,MorganBit_0428,ligands: fingerprint,0.0
LOMO,MorganBit_0429,ligands: fingerprint,0.0
LOMO,MorganBit_0430,ligands: fingerprint,0.0003537661886033435
LOMO,MorganBit_0431,ligands: fingerprint,4.7536607779779426e-05
LOMO,MorganBit_0432,ligands: fingerprint,0.0
LOMO,MorganBit_0433,ligands: fingerprint,0.0
LOMO,MorganBit_0434,ligands: fingerprint,0.0
LOMO,MorganBit_0435,ligands: fingerprint,0.00011337034172964964
LOMO,MorganBit_0436,ligands: fingerprint,0.0
LOMO,MorganBit_0437,ligands: fingerprint,0.0023835932129288116
LOMO,MorganBit_0438,ligands: fingerprint,0.0
LOMO,MorganBit_0439,ligands: fingerprint,0.0
LOMO,MorganBit_0440,ligands: fingerprint,5.967595717808204e-06
LOMO,MorganBit_0441,ligands: fingerprint,0.0022321008699059657
LOMO,MorganBit_0442,ligands: fingerprint,0.0
LOMO,MorganBit_0443,ligands: fingerprint,0.0
LOMO,MorganBit_0444,ligands: fingerprint,0.0
LOMO,MorganBit_0445,ligands: fingerprint,0.0
LOMO,MorganBit_0446,ligands: fingerprint,0.0
LOMO,MorganBit_0447,ligands: fingerprint,0.0
LOMO,MorganBit_0448,ligands: fingerprint,0.04919028334718459
LOMO,MorganBit_0449,ligands: fingerprint,0.004209597748525435
LOMO,MorganBit_0450,ligands: fingerprint,0.0
LOMO,MorganBit_0451,ligands: fingerprint,0.0
LOMO,MorganBit_0452,ligands: fingerprint,0.0
LOMO,MorganBit_0453,ligands: fingerprint,1.1662924710735199e-05
LOMO,MorganBit_0454,ligands: fingerprint,1.3525806381831295e-05
LOMO,MorganBit_0455,ligands: fingerprint,0.0005000822982955937
LOMO,MorganBit_0456,ligands: fingerprint,0.007303840821917724
LOMO,MorganBit_0457,ligands: fingerprint,0.0003072174181479746
LOMO,MorganBit_0458,ligands: fingerprint,0.0
LOMO,MorganBit_0459,ligands: fingerprint,0.0
LOMO,MorganBit_0460,ligands: fingerprint,0.0
LOMO,MorganBit_0461,ligands: fingerprint,1.1134843807004218e-05
LOMO,MorganBit_0462,ligands: fingerprint,0.0
LOMO,MorganBit_0463,ligands: fingerprint,0.0009793781293982564
LOMO,MorganBit_0464,ligands: fingerprint,0.0002536995802310566
LOMO,MorganBit_0465,ligands: fingerprint,0.00015210178245261182
LOMO,MorganBit_0466,ligands: fingerprint,5.913229625858751e-05
LOMO,MorganBit_0467,ligands: fingerprint,2.9410942968242117e-05
LOMO,MorganBit_0468,ligands: fingerprint,0.0
LOMO,MorganBit_0469,ligands: fingerprint,0.0033407679701492154
LOMO,MorganBit_0470,ligands: fingerprint,0.0
LOMO,MorganBit_0471,ligands: fingerprint,0.0013591007198625916
LOMO,MorganBit_0472,ligands: fingerprint,0.0
LOMO,MorganBit_0473,ligands: fingerprint,0.003963843443492203
LOMO,MorganBit_0474,ligands: fingerprint,0.0
LOMO,MorganBit_0475,ligands: fingerprint,0.0003942969991270476
LOMO,MorganBit_0476,ligands: fingerprint,0.0
LOMO,MorganBit_0477,ligands: fingerprint,0.0
LOMO,MorganBit_0478,ligands: fingerprint,1.6665801255053063e-06
LOMO,MorganBit_0479,ligands: fingerprint,2.6539034785766052e-05
LOMO,MorganBit_0480,ligands: fingerprint,0.0
LOMO,MorganBit_0481,ligands: fingerprint,0.0
LOMO,MorganBit_0482,ligands: fingerprint,0.0005673193057213739
LOMO,MorganBit_0483,ligands: fingerprint,0.0
LOMO,MorganBit_0484,ligands: fingerprint,7.59341073681432e-06
LOMO,MorganBit_0485,ligands: fingerprint,0.0
LOMO,MorganBit_0486,ligands: fingerprint,0.006837124064118056
LOMO,MorganBit_0487,ligands: fingerprint,0.0002807209898957312
LOMO,MorganBit_0488,ligands: fingerprint,0.00036866201833712247
LOMO,MorganBit_0489,ligands: fingerprint,0.0005165939682859916
LOMO,MorganBit_0490,ligands: fingerprint,0.0006912003061666607
LOMO,MorganBit_0491,ligands: fingerprint,0.0015723016573579072
LOMO,MorganBit_0492,ligands: fingerprint,0.0
LOMO,MorganBit_0493,ligands: fingerprint,0.0001412169059963391
LOMO,MorganBit_0494,ligands: fingerprint,0.0017927756981028636
LOMO,MorganBit_0495,ligands: fingerprint,0.00019056962531309503
LOMO,MorganBit_0496,ligands: fingerprint,0.0
LOMO,MorganBit_0497,ligands: fingerprint,0.002768266744821749
LOMO,MorganBit_0498,ligands: fingerprint,0.0
LOMO,MorganBit_0499,ligands: fingerprint,1.0043285437466683e-05
LOMO,MorganBit_0500,ligands: fingerprint,0.00032365629238725776
LOMO,MorganBit_0501,ligands: fingerprint,0.0004354159089343001
LOMO,MorganBit_0502,ligands: fingerprint,0.0002638921769140036
LOMO,MorganBit_0503,ligands: fingerprint,6.216941625794509e-06
LOMO,MorganBit_0504,ligands: fingerprint,0.0005511474895112851
LOMO,MorganBit_0505,ligands: fingerprint,0.0
LOMO,MorganBit_0506,ligands: fingerprint,0.0
LOMO,MorganBit_0507,ligands: fingerprint,0.002723597361126194
LOMO,MorganBit_0508,ligands: fingerprint,0.0
LOMO,MorganBit_0509,ligands: fingerprint,0.0
LOMO,MorganBit_0510,ligands: fingerprint,0.0
LOMO,MorganBit_0511,ligands: fingerprint,0.0
LOMO,MorganBit_0512,ligands: fingerprint,0.0
LOMO,MorganBit_0513,ligands: fingerprint,0.0
LOMO,MorganBit_0514,ligands: fingerprint,0.0
LOMO,MorganBit_0515,ligands: fingerprint,0.0
LOMO,MorganBit_0516,ligands: fingerprint,0.0
LOMO,MorganBit_0517,ligands: fingerprint,0.0
LOMO,MorganBit_0518,ligands: fingerprint,3.7596957070382924e-05
LOMO,MorganBit_0519,ligands: fingerprint,0.00017023068423366173
LOMO,MorganBit_0520,ligands: fingerprint,0.0006294629670421229
LOMO,MorganBit_0521,ligands: fingerprint,1.962554393057286e-05
LOMO,MorganBit_0522,ligands: fingerprint,0.0
LOMO,MorganBit_0523,ligands: fingerprint,0.00030772438280472346
LOMO,MorganBit_0524,ligands: fingerprint,0.0
LOMO,MorganBit_0525,ligands: fingerprint,1.565233121022713e-05
LOMO,MorganBit_0526,ligands: fingerprint,0.0004978456247084071
LOMO,MorganBit_0527,ligands: fingerprint,0.0016534851232468037
LOMO,MorganBit_0528,ligands: fingerprint,0.0
LOMO,MorganBit_0529,ligands: fingerprint,0.0
LOMO,MorganBit_0530,ligands: fingerprint,0.000555742374214129
LOMO,MorganBit_0531,ligands: fingerprint,0.0
LOMO,MorganBit_0532,ligands: fingerprint,0.0
LOMO,MorganBit_0533,ligands: fingerprint,4.8854911582992376e-05
LOMO,MorganBit_0534,ligands: fingerprint,0.0
LOMO,MorganBit_0535,ligands: fingerprint,0.00012757761562907154
LOMO,MorganBit_0536,ligands: fingerprint,0.0
LOMO,MorganBit_0537,ligands: fingerprint,0.0
LOMO,MorganBit_0538,ligands: fingerprint,0.0
LOMO,MorganBit_0539,ligands: fingerprint,0.0
LOMO,MorganBit_0540,ligands: fingerprint,0.0
LOMO,MorganBit_0541,ligands: fingerprint,0.00020647491186967396
LOMO,MorganBit_0542,ligands: fingerprint,0.0001431347084260837
LOMO,MorganBit_0543,ligands: fingerprint,0.0
LOMO,MorganBit_0544,ligands: fingerprint,0.0
LOMO,MorganBit_0545,ligands: fingerprint,0.0
LOMO,MorganBit_0546,ligands: fingerprint,0.0
LOMO,MorganBit_0547,ligands: fingerprint,0.00043845134864515124
LOMO,MorganBit_0548,ligands: fingerprint,0.0
LOMO,MorganBit_0549,ligands: fingerprint,0.0
LOMO,MorganBit_0550,ligands: fingerprint,0.0
LOMO,MorganBit_0551,ligands: fingerprint,0.0
LOMO,MorganBit_0552,ligands: fingerprint,0.0017931266687521287
LOMO,MorganBit_0553,ligands: fingerprint,0.0
LOMO,MorganBit_0554,ligands: fingerprint,0.00012563652678887537
LOMO,MorganBit_0555,ligands: fingerprint,0.00025859203487333364
LOMO,MorganBit_0556,ligands: fingerprint,0.0
LOMO,MorganBit_0557,ligands: fingerprint,0.00033708684645545125
LOMO,MorganBit_0558,ligands: fingerprint,0.0
LOMO,MorganBit_0559,ligands: fingerprint,0.0
LOMO,MorganBit_0560,ligands: fingerprint,0.0
LOMO,MorganBit_0561,ligands: fingerprint,0.005571948019056225
LOMO,MorganBit_0562,ligands: fingerprint,1.3230243529772385e-05
LOMO,MorganBit_0563,ligands: fingerprint,0.0
LOMO,MorganBit_0564,ligands: fingerprint,0.0006297027706382326
LOMO,MorganBit_0565,ligands: fingerprint,0.0
LOMO,MorganBit_0566,ligands: fingerprint,0.0
LOMO,MorganBit_0567,ligands: fingerprint,0.003711186672840487
LOMO,MorganBit_0568,ligands: fingerprint,0.0
LOMO,MorganBit_0569,ligands: fingerprint,0.0
LOMO,MorganBit_0570,ligands: fingerprint,0.0
LOMO,MorganBit_0571,ligands: fingerprint,0.0009332282799547107
LOMO,MorganBit_0572,ligands: fingerprint,0.0
LOMO,MorganBit_0573,ligands: fingerprint,5.4324289932872615e-05
LOMO,MorganBit_0574,ligands: fingerprint,0.0
LOMO,MorganBit_0575,ligands: fingerprint,1.0196862314773806e-05
LOMO,MorganBit_0576,ligands: fingerprint,0.0
LOMO,MorganBit_0577,ligands: fingerprint,1.9019025682358958e-05
LOMO,MorganBit_0578,ligands: fingerprint,0.0008608153013065205
LOMO,MorganBit_0579,ligands: fingerprint,0.0
LOMO,MorganBit_0580,ligands: fingerprint,0.0
LOMO,MorganBit_0581,ligands: fingerprint,0.0018811767427105977
LOMO,MorganBit_0582,ligands: fingerprint,4.820841806087249e-05
LOMO,MorganBit_0583,ligands: fingerprint,0.0
LOMO,MorganBit_0584,ligands: fingerprint,0.00134910808341324
LOMO,MorganBit_0585,ligands: fingerprint,0.0
LOMO,MorganBit_0586,ligands: fingerprint,0.0
LOMO,MorganBit_0587,ligands: fingerprint,0.0
LOMO,MorganBit_0588,ligands: fingerprint,0.0002140732144064783
LOMO,MorganBit_0589,ligands: fingerprint,0.00025288990976151337
LOMO,MorganBit_0590,ligands: fingerprint,0.0
LOMO,MorganBit_0591,ligands: fingerprint,0.0044694669826219596
LOMO,MorganBit_0592,ligands: fingerprint,2.1085927162344715e-05
LOMO,MorganBit_0593,ligands: fingerprint,0.0
LOMO,MorganBit_0594,ligands: fingerprint,0.002050683933477377
LOMO,MorganBit_0595,ligands: fingerprint,0.0
LOMO,MorganBit_0596,ligands: fingerprint,0.0
LOMO,MorganBit_0597,ligands: fingerprint,8.724872469103873e-05
LOMO,MorganBit_0598,ligands: fingerprint,0.0011685716964720554
LOMO,MorganBit_0599,ligands: fingerprint,0.0
LOMO,MorganBit_0600,ligands: fingerprint,0.00013720978742272233
LOMO,MorganBit_0601,ligands: fingerprint,0.0002599975515268336
LOMO,MorganBit_0602,ligands: fingerprint,0.0
LOMO,MorganBit_0603,ligands: fingerprint,0.0012964770691387439
LOMO,MorganBit_0604,ligands: fingerprint,0.0
LOMO,MorganBit_0605,ligands: fingerprint,0.0
LOMO,MorganBit_0606,ligands: fingerprint,4.4987182608356504e-05
LOMO,MorganBit_0607,ligands: fingerprint,0.0
LOMO,MorganBit_0608,ligands: fingerprint,0.0
LOMO,MorganBit_0609,ligands: fingerprint,6.511251336520153e-06
LOMO,MorganBit_0610,ligands: fingerprint,0.0013379674525702502
LOMO,MorganBit_0611,ligands: fingerprint,0.0008367203110161001
LOMO,MorganBit_0612,ligands: fingerprint,0.0
LOMO,MorganBit_0613,ligands: fingerprint,0.0
LOMO,MorganBit_0614,ligands: fingerprint,0.0002488087653674314
LOMO,MorganBit_0615,ligands: fingerprint,0.0
LOMO,MorganBit_0616,ligands: fingerprint,0.0
LOMO,MorganBit_0617,ligands: fingerprint,0.00010485928338710367
LOMO,MorganBit_0618,ligands: fingerprint,0.0
LOMO,MorganBit_0619,ligands: fingerprint,0.0
LOMO,MorganBit_0620,ligands: fingerprint,3.325067146045387e-06
LOMO,MorganBit_0621,ligands: fingerprint,6.52715393124076e-05
LOMO,MorganBit_0622,ligands: fingerprint,0.0
LOMO,MorganBit_0623,ligands: fingerprint,9.000354697735913e-05
LOMO,MorganBit_0624,ligands: fingerprint,7.514504008407105e-06
LOMO,MorganBit_0625,ligands: fingerprint,6.415590022866483e-05
LOMO,MorganBit_0626,ligands: fingerprint,0.019543781406260896
LOMO,MorganBit_0627,ligands: fingerprint,0.0
LOMO,MorganBit_0628,ligands: fingerprint,0.0004934647316488231
LOMO,MorganBit_0629,ligands: fingerprint,0.0076033133874278775
LOMO,MorganBit_0630,ligands: fingerprint,0.0
LOMO,MorganBit_0631,ligands: fingerprint,0.0
LOMO,MorganBit_0632,ligands: fingerprint,0.00037485883535812766
LOMO,MorganBit_0633,ligands: fingerprint,0.0
LOMO,MorganBit_0634,ligands: fingerprint,1.6468916648003463e-06
LOMO,MorganBit_0635,ligands: fingerprint,0.0006548449057287632
LOMO,MorganBit_0636,ligands: fingerprint,0.0003707749746373293
LOMO,MorganBit_0637,ligands: fingerprint,0.00011369897799719243
LOMO,MorganBit_0638,ligands: fingerprint,0.0
LOMO,MorganBit_0639,ligands: fingerprint,0.0
LOMO,MorganBit_0640,ligands: fingerprint,0.0
LOMO,MorganBit_0641,ligands: fingerprint,2.559505046342274e-06
LOMO,MorganBit_0642,ligands: fingerprint,0.00014986344350384901
LOMO,MorganBit_0643,ligands: fingerprint,0.0
LOMO,MorganBit_0644,ligands: fingerprint,8.365380386586329e-05
LOMO,MorganBit_0645,ligands: fingerprint,0.0001876176693206516
LOMO,MorganBit_0646,ligands: fingerprint,0.0
LOMO,MorganBit_0647,ligands: fingerprint,0.00037675241810518193
LOMO,MorganBit_0648,ligands: fingerprint,0.0
LOMO,MorganBit_0649,ligands: fingerprint,0.0
LOMO,MorganBit_0650,ligands: fingerprint,0.015907113962791028
LOMO,MorganBit_0651,ligands: fingerprint,0.0
LOMO,MorganBit_0652,ligands: fingerprint,0.0
LOMO,MorganBit_0653,ligands: fingerprint,0.0
LOMO,MorganBit_0654,ligands: fingerprint,0.00022029364900766197
LOMO,MorganBit_0655,ligands: fingerprint,1.321209439010535e-05
LOMO,MorganBit_0656,ligands: fingerprint,0.008002296392399657
LOMO,MorganBit_0657,ligands: fingerprint,0.0
LOMO,MorganBit_0658,ligands: fingerprint,0.0
LOMO,MorganBit_0659,ligands: fingerprint,0.0
LOMO,MorganBit_0660,ligands: fingerprint,0.0
LOMO,MorganBit_0661,ligands: fingerprint,0.0020332219616031677
LOMO,MorganBit_0662,ligands: fingerprint,0.0
LOMO,MorganBit_0663,ligands: fingerprint,0.0002512371578497806
LOMO,MorganBit_0664,ligands: fingerprint,0.0
LOMO,MorganBit_0665,ligands: fingerprint,0.0
LOMO,MorganBit_0666,ligands: fingerprint,7.437241233656958e-05
LOMO,MorganBit_0667,ligands: fingerprint,0.0009735440493203767
LOMO,MorganBit_0668,ligands: fingerprint,1.4874198869840079e-05
LOMO,MorganBit_0669,ligands: fingerprint,0.0008132770341917677
LOMO,MorganBit_0670,ligands: fingerprint,2.48277102582718e-06
LOMO,MorganBit_0671,ligands: fingerprint,0.0
LOMO,MorganBit_0672,ligands: fingerprint,0.0009567181199426462
LOMO,MorganBit_0673,ligands: fingerprint,0.0028287586444389386
LOMO,MorganBit_0674,ligands: fingerprint,0.004060779979361005
LOMO,MorganBit_0675,ligands: fingerprint,0.0008122085101782044
LOMO,MorganBit_0676,ligands: fingerprint,0.0027203323235100254
LOMO,MorganBit_0677,ligands: fingerprint,0.0001620429435353048
LOMO,MorganBit_0678,ligands: fingerprint,8.556126589898794e-05
LOMO,MorganBit_0679,ligands: fingerprint,0.000267180513906233
LOMO,MorganBit_0680,ligands: fingerprint,0.0022928189002192714
LOMO,MorganBit_0681,ligands: fingerprint,0.0
LOMO,MorganBit_0682,ligands: fingerprint,8.42006754014105e-06
LOMO,MorganBit_0683,ligands: fingerprint,0.0
LOMO,MorganBit_0684,ligands: fingerprint,2.0047845468414754e-05
LOMO,MorganBit_0685,ligands: fingerprint,0.0
LOMO,MorganBit_0686,ligands: fingerprint,0.0018057509452358651
LOMO,MorganBit_0687,ligands: fingerprint,1.4701352823403454e-05
LOMO,MorganBit_0688,ligands: fingerprint,0.0
LOMO,MorganBit_0689,ligands: fingerprint,0.0
LOMO,MorganBit_0690,ligands: fingerprint,0.0
LOMO,MorganBit_0691,ligands: fingerprint,0.0004676281176946246
LOMO,MorganBit_0692,ligands: fingerprint,1.1163661023420604e-05
LOMO,MorganBit_0693,ligands: fingerprint,0.0
LOMO,MorganBit_0694,ligands: fingerprint,0.005894706127410981
LOMO,MorganBit_0695,ligands: fingerprint,0.002530885725123477
LOMO,MorganBit_0696,ligands: fingerprint,0.0
LOMO,MorganBit_0697,ligands: fingerprint,0.0
LOMO,MorganBit_0698,ligands: fingerprint,0.0005925226101141166
LOMO,MorganBit_0699,ligands: fingerprint,0.0001294609888420368
LOMO,MorganBit_0700,ligands: fingerprint,0.004050245060660401
LOMO,MorganBit_0701,ligands: fingerprint,7.370709585715575e-05
LOMO,MorganBit_0702,ligands: fingerprint,0.0
LOMO,MorganBit_0703,ligands: fingerprint,0.002735409901401383
LOMO,MorganBit_0704,ligands: fingerprint,0.0
LOMO,MorganBit_0705,ligands: fingerprint,0.0
LOMO,MorganBit_0706,ligands: fingerprint,0.0
LOMO,MorganBit_0707,ligands: fingerprint,0.0
LOMO,MorganBit_0708,ligands: fingerprint,2.253395455929459e-05
LOMO,MorganBit_0709,ligands: fingerprint,0.0
LOMO,MorganBit_0710,ligands: fingerprint,0.00035137288121121134
LOMO,MorganBit_0711,ligands: fingerprint,0.0
LOMO,MorganBit_0712,ligands: fingerprint,3.994465575009374e-05
LOMO,MorganBit_0713,ligands: fingerprint,0.00045134353951997556
LOMO,MorganBit_0714,ligands: fingerprint,0.0
LOMO,MorganBit_0715,ligands: fingerprint,0.003940139864599002
LOMO,MorganBit_0716,ligands: fingerprint,0.00045083964208604446
LOMO,MorganBit_0717,ligands: fingerprint,8.082015360898019e-05
LOMO,MorganBit_0718,ligands: fingerprint,0.001309728892566978
LOMO,MorganBit_0719,ligands: fingerprint,0.0007144164127803382
LOMO,MorganBit_0720,ligands: fingerprint,0.0
LOMO,MorganBit_0721,ligands: fingerprint,0.0
LOMO,MorganBit_0722,ligands: fingerprint,0.0
LOMO,MorganBit_0723,ligands: fingerprint,0.007449277494590407
LOMO,MorganBit_0724,ligands: fingerprint,0.001634928943954389
LOMO,MorganBit_0725,ligands: fingerprint,0.011982146525221917
LOMO,MorganBit_0726,ligands: fingerprint,0.0
LOMO,MorganBit_0727,ligands: fingerprint,0.0013841045598329063
LOMO,MorganBit_0728,ligands: fingerprint,0.00012848075947421967
LOMO,MorganBit_0729,ligands: fingerprint,0.00016726483843766866
LOMO,MorganBit_0730,ligands: fingerprint,0.0
LOMO,MorganBit_0731,ligands: fingerprint,0.0
LOMO,MorganBit_0732,ligands: fingerprint,0.0
LOMO,MorganBit_0733,ligands: fingerprint,0.0
LOMO,MorganBit_0734,ligands: fingerprint,0.0
LOMO,MorganBit_0735,ligands: fingerprint,0.002204069299221544
LOMO,MorganBit_0736,ligands: fingerprint,0.004391524872347658
LOMO,MorganBit_0737,ligands: fingerprint,0.0012514509511030942
LOMO,MorganBit_0738,ligands: fingerprint,0.0
LOMO,MorganBit_0739,ligands: fingerprint,0.001077218226863107
LOMO,MorganBit_0740,ligands: fingerprint,0.0
LOMO,MorganBit_0741,ligands: fingerprint,0.0
LOMO,MorganBit_0742,ligands: fingerprint,0.0
LOMO,MorganBit_0743,ligands: fingerprint,0.0006537533427692128
LOMO,MorganBit_0744,ligands: fingerprint,0.00014606735773508705
LOMO,MorganBit_0745,ligands: fingerprint,0.00013479116870218936
LOMO,MorganBit_0746,ligands: fingerprint,0.0
LOMO,MorganBit_0747,ligands: fingerprint,0.0
LOMO,MorganBit_0748,ligands: fingerprint,0.0
LOMO,MorganBit_0749,ligands: fingerprint,0.0
LOMO,MorganBit_0750,ligands: fingerprint,0.0005361349060123188
LOMO,MorganBit_0751,ligands: fingerprint,0.0011553194429395276
LOMO,MorganBit_0752,ligands: fingerprint,0.0
LOMO,MorganBit_0753,ligands: fingerprint,0.0005387555383233584
LOMO,MorganBit_0754,ligands: fingerprint,0.00019230581910621876
LOMO,MorganBit_0755,ligands: fingerprint,0.0
LOMO,MorganBit_0756,ligands: fingerprint,0.0
LOMO,MorganBit_0757,ligands: fingerprint,8.158244748309178e-06
LOMO,MorganBit_0758,ligands: fingerprint,0.0
LOMO,MorganBit_0759,ligands: fingerprint,0.0017888050139337663
LOMO,MorganBit_0760,ligands: fingerprint,0.00015641261197740276
LOMO,MorganBit_0761,ligands: fingerprint,0.0
LOMO,MorganBit_0762,ligands: fingerprint,0.0
LOMO,MorganBit_0763,ligands: fingerprint,3.4131168145734407e-06
LOMO,MorganBit_0764,ligands: fingerprint,0.0
LOMO,MorganBit_0765,ligands: fingerprint,0.0
LOMO,MorganBit_0766,ligands: fingerprint,0.0002591294008064569
LOMO,MorganBit_0767,ligands: fingerprint,0.00012451786639375943
LOMO,MorganBit_0768,ligands: fingerprint,0.0
LOMO,MorganBit_0769,ligands: fingerprint,0.00034272628064820917
LOMO,MorganBit_0770,ligands: fingerprint,0.0
LOMO,MorganBit_0771,ligands: fingerprint,0.001998520319819118
LOMO,MorganBit_0772,ligands: fingerprint,0.0
LOMO,MorganBit_0773,ligands: fingerprint,0.0004993615600870541
LOMO,MorganBit_0774,ligands: fingerprint,2.3558924265880006e-06
LOMO,MorganBit_0775,ligands: fingerprint,0.0
LOMO,MorganBit_0776,ligands: fingerprint,0.0
LOMO,MorganBit_0777,ligands: fingerprint,0.0
LOMO,MorganBit_0778,ligands: fingerprint,0.0
LOMO,MorganBit_0779,ligands: fingerprint,0.0006524579928587805
LOMO,MorganBit_0780,ligands: fingerprint,0.0007812478490250717
LOMO,MorganBit_0781,ligands: fingerprint,0.00031629340271005567
LOMO,MorganBit_0782,ligands: fingerprint,0.00038855211816548707
LOMO,MorganBit_0783,ligands: fingerprint,9.648616671610224e-05
LOMO,MorganBit_0784,ligands: fingerprint,0.0002115122577442751
LOMO,MorganBit_0785,ligands: fingerprint,0.00367479871278519
LOMO,MorganBit_0786,ligands: fingerprint,0.00014254330031204828
LOMO,MorganBit_0787,ligands: fingerprint,0.009070999146713067
LOMO,MorganBit_0788,ligands: fingerprint,0.0
LOMO,MorganBit_0789,ligands: fingerprint,0.0005802984964554254
LOMO,MorganBit_0790,ligands: fingerprint,0.004621713685489417
LOMO,MorganBit_0791,ligands: fingerprint,0.0
LOMO,MorganBit_0792,ligands: fingerprint,0.0
LOMO,MorganBit_0793,ligands: fingerprint,0.0
LOMO,MorganBit_0794,ligands: fingerprint,0.009454158832447167
LOMO,MorganBit_0795,ligands: fingerprint,0.0
LOMO,MorganBit_0796,ligands: fingerprint,0.0
LOMO,MorganBit_0797,ligands: fingerprint,8.467080875023453e-06
LOMO,MorganBit_0798,ligands: fingerprint,8.783113481987416e-05
LOMO,MorganBit_0799,ligands: fingerprint,0.0011918314047274546
LOMO,MorganBit_0800,ligands: fingerprint,0.0
LOMO,MorganBit_0801,ligands: fingerprint,0.0
LOMO,MorganBit_0802,ligands: fingerprint,0.0028280763600988215
LOMO,MorganBit_0803,ligands: fingerprint,0.0
LOMO,MorganBit_0804,ligands: fingerprint,0.0011422834864633401
LOMO,MorganBit_0805,ligands: fingerprint,0.0
LOMO,MorganBit_0806,ligands: fingerprint,0.0013704103133227374
LOMO,MorganBit_0807,ligands: fingerprint,0.010936276534679556
LOMO,MorganBit_0808,ligands: fingerprint,0.0
LOMO,MorganBit_0809,ligands: fingerprint,0.00029684125081648363
LOMO,MorganBit_0810,ligands: fingerprint,0.0
LOMO,MorganBit_0811,ligands: fingerprint,0.0
LOMO,MorganBit_0812,ligands: fingerprint,0.0
LOMO,MorganBit_0813,ligands: fingerprint,0.0
LOMO,MorganBit_0814,ligands: fingerprint,2.90775413261625e-05
LOMO,MorganBit_0815,ligands: fingerprint,0.0003235057250021607
LOMO,MorganBit_0816,ligands: fingerprint,0.0001017237093302398
LOMO,MorganBit_0817,ligands: fingerprint,0.0
LOMO,MorganBit_0818,ligands: fingerprint,4.306030017680351e-06
LOMO,MorganBit_0819,ligands: fingerprint,0.0
LOMO,MorganBit_0820,ligands: fingerprint,0.0
LOMO,MorganBit_0821,ligands: fingerprint,0.00010540952517840904
LOMO,MorganBit_0822,ligands: fingerprint,0.0
LOMO,MorganBit_0823,ligands: fingerprint,0.0008426511264949265
LOMO,MorganBit_0824,ligands: fingerprint,0.0
LOMO,MorganBit_0825,ligands: fingerprint,0.0
LOMO,MorganBit_0826,ligands: fingerprint,0.0
LOMO,MorganBit_0827,ligands: fingerprint,6.0259689350239465e-06
LOMO,MorganBit_0828,ligands: fingerprint,6.568803466285013e-06
LOMO,MorganBit_0829,ligands: fingerprint,0.0018946411218907595
LOMO,MorganBit_0830,ligands: fingerprint,0.0
LOMO,MorganBit_0831,ligands: fingerprint,0.0001522179163054011
LOMO,MorganBit_0832,ligands: fingerprint,4.413493026911288e-05
LOMO,MorganBit_0833,ligands: fingerprint,0.00020658993620642117
LOMO,MorganBit_0834,ligands: fingerprint,0.00010043412343665591
LOMO,MorganBit_0835,ligands: fingerprint,0.0005008843532852162
LOMO,MorganBit_0836,ligands: fingerprint,0.0051616012631780376
LOMO,MorganBit_0837,ligands: fingerprint,0.0002639372626273902
LOMO,MorganBit_0838,ligands: fingerprint,0.0008190866781927398
LOMO,MorganBit_0839,ligands: fingerprint,0.0008943286315354849
LOMO,MorganBit_0840,ligands: fingerprint,0.00011684458551903191
LOMO,MorganBit_0841,ligands: fingerprint,0.0021588979751395497
LOMO,MorganBit_0842,ligands: fingerprint,0.0
LOMO,MorganBit_0843,ligands: fingerprint,0.0016267535892135606
LOMO,MorganBit_0844,ligands: fingerprint,0.00022896512292306813
LOMO,MorganBit_0845,ligands: fingerprint,4.8790362952610375e-05
LOMO,MorganBit_0846,ligands: fingerprint,0.00031221321025736375
LOMO,MorganBit_0847,ligands: fingerprint,0.0
LOMO,MorganBit_0848,ligands: fingerprint,0.0
LOMO,MorganBit_0849,ligands: fingerprint,1.8170698080224672e-06
LOMO,MorganBit_0850,ligands: fingerprint,0.0012952728788860508
LOMO,MorganBit_0851,ligands: fingerprint,0.0
LOMO,MorganBit_0852,ligands: fingerprint,0.0
LOMO,MorganBit_0853,ligands: fingerprint,0.0
LOMO,MorganBit_0854,ligands: fingerprint,6.980422580466034e-06
LOMO,MorganBit_0855,ligands: fingerprint,0.0008326292979790814
LOMO,MorganBit_0856,ligands: fingerprint,0.0
LOMO,MorganBit_0857,ligands: fingerprint,0.00010515341806334901
LOMO,MorganBit_0858,ligands: fingerprint,0.0
LOMO,MorganBit_0859,ligands: fingerprint,0.0
LOMO,MorganBit_0860,ligands: fingerprint,0.0003060009563429152
LOMO,MorganBit_0861,ligands: fingerprint,0.0
LOMO,MorganBit_0862,ligands: fingerprint,0.002166451310985624
LOMO,MorganBit_0863,ligands: fingerprint,0.0002910522767727831
LOMO,MorganBit_0864,ligands: fingerprint,0.0029277847096404095
LOMO,MorganBit_0865,ligands: fingerprint,0.0
LOMO,MorganBit_0866,ligands: fingerprint,0.0
LOMO,MorganBit_0867,ligands: fingerprint,6.676856012161332e-05
LOMO,MorganBit_0868,ligands: fingerprint,0.0
LOMO,MorganBit_0869,ligands: fingerprint,0.0
LOMO,MorganBit_0870,ligands: fingerprint,0.0
LOMO,MorganBit_0871,ligands: fingerprint,0.0
LOMO,MorganBit_0872,ligands: fingerprint,0.0
LOMO,MorganBit_0873,ligands: fingerprint,3.361218608280466e-06
LOMO,MorganBit_0874,ligands: fingerprint,0.0
LOMO,MorganBit_0875,ligands: fingerprint,0.010083190035645125
LOMO,MorganBit_0876,ligands: fingerprint,0.0
LOMO,MorganBit_0877,ligands: fingerprint,0.00046868984110570575
LOMO,MorganBit_0878,ligands: fingerprint,0.0019185997822914423
LOMO,MorganBit_0879,ligands: fingerprint,0.0010552260574537007
LOMO,MorganBit_0880,ligands: fingerprint,0.0038545086557045674
LOMO,MorganBit_0881,ligands: fingerprint,0.003670232715066108
LOMO,MorganBit_0882,ligands: fingerprint,3.262577050075073e-05
LOMO,MorganBit_0883,ligands: fingerprint,0.0014117461195808554
LOMO,MorganBit_0884,ligands: fingerprint,0.0005528077819356146
LOMO,MorganBit_0885,ligands: fingerprint,2.5692709982398384e-05
LOMO,MorganBit_0886,ligands: fingerprint,0.0
LOMO,MorganBit_0887,ligands: fingerprint,0.0006006640102495495
LOMO,MorganBit_0888,ligands: fingerprint,0.0014400253085321915
LOMO,MorganBit_0889,ligands: fingerprint,4.6289415092234045e-06
LOMO,MorganBit_0890,ligands: fingerprint,0.001526304734986312
LOMO,MorganBit_0891,ligands: fingerprint,0.0
LOMO,MorganBit_0892,ligands: fingerprint,0.0023361920594162193
LOMO,MorganBit_0893,ligands: fingerprint,4.507278012669826e-05
LOMO,MorganBit_0894,ligands: fingerprint,5.199274459123668e-06
LOMO,MorganBit_0895,ligands: fingerprint,2.1090574042870343e-05
LOMO,MorganBit_0896,ligands: fingerprint,0.002226446394762928
LOMO,MorganBit_0897,ligands: fingerprint,0.0
LOMO,MorganBit_0898,ligands: fingerprint,0.00016819544995412122
LOMO,MorganBit_0899,ligands: fingerprint,0.0
LOMO,MorganBit_0900,ligands: fingerprint,0.000384406384107163
LOMO,MorganBit_0901,ligands: fingerprint,0.00010558868110671536
LOMO,MorganBit_0902,ligands: fingerprint,7.140539865466049e-06
LOMO,MorganBit_0903,ligands: fingerprint,0.0
LOMO,MorganBit_0904,ligands: fingerprint,0.0
LOMO,MorganBit_0905,ligands: fingerprint,0.0
LOMO,MorganBit_0906,ligands: fingerprint,0.0013739996895355392
LOMO,MorganBit_0907,ligands: fingerprint,0.0
LOMO,MorganBit_0908,ligands: fingerprint,0.0
LOMO,MorganBit_0909,ligands: fingerprint,0.00026625911555546355
LOMO,MorganBit_0910,ligands: fingerprint,0.0001971680277586227
LOMO,MorganBit_0911,ligands: fingerprint,0.0001335971488881037
LOMO,MorganBit_0912,ligands: fingerprint,4.676867449746877e-06
LOMO,MorganBit_0913,ligands: fingerprint,6.261045348869497e-05
LOMO,MorganBit_0914,ligands: fingerprint,0.0003582688313284526
LOMO,MorganBit_0915,ligands: fingerprint,0.0019051841059409466
LOMO,MorganBit_0916,ligands: fingerprint,0.0
LOMO,MorganBit_0917,ligands: fingerprint,0.0002788991085919062
LOMO,MorganBit_0918,ligands: fingerprint,0.0
LOMO,MorganBit_0919,ligands: fingerprint,0.0012423093818658341
LOMO,MorganBit_0920,ligands: fingerprint,0.00031420331265752453
LOMO,MorganBit_0921,ligands: fingerprint,0.0
LOMO,MorganBit_0922,ligands: fingerprint,6.505262927207809e-05
LOMO,MorganBit_0923,ligands: fingerprint,0.00012170911796043592
LOMO,MorganBit_0924,ligands: fingerprint,0.00087625422726828
LOMO,MorganBit_0925,ligands: fingerprint,0.0
LOMO,MorganBit_0926,ligands: fingerprint,0.0038286821135620954
LOMO,MorganBit_0927,ligands: fingerprint,3.4661141851964385e-05
LOMO,MorganBit_0928,ligands: fingerprint,1.0463734889606857e-05
LOMO,MorganBit_0929,ligands: fingerprint,0.0009309056564317691
LOMO,MorganBit_0930,ligands: fingerprint,0.0005981402271752626
LOMO,MorganBit_0931,ligands: fingerprint,0.0006623754143630377
LOMO,MorganBit_0932,ligands: fingerprint,0.0022995424908232084
LOMO,MorganBit_0933,ligands: fingerprint,0.0
LOMO,MorganBit_0934,ligands: fingerprint,1.4613934012023638e-05
LOMO,MorganBit_0935,ligands: fingerprint,0.009337329045218716
LOMO,MorganBit_0936,ligands: fingerprint,2.862687951012481e-05
LOMO,MorganBit_0937,ligands: fingerprint,0.00015678902250579406
LOMO,MorganBit_0938,ligands: fingerprint,0.0
LOMO,MorganBit_0939,ligands: fingerprint,0.0
LOMO,MorganBit_0940,ligands: fingerprint,0.0010009418918317347
LOMO,MorganBit_0941,ligands: fingerprint,0.0
LOMO,MorganBit_0942,ligands: fingerprint,0.0
LOMO,MorganBit_0943,ligands: fingerprint,0.00017559310481432317
LOMO,MorganBit_0944,ligands: fingerprint,0.0
LOMO,MorganBit_0945,ligands: fingerprint,0.00016079471266582687
LOMO,MorganBit_0946,ligands: fingerprint,0.0
LOMO,MorganBit_0947,ligands: fingerprint,0.002449645286118273
LOMO,MorganBit_0948,ligands: fingerprint,0.0
LOMO,MorganBit_0949,ligands: fingerprint,0.0
LOMO,MorganBit_0950,ligands: fingerprint,0.00012457061152134296
LOMO,MorganBit_0951,ligands: fingerprint,0.0
LOMO,MorganBit_0952,ligands: fingerprint,0.0014271745584179586
LOMO,MorganBit_0953,ligands: fingerprint,0.0
LOMO,MorganBit_0954,ligands: fingerprint,0.0022553679992243915
LOMO,MorganBit_0955,ligands: fingerprint,0.0
LOMO,MorganBit_0956,ligands: fingerprint,0.0021675497796329476
LOMO,MorganBit_0957,ligands: fingerprint,0.0
LOMO,MorganBit_0958,ligands: fingerprint,0.0
LOMO,MorganBit_0959,ligands: fingerprint,0.0
LOMO,MorganBit_0960,ligands: fingerprint,0.00034439508184529313
LOMO,MorganBit_0961,ligands: fingerprint,0.001727159981540242
LOMO,MorganBit_0962,ligands: fingerprint,0.0
LOMO,MorganBit_0963,ligands: fingerprint,0.0018892017762635015
LOMO,MorganBit_0964,ligands: fingerprint,0.0
LOMO,MorganBit_0965,ligands: fingerprint,8.137107013830513e-06
LOMO,MorganBit_0966,ligands: fingerprint,0.0026969730054180615
LOMO,MorganBit_0967,ligands: fingerprint,0.00013351511435139262
LOMO,MorganBit_0968,ligands: fingerprint,0.0
LOMO,MorganBit_0969,ligands: fingerprint,0.0
LOMO,MorganBit_0970,ligands: fingerprint,0.0
LOMO,MorganBit_0971,ligands: fingerprint,4.064118139563205e-05
LOMO,MorganBit_0972,ligands: fingerprint,0.0014131345709241982
LOMO,MorganBit_0973,ligands: fingerprint,0.0001386520061417553
LOMO,MorganBit_0974,ligands: fingerprint,0.00024671231392249776
LOMO,MorganBit_0975,ligands: fingerprint,0.0
LOMO,MorganBit_0976,ligands: fingerprint,0.0
LOMO,MorganBit_0977,ligands: fingerprint,0.0
LOMO,MorganBit_0978,ligands: fingerprint,0.0002816243687706988
LOMO,MorganBit_0979,ligands: fingerprint,0.0
LOMO,MorganBit_0980,ligands: fingerprint,0.0034328540055333593
LOMO,MorganBit_0981,ligands: fingerprint,0.002102791195834582
LOMO,MorganBit_0982,ligands: fingerprint,0.0
LOMO,MorganBit_0983,ligands: fingerprint,0.00048043992613601004
LOMO,MorganBit_0984,ligands: fingerprint,0.007017542372851961
LOMO,MorganBit_0985,ligands: fingerprint,0.0
LOMO,MorganBit_0986,ligands: fingerprint,0.0
LOMO,MorganBit_0987,ligands: fingerprint,0.0005842603282415361
LOMO,MorganBit_0988,ligands: fingerprint,0.0005042102097698499
LOMO,MorganBit_0989,ligands: fingerprint,0.0
LOMO,MorganBit_0990,ligands: fingerprint,0.0
LOMO,MorganBit_0991,ligands: fingerprint,0.0
LOMO,MorganBit_0992,ligands: fingerprint,0.00033926361107879176
LOMO,MorganBit_0993,ligands: fingerprint,0.0002526453525390661
LOMO,MorganBit_0994,ligands: fingerprint,3.8623042130003305e-06
LOMO,MorganBit_0995,ligands: fingerprint,0.0
LOMO,MorganBit_0996,ligands: fingerprint,0.00018793297224478466
LOMO,MorganBit_0997,ligands: fingerprint,0.0003110842416692746
LOMO,MorganBit_0998,ligands: fingerprint,9.363843733091121e-06
LOMO,MorganBit_0999,ligands: fingerprint,0.0
LOMO,MorganBit_1000,ligands: fingerprint,0.0
LOMO,MorganBit_1001,ligands: fingerprint,0.0
LOMO,MorganBit_1002,ligands: fingerprint,0.0
LOMO,MorganBit_1003,ligands: fingerprint,0.00040385423191938055
LOMO,MorganBit_1004,ligands: fingerprint,0.0008310949888502479
LOMO,MorganBit_1005,ligands: fingerprint,0.0
LOMO,MorganBit_1006,ligands: fingerprint,0.0
LOMO,MorganBit_1007,ligands: fingerprint,0.0
LOMO,MorganBit_1008,ligands: fingerprint,0.0
LOMO,MorganBit_1009,ligands: fingerprint,0.0
LOMO,MorganBit_1010,ligands: fingerprint,0.0
LOMO,MorganBit_1011,ligands: fingerprint,0.00010431600167572498
LOMO,MorganBit_1012,ligands: fingerprint,2.5362284079538456e-05
LOMO,MorganBit_1013,ligands: fingerprint,4.40204802746524e-05
LOMO,MorganBit_1014,ligands: fingerprint,0.00019677484822600027
LOMO,MorganBit_1015,ligands: fingerprint,0.0
LOMO,MorganBit_1016,ligands: fingerprint,0.0
LOMO,MorganBit_1017,ligands: fingerprint,0.0016253604953046917
LOMO,MorganBit_1018,ligands: fingerprint,0.0
LOMO,MorganBit_1019,ligands: fingerprint,0.0013760540222678697
LOMO,MorganBit_1020,ligands: fingerprint,0.0
LOMO,MorganBit_1021,ligands: fingerprint,6.58776993290324e-05
LOMO,MorganBit_1022,ligands: fingerprint,1.6403455438031665e-06
LOMO,MorganBit_1023,ligands: fingerprint,0.0
LOMO,MorganBit_1024,ligands: fingerprint,5.949767573640318e-05
LOMO,MorganBit_1025,ligands: fingerprint,0.002723893648995257
LOMO,MorganBit_1026,ligands: fingerprint,0.0
LOMO,MorganBit_1027,ligands: fingerprint,0.0005121902153263882
LOMO,MorganBit_1028,ligands: fingerprint,0.005358772946889705
LOMO,MorganBit_1029,ligands: fingerprint,1.587332185127802e-05
LOMO,MorganBit_1030,ligands: fingerprint,0.0
LOMO,MorganBit_1031,ligands: fingerprint,0.0
LOMO,MorganBit_1032,ligands: fingerprint,0.0
LOMO,MorganBit_1033,ligands: fingerprint,0.0
LOMO,MorganBit_1034,ligands: fingerprint,0.00014351691647132242
LOMO,MorganBit_1035,ligands: fingerprint,0.00498606117667496
LOMO,MorganBit_1036,ligands: fingerprint,0.0
LOMO,MorganBit_1037,ligands: fingerprint,3.8701445538165376e-05
LOMO,MorganBit_1038,ligands: fingerprint,0.0
LOMO,MorganBit_1039,ligands: fingerprint,0.0029709539859222116
LOMO,MorganBit_1040,ligands: fingerprint,0.0
LOMO,MorganBit_1041,ligands: fingerprint,0.0
LOMO,MorganBit_1042,ligands: fingerprint,0.0
LOMO,MorganBit_1043,ligands: fingerprint,0.01006531169294896
LOMO,MorganBit_1044,ligands: fingerprint,0.0
LOMO,MorganBit_1045,ligands: fingerprint,0.0007290118816996934
LOMO,MorganBit_1046,ligands: fingerprint,0.0
LOMO,MorganBit_1047,ligands: fingerprint,0.0001685091782605699
LOMO,MorganBit_1048,ligands: fingerprint,0.00029186317252160443
LOMO,MorganBit_1049,ligands: fingerprint,0.0002722383837901829
LOMO,MorganBit_1050,ligands: fingerprint,0.0
LOMO,MorganBit_1051,ligands: fingerprint,0.0
LOMO,MorganBit_1052,ligands: fingerprint,0.0
LOMO,MorganBit_1053,ligands: fingerprint,0.0014690158679592992
LOMO,MorganBit_1054,ligands: fingerprint,0.0
LOMO,MorganBit_1055,ligands: fingerprint,0.003104277368695539
LOMO,MorganBit_1056,ligands: fingerprint,0.0
LOMO,MorganBit_1057,ligands: fingerprint,0.03265669347651383
LOMO,MorganBit_1058,ligands: fingerprint,0.0
LOMO,MorganBit_1059,ligands: fingerprint,0.0
LOMO,MorganBit_1060,ligands: fingerprint,0.00045499342819077017
LOMO,MorganBit_1061,ligands: fingerprint,0.0
LOMO,MorganBit_1062,ligands: fingerprint,4.312382793888231e-06
LOMO,MorganBit_1063,ligands: fingerprint,0.0023477614671829896
LOMO,MorganBit_1064,ligands: fingerprint,0.002512457396891708
LOMO,MorganBit_1065,ligands: fingerprint,0.0
LOMO,MorganBit_1066,ligands: fingerprint,0.001327982336256295
LOMO,MorganBit_1067,ligands: fingerprint,0.0
LOMO,MorganBit_1068,ligands: fingerprint,0.0
LOMO,MorganBit_1069,ligands: fingerprint,0.00022037452426638452
LOMO,MorganBit_1070,ligands: fingerprint,1.1740861377583459e-05
LOMO,MorganBit_1071,ligands: fingerprint,0.00018427268494030377
LOMO,MorganBit_1072,ligands: fingerprint,0.00040641147112307287
LOMO,MorganBit_1073,ligands: fingerprint,0.0004756837403192168
LOMO,MorganBit_1074,ligands: fingerprint,0.0
LOMO,MorganBit_1075,ligands: fingerprint,0.0
LOMO,MorganBit_1076,ligands: fingerprint,0.0
LOMO,MorganBit_1077,ligands: fingerprint,0.0003917168993546004
LOMO,MorganBit_1078,ligands: fingerprint,0.0
LOMO,MorganBit_1079,ligands: fingerprint,0.0
LOMO,MorganBit_1080,ligands: fingerprint,0.0026272857667286164
LOMO,MorganBit_1081,ligands: fingerprint,0.0
LOMO,MorganBit_1082,ligands: fingerprint,0.0030072817382964527
LOMO,MorganBit_1083,ligands: fingerprint,0.0008467757592389908
LOMO,MorganBit_1084,ligands: fingerprint,0.0
LOMO,MorganBit_1085,ligands: fingerprint,0.0
LOMO,MorganBit_1086,ligands: fingerprint,0.0011902741502817329
LOMO,MorganBit_1087,ligands: fingerprint,0.010560299492628716
LOMO,MorganBit_1088,ligands: fingerprint,0.009485643811247717
LOMO,MorganBit_1089,ligands: fingerprint,4.8855408815338663e-05
LOMO,MorganBit_1090,ligands: fingerprint,0.0
LOMO,MorganBit_1091,ligands: fingerprint,0.0
LOMO,MorganBit_1092,ligands: fingerprint,0.0
LOMO,MorganBit_1093,ligands: fingerprint,4.181874580885861e-05
LOMO,MorganBit_1094,ligands: fingerprint,0.0
LOMO,MorganBit_1095,ligands: fingerprint,1.6085176849022683e-05
LOMO,MorganBit_1096,ligands: fingerprint,0.0019878618488539386
LOMO,MorganBit_1097,ligands: fingerprint,0.0013613600052999832
LOMO,MorganBit_1098,ligands: fingerprint,0.0
LOMO,MorganBit_1099,ligands: fingerprint,6.735453859063762e-05
LOMO,MorganBit_1100,ligands: fingerprint,0.013698600769143275
LOMO,MorganBit_1101,ligands: fingerprint,0.0005007866479495978
LOMO,MorganBit_1102,ligands: fingerprint,0.00043485694112369467
LOMO,MorganBit_1103,ligands: fingerprint,0.0
LOMO,MorganBit_1104,ligands: fingerprint,0.004758706682987918
LOMO,MorganBit_1105,ligands: fingerprint,0.0
LOMO,MorganBit_1106,ligands: fingerprint,0.0
LOMO,MorganBit_1107,ligands: fingerprint,4.7242073461897074e-05
LOMO,MorganBit_1108,ligands: fingerprint,0.0
LOMO,MorganBit_1109,ligands: fingerprint,0.0008900646934736504
LOMO,MorganBit_1110,ligands: fingerprint,1.022873953842088e-05
LOMO,MorganBit_1111,ligands: fingerprint,0.0
LOMO,MorganBit_1112,ligands: fingerprint,0.0
LOMO,MorganBit_1113,ligands: fingerprint,0.0
LOMO,MorganBit_1114,ligands: fingerprint,0.004652597807318218
LOMO,MorganBit_1115,ligands: fingerprint,0.0
LOMO,MorganBit_1116,ligands: fingerprint,0.0
LOMO,MorganBit_1117,ligands: fingerprint,0.0
LOMO,MorganBit_1118,ligands: fingerprint,5.625974117753725e-05
LOMO,MorganBit_1119,ligands: fingerprint,0.00015819242146302234
LOMO,MorganBit_1120,ligands: fingerprint,8.00612735528006e-06
LOMO,MorganBit_1121,ligands: fingerprint,0.0
LOMO,MorganBit_1122,ligands: fingerprint,9.316730236996384e-06
LOMO,MorganBit_1123,ligands: fingerprint,0.00014734482566854443
LOMO,MorganBit_1124,ligands: fingerprint,0.00026832290132958105
LOMO,MorganBit_1125,ligands: fingerprint,3.7792560780008686e-05
LOMO,MorganBit_1126,ligands: fingerprint,0.0
LOMO,MorganBit_1127,ligands: fingerprint,0.0
LOMO,MorganBit_1128,ligands: fingerprint,0.0009161891547310298
LOMO,MorganBit_1129,ligands: fingerprint,0.0
LOMO,MorganBit_1130,ligands: fingerprint,4.985813037310661e-05
LOMO,MorganBit_1131,ligands: fingerprint,0.0
LOMO,MorganBit_1132,ligands: fingerprint,0.0
LOMO,MorganBit_1133,ligands: fingerprint,0.0
LOMO,MorganBit_1134,ligands: fingerprint,0.0
LOMO,MorganBit_1135,ligands: fingerprint,0.0012331014594844831
LOMO,MorganBit_1136,ligands: fingerprint,0.00035915708692037756
LOMO,MorganBit_1137,ligands: fingerprint,0.0
LOMO,MorganBit_1138,ligands: fingerprint,0.0008655632787188434
LOMO,MorganBit_1139,ligands: fingerprint,0.0
LOMO,MorganBit_1140,ligands: fingerprint,0.0021442463421008444
LOMO,MorganBit_1141,ligands: fingerprint,0.0008317048578358124
LOMO,MorganBit_1142,ligands: fingerprint,0.0019931600770186526
LOMO,MorganBit_1143,ligands: fingerprint,0.002136499843890504
LOMO,MorganBit_1144,ligands: fingerprint,0.0
LOMO,MorganBit_1145,ligands: fingerprint,0.0025093405016946187
LOMO,MorganBit_1146,ligands: fingerprint,0.0
LOMO,MorganBit_1147,ligands: fingerprint,0.008136747106096982
LOMO,MorganBit_1148,ligands: fingerprint,0.0
LOMO,MorganBit_1149,ligands: fingerprint,7.217392694493751e-06
LOMO,MorganBit_1150,ligands: fingerprint,0.0
LOMO,MorganBit_1151,ligands: fingerprint,0.0
LOMO,MorganBit_1152,ligands: fingerprint,0.0036813830514292995
LOMO,MorganBit_1153,ligands: fingerprint,0.001071437990676645
LOMO,MorganBit_1154,ligands: fingerprint,0.0008512459648182224
LOMO,MorganBit_1155,ligands: fingerprint,0.00887511079942465
LOMO,MorganBit_1156,ligands: fingerprint,7.556693950778005e-05
LOMO,MorganBit_1157,ligands: fingerprint,0.0003154620344759231
LOMO,MorganBit_1158,ligands: fingerprint,0.0
LOMO,MorganBit_1159,ligands: fingerprint,0.0
LOMO,MorganBit_1160,ligands: fingerprint,0.0035980841675004724
LOMO,MorganBit_1161,ligands: fingerprint,0.0
LOMO,MorganBit_1162,ligands: fingerprint,0.00024097335491721726
LOMO,MorganBit_1163,ligands: fingerprint,0.0017087053359394408
LOMO,MorganBit_1164,ligands: fingerprint,0.0004885706040417287
LOMO,MorganBit_1165,ligands: fingerprint,0.0
LOMO,MorganBit_1166,ligands: fingerprint,0.0009019387643795763
LOMO,MorganBit_1167,ligands: fingerprint,0.0
LOMO,MorganBit_1168,ligands: fingerprint,0.0001250352718617118
LOMO,MorganBit_1169,ligands: fingerprint,0.0
LOMO,MorganBit_1170,ligands: fingerprint,0.0
LOMO,MorganBit_1171,ligands: fingerprint,0.005247112058427701
LOMO,MorganBit_1172,ligands: fingerprint,2.8247028730679706e-05
LOMO,MorganBit_1173,ligands: fingerprint,0.0
LOMO,MorganBit_1174,ligands: fingerprint,0.00014001860285839542
LOMO,MorganBit_1175,ligands: fingerprint,0.0
LOMO,MorganBit_1176,ligands: fingerprint,0.00039507179565184593
LOMO,MorganBit_1177,ligands: fingerprint,6.141040276637031e-06
LOMO,MorganBit_1178,ligands: fingerprint,0.0
LOMO,MorganBit_1179,ligands: fingerprint,4.612326527141067e-06
LOMO,MorganBit_1180,ligands: fingerprint,0.0
LOMO,MorganBit_1181,ligands: fingerprint,0.00018767938312762452
LOMO,MorganBit_1182,ligands: fingerprint,0.00010342988284487852
LOMO,MorganBit_1183,ligands: fingerprint,0.00041223523050217654
LOMO,MorganBit_1184,ligands: fingerprint,0.003915739072032501
LOMO,MorganBit_1185,ligands: fingerprint,6.494140575468964e-05
LOMO,MorganBit_1186,ligands: fingerprint,0.0
LOMO,MorganBit_1187,ligands: fingerprint,0.0010083481790598486
LOMO,MorganBit_1188,ligands: fingerprint,0.0
LOMO,MorganBit_1189,ligands: fingerprint,0.0
LOMO,MorganBit_1190,ligands: fingerprint,0.0004126288428826047
LOMO,MorganBit_1191,ligands: fingerprint,1.6283615699799582e-05
LOMO,MorganBit_1192,ligands: fingerprint,0.000125233839577738
LOMO,MorganBit_1193,ligands: fingerprint,0.0
LOMO,MorganBit_1194,ligands: fingerprint,0.0
LOMO,MorganBit_1195,ligands: fingerprint,0.0016719024011383542
LOMO,MorganBit_1196,ligands: fingerprint,0.0
LOMO,MorganBit_1197,ligands: fingerprint,0.0001737521198907865
LOMO,MorganBit_1198,ligands: fingerprint,0.0
LOMO,MorganBit_1199,ligands: fingerprint,0.02024669978175901
LOMO,MorganBit_1200,ligands: fingerprint,0.0
LOMO,MorganBit_1201,ligands: fingerprint,0.0
LOMO,MorganBit_1202,ligands: fingerprint,0.0
LOMO,MorganBit_1203,ligands: fingerprint,0.002180594810243382
LOMO,MorganBit_1204,ligands: fingerprint,0.0
LOMO,MorganBit_1205,ligands: fingerprint,0.00028712599068857333
LOMO,MorganBit_1206,ligands: fingerprint,0.0
LOMO,MorganBit_1207,ligands: fingerprint,0.0
LOMO,MorganBit_1208,ligands: fingerprint,0.00022530633215555915
LOMO,MorganBit_1209,ligands: fingerprint,0.0
LOMO,MorganBit_1210,ligands: fingerprint,0.0
LOMO,MorganBit_1211,ligands: fingerprint,0.00031621001308738527
LOMO,MorganBit_1212,ligands: fingerprint,2.0877449315611732e-05
LOMO,MorganBit_1213,ligands: fingerprint,0.0
LOMO,MorganBit_1214,ligands: fingerprint,5.366795277254039e-05
LOMO,MorganBit_1215,ligands: fingerprint,0.0
LOMO,MorganBit_1216,ligands: fingerprint,0.0
LOMO,MorganBit_1217,ligands: fingerprint,0.0
LOMO,MorganBit_1218,ligands: fingerprint,0.00015067377609901889
LOMO,MorganBit_1219,ligands: fingerprint,7.809796793598841e-05
LOMO,MorganBit_1220,ligands: fingerprint,0.000733411828084748
LOMO,MorganBit_1221,ligands: fingerprint,0.0
LOMO,MorganBit_1222,ligands: fingerprint,2.8884625734870203e-05
LOMO,MorganBit_1223,ligands: fingerprint,0.00018147417746899142
LOMO,MorganBit_1224,ligands: fingerprint,0.0005580056105774499
LOMO,MorganBit_1225,ligands: fingerprint,0.0010441964642621876
LOMO,MorganBit_1226,ligands: fingerprint,0.0014563896841872268
LOMO,MorganBit_1227,ligands: fingerprint,0.0
LOMO,MorganBit_1228,ligands: fingerprint,0.0
LOMO,MorganBit_1229,ligands: fingerprint,0.0
LOMO,MorganBit_1230,ligands: fingerprint,0.0
LOMO,MorganBit_1231,ligands: fingerprint,0.0
LOMO,MorganBit_1232,ligands: fingerprint,0.0
LOMO,MorganBit_1233,ligands: fingerprint,0.0030137397546754906
LOMO,MorganBit_1234,ligands: fingerprint,9.72027210027102e-05
LOMO,MorganBit_1235,ligands: fingerprint,0.0
LOMO,MorganBit_1236,ligands: fingerprint,0.00013657807463359525
LOMO,MorganBit_1237,ligands: fingerprint,0.0002185889592405783
LOMO,MorganBit_1238,ligands: fingerprint,0.0008678516648640325
LOMO,MorganBit_1239,ligands: fingerprint,0.0
LOMO,MorganBit_1240,ligands: fingerprint,0.0
LOMO,MorganBit_1241,ligands: fingerprint,0.0
LOMO,MorganBit_1242,ligands: fingerprint,0.0
LOMO,MorganBit_1243,ligands: fingerprint,0.00025573213102983547
LOMO,MorganBit_1244,ligands: fingerprint,0.0
LOMO,MorganBit_1245,ligands: fingerprint,0.0001073078260041435
LOMO,MorganBit_1246,ligands: fingerprint,0.0
LOMO,MorganBit_1247,ligands: fingerprint,8.583591976027008e-06
LOMO,MorganBit_1248,ligands: fingerprint,0.0
LOMO,MorganBit_1249,ligands: fingerprint,0.0003146680744744899
LOMO,MorganBit_1250,ligands: fingerprint,0.00013711044943151904
LOMO,MorganBit_1251,ligands: fingerprint,0.0
LOMO,MorganBit_1252,ligands: fingerprint,0.0
LOMO,MorganBit_1253,ligands: fingerprint,0.0002812937560987242
LOMO,MorganBit_1254,ligands: fingerprint,0.0
LOMO,MorganBit_1255,ligands: fingerprint,0.0008127044664875139
LOMO,MorganBit_1256,ligands: fingerprint,0.0008031272390682456
LOMO,MorganBit_1257,ligands: fingerprint,0.0019210023349747157
LOMO,MorganBit_1258,ligands: fingerprint,0.00011424662047225902
LOMO,MorganBit_1259,ligands: fingerprint,0.0009839852144251026
LOMO,MorganBit_1260,ligands: fingerprint,1.6780291941565688e-05
LOMO,MorganBit_1261,ligands: fingerprint,0.0
LOMO,MorganBit_1262,ligands: fingerprint,0.0
LOMO,MorganBit_1263,ligands: fingerprint,0.0
LOMO,MorganBit_1264,ligands: fingerprint,0.0
LOMO,MorganBit_1265,ligands: fingerprint,0.0017782802797477004
LOMO,MorganBit_1266,ligands: fingerprint,0.00018109534521969158
LOMO,MorganBit_1267,ligands: fingerprint,0.0006487137421374452
LOMO,MorganBit_1268,ligands: fingerprint,0.0
LOMO,MorganBit_1269,ligands: fingerprint,0.0
LOMO,MorganBit_1270,ligands: fingerprint,0.0
LOMO,MorganBit_1271,ligands: fingerprint,0.0
LOMO,MorganBit_1272,ligands: fingerprint,0.0
LOMO,MorganBit_1273,ligands: fingerprint,2.2183993324704453e-05
LOMO,MorganBit_1274,ligands: fingerprint,0.003568554744437881
LOMO,MorganBit_1275,ligands: fingerprint,2.078842702305716e-05
LOMO,MorganBit_1276,ligands: fingerprint,0.0
LOMO,MorganBit_1277,ligands: fingerprint,0.00028124850558164795
LOMO,MorganBit_1278,ligands: fingerprint,0.0
LOMO,MorganBit_1279,ligands: fingerprint,0.0001777360251074798
LOMO,MorganBit_1280,ligands: fingerprint,0.0
LOMO,MorganBit_1281,ligands: fingerprint,0.0
LOMO,MorganBit_1282,ligands: fingerprint,1.5164425576608882e-06
LOMO,MorganBit_1283,ligands: fingerprint,0.00016443919760329403
LOMO,MorganBit_1284,ligands: fingerprint,1.0195120538265883e-05
LOMO,MorganBit_1285,ligands: fingerprint,0.0035138514307846472
LOMO,MorganBit_1286,ligands: fingerprint,0.0004060086922592907
LOMO,MorganBit_1287,ligands: fingerprint,7.607125983562589e-05
LOMO,MorganBit_1288,ligands: fingerprint,0.0
LOMO,MorganBit_1289,ligands: fingerprint,0.0
LOMO,MorganBit_1290,ligands: fingerprint,0.0
LOMO,MorganBit_1291,ligands: fingerprint,1.2684160117010154e-06
LOMO,MorganBit_1292,ligands: fingerprint,0.0006295722932555475
LOMO,MorganBit_1293,ligands: fingerprint,0.0
LOMO,MorganBit_1294,ligands: fingerprint,3.1071588453591296e-05
LOMO,MorganBit_1295,ligands: fingerprint,0.0
LOMO,MorganBit_1296,ligands: fingerprint,0.0
LOMO,MorganBit_1297,ligands: fingerprint,4.262977099884206e-06
LOMO,MorganBit_1298,ligands: fingerprint,0.0
LOMO,MorganBit_1299,ligands: fingerprint,3.60183443637763e-05
LOMO,MorganBit_1300,ligands: fingerprint,0.00010023324038806675
LOMO,MorganBit_1301,ligands: fingerprint,0.0
LOMO,MorganBit_1302,ligands: fingerprint,0.0
LOMO,MorganBit_1303,ligands: fingerprint,0.0
LOMO,MorganBit_1304,ligands: fingerprint,0.0
LOMO,MorganBit_1305,ligands: fingerprint,0.0
LOMO,MorganBit_1306,ligands: fingerprint,0.0
LOMO,MorganBit_1307,ligands: fingerprint,2.158226600314722e-06
LOMO,MorganBit_1308,ligands: fingerprint,8.156134574047996e-05
LOMO,MorganBit_1309,ligands: fingerprint,0.0011954904206244248
LOMO,MorganBit_1310,ligands: fingerprint,0.0
LOMO,MorganBit_1311,ligands: fingerprint,0.0
LOMO,MorganBit_1312,ligands: fingerprint,0.000768229716038881
LOMO,MorganBit_1313,ligands: fingerprint,0.0018455900317009405
LOMO,MorganBit_1314,ligands: fingerprint,0.0003553699393114534
LOMO,MorganBit_1315,ligands: fingerprint,0.0
LOMO,MorganBit_1316,ligands: fingerprint,0.0
LOMO,MorganBit_1317,ligands: fingerprint,0.00024162459107225846
LOMO,MorganBit_1318,ligands: fingerprint,0.0014322389207789212
LOMO,MorganBit_1319,ligands: fingerprint,0.0
LOMO,MorganBit_1320,ligands: fingerprint,0.0011543077909643212
LOMO,MorganBit_1321,ligands: fingerprint,0.0
LOMO,MorganBit_1322,ligands: fingerprint,0.00012964779306096926
LOMO,MorganBit_1323,ligands: fingerprint,3.8025509971534576e-06
LOMO,MorganBit_1324,ligands: fingerprint,0.0
LOMO,MorganBit_1325,ligands: fingerprint,0.009259202950761908
LOMO,MorganBit_1326,ligands: fingerprint,0.0
LOMO,MorganBit_1327,ligands: fingerprint,0.0
LOMO,MorganBit_1328,ligands: fingerprint,0.0
LOMO,MorganBit_1329,ligands: fingerprint,0.00019436954325400218
LOMO,MorganBit_1330,ligands: fingerprint,0.0
LOMO,MorganBit_1331,ligands: fingerprint,1.1971616821352505e-05
LOMO,MorganBit_1332,ligands: fingerprint,4.718783941952543e-05
LOMO,MorganBit_1333,ligands: fingerprint,7.032728358205906e-05
LOMO,MorganBit_1334,ligands: fingerprint,0.0
LOMO,MorganBit_1335,ligands: fingerprint,0.0
LOMO,MorganBit_1336,ligands: fingerprint,9.369566602786361e-05
LOMO,MorganBit_1337,ligands: fingerprint,0.0
LOMO,MorganBit_1338,ligands: fingerprint,0.0
LOMO,MorganBit_1339,ligands: fingerprint,0.003839772686129848
LOMO,MorganBit_1340,ligands: fingerprint,0.0
LOMO,MorganBit_1341,ligands: fingerprint,0.00029162011187002076
LOMO,MorganBit_1342,ligands: fingerprint,0.0
LOMO,MorganBit_1343,ligands: fingerprint,3.818466970919808e-06
LOMO,MorganBit_1344,ligands: fingerprint,0.00242722719973921
LOMO,MorganBit_1345,ligands: fingerprint,0.0
LOMO,MorganBit_1346,ligands: fingerprint,0.0005609735332469905
LOMO,MorganBit_1347,ligands: fingerprint,0.0034131168055579987
LOMO,MorganBit_1348,ligands: fingerprint,0.0004974858239988389
LOMO,MorganBit_1349,ligands: fingerprint,0.0018716278802674942
LOMO,MorganBit_1350,ligands: fingerprint,4.836414063249143e-06
LOMO,MorganBit_1351,ligands: fingerprint,1.0323613470927924e-05
LOMO,MorganBit_1352,ligands: fingerprint,0.0
LOMO,MorganBit_1353,ligands: fingerprint,0.00040891222651380076
LOMO,MorganBit_1354,ligands: fingerprint,0.0
LOMO,MorganBit_1355,ligands: fingerprint,0.0
LOMO,MorganBit_1356,ligands: fingerprint,0.0
LOMO,MorganBit_1357,ligands: fingerprint,0.006178233681337934
LOMO,MorganBit_1358,ligands: fingerprint,0.012585071057533714
LOMO,MorganBit_1359,ligands: fingerprint,0.0
LOMO,MorganBit_1360,ligands: fingerprint,0.0
LOMO,MorganBit_1361,ligands: fingerprint,9.572245298397695e-05
LOMO,MorganBit_1362,ligands: fingerprint,1.4216271757219925e-05
LOMO,MorganBit_1363,ligands: fingerprint,0.0016753402604584198
LOMO,MorganBit_1364,ligands: fingerprint,0.0003197377706928106
LOMO,MorganBit_1365,ligands: fingerprint,0.0006086400715560238
LOMO,MorganBit_1366,ligands: fingerprint,0.004011219792954252
LOMO,MorganBit_1367,ligands: fingerprint,0.0
LOMO,MorganBit_1368,ligands: fingerprint,0.0
LOMO,MorganBit_1369,ligands: fingerprint,0.0002936358023209302
LOMO,MorganBit_1370,ligands: fingerprint,0.0
LOMO,MorganBit_1371,ligands: fingerprint,0.0
LOMO,MorganBit_1372,ligands: fingerprint,0.0
LOMO,MorganBit_1373,ligands: fingerprint,1.4591811108565876e-05
LOMO,MorganBit_1374,ligands: fingerprint,0.0006037384210004485
LOMO,MorganBit_1375,ligands: fingerprint,0.0005210664121994579
LOMO,MorganBit_1376,ligands: fingerprint,0.0
LOMO,MorganBit_1377,ligands: fingerprint,0.0
LOMO,MorganBit_1378,ligands: fingerprint,0.0009379895355479929
LOMO,MorganBit_1379,ligands: fingerprint,0.0013518844962638055
LOMO,MorganBit_1380,ligands: fingerprint,0.03225622906101514
LOMO,MorganBit_1381,ligands: fingerprint,0.0005984575206605224
LOMO,MorganBit_1382,ligands: fingerprint,0.0004394584993409754
LOMO,MorganBit_1383,ligands: fingerprint,0.0
LOMO,MorganBit_1384,ligands: fingerprint,0.0004561857779341299
LOMO,MorganBit_1385,ligands: fingerprint,0.006091806224485394
LOMO,MorganBit_1386,ligands: fingerprint,7.125330804905605e-05
LOMO,MorganBit_1387,ligands: fingerprint,0.0
LOMO,MorganBit_1388,ligands: fingerprint,0.003971926836593207
LOMO,MorganBit_1389,ligands: fingerprint,0.0
LOMO,MorganBit_1390,ligands: fingerprint,0.0
LOMO,MorganBit_1391,ligands: fingerprint,0.0014434273854808703
LOMO,MorganBit_1392,ligands: fingerprint,0.0
LOMO,MorganBit_1393,ligands: fingerprint,0.000656894811705853
LOMO,MorganBit_1394,ligands: fingerprint,0.0
LOMO,MorganBit_1395,ligands: fingerprint,0.0023911976655171686
LOMO,MorganBit_1396,ligands: fingerprint,0.0
LOMO,MorganBit_1397,ligands: fingerprint,0.0
LOMO,MorganBit_1398,ligands: fingerprint,0.00045314740999985643
LOMO,MorganBit_1399,ligands: fingerprint,0.0
LOMO,MorganBit_1400,ligands: fingerprint,0.0
LOMO,MorganBit_1401,ligands: fingerprint,0.0
LOMO,MorganBit_1402,ligands: fingerprint,0.000917875803440687
LOMO,MorganBit_1403,ligands: fingerprint,0.0013698722406548845
LOMO,MorganBit_1404,ligands: fingerprint,6.359232034824166e-05
LOMO,MorganBit_1405,ligands: fingerprint,8.45118200979329e-05
LOMO,MorganBit_1406,ligands: fingerprint,0.0
LOMO,MorganBit_1407,ligands: fingerprint,7.681548911194471e-05
LOMO,MorganBit_1408,ligands: fingerprint,0.0
LOMO,MorganBit_1409,ligands: fingerprint,6.46577296937708e-06
LOMO,MorganBit_1410,ligands: fingerprint,0.0002581246006369425
LOMO,MorganBit_1411,ligands: fingerprint,2.773931571163338e-05
LOMO,MorganBit_1412,ligands: fingerprint,0.0
LOMO,MorganBit_1413,ligands: fingerprint,0.0
LOMO,MorganBit_1414,ligands: fingerprint,0.0020292689106725897
LOMO,MorganBit_1415,ligands: fingerprint,0.0
LOMO,MorganBit_1416,ligands: fingerprint,0.00016642559016151102
LOMO,MorganBit_1417,ligands: fingerprint,0.004504155162659504
LOMO,MorganBit_1418,ligands: fingerprint,4.257799079843976e-05
LOMO,MorganBit_1419,ligands: fingerprint,2.89178343316276e-06
LOMO,MorganBit_1420,ligands: fingerprint,6.827764735623443e-06
LOMO,MorganBit_1421,ligands: fingerprint,0.0
LOMO,MorganBit_1422,ligands: fingerprint,0.002665546784413052
LOMO,MorganBit_1423,ligands: fingerprint,9.780198887085615e-05
LOMO,MorganBit_1424,ligands: fingerprint,0.0
LOMO,MorganBit_1425,ligands: fingerprint,0.0
LOMO,MorganBit_1426,ligands: fingerprint,0.0
LOMO,MorganBit_1427,ligands: fingerprint,0.0009459511988098178
LOMO,MorganBit_1428,ligands: fingerprint,0.0
LOMO,MorganBit_1429,ligands: fingerprint,0.0
LOMO,MorganBit_1430,ligands: fingerprint,0.00016805995402622285
LOMO,MorganBit_1431,ligands: fingerprint,0.0
LOMO,MorganBit_1432,ligands: fingerprint,0.0
LOMO,MorganBit_1433,ligands: fingerprint,2.4848538001854175e-06
LOMO,MorganBit_1434,ligands: fingerprint,0.0
LOMO,MorganBit_1435,ligands: fingerprint,0.00022243298771948696
LOMO,MorganBit_1436,ligands: fingerprint,0.0005683422777318216
LOMO,MorganBit_1437,ligands: fingerprint,0.0
LOMO,MorganBit_1438,ligands: fingerprint,0.0008991076909587993
LOMO,MorganBit_1439,ligands: fingerprint,0.0
LOMO,MorganBit_1440,ligands: fingerprint,0.0004056782735438222
LOMO,MorganBit_1441,ligands: fingerprint,0.0031187846808153354
LOMO,MorganBit_1442,ligands: fingerprint,0.0
LOMO,MorganBit_1443,ligands: fingerprint,0.0
LOMO,MorganBit_1444,ligands: fingerprint,0.0018005441183414443
LOMO,MorganBit_1445,ligands: fingerprint,7.939887799127441e-05
LOMO,MorganBit_1446,ligands: fingerprint,6.099881353868588e-05
LOMO,MorganBit_1447,ligands: fingerprint,0.000991512778132182
LOMO,MorganBit_1448,ligands: fingerprint,0.0
LOMO,MorganBit_1449,ligands: fingerprint,0.005238167628351777
LOMO,MorganBit_1450,ligands: fingerprint,0.0
LOMO,MorganBit_1451,ligands: fingerprint,0.00491566491540542
LOMO,MorganBit_1452,ligands: fingerprint,0.008530714460726667
LOMO,MorganBit_1453,ligands: fingerprint,0.00012184730547060472
LOMO,MorganBit_1454,ligands: fingerprint,9.651506696189944e-05
LOMO,MorganBit_1455,ligands: fingerprint,0.0031668729279740702
LOMO,MorganBit_1456,ligands: fingerprint,0.00019684017040577718
LOMO,MorganBit_1457,ligands: fingerprint,0.0027321355109409325
LOMO,MorganBit_1458,ligands: fingerprint,0.0001196417017214968
LOMO,MorganBit_1459,ligands: fingerprint,0.00071458601906076
LOMO,MorganBit_1460,ligands: fingerprint,0.0
LOMO,MorganBit_1461,ligands: fingerprint,0.00041242223682295184
LOMO,MorganBit_1462,ligands: fingerprint,0.0
LOMO,MorganBit_1463,ligands: fingerprint,0.0005720675727293417
LOMO,MorganBit_1464,ligands: fingerprint,1.7231787880330203e-06
LOMO,MorganBit_1465,ligands: fingerprint,0.0006472054447064949
LOMO,MorganBit_1466,ligands: fingerprint,0.0
LOMO,MorganBit_1467,ligands: fingerprint,0.0
LOMO,MorganBit_1468,ligands: fingerprint,0.0001747741670758889
LOMO,MorganBit_1469,ligands: fingerprint,0.0
LOMO,MorganBit_1470,ligands: fingerprint,8.857074675519478e-05
LOMO,MorganBit_1471,ligands: fingerprint,0.0006485490697357312
LOMO,MorganBit_1472,ligands: fingerprint,0.0
LOMO,MorganBit_1473,ligands: fingerprint,0.0
LOMO,MorganBit_1474,ligands: fingerprint,0.0
LOMO,MorganBit_1475,ligands: fingerprint,0.0007587513822261613
LOMO,MorganBit_1476,ligands: fingerprint,0.0005198756029987806
LOMO,MorganBit_1477,ligands: fingerprint,0.0
LOMO,MorganBit_1478,ligands: fingerprint,0.0
LOMO,MorganBit_1479,ligands: fingerprint,0.0006187336934146251
LOMO,MorganBit_1480,ligands: fingerprint,0.003741778543752121
LOMO,MorganBit_1481,ligands: fingerprint,0.0
LOMO,MorganBit_1482,ligands: fingerprint,0.0005396785657102799
LOMO,MorganBit_1483,ligands: fingerprint,0.0
LOMO,MorganBit_1484,ligands: fingerprint,0.0
LOMO,MorganBit_1485,ligands: fingerprint,0.0
LOMO,MorganBit_1486,ligands: fingerprint,0.0
LOMO,MorganBit_1487,ligands: fingerprint,0.0003191307644575895
LOMO,MorganBit_1488,ligands: fingerprint,0.0
LOMO,MorganBit_1489,ligands: fingerprint,0.0
LOMO,MorganBit_1490,ligands: fingerprint,0.0
LOMO,MorganBit_1491,ligands: fingerprint,0.0007343757701689624
LOMO,MorganBit_1492,ligands: fingerprint,0.0
LOMO,MorganBit_1493,ligands: fingerprint,0.0
LOMO,MorganBit_1494,ligands: fingerprint,0.00046957079938004056
LOMO,MorganBit_1495,ligands: fingerprint,0.004034764819173446
LOMO,MorganBit_1496,ligands: fingerprint,0.0
LOMO,MorganBit_1497,ligands: fingerprint,0.0
LOMO,MorganBit_1498,ligands: fingerprint,4.090714497520361e-05
LOMO,MorganBit_1499,ligands: fingerprint,0.0
LOMO,MorganBit_1500,ligands: fingerprint,4.809105428421677e-05
LOMO,MorganBit_1501,ligands: fingerprint,0.0
LOMO,MorganBit_1502,ligands: fingerprint,0.0
LOMO,MorganBit_1503,ligands: fingerprint,5.2570540119235185e-06
LOMO,MorganBit_1504,ligands: fingerprint,0.0
LOMO,MorganBit_1505,ligands: fingerprint,0.0017323810121910104
LOMO,MorganBit_1506,ligands: fingerprint,0.00028451585112469036
LOMO,MorganBit_1507,ligands: fingerprint,0.0
LOMO,MorganBit_1508,ligands: fingerprint,5.95210079715075e-06
LOMO,MorganBit_1509,ligands: fingerprint,0.0
LOMO,MorganBit_1510,ligands: fingerprint,0.0
LOMO,MorganBit_1511,ligands: fingerprint,0.0
LOMO,MorganBit_1512,ligands: fingerprint,0.0
LOMO,MorganBit_1513,ligands: fingerprint,0.0
LOMO,MorganBit_1514,ligands: fingerprint,0.0
LOMO,MorganBit_1515,ligands: fingerprint,0.0
LOMO,MorganBit_1516,ligands: fingerprint,0.00021263519359150313
LOMO,MorganBit_1517,ligands: fingerprint,0.00046746323139568825
LOMO,MorganBit_1518,ligands: fingerprint,0.00010549262149552749
LOMO,MorganBit_1519,ligands: fingerprint,0.0
LOMO,MorganBit_1520,ligands: fingerprint,0.0014400303748478582
LOMO,MorganBit_1521,ligands: fingerprint,0.0
LOMO,MorganBit_1522,ligands: fingerprint,0.0007098733384672923
LOMO,MorganBit_1523,ligands: fingerprint,5.36653114173386e-05
LOMO,MorganBit_1524,ligands: fingerprint,0.0
LOMO,MorganBit_1525,ligands: fingerprint,0.0
LOMO,MorganBit_1526,ligands: fingerprint,0.0
LOMO,MorganBit_1527,ligands: fingerprint,2.670655415750775e-05
LOMO,MorganBit_1528,ligands: fingerprint,0.0
LOMO,MorganBit_1529,ligands: fingerprint,0.0
LOMO,MorganBit_1530,ligands: fingerprint,0.000986510808322385
LOMO,MorganBit_1531,ligands: fingerprint,0.00012172928288507872
LOMO,MorganBit_1532,ligands: fingerprint,0.0
LOMO,MorganBit_1533,ligands: fingerprint,5.037771580855645e-05
LOMO,MorganBit_1534,ligands: fingerprint,0.0
LOMO,MorganBit_1535,ligands: fingerprint,0.0036365845701908173
LOMO,MorganBit_1536,ligands: fingerprint,0.0007616219631496918
LOMO,MorganBit_1537,ligands: fingerprint,0.0
LOMO,MorganBit_1538,ligands: fingerprint,0.0
LOMO,MorganBit_1539,ligands: fingerprint,0.0
LOMO,MorganBit_1540,ligands: fingerprint,0.0
LOMO,MorganBit_1541,ligands: fingerprint,0.0
LOMO,MorganBit_1542,ligands: fingerprint,6.687406816182382e-05
LOMO,MorganBit_1543,ligands: fingerprint,0.0
LOMO,MorganBit_1544,ligands: fingerprint,0.0
LOMO,MorganBit_1545,ligands: fingerprint,0.0
LOMO,MorganBit_1546,ligands: fingerprint,0.0
LOMO,MorganBit_1547,ligands: fingerprint,0.0
LOMO,MorganBit_1548,ligands: fingerprint,2.339806391659834e-05
LOMO,MorganBit_1549,ligands: fingerprint,6.535132205052396e-05
LOMO,MorganBit_1550,ligands: fingerprint,0.0018659786037817606
LOMO,MorganBit_1551,ligands: fingerprint,0.0
LOMO,MorganBit_1552,ligands: fingerprint,0.0
LOMO,MorganBit_1553,ligands: fingerprint,0.0
LOMO,MorganBit_1554,ligands: fingerprint,0.002627751654856505
LOMO,MorganBit_1555,ligands: fingerprint,0.0
LOMO,MorganBit_1556,ligands: fingerprint,0.0
LOMO,MorganBit_1557,ligands: fingerprint,0.0
LOMO,MorganBit_1558,ligands: fingerprint,5.38462533245945e-06
LOMO,MorganBit_1559,ligands: fingerprint,3.4487715957579345e-05
LOMO,MorganBit_1560,ligands: fingerprint,0.0
LOMO,MorganBit_1561,ligands: fingerprint,5.058989446235159e-06
LOMO,MorganBit_1562,ligands: fingerprint,0.0
LOMO,MorganBit_1563,ligands: fingerprint,2.4471296754797815e-05
LOMO,MorganBit_1564,ligands: fingerprint,0.002357194523673301
LOMO,MorganBit_1565,ligands: fingerprint,0.0
LOMO,MorganBit_1566,ligands: fingerprint,0.0
LOMO,MorganBit_1567,ligands: fingerprint,0.0008301060779172063
LOMO,MorganBit_1568,ligands: fingerprint,0.002145600146721339
LOMO,MorganBit_1569,ligands: fingerprint,0.0
LOMO,MorganBit_1570,ligands: fingerprint,0.0007564537880092255
LOMO,MorganBit_1571,ligands: fingerprint,0.0
LOMO,MorganBit_1572,ligands: fingerprint,0.0
LOMO,MorganBit_1573,ligands: fingerprint,0.003517536072818102
LOMO,MorganBit_1574,ligands: fingerprint,0.0003306817201810606
LOMO,MorganBit_1575,ligands: fingerprint,0.00017431438647338293
LOMO,MorganBit_1576,ligands: fingerprint,0.0
LOMO,MorganBit_1577,ligands: fingerprint,0.00012102270318717072
LOMO,MorganBit_1578,ligands: fingerprint,3.8592050446918045e-05
LOMO,MorganBit_1579,ligands: fingerprint,0.0
LOMO,MorganBit_1580,ligands: fingerprint,0.0
LOMO,MorganBit_1581,ligands: fingerprint,0.0010658608442624294
LOMO,MorganBit_1582,ligands: fingerprint,0.00106897218896773
LOMO,MorganBit_1583,ligands: fingerprint,1.8105788726152145e-06
LOMO,MorganBit_1584,ligands: fingerprint,4.4365931159647225e-05
LOMO,MorganBit_1585,ligands: fingerprint,0.0
LOMO,MorganBit_1586,ligands: fingerprint,0.00016348409357679015
LOMO,MorganBit_1587,ligands: fingerprint,0.001443702389469724
LOMO,MorganBit_1588,ligands: fingerprint,2.930767852425773e-05
LOMO,MorganBit_1589,ligands: fingerprint,0.00022300832471586394
LOMO,MorganBit_1590,ligands: fingerprint,2.307113856570764e-06
LOMO,MorganBit_1591,ligands: fingerprint,0.0
LOMO,MorganBit_1592,ligands: fingerprint,5.250422053010433e-06
LOMO,MorganBit_1593,ligands: fingerprint,0.0
LOMO,MorganBit_1594,ligands: fingerprint,0.003440232179005864
LOMO,MorganBit_1595,ligands: fingerprint,0.0
LOMO,MorganBit_1596,ligands: fingerprint,0.0
LOMO,MorganBit_1597,ligands: fingerprint,1.1388542962488555e-05
LOMO,MorganBit_1598,ligands: fingerprint,0.0
LOMO,MorganBit_1599,ligands: fingerprint,0.0003393709010871412
LOMO,MorganBit_1600,ligands: fingerprint,0.000391275930557982
LOMO,MorganBit_1601,ligands: fingerprint,0.0
LOMO,MorganBit_1602,ligands: fingerprint,0.002844519167481713
LOMO,MorganBit_1603,ligands: fingerprint,0.000500129476752353
LOMO,MorganBit_1604,ligands: fingerprint,0.0018246028924510343
LOMO,MorganBit_1605,ligands: fingerprint,0.0
LOMO,MorganBit_1606,ligands: fingerprint,0.0
LOMO,MorganBit_1607,ligands: fingerprint,0.00015762642451328624
LOMO,MorganBit_1608,ligands: fingerprint,0.0
LOMO,MorganBit_1609,ligands: fingerprint,0.002437836278743474
LOMO,MorganBit_1610,ligands: fingerprint,0.0
LOMO,MorganBit_1611,ligands: fingerprint,0.0004179630719095671
LOMO,MorganBit_1612,ligands: fingerprint,0.0
LOMO,MorganBit_1613,ligands: fingerprint,0.0
LOMO,MorganBit_1614,ligands: fingerprint,0.00011654327924853762
LOMO,MorganBit_1615,ligands: fingerprint,0.0008812888946947146
LOMO,MorganBit_1616,ligands: fingerprint,0.0
LOMO,MorganBit_1617,ligands: fingerprint,1.2188717073359911e-05
LOMO,MorganBit_1618,ligands: fingerprint,0.0007437319051996406
LOMO,MorganBit_1619,ligands: fingerprint,0.0
LOMO,MorganBit_1620,ligands: fingerprint,1.1171598901859792e-05
LOMO,MorganBit_1621,ligands: fingerprint,0.0
LOMO,MorganBit_1622,ligands: fingerprint,5.138904842060686e-05
LOMO,MorganBit_1623,ligands: fingerprint,0.0
LOMO,MorganBit_1624,ligands: fingerprint,0.0006090430774057212
LOMO,MorganBit_1625,ligands: fingerprint,0.0
LOMO,MorganBit_1626,ligands: fingerprint,0.0
LOMO,MorganBit_1627,ligands: fingerprint,0.0004509083367186454
LOMO,MorganBit_1628,ligands: fingerprint,0.0
LOMO,MorganBit_1629,ligands: fingerprint,0.0
LOMO,MorganBit_1630,ligands: fingerprint,0.0
LOMO,MorganBit_1631,ligands: fingerprint,0.0010575276200586797
LOMO,MorganBit_1632,ligands: fingerprint,0.0015171598218483586
LOMO,MorganBit_1633,ligands: fingerprint,0.0024235465527200494
LOMO,MorganBit_1634,ligands: fingerprint,0.0
LOMO,MorganBit_1635,ligands: fingerprint,0.0
LOMO,MorganBit_1636,ligands: fingerprint,0.0
LOMO,MorganBit_1637,ligands: fingerprint,0.002484633908412237
LOMO,MorganBit_1638,ligands: fingerprint,0.0
LOMO,MorganBit_1639,ligands: fingerprint,0.0
LOMO,MorganBit_1640,ligands: fingerprint,0.0
LOMO,MorganBit_1641,ligands: fingerprint,0.0
LOMO,MorganBit_1642,ligands: fingerprint,0.0
LOMO,MorganBit_1643,ligands: fingerprint,0.0
LOMO,MorganBit_1644,ligands: fingerprint,3.68476478334562e-05
LOMO,MorganBit_1645,ligands: fingerprint,0.0
LOMO,MorganBit_1646,ligands: fingerprint,0.0
LOMO,MorganBit_1647,ligands: fingerprint,0.0
LOMO,MorganBit_1648,ligands: fingerprint,8.670759369577479e-07
LOMO,MorganBit_1649,ligands: fingerprint,8.431226413113362e-06
LOMO,MorganBit_1650,ligands: fingerprint,0.00042907628629239536
LOMO,MorganBit_1651,ligands: fingerprint,0.0
LOMO,MorganBit_1652,ligands: fingerprint,0.0
LOMO,MorganBit_1653,ligands: fingerprint,0.00014584054312636113
LOMO,MorganBit_1654,ligands: fingerprint,0.0004627806276660758
LOMO,MorganBit_1655,ligands: fingerprint,0.0
LOMO,MorganBit_1656,ligands: fingerprint,0.0
LOMO,MorganBit_1657,ligands: fingerprint,0.0
LOMO,MorganBit_1658,ligands: fingerprint,0.008740267201610169
LOMO,MorganBit_1659,ligands: fingerprint,0.00023921944293966023
LOMO,MorganBit_1660,ligands: fingerprint,0.0
LOMO,MorganBit_1661,ligands: fingerprint,0.0001307041726896721
LOMO,MorganBit_1662,ligands: fingerprint,0.0001257054009194981
LOMO,MorganBit_1663,ligands: fingerprint,6.922793750545233e-05
LOMO,MorganBit_1664,ligands: fingerprint,0.0
LOMO,MorganBit_1665,ligands: fingerprint,0.0081157814123541
LOMO,MorganBit_1666,ligands: fingerprint,0.0
LOMO,MorganBit_1667,ligands: fingerprint,0.0006125883080477744
LOMO,MorganBit_1668,ligands: fingerprint,0.0
LOMO,MorganBit_1669,ligands: fingerprint,2.166852006320497e-06
LOMO,MorganBit_1670,ligands: fingerprint,3.4698067315287905e-05
LOMO,MorganBit_1671,ligands: fingerprint,0.0
LOMO,MorganBit_1672,ligands: fingerprint,0.0
LOMO,MorganBit_1673,ligands: fingerprint,0.0
LOMO,MorganBit_1674,ligands: fingerprint,0.0
LOMO,MorganBit_1675,ligands: fingerprint,0.0001315892088143613
LOMO,MorganBit_1676,ligands: fingerprint,2.450629774499841e-06
LOMO,MorganBit_1677,ligands: fingerprint,0.0
LOMO,MorganBit_1678,ligands: fingerprint,0.0005943066769219166
LOMO,MorganBit_1679,ligands: fingerprint,0.0
LOMO,MorganBit_1680,ligands: fingerprint,2.9303178575786163e-06
LOMO,MorganBit_1681,ligands: fingerprint,0.0
LOMO,MorganBit_1682,ligands: fingerprint,1.563246255000432e-05
LOMO,MorganBit_1683,ligands: fingerprint,0.0010091291904430295
LOMO,MorganBit_1684,ligands: fingerprint,0.0
LOMO,MorganBit_1685,ligands: fingerprint,0.0
LOMO,MorganBit_1686,ligands: fingerprint,0.0007527222185938045
LOMO,MorganBit_1687,ligands: fingerprint,0.0
LOMO,MorganBit_1688,ligands: fingerprint,0.0
LOMO,MorganBit_1689,ligands: fingerprint,1.6835255707961313e-05
LOMO,MorganBit_1690,ligands: fingerprint,4.986927500843209e-05
LOMO,MorganBit_1691,ligands: fingerprint,0.0
LOMO,MorganBit_1692,ligands: fingerprint,7.288346661668182e-05
LOMO,MorganBit_1693,ligands: fingerprint,8.59461617460179e-05
LOMO,MorganBit_1694,ligands: fingerprint,0.0
LOMO,MorganBit_1695,ligands: fingerprint,0.0
LOMO,MorganBit_1696,ligands: fingerprint,2.1467709701617366e-05
LOMO,MorganBit_1697,ligands: fingerprint,0.002490452091178789
LOMO,MorganBit_1698,ligands: fingerprint,0.00011894054379406048
LOMO,MorganBit_1699,ligands: fingerprint,0.000180806435824642
LOMO,MorganBit_1700,ligands: fingerprint,0.0006604140117781387
LOMO,MorganBit_1701,ligands: fingerprint,0.0
LOMO,MorganBit_1702,ligands: fingerprint,0.0
LOMO,MorganBit_1703,ligands: fingerprint,0.0
LOMO,MorganBit_1704,ligands: fingerprint,0.0
LOMO,MorganBit_1705,ligands: fingerprint,0.0034913944860755597
LOMO,MorganBit_1706,ligands: fingerprint,0.0
LOMO,MorganBit_1707,ligands: fingerprint,0.0
LOMO,MorganBit_1708,ligands: fingerprint,5.309966678995164e-06
LOMO,MorganBit_1709,ligands: fingerprint,0.0
LOMO,MorganBit_1710,ligands: fingerprint,0.00031739432132737793
LOMO,MorganBit_1711,ligands: fingerprint,0.0
LOMO,MorganBit_1712,ligands: fingerprint,0.0
LOMO,MorganBit_1713,ligands: fingerprint,0.00019767015992124595
LOMO,MorganBit_1714,ligands: fingerprint,5.283836521729506e-05
LOMO,MorganBit_1715,ligands: fingerprint,0.00024860882287628533
LOMO,MorganBit_1716,ligands: fingerprint,0.0
LOMO,MorganBit_1717,ligands: fingerprint,0.0005287970740524176
LOMO,MorganBit_1718,ligands: fingerprint,0.0002971764811642639
LOMO,MorganBit_1719,ligands: fingerprint,0.0
LOMO,MorganBit_1720,ligands: fingerprint,0.0026023590236566004
LOMO,MorganBit_1721,ligands: fingerprint,0.00039095495791652035
LOMO,MorganBit_1722,ligands: fingerprint,0.0033801335480651297
LOMO,MorganBit_1723,ligands: fingerprint,0.000853760133551863
LOMO,MorganBit_1724,ligands: fingerprint,0.0029406646749169855
LOMO,MorganBit_1725,ligands: fingerprint,1.3093859857431516e-05
LOMO,MorganBit_1726,ligands: fingerprint,0.0011644623122386854
LOMO,MorganBit_1727,ligands: fingerprint,0.0
LOMO,MorganBit_1728,ligands: fingerprint,0.0002361119597132186
LOMO,MorganBit_1729,ligands: fingerprint,9.465570737691195e-05
LOMO,MorganBit_1730,ligands: fingerprint,0.0028658983248667593
LOMO,MorganBit_1731,ligands: fingerprint,0.0009554772281410184
LOMO,MorganBit_1732,ligands: fingerprint,0.0
LOMO,MorganBit_1733,ligands: fingerprint,0.002723223989656806
LOMO,MorganBit_1734,ligands: fingerprint,0.003083162523197761
LOMO,MorganBit_1735,ligands: fingerprint,0.0
LOMO,MorganBit_1736,ligands: fingerprint,0.0
LOMO,MorganBit_1737,ligands: fingerprint,0.007074272837446196
LOMO,MorganBit_1738,ligands: fingerprint,0.00055567431039817
LOMO,MorganBit_1739,ligands: fingerprint,0.0
LOMO,MorganBit_1740,ligands: fingerprint,0.0006734967598744082
LOMO,MorganBit_1741,ligands: fingerprint,0.000444267437658758
LOMO,MorganBit_1742,ligands: fingerprint,0.0
LOMO,MorganBit_1743,ligands: fingerprint,1.1455369097164964e-05
LOMO,MorganBit_1744,ligands: fingerprint,0.0
LOMO,MorganBit_1745,ligands: fingerprint,0.005682975145535686
LOMO,MorganBit_1746,ligands: fingerprint,0.0004938157495200035
LOMO,MorganBit_1747,ligands: fingerprint,0.0006641224700160178
LOMO,MorganBit_1748,ligands: fingerprint,0.0
LOMO,MorganBit_1749,ligands: fingerprint,0.0
LOMO,MorganBit_1750,ligands: fingerprint,0.008145193542441045
LOMO,MorganBit_1751,ligands: fingerprint,0.0
LOMO,MorganBit_1752,ligands: fingerprint,0.0
LOMO,MorganBit_1753,ligands: fingerprint,0.0
LOMO,MorganBit_1754,ligands: fingerprint,0.0018003812426068257
LOMO,MorganBit_1755,ligands: fingerprint,0.00015352668073693123
LOMO,MorganBit_1756,ligands: fingerprint,0.0
LOMO,MorganBit_1757,ligands: fingerprint,0.0
LOMO,MorganBit_1758,ligands: fingerprint,0.0002657948154436049
LOMO,MorganBit_1759,ligands: fingerprint,0.0
LOMO,MorganBit_1760,ligands: fingerprint,0.0
LOMO,MorganBit_1761,ligands: fingerprint,0.0
LOMO,MorganBit_1762,ligands: fingerprint,0.0
LOMO,MorganBit_1763,ligands: fingerprint,0.0001451860038468867
LOMO,MorganBit_1764,ligands: fingerprint,0.00021933711567587874
LOMO,MorganBit_1765,ligands: fingerprint,0.0002525540146821321
LOMO,MorganBit_1766,ligands: fingerprint,0.0018230098221974514
LOMO,MorganBit_1767,ligands: fingerprint,0.0
LOMO,MorganBit_1768,ligands: fingerprint,5.343219748999565e-06
LOMO,MorganBit_1769,ligands: fingerprint,0.0
LOMO,MorganBit_1770,ligands: fingerprint,0.0
LOMO,MorganBit_1771,ligands: fingerprint,5.6389343197999015e-06
LOMO,MorganBit_1772,ligands: fingerprint,0.0
LOMO,MorganBit_1773,ligands: fingerprint,8.254911207202624e-06
LOMO,MorganBit_1774,ligands: fingerprint,0.0
LOMO,MorganBit_1775,ligands: fingerprint,0.00041339646861131827
LOMO,MorganBit_1776,ligands: fingerprint,0.0027305872028340916
LOMO,MorganBit_1777,ligands: fingerprint,0.0
LOMO,MorganBit_1778,ligands: fingerprint,0.00046129768793156246
LOMO,MorganBit_1779,ligands: fingerprint,0.0006053675262040793
LOMO,MorganBit_1780,ligands: fingerprint,0.0
LOMO,MorganBit_1781,ligands: fingerprint,0.00019872046847821628
LOMO,MorganBit_1782,ligands: fingerprint,0.00022873663177346338
LOMO,MorganBit_1783,ligands: fingerprint,0.00015255168395281158
LOMO,MorganBit_1784,ligands: fingerprint,0.0
LOMO,MorganBit_1785,ligands: fingerprint,0.0
LOMO,MorganBit_1786,ligands: fingerprint,0.0
LOMO,MorganBit_1787,ligands: fingerprint,0.0
LOMO,MorganBit_1788,ligands: fingerprint,2.5317569080093245e-05
LOMO,MorganBit_1789,ligands: fingerprint,0.0
LOMO,MorganBit_1790,ligands: fingerprint,0.0
LOMO,MorganBit_1791,ligands: fingerprint,0.007583052284728288
LOMO,MorganBit_1792,ligands: fingerprint,0.0020308521683037313
LOMO,MorganBit_1793,ligands: fingerprint,0.0
LOMO,MorganBit_1794,ligands: fingerprint,0.0
LOMO,MorganBit_1795,ligands: fingerprint,0.0
LOMO,MorganBit_1796,ligands: fingerprint,0.0
LOMO,MorganBit_1797,ligands: fingerprint,0.0
LOMO,MorganBit_1798,ligands: fingerprint,0.0
LOMO,MorganBit_1799,ligands: fingerprint,0.00013597443712846122
LOMO,MorganBit_1800,ligands: fingerprint,1.00801400762124e-05
LOMO,MorganBit_1801,ligands: fingerprint,0.0
LOMO,MorganBit_1802,ligands: fingerprint,0.0
LOMO,MorganBit_1803,ligands: fingerprint,0.0
LOMO,MorganBit_1804,ligands: fingerprint,2.693121812990664e-05
LOMO,MorganBit_1805,ligands: fingerprint,0.0
LOMO,MorganBit_1806,ligands: fingerprint,0.0
LOMO,MorganBit_1807,ligands: fingerprint,0.0
LOMO,MorganBit_1808,ligands: fingerprint,3.1201798970099656e-05
LOMO,MorganBit_1809,ligands: fingerprint,0.001166498580173542
LOMO,MorganBit_1810,ligands: fingerprint,0.0009149487366069883
LOMO,MorganBit_1811,ligands: fingerprint,0.0
LOMO,MorganBit_1812,ligands: fingerprint,0.00019342901914599952
LOMO,MorganBit_1813,ligands: fingerprint,0.00010067678329840881
LOMO,MorganBit_1814,ligands: fingerprint,0.0009295466885519173
LOMO,MorganBit_1815,ligands: fingerprint,0.0
LOMO,MorganBit_1816,ligands: fingerprint,0.0025681825491608995
LOMO,MorganBit_1817,ligands: fingerprint,0.00028622656843182667
LOMO,MorganBit_1818,ligands: fingerprint,0.0003466072451133634
LOMO,MorganBit_1819,ligands: fingerprint,5.0082667361782575e-05
LOMO,MorganBit_1820,ligands: fingerprint,2.097354000802373e-05
LOMO,MorganBit_1821,ligands: fingerprint,0.0
LOMO,MorganBit_1822,ligands: fingerprint,0.0
LOMO,MorganBit_1823,ligands: fingerprint,0.002767640627914405
LOMO,MorganBit_1824,ligands: fingerprint,0.00026626153147862587
LOMO,MorganBit_1825,ligands: fingerprint,0.0005252530442059916
LOMO,MorganBit_1826,ligands: fingerprint,0.0
LOMO,MorganBit_1827,ligands: fingerprint,3.366661950415903e-05
LOMO,MorganBit_1828,ligands: fingerprint,0.0011647856729852008
LOMO,MorganBit_1829,ligands: fingerprint,0.0
LOMO,MorganBit_1830,ligands: fingerprint,0.0030695978873954578
LOMO,MorganBit_1831,ligands: fingerprint,0.001297577295636094
LOMO,MorganBit_1832,ligands: fingerprint,0.0023039265775824298
LOMO,MorganBit_1833,ligands: fingerprint,0.0
LOMO,MorganBit_1834,ligands: fingerprint,0.0
LOMO,MorganBit_1835,ligands: fingerprint,0.00012036566128015732
LOMO,MorganBit_1836,ligands: fingerprint,0.0
LOMO,MorganBit_1837,ligands: fingerprint,0.0
LOMO,MorganBit_1838,ligands: fingerprint,0.0004905221198949419
LOMO,MorganBit_1839,ligands: fingerprint,0.0
LOMO,MorganBit_1840,ligands: fingerprint,0.004309967646773185
LOMO,MorganBit_1841,ligands: fingerprint,0.0
LOMO,MorganBit_1842,ligands: fingerprint,0.00013753203289706221
LOMO,MorganBit_1843,ligands: fingerprint,0.0
LOMO,MorganBit_1844,ligands: fingerprint,0.0025596110486335215
LOMO,MorganBit_1845,ligands: fingerprint,0.0
LOMO,MorganBit_1846,ligands: fingerprint,0.0
LOMO,MorganBit_1847,ligands: fingerprint,6.812120480358775e-05
LOMO,MorganBit_1848,ligands: fingerprint,0.0
LOMO,MorganBit_1849,ligands: fingerprint,0.0015119945779721983
LOMO,MorganBit_1850,ligands: fingerprint,0.0
LOMO,MorganBit_1851,ligands: fingerprint,0.006281242143031421
LOMO,MorganBit_1852,ligands: fingerprint,0.0034903452725538703
LOMO,MorganBit_1853,ligands: fingerprint,0.0006789434646024042
LOMO,MorganBit_1854,ligands: fingerprint,0.0007833390463833443
LOMO,MorganBit_1855,ligands: fingerprint,0.008320356172299792
LOMO,MorganBit_1856,ligands: fingerprint,0.0
LOMO,MorganBit_1857,ligands: fingerprint,0.0
LOMO,MorganBit_1858,ligands: fingerprint,0.0
LOMO,MorganBit_1859,ligands: fingerprint,0.00028282386485480536
LOMO,MorganBit_1860,ligands: fingerprint,1.084284651718501e-05
LOMO,MorganBit_1861,ligands: fingerprint,0.0
LOMO,MorganBit_1862,ligands: fingerprint,3.713701152486095e-05
LOMO,MorganBit_1863,ligands: fingerprint,0.00016464044946389486
LOMO,MorganBit_1864,ligands: fingerprint,0.005881746486429488
LOMO,MorganBit_1865,ligands: fingerprint,0.0
LOMO,MorganBit_1866,ligands: fingerprint,0.015862630444555197
LOMO,MorganBit_1867,ligands: fingerprint,0.00027013475248036583
LOMO,MorganBit_1868,ligands: fingerprint,9.604098395397554e-06
LOMO,MorganBit_1869,ligands: fingerprint,0.0
LOMO,MorganBit_1870,ligands: fingerprint,1.1261533064078304e-05
LOMO,MorganBit_1871,ligands: fingerprint,0.002921696880273975
LOMO,MorganBit_1872,ligands: fingerprint,1.1012066357778504e-05
LOMO,MorganBit_1873,ligands: fingerprint,0.01223436617511555
LOMO,MorganBit_1874,ligands: fingerprint,0.0009027107265628888
LOMO,MorganBit_1875,ligands: fingerprint,0.00041966811690508766
LOMO,MorganBit_1876,ligands: fingerprint,6.299778036498848e-05
LOMO,MorganBit_1877,ligands: fingerprint,3.9096571825713306e-05
LOMO,MorganBit_1878,ligands: fingerprint,1.162420446219007e-05
LOMO,MorganBit_1879,ligands: fingerprint,0.004133709914309919
LOMO,MorganBit_1880,ligands: fingerprint,0.0
LOMO,MorganBit_1881,ligands: fingerprint,0.0
LOMO,MorganBit_1882,ligands: fingerprint,0.0
LOMO,MorganBit_1883,ligands: fingerprint,0.0
LOMO,MorganBit_1884,ligands: fingerprint,0.0
LOMO,MorganBit_1885,ligands: fingerprint,0.0
LOMO,MorganBit_1886,ligands: fingerprint,0.0
LOMO,MorganBit_1887,ligands: fingerprint,0.0005700927615529851
LOMO,MorganBit_1888,ligands: fingerprint,0.0
LOMO,MorganBit_1889,ligands: fingerprint,0.0
LOMO,MorganBit_1890,ligands: fingerprint,0.0
LOMO,MorganBit_1891,ligands: fingerprint,0.0
LOMO,MorganBit_1892,ligands: fingerprint,0.0
LOMO,MorganBit_1893,ligands: fingerprint,0.0
LOMO,MorganBit_1894,ligands: fingerprint,0.0
LOMO,MorganBit_1895,ligands: fingerprint,0.0
LOMO,MorganBit_1896,ligands: fingerprint,0.0
LOMO,MorganBit_1897,ligands: fingerprint,0.0
LOMO,MorganBit_1898,ligands: fingerprint,0.001381292580185396
LOMO,MorganBit_1899,ligands: fingerprint,0.0
LOMO,MorganBit_1900,ligands: fingerprint,0.0018645781949460753
LOMO,MorganBit_1901,ligands: fingerprint,0.0
LOMO,MorganBit_1902,ligands: fingerprint,0.0
LOMO,MorganBit_1903,ligands: fingerprint,0.0
LOMO,MorganBit_1904,ligands: fingerprint,0.0
LOMO,MorganBit_1905,ligands: fingerprint,0.00012517923206578792
LOMO,MorganBit_1906,ligands: fingerprint,1.505438925395871e-06
LOMO,MorganBit_1907,ligands: fingerprint,0.0
LOMO,MorganBit_1908,ligands: fingerprint,0.0
LOMO,MorganBit_1909,ligands: fingerprint,0.0
LOMO,MorganBit_1910,ligands: fingerprint,5.3821314732791903e-05
LOMO,MorganBit_1911,ligands: fingerprint,0.004047799114240756
LOMO,MorganBit_1912,ligands: fingerprint,0.00013387565019297042
LOMO,MorganBit_1913,ligands: fingerprint,0.0
LOMO,MorganBit_1914,ligands: fingerprint,0.0
LOMO,MorganBit_1915,ligands: fingerprint,0.0
LOMO,MorganBit_1916,ligands: fingerprint,0.0
LOMO,MorganBit_1917,ligands: fingerprint,0.004618520376397221
LOMO,MorganBit_1918,ligands: fingerprint,0.0
LOMO,MorganBit_1919,ligands: fingerprint,0.0013925625164004274
LOMO,MorganBit_1920,ligands: fingerprint,0.0035325110161876453
LOMO,MorganBit_1921,ligands: fingerprint,0.006950423957140637
LOMO,MorganBit_1922,ligands: fingerprint,1.0419496284578857e-05
LOMO,MorganBit_1923,ligands: fingerprint,0.0
LOMO,MorganBit_1924,ligands: fingerprint,0.0
LOMO,MorganBit_1925,ligands: fingerprint,7.513539227129778e-05
LOMO,MorganBit_1926,ligands: fingerprint,0.0
LOMO,MorganBit_1927,ligands: fingerprint,5.92744754496654e-06
LOMO,MorganBit_1928,ligands: fingerprint,0.0020230641932320347
LOMO,MorganBit_1929,ligands: fingerprint,0.0
LOMO,MorganBit_1930,ligands: fingerprint,0.00011902095078904233
LOMO,MorganBit_1931,ligands: fingerprint,9.521023050701988e-05
LOMO,MorganBit_1932,ligands: fingerprint,4.077234422313332e-05
LOMO,MorganBit_1933,ligands: fingerprint,0.0
LOMO,MorganBit_1934,ligands: fingerprint,0.0002957958384830121
LOMO,MorganBit_1935,ligands: fingerprint,0.0
LOMO,MorganBit_1936,ligands: fingerprint,0.0
LOMO,MorganBit_1937,ligands: fingerprint,0.0
LOMO,MorganBit_1938,ligands: fingerprint,0.0
LOMO,MorganBit_1939,ligands: fingerprint,0.005357056061514951
LOMO,MorganBit_1940,ligands: fingerprint,0.0
LOMO,MorganBit_1941,ligands: fingerprint,0.0
LOMO,MorganBit_1942,ligands: fingerprint,2.4817112468387305e-05
LOMO,MorganBit_1943,ligands: fingerprint,0.0
LOMO,MorganBit_1944,ligands: fingerprint,7.314136354171418e-05
LOMO,MorganBit_1945,ligands: fingerprint,0.0
LOMO,MorganBit_1946,ligands: fingerprint,0.0
LOMO,MorganBit_1947,ligands: fingerprint,0.0
LOMO,MorganBit_1948,ligands: fingerprint,0.0001325962946071179
LOMO,MorganBit_1949,ligands: fingerprint,8.56099755742608e-05
LOMO,MorganBit_1950,ligands: fingerprint,0.003336807605860097
LOMO,MorganBit_1951,ligands: fingerprint,0.001975338031688447
LOMO,MorganBit_1952,ligands: fingerprint,0.0006212864329677898
LOMO,MorganBit_1953,ligands: fingerprint,0.0009681392296870053
LOMO,MorganBit_1954,ligands: fingerprint,0.0002378110111450426
LOMO,MorganBit_1955,ligands: fingerprint,0.00031530435990690135
LOMO,MorganBit_1956,ligands: fingerprint,0.00035429184846429124
LOMO,MorganBit_1957,ligands: fingerprint,0.0
LOMO,MorganBit_1958,ligands: fingerprint,0.0
LOMO,MorganBit_1959,ligands: fingerprint,0.0
LOMO,MorganBit_1960,ligands: fingerprint,0.0
LOMO,MorganBit_1961,ligands: fingerprint,0.0
LOMO,MorganBit_1962,ligands: fingerprint,6.235924979703489e-06
LOMO,MorganBit_1963,ligands: fingerprint,0.0006938202348645095
LOMO,MorganBit_1964,ligands: fingerprint,0.0006680978359570615
LOMO,MorganBit_1965,ligands: fingerprint,3.799229455506443e-05
LOMO,MorganBit_1966,ligands: fingerprint,0.0
LOMO,MorganBit_1967,ligands: fingerprint,0.0
LOMO,MorganBit_1968,ligands: fingerprint,0.0
LOMO,MorganBit_1969,ligands: fingerprint,0.0
LOMO,MorganBit_1970,ligands: fingerprint,0.0015589120153390239
LOMO,MorganBit_1971,ligands: fingerprint,0.0013467406297277737
LOMO,MorganBit_1972,ligands: fingerprint,4.1607620586191874e-05
LOMO,MorganBit_1973,ligands: fingerprint,0.0002856421751598859
LOMO,MorganBit_1974,ligands: fingerprint,0.0003123909452576551
LOMO,MorganBit_1975,ligands: fingerprint,0.0
LOMO,MorganBit_1976,ligands: fingerprint,0.0
LOMO,MorganBit_1977,ligands: fingerprint,0.00012454995248789
LOMO,MorganBit_1978,ligands: fingerprint,0.00035849690312487776
LOMO,MorganBit_1979,ligands: fingerprint,0.0
LOMO,MorganBit_1980,ligands: fingerprint,2.43969867218321e-06
LOMO,MorganBit_1981,ligands: fingerprint,0.0011428060653123808
LOMO,MorganBit_1982,ligands: fingerprint,0.0
LOMO,MorganBit_1983,ligands: fingerprint,0.0
LOMO,MorganBit_1984,ligands: fingerprint,0.0005516993167556407
LOMO,MorganBit_1985,ligands: fingerprint,0.002269072554528363
LOMO,MorganBit_1986,ligands: fingerprint,0.0
LOMO,MorganBit_1987,ligands: fingerprint,0.0
LOMO,MorganBit_1988,ligands: fingerprint,0.0
LOMO,MorganBit_1989,ligands: fingerprint,0.0
LOMO,MorganBit_1990,ligands: fingerprint,0.000718335103666511
LOMO,MorganBit_1991,ligands: fingerprint,0.0002663082568322196
LOMO,MorganBit_1992,ligands: fingerprint,0.0002658200484323184
LOMO,MorganBit_1993,ligands: fingerprint,0.0
LOMO,MorganBit_1994,ligands: fingerprint,0.004175845307556614
LOMO,MorganBit_1995,ligands: fingerprint,0.00015174684688899277
LOMO,MorganBit_1996,ligands: fingerprint,0.0
LOMO,MorganBit_1997,ligands: fingerprint,9.564226919921012e-06
LOMO,MorganBit_1998,ligands: fingerprint,0.003249328911287398
LOMO,MorganBit_1999,ligands: fingerprint,0.00039880225281767074
LOMO,MorganBit_2000,ligands: fingerprint,0.0
LOMO,MorganBit_2001,ligands: fingerprint,0.003028598662620244
LOMO,MorganBit_2002,ligands: fingerprint,0.0
LOMO,MorganBit_2003,ligands: fingerprint,0.0
LOMO,MorganBit_2004,ligands: fingerprint,0.0003202376072389448
LOMO,MorganBit_2005,ligands: fingerprint,0.0
LOMO,MorganBit_2006,ligands: fingerprint,0.0
LOMO,MorganBit_2007,ligands: fingerprint,4.432213121331708e-05
LOMO,MorganBit_2008,ligands: fingerprint,0.005071916009046227
LOMO,MorganBit_2009,ligands: fingerprint,1.086793010028087e-05
LOMO,MorganBit_2010,ligands: fingerprint,0.0
LOMO,MorganBit_2011,ligands: fingerprint,0.00020325900966769548
LOMO,MorganBit_2012,ligands: fingerprint,0.0
LOMO,MorganBit_2013,ligands: fingerprint,0.0
LOMO,MorganBit_2014,ligands: fingerprint,0.0
LOMO,MorganBit_2015,ligands: fingerprint,0.0
LOMO,MorganBit_2016,ligands: fingerprint,0.0
LOMO,MorganBit_2017,ligands: fingerprint,2.3500855148531815e-06
LOMO,MorganBit_2018,ligands: fingerprint,0.0015301266355676856
LOMO,MorganBit_2019,ligands: fingerprint,0.0
LOMO,MorganBit_2020,ligands: fingerprint,0.0005895623386484393
LOMO,MorganBit_2021,ligands: fingerprint,0.002115247373177211
LOMO,MorganBit_2022,ligands: fingerprint,0.0
LOMO,MorganBit_2023,ligands: fingerprint,0.0
LOMO,MorganBit_2024,ligands: fingerprint,0.0
LOMO,MorganBit_2025,ligands: fingerprint,0.0
LOMO,MorganBit_2026,ligands: fingerprint,0.0
LOMO,MorganBit_2027,ligands: fingerprint,0.0
LOMO,MorganBit_2028,ligands: fingerprint,3.333749724113333e-05
LOMO,MorganBit_2029,ligands: fingerprint,1.971430630084425e-05
LOMO,MorganBit_2030,ligands: fingerprint,0.0
LOMO,MorganBit_2031,ligands: fingerprint,0.0
LOMO,MorganBit_2032,ligands: fingerprint,8.005003877896113e-05
LOMO,MorganBit_2033,ligands: fingerprint,0.0004815384098614227
LOMO,MorganBit_2034,ligands: fingerprint,0.0020923214121459826
LOMO,MorganBit_2035,ligands: fingerprint,0.0
LOMO,MorganBit_2036,ligands: fingerprint,5.630159633267703e-06
LOMO,MorganBit_2037,ligands: fingerprint,0.0
LOMO,MorganBit_2038,ligands: fingerprint,0.0
LOMO,MorganBit_2039,ligands: fingerprint,0.0
LOMO,MorganBit_2040,ligands: fingerprint,0.0
LOMO,MorganBit_2041,ligands: fingerprint,0.0016293375663924004
LOMO,MorganBit_2042,ligands: fingerprint,0.0
LOMO,MorganBit_2043,ligands: fingerprint,0.0
LOMO,MorganBit_2044,ligands: fingerprint,0.00015877199994646576
LOMO,MorganBit_2045,ligands: fingerprint,0.0
LOMO,MorganBit_2046,ligands: fingerprint,0.0
LOMO,MorganBit_2047,ligands: fingerprint,0.0
LOMO,buffer_class_group,conditions,0.02313625910007879
LOMO,complex_charge_numeric,ion pair,0.07857002654451982
LOMO,coordination_number_mean,coordination,0.006628570956063356
LOMO,cosolvent_present,conditions,0.0055649437415247645
LOMO,counterion_MW,ion pair,0.024580410008740363
LOMO,counterion_MolLogP,ion pair,0.027202998953208254
LOMO,counterion_TPSA,ion pair,0.006629331435363709
LOMO,counterion_abs_charge_sum,ion pair,0.02407536731592492
LOMO,counterion_count_C,ion pair,0.004031248864364543
LOMO,counterion_count_Cl,ion pair,0.0031460189419535746
LOMO,counterion_count_F,ion pair,0.001206017090574941
LOMO,counterion_count_N,ion pair,0.009635783481026164
LOMO,counterion_count_P,ion pair,0.00037768411471203787
LOMO,counterion_count_S,ion pair,0.0014682369072638517
LOMO,counterion_n_fragments,ion pair,0.09935079872310444
LOMO,donor_bonds_C,coordination,0.019947076055321547
LOMO,donor_bonds_Cl,coordination,0.011090135429523307
LOMO,donor_bonds_N,coordination,0.015735558652320503
LOMO,donor_bonds_O,coordination,0.011810475556414223
LOMO,donor_bonds_P,coordination,0.0011826190608077742
LOMO,donor_bonds_S,coordination,0.01195065885542295
LOMO,donor_bonds_other,coordination,0.002437429329628826
LOMO,halide_conc_mM_value,conditions,0.05676337691694808
LOMO,halide_conc_present,conditions,5.135954309333629e-05
LOMO,halide_type_group,conditions,0.00790488948217103
LOMO,heterometallic,metal,0.0005781996617317838
LOMO,metal_d_electrons_mean,metal,0.0057946630725601075
LOMO,metal_group_mean,metal,0.04124954154331126
LOMO,metal_oxidation_state_mean,metal,0.027467942222388648
LOMO,metal_period_mean,metal,0.05012267386342472
LOMO,n_bridging_donor_atoms,coordination,9.871246520102847e-05
LOMO,n_metal_centers,metal,0.0017075024853223084
LOMO,n_metal_metal_bonds,coordination,0.0
LOMO,rdkit_BertzCT,ligands: descriptors,0.01332750590678438
LOMO,rdkit_FractionCSP3,ligands: descriptors,0.027073820493410606
LOMO,rdkit_MaxEStateIndex,ligands: descriptors,0.03627872093501751
LOMO,rdkit_MinEStateIndex,ligands: descriptors,0.06839326750785672
LOMO,rdkit_MolLogP,ligands: descriptors,0.22939209238205965
LOMO,rdkit_MolWt,ligands: descriptors,0.05447506843088017
LOMO,rdkit_NumAromaticRings,ligands: descriptors,0.005629386021893773
LOMO,rdkit_NumHAcceptors,ligands: descriptors,0.011084786137302084
LOMO,rdkit_NumHDonors,ligands: descriptors,0.0203125954972085
LOMO,rdkit_NumHeteroatoms,ligands: descriptors,0.014881460044541748
LOMO,rdkit_NumRotatableBonds,ligands: descriptors,0.014539552295224812
LOMO,rdkit_RingCount,ligands: descriptors,0.013896193792567794
LOMO,rdkit_TPSA,ligands: descriptors,0.023962603709490125
LOMO,rdkit_fr_Ar_NH,ligands: descriptors,0.007858258499769696
LOMO,rdkit_fr_COO,ligands: descriptors,0.030369528079659154
LOMO,rdkit_fr_amide,ligands: descriptors,0.005734192018121278
LOMO,rdkit_fr_benzene,ligands: descriptors,0.14156824184621583
LOMO,rdkit_fr_ether,ligands: descriptors,0.0015581376298627232
LOMO,rdkit_fr_pyridine,ligands: descriptors,0.01741095015262229
SMILES,MorganBit_0000,ligands: fingerprint,0.0
SMILES,MorganBit_0001,ligands: fingerprint,0.001398025804226098
SMILES,MorganBit_0002,ligands: fingerprint,0.00037232460952003595
SMILES,MorganBit_0003,ligands: fingerprint,0.0
SMILES,MorganBit_0004,ligands: fingerprint,0.00026011185120009873
SMILES,MorganBit_0005,ligands: fingerprint,0.0
SMILES,MorganBit_0006,ligands: fingerprint,0.0
SMILES,MorganBit_0007,ligands: fingerprint,0.0
SMILES,MorganBit_0008,ligands: fingerprint,0.000463311990184874
SMILES,MorganBit_0009,ligands: fingerprint,0.0
SMILES,MorganBit_0010,ligands: fingerprint,0.0
SMILES,MorganBit_0011,ligands: fingerprint,8.476326846221185e-05
SMILES,MorganBit_0012,ligands: fingerprint,0.0
SMILES,MorganBit_0013,ligands: fingerprint,0.0018971591382351168
SMILES,MorganBit_0014,ligands: fingerprint,0.0001908899377733324
SMILES,MorganBit_0015,ligands: fingerprint,0.0
SMILES,MorganBit_0016,ligands: fingerprint,0.0
SMILES,MorganBit_0017,ligands: fingerprint,0.0
SMILES,MorganBit_0018,ligands: fingerprint,0.0016998851258471352
SMILES,MorganBit_0019,ligands: fingerprint,0.0
SMILES,MorganBit_0020,ligands: fingerprint,0.00015963213225358443
SMILES,MorganBit_0021,ligands: fingerprint,0.00019122332682966408
SMILES,MorganBit_0022,ligands: fingerprint,2.628844205757233e-05
SMILES,MorganBit_0023,ligands: fingerprint,0.00014236688995903255
SMILES,MorganBit_0024,ligands: fingerprint,0.0
SMILES,MorganBit_0025,ligands: fingerprint,0.00013764952679624727
SMILES,MorganBit_0026,ligands: fingerprint,0.00011396438647867737
SMILES,MorganBit_0027,ligands: fingerprint,0.0
SMILES,MorganBit_0028,ligands: fingerprint,0.0
SMILES,MorganBit_0029,ligands: fingerprint,2.174921907102072e-05
SMILES,MorganBit_0030,ligands: fingerprint,8.831903522457976e-05
SMILES,MorganBit_0031,ligands: fingerprint,0.00010337993092788304
SMILES,MorganBit_0032,ligands: fingerprint,9.08125946800689e-05
SMILES,MorganBit_0033,ligands: fingerprint,0.0031388932991840146
SMILES,MorganBit_0034,ligands: fingerprint,0.002216953212024509
SMILES,MorganBit_0035,ligands: fingerprint,0.00030068218713378794
SMILES,MorganBit_0036,ligands: fingerprint,0.0
SMILES,MorganBit_0037,ligands: fingerprint,0.002614578174857873
SMILES,MorganBit_0038,ligands: fingerprint,1.73218357745283e-05
SMILES,MorganBit_0039,ligands: fingerprint,0.0
SMILES,MorganBit_0040,ligands: fingerprint,0.0
SMILES,MorganBit_0041,ligands: fingerprint,0.0004521787228615566
SMILES,MorganBit_0042,ligands: fingerprint,0.0
SMILES,MorganBit_0043,ligands: fingerprint,0.000279013567903986
SMILES,MorganBit_0044,ligands: fingerprint,0.0
SMILES,MorganBit_0045,ligands: fingerprint,0.0029154268057344427
SMILES,MorganBit_0046,ligands: fingerprint,0.001205801919469924
SMILES,MorganBit_0047,ligands: fingerprint,0.0
SMILES,MorganBit_0048,ligands: fingerprint,0.0
SMILES,MorganBit_0049,ligands: fingerprint,0.0
SMILES,MorganBit_0050,ligands: fingerprint,0.0
SMILES,MorganBit_0051,ligands: fingerprint,0.0
SMILES,MorganBit_0052,ligands: fingerprint,0.0
SMILES,MorganBit_0053,ligands: fingerprint,1.917144745476228e-05
SMILES,MorganBit_0054,ligands: fingerprint,0.0
SMILES,MorganBit_0055,ligands: fingerprint,0.0
SMILES,MorganBit_0056,ligands: fingerprint,0.00016141723139721673
SMILES,MorganBit_0057,ligands: fingerprint,0.0
SMILES,MorganBit_0058,ligands: fingerprint,0.0004622967278895279
SMILES,MorganBit_0059,ligands: fingerprint,0.0
SMILES,MorganBit_0060,ligands: fingerprint,0.0
SMILES,MorganBit_0061,ligands: fingerprint,0.0
SMILES,MorganBit_0062,ligands: fingerprint,0.00029021620958452805
SMILES,MorganBit_0063,ligands: fingerprint,0.0
SMILES,MorganBit_0064,ligands: fingerprint,0.0
SMILES,MorganBit_0065,ligands: fingerprint,0.0004545556004009687
SMILES,MorganBit_0066,ligands: fingerprint,0.0
SMILES,MorganBit_0067,ligands: fingerprint,0.0
SMILES,MorganBit_0068,ligands: fingerprint,0.0
SMILES,MorganBit_0069,ligands: fingerprint,0.0
SMILES,MorganBit_0070,ligands: fingerprint,1.798195621993916e-05
SMILES,MorganBit_0071,ligands: fingerprint,0.0
SMILES,MorganBit_0072,ligands: fingerprint,0.0
SMILES,MorganBit_0073,ligands: fingerprint,0.0
SMILES,MorganBit_0074,ligands: fingerprint,0.0013526289735273087
SMILES,MorganBit_0075,ligands: fingerprint,0.0001608452899854483
SMILES,MorganBit_0076,ligands: fingerprint,0.0008860460121839721
SMILES,MorganBit_0077,ligands: fingerprint,0.00010657652291882328
SMILES,MorganBit_0078,ligands: fingerprint,0.0
SMILES,MorganBit_0079,ligands: fingerprint,0.0009183854374396878
SMILES,MorganBit_0080,ligands: fingerprint,0.0064231775677083295
SMILES,MorganBit_0081,ligands: fingerprint,9.135896821231525e-06
SMILES,MorganBit_0082,ligands: fingerprint,0.0
SMILES,MorganBit_0083,ligands: fingerprint,0.00014284101695768105
SMILES,MorganBit_0084,ligands: fingerprint,0.00016979392162994668
SMILES,MorganBit_0085,ligands: fingerprint,3.7205507757368615e-05
SMILES,MorganBit_0086,ligands: fingerprint,0.0
SMILES,MorganBit_0087,ligands: fingerprint,1.6867863215986158e-05
SMILES,MorganBit_0088,ligands: fingerprint,0.0
SMILES,MorganBit_0089,ligands: fingerprint,0.0009000254381627207
SMILES,MorganBit_0090,ligands: fingerprint,1.760220890735957e-05
SMILES,MorganBit_0091,ligands: fingerprint,0.0
SMILES,MorganBit_0092,ligands: fingerprint,0.0
SMILES,MorganBit_0093,ligands: fingerprint,0.0
SMILES,MorganBit_0094,ligands: fingerprint,0.0
SMILES,MorganBit_0095,ligands: fingerprint,0.0
SMILES,MorganBit_0096,ligands: fingerprint,0.0
SMILES,MorganBit_0097,ligands: fingerprint,0.005030828124409525
SMILES,MorganBit_0098,ligands: fingerprint,0.0
SMILES,MorganBit_0099,ligands: fingerprint,0.0011703956291045715
SMILES,MorganBit_0100,ligands: fingerprint,0.0
SMILES,MorganBit_0101,ligands: fingerprint,0.0
SMILES,MorganBit_0102,ligands: fingerprint,0.0003423185806913228
SMILES,MorganBit_0103,ligands: fingerprint,0.0
SMILES,MorganBit_0104,ligands: fingerprint,8.168193132580787e-06
SMILES,MorganBit_0105,ligands: fingerprint,0.0005458514688118049
SMILES,MorganBit_0106,ligands: fingerprint,5.942517742137506e-05
SMILES,MorganBit_0107,ligands: fingerprint,0.0
SMILES,MorganBit_0108,ligands: fingerprint,9.355246366966027e-05
SMILES,MorganBit_0109,ligands: fingerprint,0.0
SMILES,MorganBit_0110,ligands: fingerprint,0.0010004257155883558
SMILES,MorganBit_0111,ligands: fingerprint,0.0
SMILES,MorganBit_0112,ligands: fingerprint,0.0
SMILES,MorganBit_0113,ligands: fingerprint,3.777142010804943e-05
SMILES,MorganBit_0114,ligands: fingerprint,0.0003863944645538705
SMILES,MorganBit_0115,ligands: fingerprint,0.0
SMILES,MorganBit_0116,ligands: fingerprint,0.00015530375985034673
SMILES,MorganBit_0117,ligands: fingerprint,0.0002221324135140873
SMILES,MorganBit_0118,ligands: fingerprint,0.0005458904220801742
SMILES,MorganBit_0119,ligands: fingerprint,0.0018714368518501859
SMILES,MorganBit_0120,ligands: fingerprint,0.0
SMILES,MorganBit_0121,ligands: fingerprint,0.00015506139947248456
SMILES,MorganBit_0122,ligands: fingerprint,0.0
SMILES,MorganBit_0123,ligands: fingerprint,0.0
SMILES,MorganBit_0124,ligands: fingerprint,0.0
SMILES,MorganBit_0125,ligands: fingerprint,0.0005170138306929749
SMILES,MorganBit_0126,ligands: fingerprint,0.0027048199389071194
SMILES,MorganBit_0127,ligands: fingerprint,0.00026698515258012135
SMILES,MorganBit_0128,ligands: fingerprint,0.0
SMILES,MorganBit_0129,ligands: fingerprint,0.0
SMILES,MorganBit_0130,ligands: fingerprint,0.0
SMILES,MorganBit_0131,ligands: fingerprint,0.0
SMILES,MorganBit_0132,ligands: fingerprint,0.0
SMILES,MorganBit_0133,ligands: fingerprint,0.0
SMILES,MorganBit_0134,ligands: fingerprint,0.0
SMILES,MorganBit_0135,ligands: fingerprint,0.0
SMILES,MorganBit_0136,ligands: fingerprint,0.0
SMILES,MorganBit_0137,ligands: fingerprint,0.0002146064901437469
SMILES,MorganBit_0138,ligands: fingerprint,0.0
SMILES,MorganBit_0139,ligands: fingerprint,0.0
SMILES,MorganBit_0140,ligands: fingerprint,0.0007862581809574193
SMILES,MorganBit_0141,ligands: fingerprint,0.0
SMILES,MorganBit_0142,ligands: fingerprint,0.0
SMILES,MorganBit_0143,ligands: fingerprint,0.0
SMILES,MorganBit_0144,ligands: fingerprint,0.00040412250998169254
SMILES,MorganBit_0145,ligands: fingerprint,0.0014871422417552062
SMILES,MorganBit_0146,ligands: fingerprint,0.00010580641672682965
SMILES,MorganBit_0147,ligands: fingerprint,0.004100449578092524
SMILES,MorganBit_0148,ligands: fingerprint,3.176409221207985e-05
SMILES,MorganBit_0149,ligands: fingerprint,0.00015247319838968554
SMILES,MorganBit_0150,ligands: fingerprint,0.0
SMILES,MorganBit_0151,ligands: fingerprint,0.0
SMILES,MorganBit_0152,ligands: fingerprint,0.0
SMILES,MorganBit_0153,ligands: fingerprint,0.0
SMILES,MorganBit_0154,ligands: fingerprint,0.0
SMILES,MorganBit_0155,ligands: fingerprint,0.0
SMILES,MorganBit_0156,ligands: fingerprint,0.002928831152534548
SMILES,MorganBit_0157,ligands: fingerprint,0.0
SMILES,MorganBit_0158,ligands: fingerprint,0.0008512607322400331
SMILES,MorganBit_0159,ligands: fingerprint,0.0
SMILES,MorganBit_0160,ligands: fingerprint,0.0
SMILES,MorganBit_0161,ligands: fingerprint,0.0
SMILES,MorganBit_0162,ligands: fingerprint,0.0011677630797312822
SMILES,MorganBit_0163,ligands: fingerprint,0.0
SMILES,MorganBit_0164,ligands: fingerprint,0.000341480170294179
SMILES,MorganBit_0165,ligands: fingerprint,0.0003473208019701292
SMILES,MorganBit_0166,ligands: fingerprint,0.0
SMILES,MorganBit_0167,ligands: fingerprint,0.00021953719098652364
SMILES,MorganBit_0168,ligands: fingerprint,0.0
SMILES,MorganBit_0169,ligands: fingerprint,0.0
SMILES,MorganBit_0170,ligands: fingerprint,0.0036006475274675993
SMILES,MorganBit_0171,ligands: fingerprint,3.22147741921976e-05
SMILES,MorganBit_0172,ligands: fingerprint,0.00015259522432069578
SMILES,MorganBit_0173,ligands: fingerprint,0.0008243613520306731
SMILES,MorganBit_0174,ligands: fingerprint,0.0
SMILES,MorganBit_0175,ligands: fingerprint,0.0
SMILES,MorganBit_0176,ligands: fingerprint,0.0
SMILES,MorganBit_0177,ligands: fingerprint,0.0003641798751642318
SMILES,MorganBit_0178,ligands: fingerprint,0.0
SMILES,MorganBit_0179,ligands: fingerprint,0.00472231790710082
SMILES,MorganBit_0180,ligands: fingerprint,9.452722167510896e-05
SMILES,MorganBit_0181,ligands: fingerprint,0.0008404030829148887
SMILES,MorganBit_0182,ligands: fingerprint,0.0
SMILES,MorganBit_0183,ligands: fingerprint,0.0
SMILES,MorganBit_0184,ligands: fingerprint,0.002185554999879813
SMILES,MorganBit_0185,ligands: fingerprint,0.0005115841175601532
SMILES,MorganBit_0186,ligands: fingerprint,0.0
SMILES,MorganBit_0187,ligands: fingerprint,0.0
SMILES,MorganBit_0188,ligands: fingerprint,0.0
SMILES,MorganBit_0189,ligands: fingerprint,0.0
SMILES,MorganBit_0190,ligands: fingerprint,0.00019085758267394992
SMILES,MorganBit_0191,ligands: fingerprint,0.0005351306706237421
SMILES,MorganBit_0192,ligands: fingerprint,0.002323787300299354
SMILES,MorganBit_0193,ligands: fingerprint,0.0
SMILES,MorganBit_0194,ligands: fingerprint,0.0
SMILES,MorganBit_0195,ligands: fingerprint,0.0
SMILES,MorganBit_0196,ligands: fingerprint,0.0
SMILES,MorganBit_0197,ligands: fingerprint,0.0013811381503581253
SMILES,MorganBit_0198,ligands: fingerprint,0.0
SMILES,MorganBit_0199,ligands: fingerprint,0.0
SMILES,MorganBit_0200,ligands: fingerprint,0.0
SMILES,MorganBit_0201,ligands: fingerprint,0.0
SMILES,MorganBit_0202,ligands: fingerprint,0.00017802701960694528
SMILES,MorganBit_0203,ligands: fingerprint,0.006638919354800317
SMILES,MorganBit_0204,ligands: fingerprint,0.0
SMILES,MorganBit_0205,ligands: fingerprint,0.0
SMILES,MorganBit_0206,ligands: fingerprint,0.0
SMILES,MorganBit_0207,ligands: fingerprint,0.0002672351818309722
SMILES,MorganBit_0208,ligands: fingerprint,0.0
SMILES,MorganBit_0209,ligands: fingerprint,0.0
SMILES,MorganBit_0210,ligands: fingerprint,0.0
SMILES,MorganBit_0211,ligands: fingerprint,0.0
SMILES,MorganBit_0212,ligands: fingerprint,0.0
SMILES,MorganBit_0213,ligands: fingerprint,0.0
SMILES,MorganBit_0214,ligands: fingerprint,6.934079464963332e-05
SMILES,MorganBit_0215,ligands: fingerprint,0.0
SMILES,MorganBit_0216,ligands: fingerprint,0.00019674591532482842
SMILES,MorganBit_0217,ligands: fingerprint,0.0
SMILES,MorganBit_0218,ligands: fingerprint,0.001590788058155768
SMILES,MorganBit_0219,ligands: fingerprint,0.0
SMILES,MorganBit_0220,ligands: fingerprint,0.0
SMILES,MorganBit_0221,ligands: fingerprint,0.0
SMILES,MorganBit_0222,ligands: fingerprint,0.0009253037757269326
SMILES,MorganBit_0223,ligands: fingerprint,0.0026393519308793205
SMILES,MorganBit_0224,ligands: fingerprint,0.0
SMILES,MorganBit_0225,ligands: fingerprint,2.4390840117113594e-05
SMILES,MorganBit_0226,ligands: fingerprint,0.0
SMILES,MorganBit_0227,ligands: fingerprint,0.0
SMILES,MorganBit_0228,ligands: fingerprint,0.0
SMILES,MorganBit_0229,ligands: fingerprint,0.0
SMILES,MorganBit_0230,ligands: fingerprint,0.0
SMILES,MorganBit_0231,ligands: fingerprint,2.335058660945165e-05
SMILES,MorganBit_0232,ligands: fingerprint,0.0
SMILES,MorganBit_0233,ligands: fingerprint,2.6460582846061353e-05
SMILES,MorganBit_0234,ligands: fingerprint,0.0
SMILES,MorganBit_0235,ligands: fingerprint,0.001231579527882325
SMILES,MorganBit_0236,ligands: fingerprint,0.0
SMILES,MorganBit_0237,ligands: fingerprint,0.0002914574950547526
SMILES,MorganBit_0238,ligands: fingerprint,0.0
SMILES,MorganBit_0239,ligands: fingerprint,0.0
SMILES,MorganBit_0240,ligands: fingerprint,0.0
SMILES,MorganBit_0241,ligands: fingerprint,0.00010215441619890234
SMILES,MorganBit_0242,ligands: fingerprint,0.00045166849910992593
SMILES,MorganBit_0243,ligands: fingerprint,0.004099383526714585
SMILES,MorganBit_0244,ligands: fingerprint,0.0
SMILES,MorganBit_0245,ligands: fingerprint,0.0012843880881589725
SMILES,MorganBit_0246,ligands: fingerprint,0.0
SMILES,MorganBit_0247,ligands: fingerprint,0.0
SMILES,MorganBit_0248,ligands: fingerprint,0.012609007731026097
SMILES,MorganBit_0249,ligands: fingerprint,0.0006488613756405462
SMILES,MorganBit_0250,ligands: fingerprint,0.0
SMILES,MorganBit_0251,ligands: fingerprint,0.0029665705576274086
SMILES,MorganBit_0252,ligands: fingerprint,0.000696151084101243
SMILES,MorganBit_0253,ligands: fingerprint,5.004371185796021e-06
SMILES,MorganBit_0254,ligands: fingerprint,0.0009193721572029001
SMILES,MorganBit_0255,ligands: fingerprint,7.48668415339321e-05
SMILES,MorganBit_0256,ligands: fingerprint,0.0
SMILES,MorganBit_0257,ligands: fingerprint,0.00037966687803486814
SMILES,MorganBit_0258,ligands: fingerprint,0.00023984922607902934
SMILES,MorganBit_0259,ligands: fingerprint,0.0
SMILES,MorganBit_0260,ligands: fingerprint,0.0
SMILES,MorganBit_0261,ligands: fingerprint,0.008157897990360765
SMILES,MorganBit_0262,ligands: fingerprint,0.0
SMILES,MorganBit_0263,ligands: fingerprint,0.00030978608654735565
SMILES,MorganBit_0264,ligands: fingerprint,0.0
SMILES,MorganBit_0265,ligands: fingerprint,0.00019257406765005363
SMILES,MorganBit_0266,ligands: fingerprint,1.7897240107369556e-05
SMILES,MorganBit_0267,ligands: fingerprint,0.0
SMILES,MorganBit_0268,ligands: fingerprint,0.0
SMILES,MorganBit_0269,ligands: fingerprint,0.0
SMILES,MorganBit_0270,ligands: fingerprint,0.0
SMILES,MorganBit_0271,ligands: fingerprint,0.0030650380677191323
SMILES,MorganBit_0272,ligands: fingerprint,0.0
SMILES,MorganBit_0273,ligands: fingerprint,0.0
SMILES,MorganBit_0274,ligands: fingerprint,0.002783501289077386
SMILES,MorganBit_0275,ligands: fingerprint,9.140210309986791e-06
SMILES,MorganBit_0276,ligands: fingerprint,0.00017769100277433583
SMILES,MorganBit_0277,ligands: fingerprint,0.0001497045229533223
SMILES,MorganBit_0278,ligands: fingerprint,0.0
SMILES,MorganBit_0279,ligands: fingerprint,0.0
SMILES,MorganBit_0280,ligands: fingerprint,0.0
SMILES,MorganBit_0281,ligands: fingerprint,0.0
SMILES,MorganBit_0282,ligands: fingerprint,1.0420895579139516e-05
SMILES,MorganBit_0283,ligands: fingerprint,0.016072490920957423
SMILES,MorganBit_0284,ligands: fingerprint,7.122096348474109e-06
SMILES,MorganBit_0285,ligands: fingerprint,0.0001321696830338391
SMILES,MorganBit_0286,ligands: fingerprint,0.0
SMILES,MorganBit_0287,ligands: fingerprint,0.0
SMILES,MorganBit_0288,ligands: fingerprint,0.0
SMILES,MorganBit_0289,ligands: fingerprint,0.0011851989948533346
SMILES,MorganBit_0290,ligands: fingerprint,4.973751817765814e-05
SMILES,MorganBit_0291,ligands: fingerprint,0.0007150933235043121
SMILES,MorganBit_0292,ligands: fingerprint,0.0
SMILES,MorganBit_0293,ligands: fingerprint,1.3832112160026527e-05
SMILES,MorganBit_0294,ligands: fingerprint,0.014923186736913016
SMILES,MorganBit_0295,ligands: fingerprint,0.0
SMILES,MorganBit_0296,ligands: fingerprint,0.00041122597809229377
SMILES,MorganBit_0297,ligands: fingerprint,0.0
SMILES,MorganBit_0298,ligands: fingerprint,6.748879539175629e-05
SMILES,MorganBit_0299,ligands: fingerprint,7.143733362406367e-05
SMILES,MorganBit_0300,ligands: fingerprint,0.0
SMILES,MorganBit_0301,ligands: fingerprint,0.00019313959521312057
SMILES,MorganBit_0302,ligands: fingerprint,0.0
SMILES,MorganBit_0303,ligands: fingerprint,0.0
SMILES,MorganBit_0304,ligands: fingerprint,0.0
SMILES,MorganBit_0305,ligands: fingerprint,0.0002248903844199915
SMILES,MorganBit_0306,ligands: fingerprint,0.0
SMILES,MorganBit_0307,ligands: fingerprint,0.00011472109790818476
SMILES,MorganBit_0308,ligands: fingerprint,0.0
SMILES,MorganBit_0309,ligands: fingerprint,0.0
SMILES,MorganBit_0310,ligands: fingerprint,0.0004413824326960052
SMILES,MorganBit_0311,ligands: fingerprint,0.0
SMILES,MorganBit_0312,ligands: fingerprint,0.0
SMILES,MorganBit_0313,ligands: fingerprint,0.0
SMILES,MorganBit_0314,ligands: fingerprint,0.0030586996793192907
SMILES,MorganBit_0315,ligands: fingerprint,0.00031564575236879154
SMILES,MorganBit_0316,ligands: fingerprint,0.0
SMILES,MorganBit_0317,ligands: fingerprint,0.00026243798459137183
SMILES,MorganBit_0318,ligands: fingerprint,6.390367785443583e-05
SMILES,MorganBit_0319,ligands: fingerprint,0.002481153884747803
SMILES,MorganBit_0320,ligands: fingerprint,0.0
SMILES,MorganBit_0321,ligands: fingerprint,0.0
SMILES,MorganBit_0322,ligands: fingerprint,0.002499325573033084
SMILES,MorganBit_0323,ligands: fingerprint,0.001488488372664322
SMILES,MorganBit_0324,ligands: fingerprint,0.0004827850323498101
SMILES,MorganBit_0325,ligands: fingerprint,0.002372695495839564
SMILES,MorganBit_0326,ligands: fingerprint,0.0
SMILES,MorganBit_0327,ligands: fingerprint,0.0002474870913281265
SMILES,MorganBit_0328,ligands: fingerprint,0.0
SMILES,MorganBit_0329,ligands: fingerprint,0.0
SMILES,MorganBit_0330,ligands: fingerprint,0.0
SMILES,MorganBit_0331,ligands: fingerprint,0.0
SMILES,MorganBit_0332,ligands: fingerprint,0.00013461897829461486
SMILES,MorganBit_0333,ligands: fingerprint,3.70453416882908e-05
SMILES,MorganBit_0334,ligands: fingerprint,3.575359370174318e-06
SMILES,MorganBit_0335,ligands: fingerprint,0.00020577152680509954
SMILES,MorganBit_0336,ligands: fingerprint,0.0
SMILES,MorganBit_0337,ligands: fingerprint,0.0
SMILES,MorganBit_0338,ligands: fingerprint,0.0003172206799264603
SMILES,MorganBit_0339,ligands: fingerprint,0.0
SMILES,MorganBit_0340,ligands: fingerprint,0.0
SMILES,MorganBit_0341,ligands: fingerprint,0.0007332145531687325
SMILES,MorganBit_0342,ligands: fingerprint,0.002528598335812002
SMILES,MorganBit_0343,ligands: fingerprint,0.008487897647267782
SMILES,MorganBit_0344,ligands: fingerprint,0.00018768688298267052
SMILES,MorganBit_0345,ligands: fingerprint,0.0
SMILES,MorganBit_0346,ligands: fingerprint,5.310433879253558e-05
SMILES,MorganBit_0347,ligands: fingerprint,0.0
SMILES,MorganBit_0348,ligands: fingerprint,0.0
SMILES,MorganBit_0349,ligands: fingerprint,0.0
SMILES,MorganBit_0350,ligands: fingerprint,0.0037325057883978914
SMILES,MorganBit_0351,ligands: fingerprint,0.0003987506086602339
SMILES,MorganBit_0352,ligands: fingerprint,0.004995774681129975
SMILES,MorganBit_0353,ligands: fingerprint,0.0
SMILES,MorganBit_0354,ligands: fingerprint,0.00032255655155049066
SMILES,MorganBit_0355,ligands: fingerprint,0.0
SMILES,MorganBit_0356,ligands: fingerprint,0.0
SMILES,MorganBit_0357,ligands: fingerprint,0.001175859589595952
SMILES,MorganBit_0358,ligands: fingerprint,0.0
SMILES,MorganBit_0359,ligands: fingerprint,0.00016767011841112978
SMILES,MorganBit_0360,ligands: fingerprint,0.0
SMILES,MorganBit_0361,ligands: fingerprint,0.0
SMILES,MorganBit_0362,ligands: fingerprint,4.2915931649913186e-05
SMILES,MorganBit_0363,ligands: fingerprint,0.0
SMILES,MorganBit_0364,ligands: fingerprint,0.0005234922765275066
SMILES,MorganBit_0365,ligands: fingerprint,0.0
SMILES,MorganBit_0366,ligands: fingerprint,0.0008227409587285923
SMILES,MorganBit_0367,ligands: fingerprint,0.0
SMILES,MorganBit_0368,ligands: fingerprint,9.278399668601503e-06
SMILES,MorganBit_0369,ligands: fingerprint,0.0
SMILES,MorganBit_0370,ligands: fingerprint,0.0
SMILES,MorganBit_0371,ligands: fingerprint,0.0
SMILES,MorganBit_0372,ligands: fingerprint,8.703125503645975e-05
SMILES,MorganBit_0373,ligands: fingerprint,4.1678846112788804e-05
SMILES,MorganBit_0374,ligands: fingerprint,0.0
SMILES,MorganBit_0375,ligands: fingerprint,0.0
SMILES,MorganBit_0376,ligands: fingerprint,0.0
SMILES,MorganBit_0377,ligands: fingerprint,1.2430138235029088e-05
SMILES,MorganBit_0378,ligands: fingerprint,0.0046420240575314655
SMILES,MorganBit_0379,ligands: fingerprint,0.0
SMILES,MorganBit_0380,ligands: fingerprint,0.0008646727734977887
SMILES,MorganBit_0381,ligands: fingerprint,1.0222749529880795e-05
SMILES,MorganBit_0382,ligands: fingerprint,0.0
SMILES,MorganBit_0383,ligands: fingerprint,0.0018966270934877134
SMILES,MorganBit_0384,ligands: fingerprint,0.00013249186888128326
SMILES,MorganBit_0385,ligands: fingerprint,3.390691859578408e-05
SMILES,MorganBit_0386,ligands: fingerprint,0.00011710029019763659
SMILES,MorganBit_0387,ligands: fingerprint,4.8582305906622e-05
SMILES,MorganBit_0388,ligands: fingerprint,1.5903694817684714e-05
SMILES,MorganBit_0389,ligands: fingerprint,0.00422450078776534
SMILES,MorganBit_0390,ligands: fingerprint,0.0
SMILES,MorganBit_0391,ligands: fingerprint,0.0
SMILES,MorganBit_0392,ligands: fingerprint,0.005261326043785266
SMILES,MorganBit_0393,ligands: fingerprint,0.0
SMILES,MorganBit_0394,ligands: fingerprint,0.0004250722829123875
SMILES,MorganBit_0395,ligands: fingerprint,0.0
SMILES,MorganBit_0396,ligands: fingerprint,0.0001805278747770643
SMILES,MorganBit_0397,ligands: fingerprint,0.00010730174438264009
SMILES,MorganBit_0398,ligands: fingerprint,0.0024878253309864123
SMILES,MorganBit_0399,ligands: fingerprint,0.0
SMILES,MorganBit_0400,ligands: fingerprint,0.0001850700734865834
SMILES,MorganBit_0401,ligands: fingerprint,0.002237081220764538
SMILES,MorganBit_0402,ligands: fingerprint,0.0009466821934749542
SMILES,MorganBit_0403,ligands: fingerprint,0.0
SMILES,MorganBit_0404,ligands: fingerprint,0.0
SMILES,MorganBit_0405,ligands: fingerprint,0.0015496734614968376
SMILES,MorganBit_0406,ligands: fingerprint,1.6649116167952932e-05
SMILES,MorganBit_0407,ligands: fingerprint,0.0024494218239605966
SMILES,MorganBit_0408,ligands: fingerprint,0.0
SMILES,MorganBit_0409,ligands: fingerprint,0.0
SMILES,MorganBit_0410,ligands: fingerprint,0.0
SMILES,MorganBit_0411,ligands: fingerprint,0.0
SMILES,MorganBit_0412,ligands: fingerprint,0.00014361562102367537
SMILES,MorganBit_0413,ligands: fingerprint,0.00019003937060824288
SMILES,MorganBit_0414,ligands: fingerprint,0.0004722684849016496
SMILES,MorganBit_0415,ligands: fingerprint,0.0
SMILES,MorganBit_0416,ligands: fingerprint,0.0
SMILES,MorganBit_0417,ligands: fingerprint,0.0
SMILES,MorganBit_0418,ligands: fingerprint,2.1084949064849926e-05
SMILES,MorganBit_0419,ligands: fingerprint,0.0009100545835212571
SMILES,MorganBit_0420,ligands: fingerprint,0.0
SMILES,MorganBit_0421,ligands: fingerprint,0.0
SMILES,MorganBit_0422,ligands: fingerprint,1.3171473604000618e-05
SMILES,MorganBit_0423,ligands: fingerprint,0.0006250046077819424
SMILES,MorganBit_0424,ligands: fingerprint,0.0003437358357345383
SMILES,MorganBit_0425,ligands: fingerprint,0.0
SMILES,MorganBit_0426,ligands: fingerprint,0.0
SMILES,MorganBit_0427,ligands: fingerprint,0.00016464023117738368
SMILES,MorganBit_0428,ligands: fingerprint,0.0
SMILES,MorganBit_0429,ligands: fingerprint,0.0
SMILES,MorganBit_0430,ligands: fingerprint,0.0005806432179518649
SMILES,MorganBit_0431,ligands: fingerprint,5.049847452942572e-05
SMILES,MorganBit_0432,ligands: fingerprint,4.4195059949427275e-06
SMILES,MorganBit_0433,ligands: fingerprint,0.0
SMILES,MorganBit_0434,ligands: fingerprint,0.0
SMILES,MorganBit_0435,ligands: fingerprint,8.158582572856765e-05
SMILES,MorganBit_0436,ligands: fingerprint,0.0
SMILES,MorganBit_0437,ligands: fingerprint,0.001958933178381598
SMILES,MorganBit_0438,ligands: fingerprint,0.0
SMILES,MorganBit_0439,ligands: fingerprint,0.0
SMILES,MorganBit_0440,ligands: fingerprint,2.3951235150171523e-05
SMILES,MorganBit_0441,ligands: fingerprint,0.0016540086970933555
SMILES,MorganBit_0442,ligands: fingerprint,0.0
SMILES,MorganBit_0443,ligands: fingerprint,0.0
SMILES,MorganBit_0444,ligands: fingerprint,0.0
SMILES,MorganBit_0445,ligands: fingerprint,0.0
SMILES,MorganBit_0446,ligands: fingerprint,0.0
SMILES,MorganBit_0447,ligands: fingerprint,0.0
SMILES,MorganBit_0448,ligands: fingerprint,0.046857459768091046
SMILES,MorganBit_0449,ligands: fingerprint,0.004405213942098282
SMILES,MorganBit_0450,ligands: fingerprint,0.0
SMILES,MorganBit_0451,ligands: fingerprint,0.0
SMILES,MorganBit_0452,ligands: fingerprint,0.0
SMILES,MorganBit_0453,ligands: fingerprint,1.3232736779633964e-05
SMILES,MorganBit_0454,ligands: fingerprint,3.972193393671422e-05
SMILES,MorganBit_0455,ligands: fingerprint,0.0005640656794833986
SMILES,MorganBit_0456,ligands: fingerprint,0.007851950656839385
SMILES,MorganBit_0457,ligands: fingerprint,0.0002139170912822623
SMILES,MorganBit_0458,ligands: fingerprint,0.0
SMILES,MorganBit_0459,ligands: fingerprint,0.0
SMILES,MorganBit_0460,ligands: fingerprint,0.0
SMILES,MorganBit_0461,ligands: fingerprint,0.0
SMILES,MorganBit_0462,ligands: fingerprint,0.0
SMILES,MorganBit_0463,ligands: fingerprint,0.0010090292225384016
SMILES,MorganBit_0464,ligands: fingerprint,0.0003032513487128801
SMILES,MorganBit_0465,ligands: fingerprint,9.68467815345147e-06
SMILES,MorganBit_0466,ligands: fingerprint,5.17785751925879e-05
SMILES,MorganBit_0467,ligands: fingerprint,0.0
SMILES,MorganBit_0468,ligands: fingerprint,0.0
SMILES,MorganBit_0469,ligands: fingerprint,0.005221246424251089
SMILES,MorganBit_0470,ligands: fingerprint,0.0
SMILES,MorganBit_0471,ligands: fingerprint,0.0005706760510546336
SMILES,MorganBit_0472,ligands: fingerprint,0.0
SMILES,MorganBit_0473,ligands: fingerprint,0.0033283757576856718
SMILES,MorganBit_0474,ligands: fingerprint,0.0
SMILES,MorganBit_0475,ligands: fingerprint,0.00020591925872947962
SMILES,MorganBit_0476,ligands: fingerprint,0.0
SMILES,MorganBit_0477,ligands: fingerprint,0.0
SMILES,MorganBit_0478,ligands: fingerprint,6.2223329864281105e-06
SMILES,MorganBit_0479,ligands: fingerprint,2.0166282861142918e-05
SMILES,MorganBit_0480,ligands: fingerprint,0.0
SMILES,MorganBit_0481,ligands: fingerprint,0.0
SMILES,MorganBit_0482,ligands: fingerprint,0.0007238715934807375
SMILES,MorganBit_0483,ligands: fingerprint,0.0
SMILES,MorganBit_0484,ligands: fingerprint,5.191639997613697e-05
SMILES,MorganBit_0485,ligands: fingerprint,0.0
SMILES,MorganBit_0486,ligands: fingerprint,0.006276109169994664
SMILES,MorganBit_0487,ligands: fingerprint,0.0002447871656329224
SMILES,MorganBit_0488,ligands: fingerprint,0.00026307204375915254
SMILES,MorganBit_0489,ligands: fingerprint,0.0007169147560216936
SMILES,MorganBit_0490,ligands: fingerprint,0.001732705195044614
SMILES,MorganBit_0491,ligands: fingerprint,0.0008133130364276857
SMILES,MorganBit_0492,ligands: fingerprint,0.0
SMILES,MorganBit_0493,ligands: fingerprint,0.00014828334841918034
SMILES,MorganBit_0494,ligands: fingerprint,0.002749942316633784
SMILES,MorganBit_0495,ligands: fingerprint,0.0002828044354908171
SMILES,MorganBit_0496,ligands: fingerprint,0.0
SMILES,MorganBit_0497,ligands: fingerprint,0.0032395883926428504
SMILES,MorganBit_0498,ligands: fingerprint,0.0
SMILES,MorganBit_0499,ligands: fingerprint,6.732471691975987e-05
SMILES,MorganBit_0500,ligands: fingerprint,0.0008309741643722725
SMILES,MorganBit_0501,ligands: fingerprint,0.000411280272346895
SMILES,MorganBit_0502,ligands: fingerprint,0.0004066601275914316
SMILES,MorganBit_0503,ligands: fingerprint,0.0
SMILES,MorganBit_0504,ligands: fingerprint,0.000478250617536206
SMILES,MorganBit_0505,ligands: fingerprint,0.0
SMILES,MorganBit_0506,ligands: fingerprint,0.0
SMILES,MorganBit_0507,ligands: fingerprint,0.0014309907019191858
SMILES,MorganBit_0508,ligands: fingerprint,0.0
SMILES,MorganBit_0509,ligands: fingerprint,0.0
SMILES,MorganBit_0510,ligands: fingerprint,0.0
SMILES,MorganBit_0511,ligands: fingerprint,0.0
SMILES,MorganBit_0512,ligands: fingerprint,0.0
SMILES,MorganBit_0513,ligands: fingerprint,0.0
SMILES,MorganBit_0514,ligands: fingerprint,0.0
SMILES,MorganBit_0515,ligands: fingerprint,0.0
SMILES,MorganBit_0516,ligands: fingerprint,0.0
SMILES,MorganBit_0517,ligands: fingerprint,0.0
SMILES,MorganBit_0518,ligands: fingerprint,6.25250004753707e-05
SMILES,MorganBit_0519,ligands: fingerprint,9.048796191484039e-05
SMILES,MorganBit_0520,ligands: fingerprint,0.0006425907286802452
SMILES,MorganBit_0521,ligands: fingerprint,0.00010499632737047664
SMILES,MorganBit_0522,ligands: fingerprint,0.0
SMILES,MorganBit_0523,ligands: fingerprint,0.0002822065039888716
SMILES,MorganBit_0524,ligands: fingerprint,0.0
SMILES,MorganBit_0525,ligands: fingerprint,1.1667387045881924e-05
SMILES,MorganBit_0526,ligands: fingerprint,0.0007334277754910766
SMILES,MorganBit_0527,ligands: fingerprint,0.0012153805109691173
SMILES,MorganBit_0528,ligands: fingerprint,0.0
SMILES,MorganBit_0529,ligands: fingerprint,0.0
SMILES,MorganBit_0530,ligands: fingerprint,0.0010824622893335642
SMILES,MorganBit_0531,ligands: fingerprint,0.0
SMILES,MorganBit_0532,ligands: fingerprint,0.0
SMILES,MorganBit_0533,ligands: fingerprint,1.3086043559470744e-05
SMILES,MorganBit_0534,ligands: fingerprint,0.0
SMILES,MorganBit_0535,ligands: fingerprint,0.00018911540234870628
SMILES,MorganBit_0536,ligands: fingerprint,0.0
SMILES,MorganBit_0537,ligands: fingerprint,0.0
SMILES,MorganBit_0538,ligands: fingerprint,0.0
SMILES,MorganBit_0539,ligands: fingerprint,0.0
SMILES,MorganBit_0540,ligands: fingerprint,0.0
SMILES,MorganBit_0541,ligands: fingerprint,5.1937873702663224e-05
SMILES,MorganBit_0542,ligands: fingerprint,6.716701712800979e-05
SMILES,MorganBit_0543,ligands: fingerprint,0.0
SMILES,MorganBit_0544,ligands: fingerprint,0.0
SMILES,MorganBit_0545,ligands: fingerprint,0.0
SMILES,MorganBit_0546,ligands: fingerprint,0.0
SMILES,MorganBit_0547,ligands: fingerprint,0.0004510280313104853
SMILES,MorganBit_0548,ligands: fingerprint,0.0
SMILES,MorganBit_0549,ligands: fingerprint,0.0
SMILES,MorganBit_0550,ligands: fingerprint,0.0
SMILES,MorganBit_0551,ligands: fingerprint,0.0
SMILES,MorganBit_0552,ligands: fingerprint,0.00116662489611912
SMILES,MorganBit_0553,ligands: fingerprint,0.0
SMILES,MorganBit_0554,ligands: fingerprint,0.00019785407078408223
SMILES,MorganBit_0555,ligands: fingerprint,0.0002878749662402119
SMILES,MorganBit_0556,ligands: fingerprint,0.0
SMILES,MorganBit_0557,ligands: fingerprint,0.0003095214793229819
SMILES,MorganBit_0558,ligands: fingerprint,0.0
SMILES,MorganBit_0559,ligands: fingerprint,0.0
SMILES,MorganBit_0560,ligands: fingerprint,0.0
SMILES,MorganBit_0561,ligands: fingerprint,0.00640451942728758
SMILES,MorganBit_0562,ligands: fingerprint,0.0
SMILES,MorganBit_0563,ligands: fingerprint,0.0
SMILES,MorganBit_0564,ligands: fingerprint,0.0007172206454636404
SMILES,MorganBit_0565,ligands: fingerprint,0.0
SMILES,MorganBit_0566,ligands: fingerprint,0.0
SMILES,MorganBit_0567,ligands: fingerprint,0.005071898176840886
SMILES,MorganBit_0568,ligands: fingerprint,0.0
SMILES,MorganBit_0569,ligands: fingerprint,0.0
SMILES,MorganBit_0570,ligands: fingerprint,0.0
SMILES,MorganBit_0571,ligands: fingerprint,0.0012068213655486843
SMILES,MorganBit_0572,ligands: fingerprint,0.0
SMILES,MorganBit_0573,ligands: fingerprint,6.782782381745846e-05
SMILES,MorganBit_0574,ligands: fingerprint,0.0
SMILES,MorganBit_0575,ligands: fingerprint,0.0
SMILES,MorganBit_0576,ligands: fingerprint,0.0
SMILES,MorganBit_0577,ligands: fingerprint,8.035479864450635e-06
SMILES,MorganBit_0578,ligands: fingerprint,0.00024442615616215
SMILES,MorganBit_0579,ligands: fingerprint,0.0
SMILES,MorganBit_0580,ligands: fingerprint,0.0
SMILES,MorganBit_0581,ligands: fingerprint,0.0016381413016770458
SMILES,MorganBit_0582,ligands: fingerprint,0.00014817511374538023
SMILES,MorganBit_0583,ligands: fingerprint,0.0
SMILES,MorganBit_0584,ligands: fingerprint,0.0027876038606541496
SMILES,MorganBit_0585,ligands: fingerprint,0.0
SMILES,MorganBit_0586,ligands: fingerprint,0.0
SMILES,MorganBit_0587,ligands: fingerprint,0.0
SMILES,MorganBit_0588,ligands: fingerprint,8.167664806858547e-05
SMILES,MorganBit_0589,ligands: fingerprint,0.0001879297343482265
SMILES,MorganBit_0590,ligands: fingerprint,0.0
SMILES,MorganBit_0591,ligands: fingerprint,0.00462599795207223
SMILES,MorganBit_0592,ligands: fingerprint,2.675914337959393e-05
SMILES,MorganBit_0593,ligands: fingerprint,0.0
SMILES,MorganBit_0594,ligands: fingerprint,0.001590532045030142
SMILES,MorganBit_0595,ligands: fingerprint,0.0
SMILES,MorganBit_0596,ligands: fingerprint,0.0
SMILES,MorganBit_0597,ligands: fingerprint,4.942669063221692e-06
SMILES,MorganBit_0598,ligands: fingerprint,0.0012407721080031123
SMILES,MorganBit_0599,ligands: fingerprint,0.0
SMILES,MorganBit_0600,ligands: fingerprint,0.00015121726526700531
SMILES,MorganBit_0601,ligands: fingerprint,0.00022275922524519847
SMILES,MorganBit_0602,ligands: fingerprint,0.0
SMILES,MorganBit_0603,ligands: fingerprint,0.0014021673457553802
SMILES,MorganBit_0604,ligands: fingerprint,0.0
SMILES,MorganBit_0605,ligands: fingerprint,0.0
SMILES,MorganBit_0606,ligands: fingerprint,2.7390966768915425e-05
SMILES,MorganBit_0607,ligands: fingerprint,0.0
SMILES,MorganBit_0608,ligands: fingerprint,0.0
SMILES,MorganBit_0609,ligands: fingerprint,7.783022160103356e-05
SMILES,MorganBit_0610,ligands: fingerprint,0.0008908692364368306
SMILES,MorganBit_0611,ligands: fingerprint,0.001205895986703113
SMILES,MorganBit_0612,ligands: fingerprint,0.0
SMILES,MorganBit_0613,ligands: fingerprint,0.0
SMILES,MorganBit_0614,ligands: fingerprint,0.0002552011990184152
SMILES,MorganBit_0615,ligands: fingerprint,0.0
SMILES,MorganBit_0616,ligands: fingerprint,0.0
SMILES,MorganBit_0617,ligands: fingerprint,0.00013877900684623024
SMILES,MorganBit_0618,ligands: fingerprint,0.0
SMILES,MorganBit_0619,ligands: fingerprint,0.0
SMILES,MorganBit_0620,ligands: fingerprint,7.364695229051187e-06
SMILES,MorganBit_0621,ligands: fingerprint,3.398956739086115e-05
SMILES,MorganBit_0622,ligands: fingerprint,0.0
SMILES,MorganBit_0623,ligands: fingerprint,9.781095572682322e-05
SMILES,MorganBit_0624,ligands: fingerprint,1.8137225175213646e-05
SMILES,MorganBit_0625,ligands: fingerprint,0.0
SMILES,MorganBit_0626,ligands: fingerprint,0.026773569588456975
SMILES,MorganBit_0627,ligands: fingerprint,0.0
SMILES,MorganBit_0628,ligands: fingerprint,0.00023414149372774445
SMILES,MorganBit_0629,ligands: fingerprint,0.004536738832784397
SMILES,MorganBit_0630,ligands: fingerprint,8.873495698540698e-06
SMILES,MorganBit_0631,ligands: fingerprint,0.0
SMILES,MorganBit_0632,ligands: fingerprint,0.0007628020790516701
SMILES,MorganBit_0633,ligands: fingerprint,0.0
SMILES,MorganBit_0634,ligands: fingerprint,0.0
SMILES,MorganBit_0635,ligands: fingerprint,0.0003454207769858026
SMILES,MorganBit_0636,ligands: fingerprint,0.0002968450583757326
SMILES,MorganBit_0637,ligands: fingerprint,0.00020588979441599933
SMILES,MorganBit_0638,ligands: fingerprint,0.0
SMILES,MorganBit_0639,ligands: fingerprint,0.0
SMILES,MorganBit_0640,ligands: fingerprint,0.0
SMILES,MorganBit_0641,ligands: fingerprint,6.585543959714876e-05
SMILES,MorganBit_0642,ligands: fingerprint,0.0004287766786259451
SMILES,MorganBit_0643,ligands: fingerprint,0.0
SMILES,MorganBit_0644,ligands: fingerprint,0.0001970967886476544
SMILES,MorganBit_0645,ligands: fingerprint,0.0004567043431901025
SMILES,MorganBit_0646,ligands: fingerprint,0.0
SMILES,MorganBit_0647,ligands: fingerprint,0.0006401044196082072
SMILES,MorganBit_0648,ligands: fingerprint,0.0
SMILES,MorganBit_0649,ligands: fingerprint,0.0
SMILES,MorganBit_0650,ligands: fingerprint,0.01563598416524369
SMILES,MorganBit_0651,ligands: fingerprint,0.0
SMILES,MorganBit_0652,ligands: fingerprint,0.0
SMILES,MorganBit_0653,ligands: fingerprint,0.0
SMILES,MorganBit_0654,ligands: fingerprint,0.00024087032102368226
SMILES,MorganBit_0655,ligands: fingerprint,5.061714929970205e-05
SMILES,MorganBit_0656,ligands: fingerprint,0.0069787075507572825
SMILES,MorganBit_0657,ligands: fingerprint,0.0
SMILES,MorganBit_0658,ligands: fingerprint,0.0
SMILES,MorganBit_0659,ligands: fingerprint,0.0
SMILES,MorganBit_0660,ligands: fingerprint,0.0
SMILES,MorganBit_0661,ligands: fingerprint,0.0018603311318798662
SMILES,MorganBit_0662,ligands: fingerprint,0.0
SMILES,MorganBit_0663,ligands: fingerprint,0.0002572769546493731
SMILES,MorganBit_0664,ligands: fingerprint,0.0
SMILES,MorganBit_0665,ligands: fingerprint,0.0
SMILES,MorganBit_0666,ligands: fingerprint,0.00011087617669943781
SMILES,MorganBit_0667,ligands: fingerprint,0.0006625487093815417
SMILES,MorganBit_0668,ligands: fingerprint,2.874625453908971e-06
SMILES,MorganBit_0669,ligands: fingerprint,0.00036523916608386205
SMILES,MorganBit_0670,ligands: fingerprint,9.509011672349476e-06
SMILES,MorganBit_0671,ligands: fingerprint,0.0
SMILES,MorganBit_0672,ligands: fingerprint,0.0007025128328378464
SMILES,MorganBit_0673,ligands: fingerprint,0.003050202607129674
SMILES,MorganBit_0674,ligands: fingerprint,0.0035006661374447647
SMILES,MorganBit_0675,ligands: fingerprint,0.000832851217957082
SMILES,MorganBit_0676,ligands: fingerprint,0.0034801228551590013
SMILES,MorganBit_0677,ligands: fingerprint,0.0002638025053370239
SMILES,MorganBit_0678,ligands: fingerprint,0.0001152526742495749
SMILES,MorganBit_0679,ligands: fingerprint,8.216118976223456e-05
SMILES,MorganBit_0680,ligands: fingerprint,0.001883321705427423
SMILES,MorganBit_0681,ligands: fingerprint,0.0
SMILES,MorganBit_0682,ligands: fingerprint,4.2788203339156945e-05
SMILES,MorganBit_0683,ligands: fingerprint,0.0
SMILES,MorganBit_0684,ligands: fingerprint,5.160463586930446e-06
SMILES,MorganBit_0685,ligands: fingerprint,0.0
SMILES,MorganBit_0686,ligands: fingerprint,0.0011982069969816577
SMILES,MorganBit_0687,ligands: fingerprint,1.8783773604082005e-05
SMILES,MorganBit_0688,ligands: fingerprint,0.0
SMILES,MorganBit_0689,ligands: fingerprint,4.670774659204069e-06
SMILES,MorganBit_0690,ligands: fingerprint,0.0
SMILES,MorganBit_0691,ligands: fingerprint,0.0004665598045373997
SMILES,MorganBit_0692,ligands: fingerprint,0.0
SMILES,MorganBit_0693,ligands: fingerprint,0.0
SMILES,MorganBit_0694,ligands: fingerprint,0.005055243177616271
SMILES,MorganBit_0695,ligands: fingerprint,0.002537312427343483
SMILES,MorganBit_0696,ligands: fingerprint,0.0
SMILES,MorganBit_0697,ligands: fingerprint,0.0
SMILES,MorganBit_0698,ligands: fingerprint,0.0005505106175252401
SMILES,MorganBit_0699,ligands: fingerprint,0.0002970469637654577
SMILES,MorganBit_0700,ligands: fingerprint,0.0027916992786857398
SMILES,MorganBit_0701,ligands: fingerprint,4.2285050198266624e-05
SMILES,MorganBit_0702,ligands: fingerprint,0.0
SMILES,MorganBit_0703,ligands: fingerprint,0.0025032679959651727
SMILES,MorganBit_0704,ligands: fingerprint,0.0
SMILES,MorganBit_0705,ligands: fingerprint,0.0
SMILES,MorganBit_0706,ligands: fingerprint,0.0
SMILES,MorganBit_0707,ligands: fingerprint,0.0
SMILES,MorganBit_0708,ligands: fingerprint,1.2394394630247961e-05
SMILES,MorganBit_0709,ligands: fingerprint,0.0
SMILES,MorganBit_0710,ligands: fingerprint,0.00026118998112784736
SMILES,MorganBit_0711,ligands: fingerprint,0.0
SMILES,MorganBit_0712,ligands: fingerprint,0.00014453930140138305
SMILES,MorganBit_0713,ligands: fingerprint,0.00023821633784953822
SMILES,MorganBit_0714,ligands: fingerprint,0.0
SMILES,MorganBit_0715,ligands: fingerprint,0.002712607000913166
SMILES,MorganBit_0716,ligands: fingerprint,0.00040226420487958004
SMILES,MorganBit_0717,ligands: fingerprint,5.266539318586618e-05
SMILES,MorganBit_0718,ligands: fingerprint,0.0013702514669382238
SMILES,MorganBit_0719,ligands: fingerprint,0.0007308771626648677
SMILES,MorganBit_0720,ligands: fingerprint,0.0
SMILES,MorganBit_0721,ligands: fingerprint,0.0
SMILES,MorganBit_0722,ligands: fingerprint,0.0
SMILES,MorganBit_0723,ligands: fingerprint,0.0021347210924922756
SMILES,MorganBit_0724,ligands: fingerprint,0.0005914282766676542
SMILES,MorganBit_0725,ligands: fingerprint,0.010512794843548409
SMILES,MorganBit_0726,ligands: fingerprint,0.0
SMILES,MorganBit_0727,ligands: fingerprint,0.0011994616237161948
SMILES,MorganBit_0728,ligands: fingerprint,0.00015396485457952214
SMILES,MorganBit_0729,ligands: fingerprint,0.00014852551136508018
SMILES,MorganBit_0730,ligands: fingerprint,0.0
SMILES,MorganBit_0731,ligands: fingerprint,0.0
SMILES,MorganBit_0732,ligands: fingerprint,0.0
SMILES,MorganBit_0733,ligands: fingerprint,0.0
SMILES,MorganBit_0734,ligands: fingerprint,0.0
SMILES,MorganBit_0735,ligands: fingerprint,0.002448202059993563
SMILES,MorganBit_0736,ligands: fingerprint,0.004725835059553115
SMILES,MorganBit_0737,ligands: fingerprint,0.0011561031489507156
SMILES,MorganBit_0738,ligands: fingerprint,0.0
SMILES,MorganBit_0739,ligands: fingerprint,0.0014098166554637856
SMILES,MorganBit_0740,ligands: fingerprint,0.0
SMILES,MorganBit_0741,ligands: fingerprint,0.0
SMILES,MorganBit_0742,ligands: fingerprint,0.0
SMILES,MorganBit_0743,ligands: fingerprint,0.00039457296158676176
SMILES,MorganBit_0744,ligands: fingerprint,5.569920577347288e-05
SMILES,MorganBit_0745,ligands: fingerprint,0.00014943594176933814
SMILES,MorganBit_0746,ligands: fingerprint,0.0
SMILES,MorganBit_0747,ligands: fingerprint,0.0
SMILES,MorganBit_0748,ligands: fingerprint,4.949139984646289e-06
SMILES,MorganBit_0749,ligands: fingerprint,0.0
SMILES,MorganBit_0750,ligands: fingerprint,0.00022238811838533548
SMILES,MorganBit_0751,ligands: fingerprint,0.0003959511981783694
SMILES,MorganBit_0752,ligands: fingerprint,0.0
SMILES,MorganBit_0753,ligands: fingerprint,0.0005388227603291846
SMILES,MorganBit_0754,ligands: fingerprint,4.176625251330768e-05
SMILES,MorganBit_0755,ligands: fingerprint,0.0
SMILES,MorganBit_0756,ligands: fingerprint,0.0
SMILES,MorganBit_0757,ligands: fingerprint,0.0
SMILES,MorganBit_0758,ligands: fingerprint,0.0
SMILES,MorganBit_0759,ligands: fingerprint,0.002322883397197947
SMILES,MorganBit_0760,ligands: fingerprint,0.0002466095491810787
SMILES,MorganBit_0761,ligands: fingerprint,0.0
SMILES,MorganBit_0762,ligands: fingerprint,0.0
SMILES,MorganBit_0763,ligands: fingerprint,0.0
SMILES,MorganBit_0764,ligands: fingerprint,0.0
SMILES,MorganBit_0765,ligands: fingerprint,0.0
SMILES,MorganBit_0766,ligands: fingerprint,0.0002684308310194714
SMILES,MorganBit_0767,ligands: fingerprint,0.0001648487130894788
SMILES,MorganBit_0768,ligands: fingerprint,0.0
SMILES,MorganBit_0769,ligands: fingerprint,0.0003579086358219248
SMILES,MorganBit_0770,ligands: fingerprint,0.0
SMILES,MorganBit_0771,ligands: fingerprint,0.0012494693922992352
SMILES,MorganBit_0772,ligands: fingerprint,0.0
SMILES,MorganBit_0773,ligands: fingerprint,0.0003753640578487372
SMILES,MorganBit_0774,ligands: fingerprint,5.688133354101153e-06
SMILES,MorganBit_0775,ligands: fingerprint,0.0
SMILES,MorganBit_0776,ligands: fingerprint,0.0
SMILES,MorganBit_0777,ligands: fingerprint,0.0
SMILES,MorganBit_0778,ligands: fingerprint,0.0
SMILES,MorganBit_0779,ligands: fingerprint,0.00027613263069683515
SMILES,MorganBit_0780,ligands: fingerprint,0.0008906656425183114
SMILES,MorganBit_0781,ligands: fingerprint,0.0003310105164576372
SMILES,MorganBit_0782,ligands: fingerprint,0.00040634502971808396
SMILES,MorganBit_0783,ligands: fingerprint,3.9276080645733474e-05
SMILES,MorganBit_0784,ligands: fingerprint,0.00024077479112864092
SMILES,MorganBit_0785,ligands: fingerprint,0.0036115326164675105
SMILES,MorganBit_0786,ligands: fingerprint,0.00010116438988935338
SMILES,MorganBit_0787,ligands: fingerprint,0.009338371039988322
SMILES,MorganBit_0788,ligands: fingerprint,0.0
SMILES,MorganBit_0789,ligands: fingerprint,0.00029034976991369163
SMILES,MorganBit_0790,ligands: fingerprint,0.002432528982460049
SMILES,MorganBit_0791,ligands: fingerprint,0.0
SMILES,MorganBit_0792,ligands: fingerprint,0.0
SMILES,MorganBit_0793,ligands: fingerprint,0.0
SMILES,MorganBit_0794,ligands: fingerprint,0.012297983491586685
SMILES,MorganBit_0795,ligands: fingerprint,0.0
SMILES,MorganBit_0796,ligands: fingerprint,0.0
SMILES,MorganBit_0797,ligands: fingerprint,0.0
SMILES,MorganBit_0798,ligands: fingerprint,0.00010974573922160134
SMILES,MorganBit_0799,ligands: fingerprint,0.001581619380154308
SMILES,MorganBit_0800,ligands: fingerprint,0.0
SMILES,MorganBit_0801,ligands: fingerprint,0.0
SMILES,MorganBit_0802,ligands: fingerprint,0.001998765419793381
SMILES,MorganBit_0803,ligands: fingerprint,0.0
SMILES,MorganBit_0804,ligands: fingerprint,0.0014859386772442021
SMILES,MorganBit_0805,ligands: fingerprint,0.0
SMILES,MorganBit_0806,ligands: fingerprint,0.0011525927677741405
SMILES,MorganBit_0807,ligands: fingerprint,0.009276623954351726
SMILES,MorganBit_0808,ligands: fingerprint,0.0
SMILES,MorganBit_0809,ligands: fingerprint,0.00012411767299512713
SMILES,MorganBit_0810,ligands: fingerprint,0.0
SMILES,MorganBit_0811,ligands: fingerprint,0.0
SMILES,MorganBit_0812,ligands: fingerprint,0.0
SMILES,MorganBit_0813,ligands: fingerprint,0.0
SMILES,MorganBit_0814,ligands: fingerprint,9.131762811141052e-06
SMILES,MorganBit_0815,ligands: fingerprint,0.0002872066482299395
SMILES,MorganBit_0816,ligands: fingerprint,2.1530084944556e-05
SMILES,MorganBit_0817,ligands: fingerprint,0.0
SMILES,MorganBit_0818,ligands: fingerprint,0.0
SMILES,MorganBit_0819,ligands: fingerprint,0.0
SMILES,MorganBit_0820,ligands: fingerprint,0.0
SMILES,MorganBit_0821,ligands: fingerprint,0.00024647888205246233
SMILES,MorganBit_0822,ligands: fingerprint,0.0
SMILES,MorganBit_0823,ligands: fingerprint,0.00015715669326430275
SMILES,MorganBit_0824,ligands: fingerprint,0.0
SMILES,MorganBit_0825,ligands: fingerprint,4.478845488878084e-05
SMILES,MorganBit_0826,ligands: fingerprint,0.0
SMILES,MorganBit_0827,ligands: fingerprint,2.1409781713943113e-05
SMILES,MorganBit_0828,ligands: fingerprint,0.0
SMILES,MorganBit_0829,ligands: fingerprint,0.002033435846421412
SMILES,MorganBit_0830,ligands: fingerprint,0.0
SMILES,MorganBit_0831,ligands: fingerprint,0.0001906721976705406
SMILES,MorganBit_0832,ligands: fingerprint,7.16918916702796e-05
SMILES,MorganBit_0833,ligands: fingerprint,0.00021566115998785258
SMILES,MorganBit_0834,ligands: fingerprint,2.1778923800209913e-05
SMILES,MorganBit_0835,ligands: fingerprint,0.0005674442287627056
SMILES,MorganBit_0836,ligands: fingerprint,0.0035012201932707473
SMILES,MorganBit_0837,ligands: fingerprint,0.0006444486773389458
SMILES,MorganBit_0838,ligands: fingerprint,0.001191407412815804
SMILES,MorganBit_0839,ligands: fingerprint,0.0007436071991388106
SMILES,MorganBit_0840,ligands: fingerprint,0.00014183349243966043
SMILES,MorganBit_0841,ligands: fingerprint,0.0023414146415456556
SMILES,MorganBit_0842,ligands: fingerprint,0.0
SMILES,MorganBit_0843,ligands: fingerprint,0.0018688049825468836
SMILES,MorganBit_0844,ligands: fingerprint,0.0003353614316192083
SMILES,MorganBit_0845,ligands: fingerprint,9.675584135792035e-05
SMILES,MorganBit_0846,ligands: fingerprint,0.00036001610130186664
SMILES,MorganBit_0847,ligands: fingerprint,0.0
SMILES,MorganBit_0848,ligands: fingerprint,0.0
SMILES,MorganBit_0849,ligands: fingerprint,2.2490779455618315e-05
SMILES,MorganBit_0850,ligands: fingerprint,0.0010800755181712778
SMILES,MorganBit_0851,ligands: fingerprint,0.0
SMILES,MorganBit_0852,ligands: fingerprint,0.0
SMILES,MorganBit_0853,ligands: fingerprint,0.0
SMILES,MorganBit_0854,ligands: fingerprint,0.00011882913948698935
SMILES,MorganBit_0855,ligands: fingerprint,0.0009007434410180689
SMILES,MorganBit_0856,ligands: fingerprint,0.0
SMILES,MorganBit_0857,ligands: fingerprint,8.945219428590267e-05
SMILES,MorganBit_0858,ligands: fingerprint,0.0
SMILES,MorganBit_0859,ligands: fingerprint,0.0
SMILES,MorganBit_0860,ligands: fingerprint,0.00022942448881540107
SMILES,MorganBit_0861,ligands: fingerprint,0.0
SMILES,MorganBit_0862,ligands: fingerprint,0.003205279471102986
SMILES,MorganBit_0863,ligands: fingerprint,6.26090722006346e-05
SMILES,MorganBit_0864,ligands: fingerprint,0.0015322969735410102
SMILES,MorganBit_0865,ligands: fingerprint,0.0
SMILES,MorganBit_0866,ligands: fingerprint,0.0
SMILES,MorganBit_0867,ligands: fingerprint,0.0
SMILES,MorganBit_0868,ligands: fingerprint,0.0
SMILES,MorganBit_0869,ligands: fingerprint,0.0
SMILES,MorganBit_0870,ligands: fingerprint,0.0
SMILES,MorganBit_0871,ligands: fingerprint,0.0
SMILES,MorganBit_0872,ligands: fingerprint,0.0
SMILES,MorganBit_0873,ligands: fingerprint,0.0
SMILES,MorganBit_0874,ligands: fingerprint,0.0
SMILES,MorganBit_0875,ligands: fingerprint,0.009956231168892766
SMILES,MorganBit_0876,ligands: fingerprint,0.0
SMILES,MorganBit_0877,ligands: fingerprint,0.0010755220831086963
SMILES,MorganBit_0878,ligands: fingerprint,0.0011614937121061306
SMILES,MorganBit_0879,ligands: fingerprint,0.001609486326846966
SMILES,MorganBit_0880,ligands: fingerprint,0.004906848321478101
SMILES,MorganBit_0881,ligands: fingerprint,0.001781521922361673
SMILES,MorganBit_0882,ligands: fingerprint,8.372826841092625e-05
SMILES,MorganBit_0883,ligands: fingerprint,0.0017805968882995712
SMILES,MorganBit_0884,ligands: fingerprint,0.0018562215763957546
SMILES,MorganBit_0885,ligands: fingerprint,0.0
SMILES,MorganBit_0886,ligands: fingerprint,0.0
SMILES,MorganBit_0887,ligands: fingerprint,0.0007805784605408336
SMILES,MorganBit_0888,ligands: fingerprint,0.0014414260362809424
SMILES,MorganBit_0889,ligands: fingerprint,1.897967444505902e-05
SMILES,MorganBit_0890,ligands: fingerprint,0.001152828422947109
SMILES,MorganBit_0891,ligands: fingerprint,0.0
SMILES,MorganBit_0892,ligands: fingerprint,0.0036581738630326933
SMILES,MorganBit_0893,ligands: fingerprint,0.0001510452335492905
SMILES,MorganBit_0894,ligands: fingerprint,1.1466889094633616e-05
SMILES,MorganBit_0895,ligands: fingerprint,3.6185196945825784e-05
SMILES,MorganBit_0896,ligands: fingerprint,0.0029724464690745363
SMILES,MorganBit_0897,ligands: fingerprint,0.0
SMILES,MorganBit_0898,ligands: fingerprint,4.317337308716109e-05
SMILES,MorganBit_0899,ligands: fingerprint,0.0
SMILES,MorganBit_0900,ligands: fingerprint,0.00026127863779885094
SMILES,MorganBit_0901,ligands: fingerprint,5.8657993794414983e-05
SMILES,MorganBit_0902,ligands: fingerprint,2.3254288069340522e-05
SMILES,MorganBit_0903,ligands: fingerprint,0.0
SMILES,MorganBit_0904,ligands: fingerprint,0.0
SMILES,MorganBit_0905,ligands: fingerprint,0.0
SMILES,MorganBit_0906,ligands: fingerprint,0.0015114660705101966
SMILES,MorganBit_0907,ligands: fingerprint,0.0
SMILES,MorganBit_0908,ligands: fingerprint,0.0
SMILES,MorganBit_0909,ligands: fingerprint,0.0004363195654241635
SMILES,MorganBit_0910,ligands: fingerprint,0.00036338492082286166
SMILES,MorganBit_0911,ligands: fingerprint,2.947865571953032e-05
SMILES,MorganBit_0912,ligands: fingerprint,0.0
SMILES,MorganBit_0913,ligands: fingerprint,4.3711481474016806e-05
SMILES,MorganBit_0914,ligands: fingerprint,0.0005241902104161327
SMILES,MorganBit_0915,ligands: fingerprint,0.0012313931805412923
SMILES,MorganBit_0916,ligands: fingerprint,0.0
SMILES,MorganBit_0917,ligands: fingerprint,0.0003499933551710541
SMILES,MorganBit_0918,ligands: fingerprint,0.0
SMILES,MorganBit_0919,ligands: fingerprint,0.0005922130663776011
SMILES,MorganBit_0920,ligands: fingerprint,0.00069070952687133
SMILES,MorganBit_0921,ligands: fingerprint,0.0
SMILES,MorganBit_0922,ligands: fingerprint,6.214198242903657e-05
SMILES,MorganBit_0923,ligands: fingerprint,3.515240999334541e-06
SMILES,MorganBit_0924,ligands: fingerprint,0.000611698485372727
SMILES,MorganBit_0925,ligands: fingerprint,0.0
SMILES,MorganBit_0926,ligands: fingerprint,0.001991834043743695
SMILES,MorganBit_0927,ligands: fingerprint,0.0
SMILES,MorganBit_0928,ligands: fingerprint,2.3857812108231068e-05
SMILES,MorganBit_0929,ligands: fingerprint,0.0013150732231792873
SMILES,MorganBit_0930,ligands: fingerprint,0.0018158457050082178
SMILES,MorganBit_0931,ligands: fingerprint,0.0003958367173022382
SMILES,MorganBit_0932,ligands: fingerprint,0.0024291485126491513
SMILES,MorganBit_0933,ligands: fingerprint,0.0
SMILES,MorganBit_0934,ligands: fingerprint,3.602264403377785e-05
SMILES,MorganBit_0935,ligands: fingerprint,0.010551808653495505
SMILES,MorganBit_0936,ligands: fingerprint,6.9147087149557514e-06
SMILES,MorganBit_0937,ligands: fingerprint,0.00021473159475640977
SMILES,MorganBit_0938,ligands: fingerprint,0.0
SMILES,MorganBit_0939,ligands: fingerprint,0.0
SMILES,MorganBit_0940,ligands: fingerprint,0.00037807814934379477
SMILES,MorganBit_0941,ligands: fingerprint,8.190437706525555e-06
SMILES,MorganBit_0942,ligands: fingerprint,0.0
SMILES,MorganBit_0943,ligands: fingerprint,0.0002253015175225404
SMILES,MorganBit_0944,ligands: fingerprint,0.0
SMILES,MorganBit_0945,ligands: fingerprint,0.0003238270777376018
SMILES,MorganBit_0946,ligands: fingerprint,0.0
SMILES,MorganBit_0947,ligands: fingerprint,0.0014552240549661022
SMILES,MorganBit_0948,ligands: fingerprint,0.0
SMILES,MorganBit_0949,ligands: fingerprint,0.0
SMILES,MorganBit_0950,ligands: fingerprint,7.383153785635234e-05
SMILES,MorganBit_0951,ligands: fingerprint,0.0
SMILES,MorganBit_0952,ligands: fingerprint,0.001564345730292347
SMILES,MorganBit_0953,ligands: fingerprint,0.0
SMILES,MorganBit_0954,ligands: fingerprint,0.0014434727090482265
SMILES,MorganBit_0955,ligands: fingerprint,0.0
SMILES,MorganBit_0956,ligands: fingerprint,0.0006578080964976163
SMILES,MorganBit_0957,ligands: fingerprint,0.0
SMILES,MorganBit_0958,ligands: fingerprint,0.0
SMILES,MorganBit_0959,ligands: fingerprint,0.0
SMILES,MorganBit_0960,ligands: fingerprint,0.000651688142182543
SMILES,MorganBit_0961,ligands: fingerprint,0.0011919031273528503
SMILES,MorganBit_0962,ligands: fingerprint,0.0
SMILES,MorganBit_0963,ligands: fingerprint,0.0011823161710774579
SMILES,MorganBit_0964,ligands: fingerprint,0.0
SMILES,MorganBit_0965,ligands: fingerprint,3.333408934214905e-05
SMILES,MorganBit_0966,ligands: fingerprint,0.001156115739384595
SMILES,MorganBit_0967,ligands: fingerprint,0.00045691135933786096
SMILES,MorganBit_0968,ligands: fingerprint,0.0
SMILES,MorganBit_0969,ligands: fingerprint,0.0
SMILES,MorganBit_0970,ligands: fingerprint,0.0
SMILES,MorganBit_0971,ligands: fingerprint,8.795399336935879e-05
SMILES,MorganBit_0972,ligands: fingerprint,0.0025595311631892714
SMILES,MorganBit_0973,ligands: fingerprint,4.9323099642002117e-05
SMILES,MorganBit_0974,ligands: fingerprint,0.00011615786958811113
SMILES,MorganBit_0975,ligands: fingerprint,0.0
SMILES,MorganBit_0976,ligands: fingerprint,0.0
SMILES,MorganBit_0977,ligands: fingerprint,0.0
SMILES,MorganBit_0978,ligands: fingerprint,0.00014076593006568432
SMILES,MorganBit_0979,ligands: fingerprint,0.0
SMILES,MorganBit_0980,ligands: fingerprint,0.004837898117792146
SMILES,MorganBit_0981,ligands: fingerprint,0.0020269351265723022
SMILES,MorganBit_0982,ligands: fingerprint,0.0
SMILES,MorganBit_0983,ligands: fingerprint,0.00044585951721729113
SMILES,MorganBit_0984,ligands: fingerprint,0.006331963341002528
SMILES,MorganBit_0985,ligands: fingerprint,0.0
SMILES,MorganBit_0986,ligands: fingerprint,0.0
SMILES,MorganBit_0987,ligands: fingerprint,0.000451624760300322
SMILES,MorganBit_0988,ligands: fingerprint,0.00028702277607679935
SMILES,MorganBit_0989,ligands: fingerprint,0.0
SMILES,MorganBit_0990,ligands: fingerprint,0.0
SMILES,MorganBit_0991,ligands: fingerprint,0.0
SMILES,MorganBit_0992,ligands: fingerprint,0.0003367965316910849
SMILES,MorganBit_0993,ligands: fingerprint,0.00027252956815795274
SMILES,MorganBit_0994,ligands: fingerprint,2.096118108527847e-05
SMILES,MorganBit_0995,ligands: fingerprint,0.0
SMILES,MorganBit_0996,ligands: fingerprint,0.00030332811618376287
SMILES,MorganBit_0997,ligands: fingerprint,0.0003775956375963507
SMILES,MorganBit_0998,ligands: fingerprint,3.071967492345079e-05
SMILES,MorganBit_0999,ligands: fingerprint,0.0
SMILES,MorganBit_1000,ligands: fingerprint,0.0
SMILES,MorganBit_1001,ligands: fingerprint,0.0
SMILES,MorganBit_1002,ligands: fingerprint,0.0
SMILES,MorganBit_1003,ligands: fingerprint,0.0006131504350242466
SMILES,MorganBit_1004,ligands: fingerprint,0.001328914625953712
SMILES,MorganBit_1005,ligands: fingerprint,9.947646816906046e-06
SMILES,MorganBit_1006,ligands: fingerprint,0.0
SMILES,MorganBit_1007,ligands: fingerprint,0.0
SMILES,MorganBit_1008,ligands: fingerprint,0.0
SMILES,MorganBit_1009,ligands: fingerprint,4.7774155986084105e-06
SMILES,MorganBit_1010,ligands: fingerprint,0.0
SMILES,MorganBit_1011,ligands: fingerprint,0.00020029024707523922
SMILES,MorganBit_1012,ligands: fingerprint,4.512440372596711e-05
SMILES,MorganBit_1013,ligands: fingerprint,8.528408730508981e-05
SMILES,MorganBit_1014,ligands: fingerprint,4.2845925395669626e-05
SMILES,MorganBit_1015,ligands: fingerprint,0.0
SMILES,MorganBit_1016,ligands: fingerprint,0.0
SMILES,MorganBit_1017,ligands: fingerprint,0.0018387671568013421
SMILES,MorganBit_1018,ligands: fingerprint,0.0
SMILES,MorganBit_1019,ligands: fingerprint,0.001466836723269867
SMILES,MorganBit_1020,ligands: fingerprint,0.0
SMILES,MorganBit_1021,ligands: fingerprint,0.00016383223409880136
SMILES,MorganBit_1022,ligands: fingerprint,2.8136369491149628e-05
SMILES,MorganBit_1023,ligands: fingerprint,0.0
SMILES,MorganBit_1024,ligands: fingerprint,0.00013355837967408109
SMILES,MorganBit_1025,ligands: fingerprint,0.004119064953093129
SMILES,MorganBit_1026,ligands: fingerprint,0.0
SMILES,MorganBit_1027,ligands: fingerprint,0.0008739991873959827
SMILES,MorganBit_1028,ligands: fingerprint,0.0034022832605794147
SMILES,MorganBit_1029,ligands: fingerprint,1.297721097079912e-05
SMILES,MorganBit_1030,ligands: fingerprint,0.0
SMILES,MorganBit_1031,ligands: fingerprint,0.0
SMILES,MorganBit_1032,ligands: fingerprint,0.0
SMILES,MorganBit_1033,ligands: fingerprint,0.0
SMILES,MorganBit_1034,ligands: fingerprint,0.0003036054374951848
SMILES,MorganBit_1035,ligands: fingerprint,0.004932757159230665
SMILES,MorganBit_1036,ligands: fingerprint,0.0
SMILES,MorganBit_1037,ligands: fingerprint,9.118841370489137e-05
SMILES,MorganBit_1038,ligands: fingerprint,0.0
SMILES,MorganBit_1039,ligands: fingerprint,0.0034917871139985754
SMILES,MorganBit_1040,ligands: fingerprint,0.0
SMILES,MorganBit_1041,ligands: fingerprint,0.0
SMILES,MorganBit_1042,ligands: fingerprint,0.0
SMILES,MorganBit_1043,ligands: fingerprint,0.01023414765159733
SMILES,MorganBit_1044,ligands: fingerprint,0.0
SMILES,MorganBit_1045,ligands: fingerprint,0.0009097037061698933
SMILES,MorganBit_1046,ligands: fingerprint,0.0
SMILES,MorganBit_1047,ligands: fingerprint,0.0004094593747799272
SMILES,MorganBit_1048,ligands: fingerprint,0.00046408896055586616
SMILES,MorganBit_1049,ligands: fingerprint,0.00046039228178785895
SMILES,MorganBit_1050,ligands: fingerprint,0.0
SMILES,MorganBit_1051,ligands: fingerprint,1.0894640360277426e-05
SMILES,MorganBit_1052,ligands: fingerprint,0.0
SMILES,MorganBit_1053,ligands: fingerprint,0.0024686685939317
SMILES,MorganBit_1054,ligands: fingerprint,0.0
SMILES,MorganBit_1055,ligands: fingerprint,0.0028485332917211467
SMILES,MorganBit_1056,ligands: fingerprint,0.0
SMILES,MorganBit_1057,ligands: fingerprint,0.038225240562107646
SMILES,MorganBit_1058,ligands: fingerprint,0.0
SMILES,MorganBit_1059,ligands: fingerprint,0.0
SMILES,MorganBit_1060,ligands: fingerprint,0.00034425479959126234
SMILES,MorganBit_1061,ligands: fingerprint,0.0
SMILES,MorganBit_1062,ligands: fingerprint,0.00010580841390503523
SMILES,MorganBit_1063,ligands: fingerprint,0.001458791149333061
SMILES,MorganBit_1064,ligands: fingerprint,0.004185403696206635
SMILES,MorganBit_1065,ligands: fingerprint,0.0
SMILES,MorganBit_1066,ligands: fingerprint,0.0011298206290497798
SMILES,MorganBit_1067,ligands: fingerprint,0.0
SMILES,MorganBit_1068,ligands: fingerprint,0.0
SMILES,MorganBit_1069,ligands: fingerprint,0.00039399413144572995
SMILES,MorganBit_1070,ligands: fingerprint,8.834819034428579e-05
SMILES,MorganBit_1071,ligands: fingerprint,1.4238145121206293e-05
SMILES,MorganBit_1072,ligands: fingerprint,3.100396064464627e-05
SMILES,MorganBit_1073,ligands: fingerprint,0.0006302290874282523
SMILES,MorganBit_1074,ligands: fingerprint,0.0
SMILES,MorganBit_1075,ligands: fingerprint,0.0
SMILES,MorganBit_1076,ligands: fingerprint,0.0
SMILES,MorganBit_1077,ligands: fingerprint,0.00015675277888536394
SMILES,MorganBit_1078,ligands: fingerprint,0.0
SMILES,MorganBit_1079,ligands: fingerprint,0.0
SMILES,MorganBit_1080,ligands: fingerprint,0.0012747764954222757
SMILES,MorganBit_1081,ligands: fingerprint,0.0
SMILES,MorganBit_1082,ligands: fingerprint,0.003028297561896651
SMILES,MorganBit_1083,ligands: fingerprint,0.00042530273392980963
SMILES,MorganBit_1084,ligands: fingerprint,0.0
SMILES,MorganBit_1085,ligands: fingerprint,0.0
SMILES,MorganBit_1086,ligands: fingerprint,0.0005856573816315665
SMILES,MorganBit_1087,ligands: fingerprint,0.009631697750654911
SMILES,MorganBit_1088,ligands: fingerprint,0.009952043544108303
SMILES,MorganBit_1089,ligands: fingerprint,5.060264881145399e-05
SMILES,MorganBit_1090,ligands: fingerprint,0.0
SMILES,MorganBit_1091,ligands: fingerprint,0.0
SMILES,MorganBit_1092,ligands: fingerprint,0.0
SMILES,MorganBit_1093,ligands: fingerprint,7.4827310996327436e-06
SMILES,MorganBit_1094,ligands: fingerprint,0.0
SMILES,MorganBit_1095,ligands: fingerprint,1.641528530427644e-05
SMILES,MorganBit_1096,ligands: fingerprint,0.0014713037523079147
SMILES,MorganBit_1097,ligands: fingerprint,0.0011786044184582465
SMILES,MorganBit_1098,ligands: fingerprint,0.0
SMILES,MorganBit_1099,ligands: fingerprint,0.0
SMILES,MorganBit_1100,ligands: fingerprint,0.010015788887459756
SMILES,MorganBit_1101,ligands: fingerprint,0.0006322114279031586
SMILES,MorganBit_1102,ligands: fingerprint,0.0006865412047186243
SMILES,MorganBit_1103,ligands: fingerprint,0.0
SMILES,MorganBit_1104,ligands: fingerprint,0.0039373595490387325
SMILES,MorganBit_1105,ligands: fingerprint,0.0
SMILES,MorganBit_1106,ligands: fingerprint,0.0
SMILES,MorganBit_1107,ligands: fingerprint,9.48252272888684e-06
SMILES,MorganBit_1108,ligands: fingerprint,0.0
SMILES,MorganBit_1109,ligands: fingerprint,0.0009002642619058964
SMILES,MorganBit_1110,ligands: fingerprint,0.0
SMILES,MorganBit_1111,ligands: fingerprint,0.0
SMILES,MorganBit_1112,ligands: fingerprint,0.0
SMILES,MorganBit_1113,ligands: fingerprint,0.0
SMILES,MorganBit_1114,ligands: fingerprint,0.005501990089202315
SMILES,MorganBit_1115,ligands: fingerprint,0.0
SMILES,MorganBit_1116,ligands: fingerprint,0.0
SMILES,MorganBit_1117,ligands: fingerprint,0.0
SMILES,MorganBit_1118,ligands: fingerprint,2.2580322246508067e-05
SMILES,MorganBit_1119,ligands: fingerprint,0.00019757323823885018
SMILES,MorganBit_1120,ligands: fingerprint,0.0
SMILES,MorganBit_1121,ligands: fingerprint,0.0
SMILES,MorganBit_1122,ligands: fingerprint,8.324653415849586e-05
SMILES,MorganBit_1123,ligands: fingerprint,7.518472887437614e-05
SMILES,MorganBit_1124,ligands: fingerprint,0.0001269509708380213
SMILES,MorganBit_1125,ligands: fingerprint,2.8629225352327127e-05
SMILES,MorganBit_1126,ligands: fingerprint,0.0
SMILES,MorganBit_1127,ligands: fingerprint,0.0
SMILES,MorganBit_1128,ligands: fingerprint,0.000729403332752832
SMILES,MorganBit_1129,ligands: fingerprint,0.0
SMILES,MorganBit_1130,ligands: fingerprint,0.00019360371999319967
SMILES,MorganBit_1131,ligands: fingerprint,0.0
SMILES,MorganBit_1132,ligands: fingerprint,0.0
SMILES,MorganBit_1133,ligands: fingerprint,0.0
SMILES,MorganBit_1134,ligands: fingerprint,0.0
SMILES,MorganBit_1135,ligands: fingerprint,0.00041931329751252676
SMILES,MorganBit_1136,ligands: fingerprint,0.0005133037976127912
SMILES,MorganBit_1137,ligands: fingerprint,0.0
SMILES,MorganBit_1138,ligands: fingerprint,0.0007688030000624104
SMILES,MorganBit_1139,ligands: fingerprint,0.0
SMILES,MorganBit_1140,ligands: fingerprint,0.0020747448028935085
SMILES,MorganBit_1141,ligands: fingerprint,0.0006324356219950843
SMILES,MorganBit_1142,ligands: fingerprint,0.003105666029450304
SMILES,MorganBit_1143,ligands: fingerprint,0.002937378154789785
SMILES,MorganBit_1144,ligands: fingerprint,0.0
SMILES,MorganBit_1145,ligands: fingerprint,0.0018248166134270283
SMILES,MorganBit_1146,ligands: fingerprint,0.0
SMILES,MorganBit_1147,ligands: fingerprint,0.005481385962467222
SMILES,MorganBit_1148,ligands: fingerprint,0.0
SMILES,MorganBit_1149,ligands: fingerprint,0.0
SMILES,MorganBit_1150,ligands: fingerprint,0.0
SMILES,MorganBit_1151,ligands: fingerprint,0.0
SMILES,MorganBit_1152,ligands: fingerprint,0.003850007481491473
SMILES,MorganBit_1153,ligands: fingerprint,0.0007444263480140543
SMILES,MorganBit_1154,ligands: fingerprint,0.0017023812588736237
SMILES,MorganBit_1155,ligands: fingerprint,0.011705345403861565
SMILES,MorganBit_1156,ligands: fingerprint,0.0
SMILES,MorganBit_1157,ligands: fingerprint,0.00021912649983451402
SMILES,MorganBit_1158,ligands: fingerprint,0.0
SMILES,MorganBit_1159,ligands: fingerprint,0.0
SMILES,MorganBit_1160,ligands: fingerprint,0.0037970273465546627
SMILES,MorganBit_1161,ligands: fingerprint,0.0
SMILES,MorganBit_1162,ligands: fingerprint,0.00037384651875325796
SMILES,MorganBit_1163,ligands: fingerprint,0.00195389187382189
SMILES,MorganBit_1164,ligands: fingerprint,0.0003398166353530842
SMILES,MorganBit_1165,ligands: fingerprint,0.0
SMILES,MorganBit_1166,ligands: fingerprint,0.0007583116181332708
SMILES,MorganBit_1167,ligands: fingerprint,0.0
SMILES,MorganBit_1168,ligands: fingerprint,0.00012349577361668655
SMILES,MorganBit_1169,ligands: fingerprint,0.0
SMILES,MorganBit_1170,ligands: fingerprint,0.0
SMILES,MorganBit_1171,ligands: fingerprint,0.006579000580399672
SMILES,MorganBit_1172,ligands: fingerprint,3.151928425463316e-05
SMILES,MorganBit_1173,ligands: fingerprint,6.8506542797653554e-06
SMILES,MorganBit_1174,ligands: fingerprint,0.00012883019687380152
SMILES,MorganBit_1175,ligands: fingerprint,0.0
SMILES,MorganBit_1176,ligands: fingerprint,2.5189643701612455e-05
SMILES,MorganBit_1177,ligands: fingerprint,9.19148147709065e-06
SMILES,MorganBit_1178,ligands: fingerprint,0.0
SMILES,MorganBit_1179,ligands: fingerprint,6.305772815955471e-05
SMILES,MorganBit_1180,ligands: fingerprint,0.0
SMILES,MorganBit_1181,ligands: fingerprint,7.554153741220944e-06
SMILES,MorganBit_1182,ligands: fingerprint,0.00010702183862419264
SMILES,MorganBit_1183,ligands: fingerprint,0.0006387272503879548
SMILES,MorganBit_1184,ligands: fingerprint,0.0038115363028471357
SMILES,MorganBit_1185,ligands: fingerprint,1.3450232529028364e-05
SMILES,MorganBit_1186,ligands: fingerprint,0.0
SMILES,MorganBit_1187,ligands: fingerprint,0.0006987364083568549
SMILES,MorganBit_1188,ligands: fingerprint,0.0
SMILES,MorganBit_1189,ligands: fingerprint,0.0
SMILES,MorganBit_1190,ligands: fingerprint,0.00030692802067351367
SMILES,MorganBit_1191,ligands: fingerprint,1.0548767868243875e-05
SMILES,MorganBit_1192,ligands: fingerprint,0.00033619154957561934
SMILES,MorganBit_1193,ligands: fingerprint,0.0
SMILES,MorganBit_1194,ligands: fingerprint,0.0
SMILES,MorganBit_1195,ligands: fingerprint,0.0012247570721484276
SMILES,MorganBit_1196,ligands: fingerprint,0.0
SMILES,MorganBit_1197,ligands: fingerprint,0.00012320654928092668
SMILES,MorganBit_1198,ligands: fingerprint,0.0
SMILES,MorganBit_1199,ligands: fingerprint,0.020218511744638866
SMILES,MorganBit_1200,ligands: fingerprint,0.0
SMILES,MorganBit_1201,ligands: fingerprint,3.357956844877431e-05
SMILES,MorganBit_1202,ligands: fingerprint,0.0
SMILES,MorganBit_1203,ligands: fingerprint,0.0018900989835567597
SMILES,MorganBit_1204,ligands: fingerprint,0.0
SMILES,MorganBit_1205,ligands: fingerprint,4.055851072100943e-05
SMILES,MorganBit_1206,ligands: fingerprint,0.0
SMILES,MorganBit_1207,ligands: fingerprint,0.0
SMILES,MorganBit_1208,ligands: fingerprint,0.00012947234104566236
SMILES,MorganBit_1209,ligands: fingerprint,0.0
SMILES,MorganBit_1210,ligands: fingerprint,0.0
SMILES,MorganBit_1211,ligands: fingerprint,0.00026353541534971227
SMILES,MorganBit_1212,ligands: fingerprint,0.0
SMILES,MorganBit_1213,ligands: fingerprint,0.0
SMILES,MorganBit_1214,ligands: fingerprint,7.123792976630412e-06
SMILES,MorganBit_1215,ligands: fingerprint,0.0
SMILES,MorganBit_1216,ligands: fingerprint,0.0
SMILES,MorganBit_1217,ligands: fingerprint,0.0
SMILES,MorganBit_1218,ligands: fingerprint,0.00035372288187211965
SMILES,MorganBit_1219,ligands: fingerprint,3.749945883791763e-05
SMILES,MorganBit_1220,ligands: fingerprint,0.0006997054793200365
SMILES,MorganBit_1221,ligands: fingerprint,0.0
SMILES,MorganBit_1222,ligands: fingerprint,2.6439472355481435e-05
SMILES,MorganBit_1223,ligands: fingerprint,0.0002948890997561534
SMILES,MorganBit_1224,ligands: fingerprint,0.0010810497401254663
SMILES,MorganBit_1225,ligands: fingerprint,0.002829896734527869
SMILES,MorganBit_1226,ligands: fingerprint,0.0011506903624355536
SMILES,MorganBit_1227,ligands: fingerprint,0.0
SMILES,MorganBit_1228,ligands: fingerprint,0.0
SMILES,MorganBit_1229,ligands: fingerprint,0.0
SMILES,MorganBit_1230,ligands: fingerprint,0.0
SMILES,MorganBit_1231,ligands: fingerprint,0.0
SMILES,MorganBit_1232,ligands: fingerprint,0.0
SMILES,MorganBit_1233,ligands: fingerprint,0.0034468512601352696
SMILES,MorganBit_1234,ligands: fingerprint,0.00010743821217041463
SMILES,MorganBit_1235,ligands: fingerprint,0.0
SMILES,MorganBit_1236,ligands: fingerprint,0.00019509532925257537
SMILES,MorganBit_1237,ligands: fingerprint,0.00017922128923833266
SMILES,MorganBit_1238,ligands: fingerprint,0.00025400003494925795
SMILES,MorganBit_1239,ligands: fingerprint,0.0
SMILES,MorganBit_1240,ligands: fingerprint,0.0
SMILES,MorganBit_1241,ligands: fingerprint,0.0
SMILES,MorganBit_1242,ligands: fingerprint,0.0
SMILES,MorganBit_1243,ligands: fingerprint,0.00010922439033640165
SMILES,MorganBit_1244,ligands: fingerprint,0.0
SMILES,MorganBit_1245,ligands: fingerprint,0.00019013408178105473
SMILES,MorganBit_1246,ligands: fingerprint,0.0
SMILES,MorganBit_1247,ligands: fingerprint,0.0
SMILES,MorganBit_1248,ligands: fingerprint,0.0
SMILES,MorganBit_1249,ligands: fingerprint,0.00011947568142993779
SMILES,MorganBit_1250,ligands: fingerprint,0.00019843466780763552
SMILES,MorganBit_1251,ligands: fingerprint,0.0
SMILES,MorganBit_1252,ligands: fingerprint,0.0
SMILES,MorganBit_1253,ligands: fingerprint,0.0005897828673317871
SMILES,MorganBit_1254,ligands: fingerprint,0.0
SMILES,MorganBit_1255,ligands: fingerprint,0.00045513305749604144
SMILES,MorganBit_1256,ligands: fingerprint,0.0010124594058733298
SMILES,MorganBit_1257,ligands: fingerprint,0.001889696459160315
SMILES,MorganBit_1258,ligands: fingerprint,6.933950762161975e-05
SMILES,MorganBit_1259,ligands: fingerprint,0.0009148852120630801
SMILES,MorganBit_1260,ligands: fingerprint,2.2168038679308283e-05
SMILES,MorganBit_1261,ligands: fingerprint,0.0
SMILES,MorganBit_1262,ligands: fingerprint,0.0
SMILES,MorganBit_1263,ligands: fingerprint,0.0
SMILES,MorganBit_1264,ligands: fingerprint,0.0
SMILES,MorganBit_1265,ligands: fingerprint,0.0019840342412158958
SMILES,MorganBit_1266,ligands: fingerprint,0.00022511562025379436
SMILES,MorganBit_1267,ligands: fingerprint,0.0014544646191401295
SMILES,MorganBit_1268,ligands: fingerprint,0.0
SMILES,MorganBit_1269,ligands: fingerprint,9.01499014754445e-06
SMILES,MorganBit_1270,ligands: fingerprint,0.0
SMILES,MorganBit_1271,ligands: fingerprint,0.0
SMILES,MorganBit_1272,ligands: fingerprint,0.0
SMILES,MorganBit_1273,ligands: fingerprint,2.364746235871763e-05
SMILES,MorganBit_1274,ligands: fingerprint,0.0038288789755484562
SMILES,MorganBit_1275,ligands: fingerprint,1.2632056079884999e-05
SMILES,MorganBit_1276,ligands: fingerprint,0.0
SMILES,MorganBit_1277,ligands: fingerprint,0.00040422209140111913
SMILES,MorganBit_1278,ligands: fingerprint,0.0
SMILES,MorganBit_1279,ligands: fingerprint,0.00016407799812293385
SMILES,MorganBit_1280,ligands: fingerprint,0.0
SMILES,MorganBit_1281,ligands: fingerprint,0.0
SMILES,MorganBit_1282,ligands: fingerprint,0.0
SMILES,MorganBit_1283,ligands: fingerprint,0.00012183765022799214
SMILES,MorganBit_1284,ligands: fingerprint,0.0
SMILES,MorganBit_1285,ligands: fingerprint,0.0028836653248624127
SMILES,MorganBit_1286,ligands: fingerprint,0.0005811615391022681
SMILES,MorganBit_1287,ligands: fingerprint,9.757004515157726e-06
SMILES,MorganBit_1288,ligands: fingerprint,0.0
SMILES,MorganBit_1289,ligands: fingerprint,0.0
SMILES,MorganBit_1290,ligands: fingerprint,0.0
SMILES,MorganBit_1291,ligands: fingerprint,0.0
SMILES,MorganBit_1292,ligands: fingerprint,0.0004316834975120729
SMILES,MorganBit_1293,ligands: fingerprint,0.0
SMILES,MorganBit_1294,ligands: fingerprint,8.911602200377283e-05
SMILES,MorganBit_1295,ligands: fingerprint,0.0
SMILES,MorganBit_1296,ligands: fingerprint,0.0
SMILES,MorganBit_1297,ligands: fingerprint,1.1898313919045364e-05
SMILES,MorganBit_1298,ligands: fingerprint,0.0
SMILES,MorganBit_1299,ligands: fingerprint,8.06937823276782e-05
SMILES,MorganBit_1300,ligands: fingerprint,2.4271189437452428e-05
SMILES,MorganBit_1301,ligands: fingerprint,0.0
SMILES,MorganBit_1302,ligands: fingerprint,0.0
SMILES,MorganBit_1303,ligands: fingerprint,0.0
SMILES,MorganBit_1304,ligands: fingerprint,0.0
SMILES,MorganBit_1305,ligands: fingerprint,0.0
SMILES,MorganBit_1306,ligands: fingerprint,0.0
SMILES,MorganBit_1307,ligands: fingerprint,3.53209718981901e-05
SMILES,MorganBit_1308,ligands: fingerprint,6.855677514206387e-06
SMILES,MorganBit_1309,ligands: fingerprint,0.0017508628964368546
SMILES,MorganBit_1310,ligands: fingerprint,0.0
SMILES,MorganBit_1311,ligands: fingerprint,0.0
SMILES,MorganBit_1312,ligands: fingerprint,0.0002754484662763516
SMILES,MorganBit_1313,ligands: fingerprint,0.0021368392999959254
SMILES,MorganBit_1314,ligands: fingerprint,0.0004350674708629057
SMILES,MorganBit_1315,ligands: fingerprint,0.0
SMILES,MorganBit_1316,ligands: fingerprint,0.0
SMILES,MorganBit_1317,ligands: fingerprint,0.00036735299052150763
SMILES,MorganBit_1318,ligands: fingerprint,0.001077360137463865
SMILES,MorganBit_1319,ligands: fingerprint,0.0
SMILES,MorganBit_1320,ligands: fingerprint,0.0011079430033587754
SMILES,MorganBit_1321,ligands: fingerprint,0.0
SMILES,MorganBit_1322,ligands: fingerprint,0.0002241300027094147
SMILES,MorganBit_1323,ligands: fingerprint,1.8161289352809153e-05
SMILES,MorganBit_1324,ligands: fingerprint,0.0
SMILES,MorganBit_1325,ligands: fingerprint,0.010047466361816394
SMILES,MorganBit_1326,ligands: fingerprint,0.0
SMILES,MorganBit_1327,ligands: fingerprint,0.0
SMILES,MorganBit_1328,ligands: fingerprint,0.0
SMILES,MorganBit_1329,ligands: fingerprint,0.0001903378435948755
SMILES,MorganBit_1330,ligands: fingerprint,0.0
SMILES,MorganBit_1331,ligands: fingerprint,6.607130661451935e-05
SMILES,MorganBit_1332,ligands: fingerprint,0.00015985828508411286
SMILES,MorganBit_1333,ligands: fingerprint,3.3585744472990495e-05
SMILES,MorganBit_1334,ligands: fingerprint,0.0
SMILES,MorganBit_1335,ligands: fingerprint,0.0
SMILES,MorganBit_1336,ligands: fingerprint,1.7318931159699174e-05
SMILES,MorganBit_1337,ligands: fingerprint,0.0
SMILES,MorganBit_1338,ligands: fingerprint,0.0
SMILES,MorganBit_1339,ligands: fingerprint,0.004297873451809368
SMILES,MorganBit_1340,ligands: fingerprint,0.0
SMILES,MorganBit_1341,ligands: fingerprint,0.00038534506865390715
SMILES,MorganBit_1342,ligands: fingerprint,0.0
SMILES,MorganBit_1343,ligands: fingerprint,0.0
SMILES,MorganBit_1344,ligands: fingerprint,0.0027067120400705133
SMILES,MorganBit_1345,ligands: fingerprint,0.0
SMILES,MorganBit_1346,ligands: fingerprint,0.0006656561965074838
SMILES,MorganBit_1347,ligands: fingerprint,0.0034100989016701624
SMILES,MorganBit_1348,ligands: fingerprint,0.0005281918870340053
SMILES,MorganBit_1349,ligands: fingerprint,0.0024132443885097306
SMILES,MorganBit_1350,ligands: fingerprint,4.639206717463347e-06
SMILES,MorganBit_1351,ligands: fingerprint,0.0
SMILES,MorganBit_1352,ligands: fingerprint,0.0
SMILES,MorganBit_1353,ligands: fingerprint,0.0006027848207585144
SMILES,MorganBit_1354,ligands: fingerprint,0.0
SMILES,MorganBit_1355,ligands: fingerprint,0.0
SMILES,MorganBit_1356,ligands: fingerprint,0.0
SMILES,MorganBit_1357,ligands: fingerprint,0.006481989970116968
SMILES,MorganBit_1358,ligands: fingerprint,0.00857312903983952
SMILES,MorganBit_1359,ligands: fingerprint,0.0
SMILES,MorganBit_1360,ligands: fingerprint,0.0
SMILES,MorganBit_1361,ligands: fingerprint,0.00015990204923123586
SMILES,MorganBit_1362,ligands: fingerprint,5.446936200516839e-05
SMILES,MorganBit_1363,ligands: fingerprint,0.0011322205098287395
SMILES,MorganBit_1364,ligands: fingerprint,2.5689534836050404e-05
SMILES,MorganBit_1365,ligands: fingerprint,0.0002216899733079463
SMILES,MorganBit_1366,ligands: fingerprint,0.0008381882694360904
SMILES,MorganBit_1367,ligands: fingerprint,0.0
SMILES,MorganBit_1368,ligands: fingerprint,4.8199390261861085e-06
SMILES,MorganBit_1369,ligands: fingerprint,0.0004090658720571131
SMILES,MorganBit_1370,ligands: fingerprint,0.0
SMILES,MorganBit_1371,ligands: fingerprint,0.0
SMILES,MorganBit_1372,ligands: fingerprint,0.0
SMILES,MorganBit_1373,ligands: fingerprint,0.0
SMILES,MorganBit_1374,ligands: fingerprint,0.000611863632738287
SMILES,MorganBit_1375,ligands: fingerprint,0.0005279430835010465
SMILES,MorganBit_1376,ligands: fingerprint,0.0
SMILES,MorganBit_1377,ligands: fingerprint,0.0
SMILES,MorganBit_1378,ligands: fingerprint,0.0005615401716913212
SMILES,MorganBit_1379,ligands: fingerprint,0.0010158385950824625
SMILES,MorganBit_1380,ligands: fingerprint,0.0326306638723209
SMILES,MorganBit_1381,ligands: fingerprint,0.0008577588738541631
SMILES,MorganBit_1382,ligands: fingerprint,0.000692003473311295
SMILES,MorganBit_1383,ligands: fingerprint,0.0
SMILES,MorganBit_1384,ligands: fingerprint,0.0003845211347951489
SMILES,MorganBit_1385,ligands: fingerprint,0.005815379482472184
SMILES,MorganBit_1386,ligands: fingerprint,7.356245479523137e-05
SMILES,MorganBit_1387,ligands: fingerprint,0.0
SMILES,MorganBit_1388,ligands: fingerprint,0.0029517586478516626
SMILES,MorganBit_1389,ligands: fingerprint,0.0
SMILES,MorganBit_1390,ligands: fingerprint,0.0
SMILES,MorganBit_1391,ligands: fingerprint,0.0012691704661501526
SMILES,MorganBit_1392,ligands: fingerprint,0.0
SMILES,MorganBit_1393,ligands: fingerprint,0.0008223601599914867
SMILES,MorganBit_1394,ligands: fingerprint,0.0
SMILES,MorganBit_1395,ligands: fingerprint,0.0015485007423279924
SMILES,MorganBit_1396,ligands: fingerprint,0.0
SMILES,MorganBit_1397,ligands: fingerprint,0.0
SMILES,MorganBit_1398,ligands: fingerprint,0.0007622780085443862
SMILES,MorganBit_1399,ligands: fingerprint,4.83518526813266e-05
SMILES,MorganBit_1400,ligands: fingerprint,0.0
SMILES,MorganBit_1401,ligands: fingerprint,0.0
SMILES,MorganBit_1402,ligands: fingerprint,0.00034082264043557367
SMILES,MorganBit_1403,ligands: fingerprint,0.0011804736982288081
SMILES,MorganBit_1404,ligands: fingerprint,0.000259707771770589
SMILES,MorganBit_1405,ligands: fingerprint,0.00010399466314822909
SMILES,MorganBit_1406,ligands: fingerprint,0.0
SMILES,MorganBit_1407,ligands: fingerprint,0.00012325214866813463
SMILES,MorganBit_1408,ligands: fingerprint,0.0
SMILES,MorganBit_1409,ligands: fingerprint,1.1670136305900754e-05
SMILES,MorganBit_1410,ligands: fingerprint,0.00019330745704990363
SMILES,MorganBit_1411,ligands: fingerprint,1.4862279856009336e-05
SMILES,MorganBit_1412,ligands: fingerprint,0.0
SMILES,MorganBit_1413,ligands: fingerprint,0.0
SMILES,MorganBit_1414,ligands: fingerprint,0.0045987142755709465
SMILES,MorganBit_1415,ligands: fingerprint,0.0
SMILES,MorganBit_1416,ligands: fingerprint,0.0002225169999566449
SMILES,MorganBit_1417,ligands: fingerprint,0.004084664984608436
SMILES,MorganBit_1418,ligands: fingerprint,0.00011505093449434554
SMILES,MorganBit_1419,ligands: fingerprint,0.0
SMILES,MorganBit_1420,ligands: fingerprint,0.0
SMILES,MorganBit_1421,ligands: fingerprint,0.0
SMILES,MorganBit_1422,ligands: fingerprint,0.001951370056996161
SMILES,MorganBit_1423,ligands: fingerprint,0.00015117362722718837
SMILES,MorganBit_1424,ligands: fingerprint,0.0
SMILES,MorganBit_1425,ligands: fingerprint,0.0
SMILES,MorganBit_1426,ligands: fingerprint,0.0
SMILES,MorganBit_1427,ligands: fingerprint,0.0007570641271502148
SMILES,MorganBit_1428,ligands: fingerprint,0.0
SMILES,MorganBit_1429,ligands: fingerprint,0.0
SMILES,MorganBit_1430,ligands: fingerprint,0.00025264972342970755
SMILES,MorganBit_1431,ligands: fingerprint,0.0
SMILES,MorganBit_1432,ligands: fingerprint,0.0
SMILES,MorganBit_1433,ligands: fingerprint,0.0
SMILES,MorganBit_1434,ligands: fingerprint,0.0
SMILES,MorganBit_1435,ligands: fingerprint,0.00033718925557988484
SMILES,MorganBit_1436,ligands: fingerprint,0.0005495007501567534
SMILES,MorganBit_1437,ligands: fingerprint,0.0
SMILES,MorganBit_1438,ligands: fingerprint,0.0017154548717240284
SMILES,MorganBit_1439,ligands: fingerprint,0.0
SMILES,MorganBit_1440,ligands: fingerprint,0.00025853372617991023
SMILES,MorganBit_1441,ligands: fingerprint,0.002247749735529391
SMILES,MorganBit_1442,ligands: fingerprint,0.0
SMILES,MorganBit_1443,ligands: fingerprint,0.0
SMILES,MorganBit_1444,ligands: fingerprint,0.0014235780865104663
SMILES,MorganBit_1445,ligands: fingerprint,0.00016787476177316862
SMILES,MorganBit_1446,ligands: fingerprint,3.523582736343429e-05
SMILES,MorganBit_1447,ligands: fingerprint,0.0008933442187897503
SMILES,MorganBit_1448,ligands: fingerprint,0.0
SMILES,MorganBit_1449,ligands: fingerprint,0.0062319945497225915
SMILES,MorganBit_1450,ligands: fingerprint,0.0
SMILES,MorganBit_1451,ligands: fingerprint,0.004253393130158866
SMILES,MorganBit_1452,ligands: fingerprint,0.008638533836627061
SMILES,MorganBit_1453,ligands: fingerprint,0.00010327703303310196
SMILES,MorganBit_1454,ligands: fingerprint,9.196349524955248e-05
SMILES,MorganBit_1455,ligands: fingerprint,0.003204297316436979
SMILES,MorganBit_1456,ligands: fingerprint,0.000193554060347657
SMILES,MorganBit_1457,ligands: fingerprint,0.0026979384750564443
SMILES,MorganBit_1458,ligands: fingerprint,0.00019384689020175645
SMILES,MorganBit_1459,ligands: fingerprint,0.0005232771808785532
SMILES,MorganBit_1460,ligands: fingerprint,0.0
SMILES,MorganBit_1461,ligands: fingerprint,0.000594067461817088
SMILES,MorganBit_1462,ligands: fingerprint,0.0
SMILES,MorganBit_1463,ligands: fingerprint,0.0005901114964494338
SMILES,MorganBit_1464,ligands: fingerprint,0.0
SMILES,MorganBit_1465,ligands: fingerprint,0.0003078571919967983
SMILES,MorganBit_1466,ligands: fingerprint,0.0
SMILES,MorganBit_1467,ligands: fingerprint,0.0
SMILES,MorganBit_1468,ligands: fingerprint,0.00023317748659219036
SMILES,MorganBit_1469,ligands: fingerprint,0.0
SMILES,MorganBit_1470,ligands: fingerprint,0.00013661185754437343
SMILES,MorganBit_1471,ligands: fingerprint,0.000598318394239067
SMILES,MorganBit_1472,ligands: fingerprint,0.0
SMILES,MorganBit_1473,ligands: fingerprint,0.0
SMILES,MorganBit_1474,ligands: fingerprint,0.0
SMILES,MorganBit_1475,ligands: fingerprint,0.00041553158886177587
SMILES,MorganBit_1476,ligands: fingerprint,0.0006900207883506322
SMILES,MorganBit_1477,ligands: fingerprint,0.0
SMILES,MorganBit_1478,ligands: fingerprint,0.0
SMILES,MorganBit_1479,ligands: fingerprint,0.0002471409152128228
SMILES,MorganBit_1480,ligands: fingerprint,0.004987964079942015
SMILES,MorganBit_1481,ligands: fingerprint,0.0
SMILES,MorganBit_1482,ligands: fingerprint,0.00046485012196383573
SMILES,MorganBit_1483,ligands: fingerprint,0.0
SMILES,MorganBit_1484,ligands: fingerprint,0.0
SMILES,MorganBit_1485,ligands: fingerprint,0.0
SMILES,MorganBit_1486,ligands: fingerprint,0.0
SMILES,MorganBit_1487,ligands: fingerprint,0.0003897150086564954
SMILES,MorganBit_1488,ligands: fingerprint,0.0
SMILES,MorganBit_1489,ligands: fingerprint,0.0
SMILES,MorganBit_1490,ligands: fingerprint,0.0
SMILES,MorganBit_1491,ligands: fingerprint,0.000522330827354668
SMILES,MorganBit_1492,ligands: fingerprint,0.0
SMILES,MorganBit_1493,ligands: fingerprint,0.0
SMILES,MorganBit_1494,ligands: fingerprint,0.0006719959853853971
SMILES,MorganBit_1495,ligands: fingerprint,0.004727952049969017
SMILES,MorganBit_1496,ligands: fingerprint,0.0
SMILES,MorganBit_1497,ligands: fingerprint,0.0
SMILES,MorganBit_1498,ligands: fingerprint,0.00020397980036824335
SMILES,MorganBit_1499,ligands: fingerprint,0.0
SMILES,MorganBit_1500,ligands: fingerprint,9.435591225634177e-05
SMILES,MorganBit_1501,ligands: fingerprint,0.0
SMILES,MorganBit_1502,ligands: fingerprint,0.0
SMILES,MorganBit_1503,ligands: fingerprint,8.65201035934406e-06
SMILES,MorganBit_1504,ligands: fingerprint,0.0
SMILES,MorganBit_1505,ligands: fingerprint,0.0014979820042602238
SMILES,MorganBit_1506,ligands: fingerprint,0.00033332524088168443
SMILES,MorganBit_1507,ligands: fingerprint,0.0
SMILES,MorganBit_1508,ligands: fingerprint,5.2542674965983644e-05
SMILES,MorganBit_1509,ligands: fingerprint,0.0
SMILES,MorganBit_1510,ligands: fingerprint,0.0
SMILES,MorganBit_1511,ligands: fingerprint,0.0
SMILES,MorganBit_1512,ligands: fingerprint,0.0
SMILES,MorganBit_1513,ligands: fingerprint,0.0
SMILES,MorganBit_1514,ligands: fingerprint,0.0
SMILES,MorganBit_1515,ligands: fingerprint,0.0
SMILES,MorganBit_1516,ligands: fingerprint,0.00012460896495254298
SMILES,MorganBit_1517,ligands: fingerprint,0.0002296180013862949
SMILES,MorganBit_1518,ligands: fingerprint,7.487346840518901e-05
SMILES,MorganBit_1519,ligands: fingerprint,0.0
SMILES,MorganBit_1520,ligands: fingerprint,0.0023655534452603475
SMILES,MorganBit_1521,ligands: fingerprint,0.0
SMILES,MorganBit_1522,ligands: fingerprint,0.0003983075434805728
SMILES,MorganBit_1523,ligands: fingerprint,9.599371333179777e-05
SMILES,MorganBit_1524,ligands: fingerprint,0.0
SMILES,MorganBit_1525,ligands: fingerprint,0.0
SMILES,MorganBit_1526,ligands: fingerprint,0.0
SMILES,MorganBit_1527,ligands: fingerprint,3.305374134275485e-05
SMILES,MorganBit_1528,ligands: fingerprint,0.0
SMILES,MorganBit_1529,ligands: fingerprint,0.0
SMILES,MorganBit_1530,ligands: fingerprint,0.0007464090793771016
SMILES,MorganBit_1531,ligands: fingerprint,0.00019447161228736674
SMILES,MorganBit_1532,ligands: fingerprint,0.0
SMILES,MorganBit_1533,ligands: fingerprint,0.00017080005513938755
SMILES,MorganBit_1534,ligands: fingerprint,0.0
SMILES,MorganBit_1535,ligands: fingerprint,0.003743650074970989
SMILES,MorganBit_1536,ligands: fingerprint,0.0009023606343918807
SMILES,MorganBit_1537,ligands: fingerprint,0.0
SMILES,MorganBit_1538,ligands: fingerprint,0.0
SMILES,MorganBit_1539,ligands: fingerprint,0.0
SMILES,MorganBit_1540,ligands: fingerprint,0.0
SMILES,MorganBit_1541,ligands: fingerprint,0.0
SMILES,MorganBit_1542,ligands: fingerprint,7.670043347091801e-05
SMILES,MorganBit_1543,ligands: fingerprint,0.0
SMILES,MorganBit_1544,ligands: fingerprint,0.0
SMILES,MorganBit_1545,ligands: fingerprint,0.0
SMILES,MorganBit_1546,ligands: fingerprint,0.0
SMILES,MorganBit_1547,ligands: fingerprint,0.0
SMILES,MorganBit_1548,ligands: fingerprint,3.391101602972652e-05
SMILES,MorganBit_1549,ligands: fingerprint,0.00014558670705100332
SMILES,MorganBit_1550,ligands: fingerprint,0.0011859284522064268
SMILES,MorganBit_1551,ligands: fingerprint,0.0
SMILES,MorganBit_1552,ligands: fingerprint,0.0
SMILES,MorganBit_1553,ligands: fingerprint,0.0
SMILES,MorganBit_1554,ligands: fingerprint,0.0014776004013290986
SMILES,MorganBit_1555,ligands: fingerprint,0.0
SMILES,MorganBit_1556,ligands: fingerprint,0.0
SMILES,MorganBit_1557,ligands: fingerprint,0.0
SMILES,MorganBit_1558,ligands: fingerprint,2.1973876552211523e-05
SMILES,MorganBit_1559,ligands: fingerprint,8.839157198201426e-05
SMILES,MorganBit_1560,ligands: fingerprint,0.0
SMILES,MorganBit_1561,ligands: fingerprint,0.0
SMILES,MorganBit_1562,ligands: fingerprint,0.0
SMILES,MorganBit_1563,ligands: fingerprint,1.5831386093590914e-05
SMILES,MorganBit_1564,ligands: fingerprint,0.002658902910741523
SMILES,MorganBit_1565,ligands: fingerprint,0.0
SMILES,MorganBit_1566,ligands: fingerprint,0.0
SMILES,MorganBit_1567,ligands: fingerprint,0.00040233864945944404
SMILES,MorganBit_1568,ligands: fingerprint,0.0019416134713381797
SMILES,MorganBit_1569,ligands: fingerprint,0.0
SMILES,MorganBit_1570,ligands: fingerprint,0.0005817555244995545
SMILES,MorganBit_1571,ligands: fingerprint,0.0
SMILES,MorganBit_1572,ligands: fingerprint,0.0
SMILES,MorganBit_1573,ligands: fingerprint,0.0019535371815178376
SMILES,MorganBit_1574,ligands: fingerprint,0.00014413512444790764
SMILES,MorganBit_1575,ligands: fingerprint,0.00046589022209359964
SMILES,MorganBit_1576,ligands: fingerprint,0.0
SMILES,MorganBit_1577,ligands: fingerprint,0.00021536853913022475
SMILES,MorganBit_1578,ligands: fingerprint,3.997401879283908e-05
SMILES,MorganBit_1579,ligands: fingerprint,0.0
SMILES,MorganBit_1580,ligands: fingerprint,0.0
SMILES,MorganBit_1581,ligands: fingerprint,0.0006289890722329936
SMILES,MorganBit_1582,ligands: fingerprint,0.0008121115198821022
SMILES,MorganBit_1583,ligands: fingerprint,0.0
SMILES,MorganBit_1584,ligands: fingerprint,0.00014593670977616825
SMILES,MorganBit_1585,ligands: fingerprint,0.0
SMILES,MorganBit_1586,ligands: fingerprint,2.849254543910485e-05
SMILES,MorganBit_1587,ligands: fingerprint,0.002047241176282009
SMILES,MorganBit_1588,ligands: fingerprint,4.785464172655593e-05
SMILES,MorganBit_1589,ligands: fingerprint,0.0003830947820082602
SMILES,MorganBit_1590,ligands: fingerprint,0.0
SMILES,MorganBit_1591,ligands: fingerprint,0.0
SMILES,MorganBit_1592,ligands: fingerprint,1.8392337633098566e-05
SMILES,MorganBit_1593,ligands: fingerprint,0.0
SMILES,MorganBit_1594,ligands: fingerprint,0.0046659935643917835
SMILES,MorganBit_1595,ligands: fingerprint,0.0
SMILES,MorganBit_1596,ligands: fingerprint,0.0
SMILES,MorganBit_1597,ligands: fingerprint,3.205835972962027e-06
SMILES,MorganBit_1598,ligands: fingerprint,0.0
SMILES,MorganBit_1599,ligands: fingerprint,0.00015232452972730663
SMILES,MorganBit_1600,ligands: fingerprint,3.9135579760602926e-05
SMILES,MorganBit_1601,ligands: fingerprint,0.0
SMILES,MorganBit_1602,ligands: fingerprint,0.0035563665635514074
SMILES,MorganBit_1603,ligands: fingerprint,0.0003224407599074828
SMILES,MorganBit_1604,ligands: fingerprint,0.0017630430836350418
SMILES,MorganBit_1605,ligands: fingerprint,0.0
SMILES,MorganBit_1606,ligands: fingerprint,0.0
SMILES,MorganBit_1607,ligands: fingerprint,8.862423874651867e-05
SMILES,MorganBit_1608,ligands: fingerprint,0.0
SMILES,MorganBit_1609,ligands: fingerprint,0.0030172978276747546
SMILES,MorganBit_1610,ligands: fingerprint,0.0
SMILES,MorganBit_1611,ligands: fingerprint,0.0002820757946764076
SMILES,MorganBit_1612,ligands: fingerprint,1.470641750117707e-05
SMILES,MorganBit_1613,ligands: fingerprint,0.0
SMILES,MorganBit_1614,ligands: fingerprint,8.747502736505789e-05
SMILES,MorganBit_1615,ligands: fingerprint,0.0008219680789823018
SMILES,MorganBit_1616,ligands: fingerprint,0.0
SMILES,MorganBit_1617,ligands: fingerprint,2.3225786809767386e-05
SMILES,MorganBit_1618,ligands: fingerprint,0.0006587321532008756
SMILES,MorganBit_1619,ligands: fingerprint,0.0
SMILES,MorganBit_1620,ligands: fingerprint,9.962733987970131e-06
SMILES,MorganBit_1621,ligands: fingerprint,0.0
SMILES,MorganBit_1622,ligands: fingerprint,6.299794476277919e-05
SMILES,MorganBit_1623,ligands: fingerprint,0.0
SMILES,MorganBit_1624,ligands: fingerprint,0.0004075839536707393
SMILES,MorganBit_1625,ligands: fingerprint,0.0
SMILES,MorganBit_1626,ligands: fingerprint,0.0
SMILES,MorganBit_1627,ligands: fingerprint,0.00021837651540579286
SMILES,MorganBit_1628,ligands: fingerprint,0.0
SMILES,MorganBit_1629,ligands: fingerprint,0.0
SMILES,MorganBit_1630,ligands: fingerprint,0.0
SMILES,MorganBit_1631,ligands: fingerprint,0.0008625070023515936
SMILES,MorganBit_1632,ligands: fingerprint,0.0022158595417726013
SMILES,MorganBit_1633,ligands: fingerprint,0.0014936402012836606
SMILES,MorganBit_1634,ligands: fingerprint,0.0
SMILES,MorganBit_1635,ligands: fingerprint,0.0
SMILES,MorganBit_1636,ligands: fingerprint,0.0
SMILES,MorganBit_1637,ligands: fingerprint,0.0033546967080219673
SMILES,MorganBit_1638,ligands: fingerprint,0.0
SMILES,MorganBit_1639,ligands: fingerprint,0.0
SMILES,MorganBit_1640,ligands: fingerprint,0.0
SMILES,MorganBit_1641,ligands: fingerprint,0.0
SMILES,MorganBit_1642,ligands: fingerprint,0.0
SMILES,MorganBit_1643,ligands: fingerprint,0.0
SMILES,MorganBit_1644,ligands: fingerprint,6.94992308550284e-05
SMILES,MorganBit_1645,ligands: fingerprint,1.129306789251512e-05
SMILES,MorganBit_1646,ligands: fingerprint,0.0
SMILES,MorganBit_1647,ligands: fingerprint,0.0
SMILES,MorganBit_1648,ligands: fingerprint,0.0
SMILES,MorganBit_1649,ligands: fingerprint,2.886665011377511e-05
SMILES,MorganBit_1650,ligands: fingerprint,0.0007086450535999389
SMILES,MorganBit_1651,ligands: fingerprint,0.0
SMILES,MorganBit_1652,ligands: fingerprint,0.0
SMILES,MorganBit_1653,ligands: fingerprint,0.00025813502337210584
SMILES,MorganBit_1654,ligands: fingerprint,0.0006234016439178069
SMILES,MorganBit_1655,ligands: fingerprint,0.0
SMILES,MorganBit_1656,ligands: fingerprint,0.0
SMILES,MorganBit_1657,ligands: fingerprint,0.0
SMILES,MorganBit_1658,ligands: fingerprint,0.012365136973472173
SMILES,MorganBit_1659,ligands: fingerprint,0.000173120587022205
SMILES,MorganBit_1660,ligands: fingerprint,0.0
SMILES,MorganBit_1661,ligands: fingerprint,0.0
SMILES,MorganBit_1662,ligands: fingerprint,1.8591011138709887e-05
SMILES,MorganBit_1663,ligands: fingerprint,8.097987392624193e-06
SMILES,MorganBit_1664,ligands: fingerprint,0.0
SMILES,MorganBit_1665,ligands: fingerprint,0.00870256727256282
SMILES,MorganBit_1666,ligands: fingerprint,0.0
SMILES,MorganBit_1667,ligands: fingerprint,0.0006831913458269837
SMILES,MorganBit_1668,ligands: fingerprint,0.0
SMILES,MorganBit_1669,ligands: fingerprint,0.0
SMILES,MorganBit_1670,ligands: fingerprint,3.657073409130434e-05
SMILES,MorganBit_1671,ligands: fingerprint,0.0
SMILES,MorganBit_1672,ligands: fingerprint,0.0
SMILES,MorganBit_1673,ligands: fingerprint,0.0
SMILES,MorganBit_1674,ligands: fingerprint,0.0
SMILES,MorganBit_1675,ligands: fingerprint,0.00022768211654804527
SMILES,MorganBit_1676,ligands: fingerprint,3.831534482936926e-06
SMILES,MorganBit_1677,ligands: fingerprint,0.0
SMILES,MorganBit_1678,ligands: fingerprint,7.775980421737661e-05
SMILES,MorganBit_1679,ligands: fingerprint,0.0
SMILES,MorganBit_1680,ligands: fingerprint,0.0
SMILES,MorganBit_1681,ligands: fingerprint,0.0
SMILES,MorganBit_1682,ligands: fingerprint,4.056766420718873e-05
SMILES,MorganBit_1683,ligands: fingerprint,0.001213452505354498
SMILES,MorganBit_1684,ligands: fingerprint,0.0
SMILES,MorganBit_1685,ligands: fingerprint,0.0
SMILES,MorganBit_1686,ligands: fingerprint,0.0004719404965391749
SMILES,MorganBit_1687,ligands: fingerprint,0.0
SMILES,MorganBit_1688,ligands: fingerprint,0.0
SMILES,MorganBit_1689,ligands: fingerprint,1.3404839208510862e-05
SMILES,MorganBit_1690,ligands: fingerprint,8.530872865091373e-05
SMILES,MorganBit_1691,ligands: fingerprint,0.0
SMILES,MorganBit_1692,ligands: fingerprint,9.851335773198233e-05
SMILES,MorganBit_1693,ligands: fingerprint,6.857843725838092e-05
SMILES,MorganBit_1694,ligands: fingerprint,0.0
SMILES,MorganBit_1695,ligands: fingerprint,0.00010106662837772377
SMILES,MorganBit_1696,ligands: fingerprint,2.9638548231948235e-05
SMILES,MorganBit_1697,ligands: fingerprint,0.0023770292014334625
SMILES,MorganBit_1698,ligands: fingerprint,0.00027055817568005374
SMILES,MorganBit_1699,ligands: fingerprint,0.00034059614812840275
SMILES,MorganBit_1700,ligands: fingerprint,0.0008508906411201118
SMILES,MorganBit_1701,ligands: fingerprint,0.0
SMILES,MorganBit_1702,ligands: fingerprint,0.0
SMILES,MorganBit_1703,ligands: fingerprint,0.0
SMILES,MorganBit_1704,ligands: fingerprint,0.0
SMILES,MorganBit_1705,ligands: fingerprint,0.0030018593400325403
SMILES,MorganBit_1706,ligands: fingerprint,0.0
SMILES,MorganBit_1707,ligands: fingerprint,0.0
SMILES,MorganBit_1708,ligands: fingerprint,6.408651628469876e-05
SMILES,MorganBit_1709,ligands: fingerprint,0.0
SMILES,MorganBit_1710,ligands: fingerprint,0.0004956512427950217
SMILES,MorganBit_1711,ligands: fingerprint,0.0
SMILES,MorganBit_1712,ligands: fingerprint,0.0
SMILES,MorganBit_1713,ligands: fingerprint,0.00015345384886208109
SMILES,MorganBit_1714,ligands: fingerprint,0.00011057447159531753
SMILES,MorganBit_1715,ligands: fingerprint,0.0003794281556249909
SMILES,MorganBit_1716,ligands: fingerprint,0.0
SMILES,MorganBit_1717,ligands: fingerprint,0.000460517670830553
SMILES,MorganBit_1718,ligands: fingerprint,0.0002028577016767805
SMILES,MorganBit_1719,ligands: fingerprint,0.0
SMILES,MorganBit_1720,ligands: fingerprint,0.000966895731101728
SMILES,MorganBit_1721,ligands: fingerprint,0.0007440323114645383
SMILES,MorganBit_1722,ligands: fingerprint,0.003189424222119775
SMILES,MorganBit_1723,ligands: fingerprint,0.0013445581635170448
SMILES,MorganBit_1724,ligands: fingerprint,0.003095692783052805
SMILES,MorganBit_1725,ligands: fingerprint,1.2926232783119191e-05
SMILES,MorganBit_1726,ligands: fingerprint,0.000965162839269656
SMILES,MorganBit_1727,ligands: fingerprint,0.0
SMILES,MorganBit_1728,ligands: fingerprint,0.00033645851246989474
SMILES,MorganBit_1729,ligands: fingerprint,6.223669029909441e-05
SMILES,MorganBit_1730,ligands: fingerprint,0.002604769708831791
SMILES,MorganBit_1731,ligands: fingerprint,0.0010979718504838796
SMILES,MorganBit_1732,ligands: fingerprint,0.0
SMILES,MorganBit_1733,ligands: fingerprint,0.0024303299383324883
SMILES,MorganBit_1734,ligands: fingerprint,0.0030815331402135925
SMILES,MorganBit_1735,ligands: fingerprint,0.0
SMILES,MorganBit_1736,ligands: fingerprint,0.0
SMILES,MorganBit_1737,ligands: fingerprint,0.0067456167066145935
SMILES,MorganBit_1738,ligands: fingerprint,0.0010105100397171307
SMILES,MorganBit_1739,ligands: fingerprint,0.0
SMILES,MorganBit_1740,ligands: fingerprint,0.0009240125670980368
SMILES,MorganBit_1741,ligands: fingerprint,0.0006556407518883968
SMILES,MorganBit_1742,ligands: fingerprint,0.0
SMILES,MorganBit_1743,ligands: fingerprint,0.0
SMILES,MorganBit_1744,ligands: fingerprint,0.0
SMILES,MorganBit_1745,ligands: fingerprint,0.006133307520827065
SMILES,MorganBit_1746,ligands: fingerprint,0.00027911787566993365
SMILES,MorganBit_1747,ligands: fingerprint,0.0010475425246447118
SMILES,MorganBit_1748,ligands: fingerprint,0.0
SMILES,MorganBit_1749,ligands: fingerprint,0.0
SMILES,MorganBit_1750,ligands: fingerprint,0.01078562749224536
SMILES,MorganBit_1751,ligands: fingerprint,0.0
SMILES,MorganBit_1752,ligands: fingerprint,0.0
SMILES,MorganBit_1753,ligands: fingerprint,0.0
SMILES,MorganBit_1754,ligands: fingerprint,0.0026360443829993004
SMILES,MorganBit_1755,ligands: fingerprint,0.0001436940512170542
SMILES,MorganBit_1756,ligands: fingerprint,0.0
SMILES,MorganBit_1757,ligands: fingerprint,0.0
SMILES,MorganBit_1758,ligands: fingerprint,0.0001228565295462789
SMILES,MorganBit_1759,ligands: fingerprint,0.0
SMILES,MorganBit_1760,ligands: fingerprint,0.0
SMILES,MorganBit_1761,ligands: fingerprint,0.0
SMILES,MorganBit_1762,ligands: fingerprint,2.2732671000442735e-05
SMILES,MorganBit_1763,ligands: fingerprint,0.00019488177415766467
SMILES,MorganBit_1764,ligands: fingerprint,0.00010308280222635381
SMILES,MorganBit_1765,ligands: fingerprint,0.00016306873173407475
SMILES,MorganBit_1766,ligands: fingerprint,0.001031111082089529
SMILES,MorganBit_1767,ligands: fingerprint,0.0
SMILES,MorganBit_1768,ligands: fingerprint,0.0
SMILES,MorganBit_1769,ligands: fingerprint,0.0
SMILES,MorganBit_1770,ligands: fingerprint,0.0
SMILES,MorganBit_1771,ligands: fingerprint,0.0
SMILES,MorganBit_1772,ligands: fingerprint,0.0
SMILES,MorganBit_1773,ligands: fingerprint,5.183917763229996e-05
SMILES,MorganBit_1774,ligands: fingerprint,0.0
SMILES,MorganBit_1775,ligands: fingerprint,0.00035838002141742214
SMILES,MorganBit_1776,ligands: fingerprint,0.003207685940538378
SMILES,MorganBit_1777,ligands: fingerprint,0.0
SMILES,MorganBit_1778,ligands: fingerprint,0.00044083711447493525
SMILES,MorganBit_1779,ligands: fingerprint,0.0008260122253858582
SMILES,MorganBit_1780,ligands: fingerprint,0.0
SMILES,MorganBit_1781,ligands: fingerprint,1.599133563906873e-05
SMILES,MorganBit_1782,ligands: fingerprint,0.00035008305902167936
SMILES,MorganBit_1783,ligands: fingerprint,7.091489693014453e-05
SMILES,MorganBit_1784,ligands: fingerprint,0.0
SMILES,MorganBit_1785,ligands: fingerprint,0.0
SMILES,MorganBit_1786,ligands: fingerprint,0.0
SMILES,MorganBit_1787,ligands: fingerprint,0.0
SMILES,MorganBit_1788,ligands: fingerprint,0.0003004636679259869
SMILES,MorganBit_1789,ligands: fingerprint,0.0
SMILES,MorganBit_1790,ligands: fingerprint,0.0
SMILES,MorganBit_1791,ligands: fingerprint,0.007936767744140054
SMILES,MorganBit_1792,ligands: fingerprint,0.0010300713143239345
SMILES,MorganBit_1793,ligands: fingerprint,0.0
SMILES,MorganBit_1794,ligands: fingerprint,0.0
SMILES,MorganBit_1795,ligands: fingerprint,0.0
SMILES,MorganBit_1796,ligands: fingerprint,0.0
SMILES,MorganBit_1797,ligands: fingerprint,0.0
SMILES,MorganBit_1798,ligands: fingerprint,0.0
SMILES,MorganBit_1799,ligands: fingerprint,0.0002343028367726236
SMILES,MorganBit_1800,ligands: fingerprint,2.26750773283951e-05
SMILES,MorganBit_1801,ligands: fingerprint,0.0
SMILES,MorganBit_1802,ligands: fingerprint,0.0
SMILES,MorganBit_1803,ligands: fingerprint,0.0
SMILES,MorganBit_1804,ligands: fingerprint,7.287183958035297e-05
SMILES,MorganBit_1805,ligands: fingerprint,0.0
SMILES,MorganBit_1806,ligands: fingerprint,0.0
SMILES,MorganBit_1807,ligands: fingerprint,0.0
SMILES,MorganBit_1808,ligands: fingerprint,0.00012158062860967108
SMILES,MorganBit_1809,ligands: fingerprint,0.0007068044700180038
SMILES,MorganBit_1810,ligands: fingerprint,0.0014428862309248335
SMILES,MorganBit_1811,ligands: fingerprint,0.0
SMILES,MorganBit_1812,ligands: fingerprint,0.00022639713679370362
SMILES,MorganBit_1813,ligands: fingerprint,7.403546968938894e-05
SMILES,MorganBit_1814,ligands: fingerprint,0.0007774430355779568
SMILES,MorganBit_1815,ligands: fingerprint,0.0
SMILES,MorganBit_1816,ligands: fingerprint,0.002833010101684218
SMILES,MorganBit_1817,ligands: fingerprint,0.0002854360530296545
SMILES,MorganBit_1818,ligands: fingerprint,0.0004944668851801697
SMILES,MorganBit_1819,ligands: fingerprint,1.127642808681268e-05
SMILES,MorganBit_1820,ligands: fingerprint,1.0487677380354123e-05
SMILES,MorganBit_1821,ligands: fingerprint,0.0
SMILES,MorganBit_1822,ligands: fingerprint,0.0
SMILES,MorganBit_1823,ligands: fingerprint,0.0038855920185600695
SMILES,MorganBit_1824,ligands: fingerprint,0.00019318930904746004
SMILES,MorganBit_1825,ligands: fingerprint,0.00025988081185810986
SMILES,MorganBit_1826,ligands: fingerprint,0.0
SMILES,MorganBit_1827,ligands: fingerprint,4.550085314828339e-05
SMILES,MorganBit_1828,ligands: fingerprint,0.0010667169257113137
SMILES,MorganBit_1829,ligands: fingerprint,0.0
SMILES,MorganBit_1830,ligands: fingerprint,0.0028634076405610154
SMILES,MorganBit_1831,ligands: fingerprint,0.001041414934828865
SMILES,MorganBit_1832,ligands: fingerprint,0.0021635383628689146
SMILES,MorganBit_1833,ligands: fingerprint,0.0
SMILES,MorganBit_1834,ligands: fingerprint,0.0
SMILES,MorganBit_1835,ligands: fingerprint,0.0001599001541451178
SMILES,MorganBit_1836,ligands: fingerprint,0.0
SMILES,MorganBit_1837,ligands: fingerprint,0.0
SMILES,MorganBit_1838,ligands: fingerprint,0.00034317791325678417
SMILES,MorganBit_1839,ligands: fingerprint,0.0
SMILES,MorganBit_1840,ligands: fingerprint,0.004204036110196652
SMILES,MorganBit_1841,ligands: fingerprint,0.0
SMILES,MorganBit_1842,ligands: fingerprint,9.323546417398542e-05
SMILES,MorganBit_1843,ligands: fingerprint,0.0
SMILES,MorganBit_1844,ligands: fingerprint,0.0033405945545308797
SMILES,MorganBit_1845,ligands: fingerprint,0.0
SMILES,MorganBit_1846,ligands: fingerprint,0.0
SMILES,MorganBit_1847,ligands: fingerprint,5.343771917385992e-05
SMILES,MorganBit_1848,ligands: fingerprint,0.0
SMILES,MorganBit_1849,ligands: fingerprint,0.0015694281329216649
SMILES,MorganBit_1850,ligands: fingerprint,0.0
SMILES,MorganBit_1851,ligands: fingerprint,0.00970436573763209
SMILES,MorganBit_1852,ligands: fingerprint,0.0045686575607071485
SMILES,MorganBit_1853,ligands: fingerprint,0.000568781676189979
SMILES,MorganBit_1854,ligands: fingerprint,0.0007513879370002687
SMILES,MorganBit_1855,ligands: fingerprint,0.008376614670920792
SMILES,MorganBit_1856,ligands: fingerprint,0.0
SMILES,MorganBit_1857,ligands: fingerprint,0.0
SMILES,MorganBit_1858,ligands: fingerprint,0.0
SMILES,MorganBit_1859,ligands: fingerprint,0.00048354897976861274
SMILES,MorganBit_1860,ligands: fingerprint,3.431742932242116e-05
SMILES,MorganBit_1861,ligands: fingerprint,0.0
SMILES,MorganBit_1862,ligands: fingerprint,1.775616965118702e-05
SMILES,MorganBit_1863,ligands: fingerprint,7.536300621533432e-05
SMILES,MorganBit_1864,ligands: fingerprint,0.005950629178732418
SMILES,MorganBit_1865,ligands: fingerprint,0.0
SMILES,MorganBit_1866,ligands: fingerprint,0.015889195579730724
SMILES,MorganBit_1867,ligands: fingerprint,0.00012816401119965132
SMILES,MorganBit_1868,ligands: fingerprint,9.440451740124433e-05
SMILES,MorganBit_1869,ligands: fingerprint,0.0
SMILES,MorganBit_1870,ligands: fingerprint,2.705386772177102e-05
SMILES,MorganBit_1871,ligands: fingerprint,0.0016229079486902373
SMILES,MorganBit_1872,ligands: fingerprint,4.61639105705697e-05
SMILES,MorganBit_1873,ligands: fingerprint,0.01039577668978473
SMILES,MorganBit_1874,ligands: fingerprint,0.0010225574216941528
SMILES,MorganBit_1875,ligands: fingerprint,0.0004932975646004225
SMILES,MorganBit_1876,ligands: fingerprint,0.00011199419682132123
SMILES,MorganBit_1877,ligands: fingerprint,0.0001226729066521288
SMILES,MorganBit_1878,ligands: fingerprint,4.1631209137418824e-05
SMILES,MorganBit_1879,ligands: fingerprint,0.006734034989239699
SMILES,MorganBit_1880,ligands: fingerprint,0.0
SMILES,MorganBit_1881,ligands: fingerprint,0.0
SMILES,MorganBit_1882,ligands: fingerprint,0.0
SMILES,MorganBit_1883,ligands: fingerprint,0.0
SMILES,MorganBit_1884,ligands: fingerprint,0.0
SMILES,MorganBit_1885,ligands: fingerprint,0.0
SMILES,MorganBit_1886,ligands: fingerprint,0.0
SMILES,MorganBit_1887,ligands: fingerprint,0.0005333980543934886
SMILES,MorganBit_1888,ligands: fingerprint,0.0
SMILES,MorganBit_1889,ligands: fingerprint,0.0
SMILES,MorganBit_1890,ligands: fingerprint,0.0
SMILES,MorganBit_1891,ligands: fingerprint,0.0
SMILES,MorganBit_1892,ligands: fingerprint,0.0
SMILES,MorganBit_1893,ligands: fingerprint,0.0
SMILES,MorganBit_1894,ligands: fingerprint,0.0
SMILES,MorganBit_1895,ligands: fingerprint,0.0
SMILES,MorganBit_1896,ligands: fingerprint,0.0
SMILES,MorganBit_1897,ligands: fingerprint,0.0
SMILES,MorganBit_1898,ligands: fingerprint,0.0001628669048140811
SMILES,MorganBit_1899,ligands: fingerprint,0.0
SMILES,MorganBit_1900,ligands: fingerprint,0.0009104241350617017
SMILES,MorganBit_1901,ligands: fingerprint,0.0
SMILES,MorganBit_1902,ligands: fingerprint,0.0
SMILES,MorganBit_1903,ligands: fingerprint,0.0
SMILES,MorganBit_1904,ligands: fingerprint,0.0
SMILES,MorganBit_1905,ligands: fingerprint,0.00021853262861438858
SMILES,MorganBit_1906,ligands: fingerprint,0.0
SMILES,MorganBit_1907,ligands: fingerprint,0.0
SMILES,MorganBit_1908,ligands: fingerprint,0.0
SMILES,MorganBit_1909,ligands: fingerprint,0.0
SMILES,MorganBit_1910,ligands: fingerprint,3.0580599128536966e-05
SMILES,MorganBit_1911,ligands: fingerprint,0.004127378943701276
SMILES,MorganBit_1912,ligands: fingerprint,9.825579018759187e-06
SMILES,MorganBit_1913,ligands: fingerprint,0.0
SMILES,MorganBit_1914,ligands: fingerprint,2.7496426794855766e-05
SMILES,MorganBit_1915,ligands: fingerprint,0.0
SMILES,MorganBit_1916,ligands: fingerprint,0.0
SMILES,MorganBit_1917,ligands: fingerprint,0.005453722389198991
SMILES,MorganBit_1918,ligands: fingerprint,0.0
SMILES,MorganBit_1919,ligands: fingerprint,0.001155029568692021
SMILES,MorganBit_1920,ligands: fingerprint,0.0037960398996131498
SMILES,MorganBit_1921,ligands: fingerprint,0.005803194072233591
SMILES,MorganBit_1922,ligands: fingerprint,1.3913167127744746e-05
SMILES,MorganBit_1923,ligands: fingerprint,0.0
SMILES,MorganBit_1924,ligands: fingerprint,0.0
SMILES,MorganBit_1925,ligands: fingerprint,8.7230143154659e-05
SMILES,MorganBit_1926,ligands: fingerprint,0.0
SMILES,MorganBit_1927,ligands: fingerprint,0.0
SMILES,MorganBit_1928,ligands: fingerprint,0.0017081999423466776
SMILES,MorganBit_1929,ligands: fingerprint,0.0
SMILES,MorganBit_1930,ligands: fingerprint,1.7582619013565655e-05
SMILES,MorganBit_1931,ligands: fingerprint,8.85929027636624e-05
SMILES,MorganBit_1932,ligands: fingerprint,0.0001487206308345355
SMILES,MorganBit_1933,ligands: fingerprint,0.0
SMILES,MorganBit_1934,ligands: fingerprint,0.0001899578264095771
SMILES,MorganBit_1935,ligands: fingerprint,0.0
SMILES,MorganBit_1936,ligands: fingerprint,0.0
SMILES,MorganBit_1937,ligands: fingerprint,0.0
SMILES,MorganBit_1938,ligands: fingerprint,0.0
SMILES,MorganBit_1939,ligands: fingerprint,0.004538124122039541
SMILES,MorganBit_1940,ligands: fingerprint,0.0
SMILES,MorganBit_1941,ligands: fingerprint,0.0
SMILES,MorganBit_1942,ligands: fingerprint,1.682165691831668e-05
SMILES,MorganBit_1943,ligands: fingerprint,0.0
SMILES,MorganBit_1944,ligands: fingerprint,0.0
SMILES,MorganBit_1945,ligands: fingerprint,0.0
SMILES,MorganBit_1946,ligands: fingerprint,0.0
SMILES,MorganBit_1947,ligands: fingerprint,0.0
SMILES,MorganBit_1948,ligands: fingerprint,0.00016309375477757448
SMILES,MorganBit_1949,ligands: fingerprint,0.0
SMILES,MorganBit_1950,ligands: fingerprint,0.004265465869715836
SMILES,MorganBit_1951,ligands: fingerprint,0.002222481678660739
SMILES,MorganBit_1952,ligands: fingerprint,0.000294029737579742
SMILES,MorganBit_1953,ligands: fingerprint,0.0012098964895093157
SMILES,MorganBit_1954,ligands: fingerprint,0.0004506580185212796
SMILES,MorganBit_1955,ligands: fingerprint,0.000299797343662681
SMILES,MorganBit_1956,ligands: fingerprint,0.00019512080961439093
SMILES,MorganBit_1957,ligands: fingerprint,0.0
SMILES,MorganBit_1958,ligands: fingerprint,0.0
SMILES,MorganBit_1959,ligands: fingerprint,0.0
SMILES,MorganBit_1960,ligands: fingerprint,0.0
SMILES,MorganBit_1961,ligands: fingerprint,0.0
SMILES,MorganBit_1962,ligands: fingerprint,0.0
SMILES,MorganBit_1963,ligands: fingerprint,0.00036819512338194364
SMILES,MorganBit_1964,ligands: fingerprint,0.0007085216443556417
SMILES,MorganBit_1965,ligands: fingerprint,0.0
SMILES,MorganBit_1966,ligands: fingerprint,0.0
SMILES,MorganBit_1967,ligands: fingerprint,0.0
SMILES,MorganBit_1968,ligands: fingerprint,0.0
SMILES,MorganBit_1969,ligands: fingerprint,0.0
SMILES,MorganBit_1970,ligands: fingerprint,0.0015892797614367998
SMILES,MorganBit_1971,ligands: fingerprint,0.0012993352003355565
SMILES,MorganBit_1972,ligands: fingerprint,0.00012674808938470215
SMILES,MorganBit_1973,ligands: fingerprint,0.00014578461753165308
SMILES,MorganBit_1974,ligands: fingerprint,0.00025821332556695683
SMILES,MorganBit_1975,ligands: fingerprint,0.0
SMILES,MorganBit_1976,ligands: fingerprint,0.0
SMILES,MorganBit_1977,ligands: fingerprint,2.3119729957850987e-05
SMILES,MorganBit_1978,ligands: fingerprint,0.0001580674242016874
SMILES,MorganBit_1979,ligands: fingerprint,0.0
SMILES,MorganBit_1980,ligands: fingerprint,0.0
SMILES,MorganBit_1981,ligands: fingerprint,0.0010638339981149806
SMILES,MorganBit_1982,ligands: fingerprint,0.0
SMILES,MorganBit_1983,ligands: fingerprint,0.0
SMILES,MorganBit_1984,ligands: fingerprint,0.0004401895591039327
SMILES,MorganBit_1985,ligands: fingerprint,0.002460355948484109
SMILES,MorganBit_1986,ligands: fingerprint,0.0
SMILES,MorganBit_1987,ligands: fingerprint,0.0
SMILES,MorganBit_1988,ligands: fingerprint,0.0
SMILES,MorganBit_1989,ligands: fingerprint,0.0
SMILES,MorganBit_1990,ligands: fingerprint,0.0010354686198189391
SMILES,MorganBit_1991,ligands: fingerprint,0.00020696899645405208
SMILES,MorganBit_1992,ligands: fingerprint,0.00022846068339509707
SMILES,MorganBit_1993,ligands: fingerprint,0.0
SMILES,MorganBit_1994,ligands: fingerprint,0.0023560626113750325
SMILES,MorganBit_1995,ligands: fingerprint,0.000254204988005811
SMILES,MorganBit_1996,ligands: fingerprint,0.0
SMILES,MorganBit_1997,ligands: fingerprint,0.0
SMILES,MorganBit_1998,ligands: fingerprint,0.002422874382504108
SMILES,MorganBit_1999,ligands: fingerprint,0.000687586500591257
SMILES,MorganBit_2000,ligands: fingerprint,0.0
SMILES,MorganBit_2001,ligands: fingerprint,0.0037428528072880273
SMILES,MorganBit_2002,ligands: fingerprint,0.0
SMILES,MorganBit_2003,ligands: fingerprint,0.0
SMILES,MorganBit_2004,ligands: fingerprint,0.000394910720210913
SMILES,MorganBit_2005,ligands: fingerprint,0.0
SMILES,MorganBit_2006,ligands: fingerprint,0.0
SMILES,MorganBit_2007,ligands: fingerprint,4.55599994910456e-05
SMILES,MorganBit_2008,ligands: fingerprint,0.0026471701081538512
SMILES,MorganBit_2009,ligands: fingerprint,6.948530856668565e-05
SMILES,MorganBit_2010,ligands: fingerprint,0.0
SMILES,MorganBit_2011,ligands: fingerprint,0.0003315845259461533
SMILES,MorganBit_2012,ligands: fingerprint,0.0
SMILES,MorganBit_2013,ligands: fingerprint,0.0
SMILES,MorganBit_2014,ligands: fingerprint,0.0
SMILES,MorganBit_2015,ligands: fingerprint,0.0
SMILES,MorganBit_2016,ligands: fingerprint,0.0
SMILES,MorganBit_2017,ligands: fingerprint,0.0
SMILES,MorganBit_2018,ligands: fingerprint,0.0007842533654359637
SMILES,MorganBit_2019,ligands: fingerprint,6.953591475744553e-06
SMILES,MorganBit_2020,ligands: fingerprint,0.0006840527049631579
SMILES,MorganBit_2021,ligands: fingerprint,0.0013190227507174385
SMILES,MorganBit_2022,ligands: fingerprint,0.0
SMILES,MorganBit_2023,ligands: fingerprint,0.0
SMILES,MorganBit_2024,ligands: fingerprint,0.0
SMILES,MorganBit_2025,ligands: fingerprint,0.0
SMILES,MorganBit_2026,ligands: fingerprint,0.0
SMILES,MorganBit_2027,ligands: fingerprint,0.0
SMILES,MorganBit_2028,ligands: fingerprint,9.576376209785753e-06
SMILES,MorganBit_2029,ligands: fingerprint,2.4401640354676076e-05
SMILES,MorganBit_2030,ligands: fingerprint,0.0
SMILES,MorganBit_2031,ligands: fingerprint,5.815948327068216e-06
SMILES,MorganBit_2032,ligands: fingerprint,8.117976689676219e-05
SMILES,MorganBit_2033,ligands: fingerprint,0.0005364372508338162
SMILES,MorganBit_2034,ligands: fingerprint,0.0032409709874664525
SMILES,MorganBit_2035,ligands: fingerprint,0.0
SMILES,MorganBit_2036,ligands: fingerprint,5.079528216163157e-05
SMILES,MorganBit_2037,ligands: fingerprint,0.0
SMILES,MorganBit_2038,ligands: fingerprint,0.0
SMILES,MorganBit_2039,ligands: fingerprint,0.0
SMILES,MorganBit_2040,ligands: fingerprint,0.0
SMILES,MorganBit_2041,ligands: fingerprint,0.0014403077169799488
SMILES,MorganBit_2042,ligands: fingerprint,0.0
SMILES,MorganBit_2043,ligands: fingerprint,0.0
SMILES,MorganBit_2044,ligands: fingerprint,0.0002443096064238321
SMILES,MorganBit_2045,ligands: fingerprint,0.0
SMILES,MorganBit_2046,ligands: fingerprint,0.0
SMILES,MorganBit_2047,ligands: fingerprint,0.0
SMILES,buffer_class_group,conditions,0.024727836115080074
SMILES,complex_charge_numeric,ion pair,0.07530070452335416
SMILES,coordination_number_mean,coordination,0.0055204516112813354
SMILES,cosolvent_present,conditions,0.004362659912736209
SMILES,counterion_MW,ion pair,0.023246123649714918
SMILES,counterion_MolLogP,ion pair,0.027331626476977088
SMILES,counterion_TPSA,ion pair,0.007301806083715298
SMILES,counterion_abs_charge_sum,ion pair,0.02632891021767808
SMILES,counterion_count_C,ion pair,0.004022731220602815
SMILES,counterion_count_Cl,ion pair,0.0029890259451255353
SMILES,counterion_count_F,ion pair,0.0016332207637309228
SMILES,counterion_count_N,ion pair,0.00825837100825195
SMILES,counterion_count_P,ion pair,0.0003525154273238787
SMILES,counterion_count_S,ion pair,0.0018952535936943703
SMILES,counterion_n_fragments,ion pair,0.10727649076392312
SMILES,donor_bonds_C,coordination,0.02268715569955658
SMILES,donor_bonds_Cl,coordination,0.01270938969769565
SMILES,donor_bonds_N,coordination,0.015114479950088845
SMILES,donor_bonds_O,coordination,0.008978761552494541
SMILES,donor_bonds_P,coordination,0.0007762460040073344
SMILES,donor_bonds_S,coordination,0.012244680838411615
SMILES,donor_bonds_other,coordination,0.00336561352345706
SMILES,halide_conc_mM_value,conditions,0.06086711758730311
SMILES,halide_conc_present,conditions,0.00015145730372474378
SMILES,halide_type_group,conditions,0.0076003648433063484
SMILES,heterometallic,metal,0.0011794585107256538
SMILES,metal_d_electrons_mean,metal,0.0030970252786995073
SMILES,metal_group_mean,metal,0.021628497599016076
SMILES,metal_oxidation_state_mean,metal,0.027791780407203443
SMILES,metal_period_mean,metal,0.04528634026530699
SMILES,n_bridging_donor_atoms,coordination,0.0002520416682056391
SMILES,n_metal_centers,metal,0.003055910027660806
SMILES,n_metal_metal_bonds,coordination,0.0
SMILES,rdkit_BertzCT,ligands: descriptors,0.014009060200292103
SMILES,rdkit_FractionCSP3,ligands: descriptors,0.024892561676379765
SMILES,rdkit_MaxEStateIndex,ligands: descriptors,0.03814155950938069
SMILES,rdkit_MinEStateIndex,ligands: descriptors,0.060753989036346434
SMILES,rdkit_MolLogP,ligands: descriptors,0.24226895265677323
SMILES,rdkit_MolWt,ligands: descriptors,0.06315149635937937
SMILES,rdkit_NumAromaticRings,ligands: descriptors,0.006922631253473932
SMILES,rdkit_NumHAcceptors,ligands: descriptors,0.008289548511742737
SMILES,rdkit_NumHDonors,ligands: descriptors,0.01809474546297079
SMILES,rdkit_NumHeteroatoms,ligands: descriptors,0.014116711258593151
SMILES,rdkit_NumRotatableBonds,ligands: descriptors,0.01849425577565938
SMILES,rdkit_RingCount,ligands: descriptors,0.015187475175246865
SMILES,rdkit_TPSA,ligands: descriptors,0.028262160052465252
SMILES,rdkit_fr_Ar_NH,ligands: descriptors,0.008696602769172657
SMILES,rdkit_fr_COO,ligands: descriptors,0.02038299025295432
SMILES,rdkit_fr_amide,ligands: descriptors,0.007468670672743673
SMILES,rdkit_fr_benzene,ligands: descriptors,0.15558238606945277
SMILES,rdkit_fr_ether,ligands: descriptors,0.0020117904380676814
SMILES,rdkit_fr_pyridine,ligands: descriptors,0.017755056901582425
