row_id,split,max_sim,doi_in_train,absolute_error,sim_bin
MLDB-000005,SMILES,1.0,True,0.0298614042514342,≥0.9
MLDB-000020,SMILES,0.763265306122449,True,0.5499387382202017,0.7–0.9
MLDB-000025,SMILES,0.6717557251908397,True,0.2981734790721158,0.5–0.7
MLDB-000041,SMILES,0.6774193548387096,True,0.4707160983881371,0.5–0.7
MLDB-000090,SMILES,0.9178082191780822,True,0.3619949608657641,≥0.9
MLDB-000097,SMILES,0.8734177215189873,True,0.0232162958276057,0.7–0.9
MLDB-000102,SMILES,0.7040816326530612,True,1.846009637915757,0.7–0.9
MLDB-000123,SMILES,0.7712418300653595,True,0.9808716779598136,0.7–0.9
MLDB-000129,SMILES,0.7272727272727273,True,0.0880912574179743,0.7–0.9
MLDB-000138,SMILES,0.4959349593495935,True,0.6184656329936353,0.3–0.5
MLDB-000147,SMILES,0.7705882352941177,True,0.0245188374498166,0.7–0.9
MLDB-000153,SMILES,0.6815286624203821,True,0.3855574583796848,0.5–0.7
MLDB-000165,SMILES,0.6815286624203821,True,0.93518839342273,0.5–0.7
MLDB-000175,SMILES,0.7441860465116279,True,0.52347685408083,0.7–0.9
MLDB-000211,SMILES,0.9351851851851852,True,0.892596763881744,≥0.9
MLDB-000251,SMILES,0.8,True,0.4798059104065988,0.7–0.9
MLDB-000259,SMILES,0.6686390532544378,True,0.1719462935371312,0.5–0.7
MLDB-000262,SMILES,0.695364238410596,True,0.2047955025430876,0.5–0.7
MLDB-000264,SMILES,0.7518248175182481,True,0.3495843556928723,0.7–0.9
MLDB-000265,SMILES,0.7379310344827587,True,0.4703696263255095,0.7–0.9
MLDB-000273,SMILES,0.7777777777777778,True,0.1789371692732305,0.7–0.9
MLDB-000278,SMILES,0.7315436241610739,True,0.4025980589323632,0.7–0.9
MLDB-000325,SMILES,0.49206349206349204,True,0.8647594715055983,0.3–0.5
MLDB-000333,SMILES,0.6206896551724138,True,0.1875696101383329,0.5–0.7
MLDB-000352,SMILES,0.851063829787234,True,0.2253022362405963,0.7–0.9
MLDB-000364,SMILES,0.9121951219512195,True,0.3412145369462458,≥0.9
MLDB-000370,SMILES,0.7268292682926829,True,1.6567976463828888,0.7–0.9
MLDB-000378,SMILES,0.8354430379746836,True,0.683552617688914,0.7–0.9
MLDB-000390,SMILES,0.3157894736842105,False,1.272356624548054,0.3–0.5
MLDB-000406,SMILES,0.8333333333333334,True,0.3246203092192663,0.7–0.9
MLDB-000409,SMILES,0.6060606060606061,True,0.5267346129950173,0.5–0.7
MLDB-000411,SMILES,0.7230769230769231,False,0.0423648738014054,0.7–0.9
MLDB-000418,SMILES,0.6830985915492958,True,0.5045946023262114,0.5–0.7
MLDB-000433,SMILES,0.9782608695652174,True,0.964193654242672,≥0.9
MLDB-000437,SMILES,0.8445945945945946,True,0.2049286228799438,0.7–0.9
MLDB-000446,SMILES,0.723404255319149,True,0.5774165839638835,0.7–0.9
MLDB-000461,SMILES,0.5714285714285714,True,0.7907162992961799,0.5–0.7
MLDB-000500,SMILES,0.5283018867924528,True,0.647364721458157,0.5–0.7
MLDB-000502,SMILES,0.7912087912087912,True,0.1067695660109681,0.7–0.9
MLDB-000518,SMILES,0.8467741935483871,True,0.1956312820712584,0.7–0.9
MLDB-000537,SMILES,0.7476635514018691,True,0.0247974323618255,0.7–0.9
MLDB-000543,SMILES,0.8770949720670391,True,0.3438022175715689,0.7–0.9
MLDB-000546,SMILES,0.7469879518072289,True,0.7178215993560735,0.7–0.9
MLDB-000548,SMILES,0.8157894736842105,True,0.2110498252842481,0.7–0.9
MLDB-000565,SMILES,0.6666666666666666,True,0.6358712406594587,0.5–0.7
MLDB-000568,SMILES,0.7604166666666666,True,0.9989442475973722,0.7–0.9
MLDB-000604,SMILES,0.7402597402597403,True,0.5458515823921201,0.7–0.9
MLDB-000607,SMILES,0.8051948051948052,True,0.0540131889157111,0.7–0.9
MLDB-000608,SMILES,0.7674418604651163,True,0.2489374564851629,0.7–0.9
MLDB-000641,SMILES,0.7853107344632768,True,1.0193445116230475,0.7–0.9
MLDB-000649,SMILES,0.9386503067484663,True,0.0926625868879756,≥0.9
MLDB-000683,SMILES,0.9147727272727273,True,0.4720228684187335,≥0.9
MLDB-000692,SMILES,1.0,True,0.0149594309357868,≥0.9
MLDB-000713,SMILES,0.7465753424657534,True,0.14221040955253,0.7–0.9
MLDB-000718,SMILES,0.8020833333333334,True,0.4597269247584686,0.7–0.9
MLDB-000721,SMILES,0.7415730337078652,True,0.3995770228411193,0.7–0.9
MLDB-000731,SMILES,0.9139072847682119,True,0.3422237412532487,≥0.9
MLDB-000741,SMILES,0.8778280542986425,True,0.1817272637051104,0.7–0.9
MLDB-000750,SMILES,0.8778280542986425,True,1.3359589683784536,0.7–0.9
MLDB-000782,SMILES,0.7716049382716049,True,0.1155630130988079,0.7–0.9
MLDB-000784,SMILES,0.7430555555555556,True,0.1782998220353633,0.7–0.9
MLDB-000807,SMILES,0.7894736842105263,True,0.9565591796780546,0.7–0.9
MLDB-000819,SMILES,1.0,True,0.4199435092514397,≥0.9
MLDB-000820,SMILES,1.0,True,0.2480773362406154,≥0.9
MLDB-000825,SMILES,0.765625,True,0.4421474285286546,0.7–0.9
MLDB-000831,SMILES,0.7916666666666666,True,0.197210475562354,0.7–0.9
MLDB-000834,SMILES,0.6991869918699187,True,0.4436575019313131,0.5–0.7
MLDB-000855,SMILES,0.8,True,0.4940193489668124,0.7–0.9
MLDB-000858,SMILES,0.8294573643410853,True,0.008466720325086,0.7–0.9
MLDB-000862,SMILES,0.7368421052631579,True,0.2713240123146428,0.7–0.9
MLDB-000867,SMILES,0.5483870967741935,True,1.8662359486886309,0.5–0.7
MLDB-000881,SMILES,0.8648648648648649,True,0.0024639429915451,0.7–0.9
MLDB-000886,SMILES,0.8992805755395683,True,0.3621947945131029,0.7–0.9
MLDB-000887,SMILES,0.7752808988764045,True,1.240763452230611,0.7–0.9
MLDB-000894,SMILES,0.7916666666666666,True,0.3795416076801119,0.7–0.9
MLDB-000904,SMILES,0.6744186046511628,True,1.085991274089842,0.5–0.7
MLDB-000909,SMILES,0.8762886597938144,True,0.242318595094549,0.7–0.9
MLDB-000913,SMILES,0.7849462365591398,True,0.0579993559630029,0.7–0.9
MLDB-000916,SMILES,0.7849462365591398,True,0.0189323916624557,0.7–0.9
MLDB-000938,SMILES,0.8611111111111112,True,0.0345283604908774,0.7–0.9
MLDB-000940,SMILES,0.9333333333333333,True,0.2033656999150382,≥0.9
MLDB-000960,SMILES,0.7971014492753623,True,0.1411067935507219,0.7–0.9
MLDB-000966,SMILES,0.7987421383647799,True,1.8389205869761425,0.7–0.9
MLDB-000983,SMILES,0.7674418604651163,True,0.7004296933580256,0.7–0.9
MLDB-000986,SMILES,0.8504672897196262,True,0.2989169138225029,0.7–0.9
MLDB-000988,SMILES,0.6909090909090909,True,0.1330268186886422,0.5–0.7
MLDB-000993,SMILES,0.6521739130434783,False,0.1659623675106094,0.5–0.7
MLDB-001003,SMILES,0.859375,True,0.966309163417924,0.7–0.9
MLDB-001005,SMILES,0.7077922077922078,True,0.7730755604572428,0.7–0.9
MLDB-001021,SMILES,0.8533333333333334,True,0.0232271817965539,0.7–0.9
MLDB-001025,SMILES,0.6746987951807228,True,0.3383582092664264,0.5–0.7
MLDB-001036,SMILES,0.975609756097561,True,0.2923364509991182,≥0.9
MLDB-001042,SMILES,0.7615384615384615,True,0.5364838752450516,0.7–0.9
MLDB-001049,SMILES,0.6764705882352942,True,1.1352954339306836,0.5–0.7
MLDB-001059,SMILES,0.9072847682119205,True,0.4106894689960703,≥0.9
MLDB-001063,SMILES,0.9090909090909091,True,0.2010839589732489,≥0.9
MLDB-001074,SMILES,0.7052631578947368,True,0.7292009975839574,0.7–0.9
MLDB-001081,SMILES,0.7049180327868853,True,0.6772089942726593,0.7–0.9
MLDB-001104,SMILES,0.6666666666666666,True,0.5507970372993742,0.5–0.7
MLDB-001120,SMILES,0.8095238095238095,True,0.1361299213238065,0.7–0.9
MLDB-001123,SMILES,0.8314606741573034,True,0.5495471649480947,0.7–0.9
MLDB-001135,SMILES,0.8504672897196262,True,0.238916913822503,0.7–0.9
MLDB-001138,SMILES,0.8863636363636364,True,0.2884193338266687,0.7–0.9
MLDB-001171,SMILES,0.7288135593220338,True,0.7307842953101684,0.7–0.9
MLDB-001172,SMILES,0.7096774193548387,True,0.0771357861615106,0.7–0.9
MLDB-001196,SMILES,0.9053254437869822,True,0.3254500521127243,≥0.9
MLDB-001202,SMILES,0.7021276595744681,True,1.1108574949192611,0.7–0.9
MLDB-001211,SMILES,0.7659574468085106,True,0.9750964117702146,0.7–0.9
MLDB-001222,SMILES,0.9178082191780822,True,0.0745001332636836,≥0.9
MLDB-001237,SMILES,0.5081967213114754,True,0.4416516815259688,0.5–0.7
MLDB-001238,SMILES,0.6825396825396826,True,0.2096148508275832,0.5–0.7
MLDB-001246,SMILES,0.7829457364341085,True,0.6782335126111037,0.7–0.9
MLDB-001254,SMILES,0.7288135593220338,True,0.1105841476164879,0.7–0.9
MLDB-001255,SMILES,0.6666666666666666,True,0.4858712406594587,0.5–0.7
MLDB-001268,SMILES,0.8561151079136691,True,1.2300128334623124,0.7–0.9
MLDB-001270,SMILES,0.8732394366197183,True,0.4079133769099163,0.7–0.9
MLDB-001276,SMILES,0.8469387755102041,True,0.3483966603190676,0.7–0.9
MLDB-001279,SMILES,0.8791946308724832,True,1.185857647060102,0.7–0.9
MLDB-001282,SMILES,0.8141592920353983,True,0.2075730989594063,0.7–0.9
MLDB-001304,SMILES,0.7351598173515982,True,0.6022100964768424,0.7–0.9
MLDB-001320,SMILES,0.7947368421052632,True,0.5905548217012926,0.7–0.9
MLDB-001330,SMILES,0.7111111111111111,True,0.3653903595976158,0.7–0.9
MLDB-001335,SMILES,0.8604651162790697,True,0.5634317272908186,0.7–0.9
MLDB-001353,SMILES,0.5909090909090909,True,0.5733114649010582,0.5–0.7
MLDB-001360,SMILES,0.8034188034188035,True,0.6727935814616247,0.7–0.9
MLDB-001362,SMILES,0.7913043478260869,True,0.2502845634256218,0.7–0.9
MLDB-001363,SMILES,0.7735849056603774,True,1.3348110457848128,0.7–0.9
MLDB-001369,SMILES,0.577639751552795,True,0.2036395698447142,0.5–0.7
MLDB-001370,SMILES,0.6885245901639344,True,0.5969097924394937,0.5–0.7
MLDB-001393,SMILES,0.8943089430894309,True,0.1314613903967855,0.7–0.9
MLDB-001421,SMILES,0.5806451612903226,True,0.0682521895662402,0.5–0.7
MLDB-001424,SMILES,0.695364238410596,True,0.2447955025430874,0.5–0.7
MLDB-001429,SMILES,0.9562043795620438,True,0.2479327670047124,≥0.9
MLDB-001432,SMILES,0.49122807017543857,True,1.882511850087652,0.3–0.5
MLDB-001434,SMILES,0.689873417721519,True,0.2698376951234679,0.5–0.7
MLDB-001436,SMILES,0.7041420118343196,True,0.1846743356089225,0.7–0.9
MLDB-001443,SMILES,1.0,True,0.4062466155512196,≥0.9
MLDB-001455,SMILES,0.8445945945945946,True,0.5984904430180923,0.7–0.9
MLDB-001459,SMILES,0.8287292817679558,True,0.059889572810806,0.7–0.9
MLDB-001475,SMILES,0.7727272727272727,True,0.1706561706172424,0.7–0.9
MLDB-001479,SMILES,1.0,True,0.1359758096932126,≥0.9
MLDB-001483,SMILES,1.0,True,0.9314567640537376,≥0.9
MLDB-001489,SMILES,0.7727272727272727,True,0.155422657293943,0.7–0.9
MLDB-001492,SMILES,0.723404255319149,True,1.3258467744776852,0.7–0.9
MLDB-001526,SMILES,0.8658536585365854,True,0.8542161858559629,0.7–0.9
MLDB-001540,SMILES,0.8316326530612245,True,1.760681923196988,0.7–0.9
MLDB-001549,SMILES,1.0,True,0.2328663138225875,≥0.9
MLDB-001561,SMILES,0.4166666666666667,True,1.2924171205773538,0.3–0.5
MLDB-001566,SMILES,0.5111111111111111,True,0.4996333401515953,0.5–0.7
MLDB-001569,SMILES,0.6666666666666666,True,0.5964764315635727,0.5–0.7
MLDB-001575,SMILES,0.6666666666666666,True,0.4964764315635726,0.5–0.7
MLDB-001595,SMILES,0.6666666666666666,True,0.6758712406594587,0.5–0.7
MLDB-001601,SMILES,0.7471264367816092,True,0.1255703563726864,0.7–0.9
MLDB-001602,SMILES,0.7634408602150538,True,0.4932745688290726,0.7–0.9
MLDB-001606,SMILES,0.7727272727272727,True,0.8749642753626403,0.7–0.9
MLDB-001611,SMILES,0.5128205128205128,True,0.3248841920326799,0.5–0.7
MLDB-001619,SMILES,0.5808823529411765,True,0.3502119261889624,0.5–0.7
MLDB-001627,SMILES,0.6666666666666666,True,0.1035235684364275,0.5–0.7
MLDB-001638,SMILES,0.9142857142857143,True,0.1600105634456518,≥0.9
MLDB-001643,SMILES,0.875,True,0.0220867318453416,0.7–0.9
MLDB-001644,SMILES,0.9047619047619048,True,0.049856753841444,≥0.9
MLDB-001649,SMILES,0.5777777777777777,True,0.3771289264140287,0.5–0.7
MLDB-001708,SMILES,0.9622641509433962,True,0.3285269315161785,≥0.9
MLDB-001713,SMILES,0.7789473684210526,True,0.1300696655487033,0.7–0.9
MLDB-001735,SMILES,0.7894736842105263,True,1.098285804248988,0.7–0.9
MLDB-001737,SMILES,0.7346938775510204,True,0.5882051763040351,0.7–0.9
MLDB-001766,SMILES,0.8433734939759037,True,0.4100444110038197,0.7–0.9
MLDB-001767,SMILES,0.8433734939759037,True,0.3271764737333456,0.7–0.9
MLDB-001778,SMILES,0.9072164948453608,True,0.7431834160664305,≥0.9
MLDB-001787,SMILES,0.9090909090909091,True,0.2023925013521352,≥0.9
MLDB-001795,SMILES,0.6666666666666666,True,0.5964764315635727,0.5–0.7
MLDB-001810,SMILES,0.8,True,0.3588344457301218,0.7–0.9
MLDB-001829,SMILES,0.8363636363636363,True,0.5130275492815075,0.7–0.9
MLDB-001830,SMILES,0.8475609756097561,True,0.3555638346521179,0.7–0.9
MLDB-001838,SMILES,0.4888888888888889,True,0.8138466138042134,0.3–0.5
MLDB-001845,SMILES,0.6666666666666666,True,0.254181650392143,0.5–0.7
MLDB-001848,SMILES,0.8695652173913043,True,0.3782000739371118,0.7–0.9
MLDB-001854,SMILES,0.898876404494382,True,0.7404277631747592,0.7–0.9
MLDB-001882,SMILES,0.6666666666666666,True,0.4741816503921432,0.5–0.7
MLDB-001888,SMILES,1.0,True,0.191509898323579,≥0.9
MLDB-001892,SMILES,0.6666666666666666,True,0.7358712406594587,0.5–0.7
MLDB-001893,SMILES,0.4411764705882353,True,1.090344952883206,0.3–0.5
MLDB-001901,SMILES,0.6666666666666666,True,0.3364764315635724,0.5–0.7
MLDB-001902,SMILES,0.6666666666666666,True,0.504181650392143,0.5–0.7
MLDB-001923,SMILES,0.6666666666666666,True,0.504181650392143,0.5–0.7
MLDB-001954,SMILES,0.9459459459459459,True,0.4243948242041218,≥0.9
MLDB-001955,SMILES,0.9285714285714286,True,0.5827304480583106,≥0.9
MLDB-001961,SMILES,0.6666666666666666,True,0.8058712406594586,0.5–0.7
MLDB-001962,SMILES,0.8307692307692308,True,0.7027852441316503,0.7–0.9
MLDB-001965,SMILES,0.4620253164556962,False,1.1687241585102652,0.3–0.5
MLDB-001974,SMILES,0.6666666666666666,True,0.0158183496078567,0.5–0.7
MLDB-001977,SMILES,0.8461538461538461,True,0.8061240627478602,0.7–0.9
MLDB-001980,SMILES,0.8461538461538461,True,1.53387593725214,0.7–0.9
MLDB-001981,SMILES,0.6666666666666666,True,0.7058712406594589,0.5–0.7
MLDB-001999,SMILES,0.6666666666666666,True,0.274181650392143,0.5–0.7
MLDB-002022,SMILES,0.8363636363636363,True,0.2895824899535142,0.7–0.9
MLDB-002023,SMILES,0.8208955223880597,True,0.4235329327604113,0.7–0.9
MLDB-002029,SMILES,0.8333333333333334,True,0.6678513469618358,0.7–0.9
MLDB-002036,SMILES,0.7725118483412322,True,0.554064923667421,0.7–0.9
MLDB-002038,SMILES,0.8823529411764706,True,0.1962386339416009,0.7–0.9
MLDB-002040,SMILES,0.8947368421052632,True,0.3452878075888539,0.7–0.9
MLDB-002052,SMILES,0.6346153846153846,True,1.6024440635039916,0.5–0.7
MLDB-002056,SMILES,0.75,True,0.231156051179237,0.7–0.9
MLDB-002058,SMILES,0.6666666666666666,True,0.4678319609024155,0.5–0.7
MLDB-002062,SMILES,0.6666666666666666,True,0.5442795552779921,0.5–0.7
MLDB-002070,SMILES,0.6666666666666666,True,0.8258712406594586,0.5–0.7
MLDB-002082,SMILES,0.9847328244274809,True,0.2212489419997598,≥0.9
MLDB-002089,SMILES,0.6666666666666666,True,0.7858712406594586,0.5–0.7
MLDB-002096,SMILES,0.7049180327868853,False,0.7960602217307697,0.7–0.9
MLDB-002097,SMILES,0.5818181818181818,False,0.8975491173747121,0.5–0.7
MLDB-002149,SMILES,0.7307692307692307,True,0.0092382989579335,0.7–0.9
MLDB-002150,SMILES,0.7049180327868853,True,0.3932934836547708,0.7–0.9
MLDB-002151,SMILES,0.6666666666666666,True,0.5107970372993742,0.5–0.7
MLDB-002154,SMILES,0.6567164179104478,True,0.9104281844918968,0.5–0.7
MLDB-002155,SMILES,0.6666666666666666,True,0.5589347650516936,0.5–0.7
MLDB-002159,SMILES,0.6666666666666666,True,0.524181650392143,0.5–0.7
MLDB-002170,SMILES,0.6804123711340206,True,0.3088168443306961,0.5–0.7
MLDB-002171,SMILES,0.6666666666666666,True,0.754181650392143,0.5–0.7
MLDB-002195,SMILES,0.9142857142857143,True,0.2837155554110488,≥0.9
MLDB-002198,SMILES,0.8244274809160306,True,1.5095547851448603,0.7–0.9
MLDB-002222,SMILES,0.6666666666666666,False,0.4507970372993741,0.5–0.7
MLDB-002223,SMILES,0.9818181818181818,False,0.0810605670997947,≥0.9
MLDB-002228,SMILES,0.9830508474576272,True,0.0470073459758382,≥0.9
MLDB-002233,SMILES,0.7746478873239436,True,0.1219273776362159,0.7–0.9
MLDB-002237,SMILES,0.6666666666666666,True,0.4907970372993742,0.5–0.7
MLDB-002244,SMILES,0.7509727626459144,True,0.3791081349290524,0.7–0.9
MLDB-002246,SMILES,0.7373737373737373,True,0.8271417824304619,0.7–0.9
MLDB-002249,SMILES,0.8,True,0.0627059317449768,0.7–0.9
MLDB-002257,SMILES,0.775,True,0.3824794449575137,0.7–0.9
MLDB-002264,SMILES,0.8085106382978723,True,0.3853778064601777,0.7–0.9
MLDB-002267,SMILES,0.6666666666666666,True,0.2075235684364273,0.5–0.7
MLDB-002270,SMILES,0.8333333333333334,True,0.3434758556406402,0.7–0.9
MLDB-002277,SMILES,0.9044117647058824,True,1.5417173285736514,≥0.9
MLDB-002286,SMILES,0.7349397590361446,True,0.1160794812540139,0.7–0.9
MLDB-002287,SMILES,0.6666666666666666,True,0.4241816503921434,0.5–0.7
MLDB-002291,SMILES,0.8695652173913043,True,0.4082000739371118,0.7–0.9
MLDB-002297,SMILES,0.6666666666666666,True,0.3964764315635725,0.5–0.7
MLDB-002303,SMILES,0.825,True,1.082027887249427,0.7–0.9
MLDB-002304,SMILES,0.8867924528301887,True,0.1600493742959921,0.7–0.9
MLDB-002306,SMILES,0.6666666666666666,True,0.5535235684364275,0.5–0.7
MLDB-002319,SMILES,0.6666666666666666,True,0.5858712406594588,0.5–0.7
MLDB-002328,SMILES,0.4444444444444444,False,0.0276894561605649,0.3–0.5
MLDB-002329,SMILES,0.4444444444444444,False,0.2023105438394348,0.3–0.5
MLDB-002377,SMILES,0.7857142857142857,True,0.1625229810987243,0.7–0.9
MLDB-002384,SMILES,0.2840909090909091,True,0.5936227182541062,<0.3
MLDB-002397,SMILES,0.7751937984496124,True,0.8259677441747076,0.7–0.9
MLDB-002401,SMILES,0.5462962962962963,True,0.2057826305501187,0.5–0.7
MLDB-002412,SMILES,0.43283582089552236,True,0.212925713780734,0.3–0.5
MLDB-002415,SMILES,0.6714285714285714,False,0.3991086774965635,0.5–0.7
MLDB-002431,SMILES,0.8320610687022901,True,0.2110544278652526,0.7–0.9
MLDB-002449,SMILES,1.0,True,0.2215877801728487,≥0.9
MLDB-002457,SMILES,1.0,True,2.2634149011797167,≥0.9
MLDB-002481,SMILES,0.7180616740088106,True,0.407714650300827,0.7–0.9
MLDB-002489,SMILES,0.9894736842105263,True,0.0650416288390611,≥0.9
MLDB-002524,SMILES,0.7796610169491526,True,0.1136205470215767,0.7–0.9
MLDB-002527,SMILES,0.7411764705882353,True,0.7832199419415801,0.7–0.9
MLDB-002535,SMILES,0.9905660377358491,True,0.7446201321287866,≥0.9
MLDB-002538,SMILES,0.5020746887966805,False,1.3359282923893248,0.5–0.7
MLDB-002539,SMILES,1.0,True,0.4349439133795577,≥0.9
MLDB-002543,SMILES,0.3412698412698413,False,0.6205756285724207,0.3–0.5
MLDB-002563,SMILES,0.6086956521739131,True,0.4796170811291245,0.5–0.7
MLDB-002576,SMILES,0.9482758620689655,True,0.1387559150593551,≥0.9
MLDB-002579,SMILES,0.5,True,0.5839517745611446,0.5–0.7
MLDB-002587,SMILES,0.9852941176470589,True,0.2777122849441846,≥0.9
MLDB-002601,SMILES,0.6666666666666666,True,0.5767714290363879,0.5–0.7
MLDB-002616,SMILES,0.8539325842696629,True,0.2664582646361429,0.7–0.9
MLDB-002624,SMILES,0.9402985074626866,True,1.2424171134799988,≥0.9
MLDB-002632,SMILES,0.9117647058823529,True,0.049427806262507,≥0.9
MLDB-002636,SMILES,0.5342465753424658,True,0.0799578785528769,0.5–0.7
MLDB-002638,SMILES,0.5342465753424658,True,0.1834868320927596,0.5–0.7
MLDB-002650,SMILES,0.6384976525821596,True,1.578193825970698,0.5–0.7
MLDB-002655,SMILES,0.6384976525821596,True,1.442730811087338,0.5–0.7
MLDB-002660,SMILES,0.7897727272727273,True,0.0859847506808388,0.7–0.9
MLDB-002670,SMILES,0.6666666666666666,True,0.9258712406594588,0.5–0.7
MLDB-002673,SMILES,0.9243697478991597,True,0.7394779480958155,≥0.9
MLDB-002697,SMILES,0.8776595744680851,True,0.4797160898391132,0.7–0.9
MLDB-002715,SMILES,0.8484848484848485,True,0.909687580048368,0.7–0.9
MLDB-002716,SMILES,0.8,True,1.3687099855069982,0.7–0.9
MLDB-002722,SMILES,0.5353535353535354,True,1.3596667714121868,0.5–0.7
MLDB-002728,SMILES,0.9655172413793104,True,0.0752648074477494,≥0.9
MLDB-002733,SMILES,0.8604651162790697,True,0.079672685554015,0.7–0.9
MLDB-002737,SMILES,0.3076923076923077,True,0.2133476714923448,0.3–0.5
MLDB-002738,SMILES,0.22448979591836735,True,0.6883385333811972,<0.3
MLDB-002748,SMILES,0.8309859154929577,True,0.2486012371408918,0.7–0.9
MLDB-002763,SMILES,0.5254237288135594,True,1.2241740605239722,0.5–0.7
MLDB-002769,SMILES,0.9423076923076923,True,0.1545549926913897,≥0.9
MLDB-002776,SMILES,0.8967391304347826,True,0.5117935150421847,0.7–0.9
MLDB-002787,SMILES,0.8541666666666666,True,0.1818549384553092,0.7–0.9
MLDB-002791,SMILES,0.8,True,0.0399363502559668,0.7–0.9
MLDB-002829,SMILES,0.9008264462809917,False,1.1974876523364113,≥0.9
MLDB-002840,SMILES,0.6666666666666666,True,0.7358712406594587,0.5–0.7
MLDB-002852,SMILES,0.9411764705882353,True,0.3944833463867998,≥0.9
MLDB-002854,SMILES,0.9411764705882353,True,0.2360505559217468,≥0.9
MLDB-002861,SMILES,0.8921568627450981,True,0.2404055455721693,0.7–0.9
MLDB-002892,SMILES,0.59375,True,0.6579887321035784,0.5–0.7
MLDB-002939,SMILES,0.751937984496124,True,0.1604340072831665,0.7–0.9
MLDB-002947,SMILES,0.88,True,0.053116167155393,0.7–0.9
MLDB-002971,SMILES,0.8028169014084507,True,0.4910352796191861,0.7–0.9
MLDB-002979,SMILES,0.7525773195876289,True,0.4367365032181542,0.7–0.9
MLDB-002981,SMILES,0.8045112781954887,True,1.2146591252465615,0.7–0.9
MLDB-003001,SMILES,0.7027027027027027,True,0.7083311446440446,0.7–0.9
MLDB-003002,SMILES,0.8208955223880597,True,0.0524801792859205,0.7–0.9
MLDB-003008,SMILES,0.6211180124223602,False,0.6676390288961864,0.5–0.7
MLDB-003040,SMILES,0.7142857142857143,True,0.1204459529493312,0.7–0.9
MLDB-003051,SMILES,0.7727272727272727,True,0.4610188264830791,0.7–0.9
MLDB-003055,SMILES,0.8064516129032258,True,0.0205093261296189,0.7–0.9
MLDB-003084,SMILES,0.6666666666666666,True,0.5464764315635724,0.5–0.7
MLDB-003096,SMILES,0.8105263157894737,True,0.1140774778444786,0.7–0.9
MLDB-003100,SMILES,0.9024390243902439,True,0.3435228439095934,≥0.9
MLDB-003124,SMILES,0.5978260869565217,True,0.5122886561439145,0.5–0.7
MLDB-003125,SMILES,1.0,True,0.208007100020845,≥0.9
MLDB-003152,SMILES,0.7083333333333334,True,0.1240036803233302,0.7–0.9
MLDB-003160,SMILES,0.8,True,0.3150213666285643,0.7–0.9
MLDB-003162,SMILES,0.7857142857142857,True,0.0047666989571714,0.7–0.9
MLDB-003183,SMILES,0.6666666666666666,True,0.7622544539300704,0.5–0.7
MLDB-003194,SMILES,0.803030303030303,True,0.3392706614996827,0.7–0.9
MLDB-003209,SMILES,0.43157894736842106,True,0.2552453370836756,0.3–0.5
MLDB-003232,SMILES,0.7475728155339806,True,0.1805876832963268,0.7–0.9
MLDB-003268,SMILES,0.7241379310344828,True,0.2844830371990661,0.7–0.9
MLDB-003300,SMILES,0.9176470588235294,True,0.1812447155008466,≥0.9
MLDB-003307,SMILES,0.7966101694915254,True,0.7228730916285647,0.7–0.9
MLDB-003315,SMILES,0.907563025210084,True,0.3047606702239048,≥0.9
MLDB-003321,SMILES,0.75,True,0.3967231727896647,0.7–0.9
MLDB-003332,SMILES,0.776595744680851,True,0.4081650187353287,0.7–0.9
MLDB-003360,SMILES,0.813953488372093,True,0.4678669274092938,0.7–0.9
MLDB-003361,SMILES,0.813953488372093,True,0.247558952929946,0.7–0.9
MLDB-003362,SMILES,0.780952380952381,True,0.5052758317450109,0.7–0.9
MLDB-003363,SMILES,0.6134453781512605,True,0.4510292030374494,0.5–0.7
MLDB-003396,SMILES,0.7912087912087912,True,0.9106926466791594,0.7–0.9
MLDB-003405,SMILES,0.9431818181818182,True,0.1452830795884203,≥0.9
MLDB-003409,SMILES,0.971830985915493,True,0.7566347638297318,≥0.9
MLDB-003411,SMILES,0.9726027397260274,True,0.2931923831837659,≥0.9
MLDB-003413,SMILES,0.9726027397260274,True,0.0087435788803964,≥0.9
MLDB-003416,SMILES,0.9081081081081082,True,0.2563735214318554,≥0.9
MLDB-003423,SMILES,0.8090909090909091,True,0.823147781289972,0.7–0.9
MLDB-003449,SMILES,0.7443609022556391,True,0.4882624759111843,0.7–0.9
MLDB-003462,SMILES,0.5254237288135594,True,0.992834112622862,0.5–0.7
MLDB-003472,SMILES,0.9285714285714286,True,0.3267672308363822,≥0.9
MLDB-003479,SMILES,0.9642857142857143,True,0.6808368612493221,≥0.9
MLDB-003485,SMILES,0.8620689655172413,True,0.2667341128294133,0.7–0.9
MLDB-003491,SMILES,0.9528301886792453,True,0.1237184175659762,≥0.9
MLDB-003499,SMILES,0.8902439024390244,True,0.3368731649220907,0.7–0.9
MLDB-003506,SMILES,0.8444444444444444,True,0.2789348197903901,0.7–0.9
MLDB-003514,SMILES,0.9623430962343096,True,0.0540550871962095,≥0.9
MLDB-003519,SMILES,0.9697986577181208,True,0.0436310051396325,≥0.9
MLDB-003529,SMILES,0.9130434782608695,True,0.612576080656761,≥0.9
MLDB-003539,SMILES,0.7590361445783133,True,0.0106327526314179,0.7–0.9
MLDB-003552,SMILES,0.896551724137931,True,0.2764708917719272,0.7–0.9
MLDB-003566,SMILES,0.6146788990825688,True,0.3673667461611887,0.5–0.7
MLDB-003580,SMILES,0.5174418604651163,True,0.85473271908174,0.5–0.7
MLDB-003589,SMILES,0.8897058823529411,True,0.3374432808690046,0.7–0.9
MLDB-003607,SMILES,0.7195121951219512,True,0.2619871141970868,0.7–0.9
MLDB-003618,SMILES,0.6666666666666666,True,0.3035235684364274,0.5–0.7
MLDB-003622,SMILES,0.881578947368421,True,0.6674833502325215,0.7–0.9
MLDB-003634,SMILES,0.975,True,0.4321060544259646,≥0.9
MLDB-003641,SMILES,0.8045977011494253,True,1.9484071794858648,0.7–0.9
MLDB-003643,SMILES,0.7747747747747747,True,0.6602344406968796,0.7–0.9
MLDB-003654,SMILES,0.8088235294117647,True,1.446519553006958,0.7–0.9
MLDB-003671,SMILES,0.8392857142857143,True,0.2958326892655298,0.7–0.9
MLDB-003677,SMILES,0.9090909090909091,True,0.0728755449436797,≥0.9
MLDB-003679,SMILES,0.9047619047619048,True,0.4012726963481366,≥0.9
MLDB-003690,SMILES,0.839622641509434,True,0.164420009995857,0.7–0.9
MLDB-003703,SMILES,0.9148936170212766,True,0.0594370072746051,≥0.9
MLDB-003705,SMILES,0.9166666666666666,True,0.1674593899206925,≥0.9
MLDB-003708,SMILES,0.797979797979798,True,0.0465352168080124,0.7–0.9
MLDB-003727,SMILES,0.8984375,True,0.6785230616294606,0.7–0.9
MLDB-003729,SMILES,0.6158940397350994,True,0.1911555336455637,0.5–0.7
MLDB-003744,SMILES,0.8333333333333334,True,0.6482061139337687,0.7–0.9
MLDB-003747,SMILES,0.6666666666666666,True,0.725871240659459,0.5–0.7
MLDB-003748,SMILES,0.718475073313783,False,0.4181107753396738,0.7–0.9
MLDB-003752,SMILES,0.6216216216216216,True,0.1804522758757117,0.5–0.7
MLDB-003753,SMILES,0.6210526315789474,True,0.0005047689239033,0.5–0.7
MLDB-003756,SMILES,0.8598130841121495,True,0.2365659380809968,0.7–0.9
MLDB-003768,SMILES,0.9555555555555556,True,0.7651339191400188,≥0.9
MLDB-003773,SMILES,0.7659574468085106,True,0.1029517445414573,0.7–0.9
MLDB-003794,SMILES,0.6923076923076923,True,0.184571129819188,0.5–0.7
MLDB-003796,SMILES,0.6923076923076923,True,0.1112156335382006,0.5–0.7
MLDB-003799,SMILES,0.54,False,0.59052371760703,0.5–0.7
MLDB-003800,SMILES,0.54,False,1.0099259479975835,0.5–0.7
MLDB-003809,SMILES,0.6944444444444444,True,0.5173004782712255,0.5–0.7
MLDB-003810,SMILES,0.7840909090909091,True,0.5078621263347042,0.7–0.9
MLDB-003827,SMILES,0.811965811965812,True,0.5082912802973983,0.7–0.9
MLDB-003833,SMILES,0.5859375,True,1.03739867645301,0.5–0.7
MLDB-003835,SMILES,0.7788461538461539,True,0.1402460416615256,0.7–0.9
MLDB-003851,SMILES,0.9032258064516129,True,0.0993899753555596,≥0.9
MLDB-003854,SMILES,0.9032258064516129,True,0.0566912271415427,≥0.9
MLDB-003858,SMILES,0.7910447761194029,True,0.3036064461322838,0.7–0.9
MLDB-003862,SMILES,0.7625,True,0.4533547804389958,0.7–0.9
MLDB-003887,SMILES,0.7625,True,1.3432745526797758,0.7–0.9
MLDB-003912,SMILES,0.8,True,1.0113583002584818,0.7–0.9
MLDB-003919,SMILES,0.8461538461538461,True,0.9440545952139427,0.7–0.9
MLDB-003924,SMILES,0.8333333333333334,True,0.3464216961808184,0.7–0.9
MLDB-003925,SMILES,0.7959183673469388,True,0.0219768649586462,0.7–0.9
MLDB-003926,SMILES,0.8620689655172413,True,0.3532658871705867,0.7–0.9
MLDB-003971,SMILES,0.8701298701298701,True,0.9263819790115608,0.7–0.9
MLDB-003983,SMILES,0.9297297297297298,True,0.3432752168397914,≥0.9
MLDB-003995,SMILES,0.784037558685446,True,0.6125030055000832,0.7–0.9
MLDB-004005,SMILES,0.7379310344827587,True,0.4803450075813207,0.7–0.9
MLDB-004008,SMILES,0.8784530386740331,True,0.0468035129150505,0.7–0.9
MLDB-004017,SMILES,0.7588652482269503,True,1.491640902197218,0.7–0.9
MLDB-004029,SMILES,0.8,True,0.8052181647191071,0.7–0.9
MLDB-004031,SMILES,0.803921568627451,True,0.5807997691669637,0.7–0.9
MLDB-004043,SMILES,0.8762886597938144,True,0.1602520289085579,0.7–0.9
MLDB-004047,SMILES,0.6666666666666666,True,0.4167714290363882,0.5–0.7
MLDB-004069,SMILES,0.8108108108108109,True,0.5587433791497572,0.7–0.9
MLDB-004077,SMILES,0.6438356164383562,True,0.0596797515059523,0.5–0.7
MLDB-004082,SMILES,0.9285714285714286,True,0.214834787436335,≥0.9
MLDB-004104,SMILES,0.746268656716418,True,0.4134530039044737,0.7–0.9
MLDB-004126,SMILES,0.7142857142857143,True,0.2631800595935606,0.7–0.9
MLDB-004131,SMILES,0.7789473684210526,True,0.5942274582451819,0.7–0.9
MLDB-004171,SMILES,0.9621451104100947,True,0.1508285279779349,≥0.9
MLDB-004179,SMILES,0.6666666666666666,True,0.8446865957637606,0.5–0.7
MLDB-004190,SMILES,0.6981132075471698,True,0.1751505273763299,0.5–0.7
MLDB-004192,SMILES,0.9636363636363636,True,0.0698681851761675,≥0.9
MLDB-004211,SMILES,0.6825396825396826,True,0.2070076143363883,0.5–0.7
MLDB-004215,SMILES,0.8043478260869565,True,0.5705656334465474,0.7–0.9
MLDB-004232,SMILES,0.75,True,0.1354703763199203,0.7–0.9
MLDB-004247,SMILES,0.803921568627451,True,0.2143878438096548,0.7–0.9
MLDB-004259,SMILES,0.48148148148148145,True,0.2998668779145458,0.3–0.5
MLDB-004267,SMILES,0.8,True,0.5989959044774401,0.7–0.9
MLDB-004274,SMILES,0.79,True,0.2710246487937896,0.7–0.9
MLDB-004287,SMILES,0.6049382716049383,True,0.3694386484498881,0.5–0.7
MLDB-004304,SMILES,0.6086956521739131,True,0.3153357381710319,0.5–0.7
MLDB-004310,SMILES,0.5348837209302325,True,0.215655505434289,0.5–0.7
MLDB-004313,SMILES,0.7701149425287356,True,0.0486313948536869,0.7–0.9
MLDB-004318,SMILES,0.5,True,0.3190262186110957,0.5–0.7
MLDB-004327,SMILES,0.8137254901960784,True,0.0878210598382606,0.7–0.9
MLDB-004328,SMILES,0.8736842105263158,True,0.1280117489589611,0.7–0.9
MLDB-004346,SMILES,0.7078651685393258,True,0.0534164219597934,0.7–0.9
MLDB-004381,SMILES,0.7066666666666667,True,1.3515387704274386,0.7–0.9
MLDB-004392,SMILES,0.7037037037037037,True,1.0534489036682302,0.7–0.9
MLDB-004399,SMILES,0.7323943661971831,True,0.6666130433798046,0.7–0.9
MLDB-004419,SMILES,0.6781609195402298,True,0.060422258065401,0.5–0.7
MLDB-004420,SMILES,0.6781609195402298,True,0.1626285380320111,0.5–0.7
MLDB-004421,SMILES,0.6,True,0.3958335164667987,0.5–0.7
MLDB-004429,SMILES,0.9354838709677419,True,0.2025066061186551,≥0.9
MLDB-004447,SMILES,0.8070175438596491,True,0.0210136581844807,0.7–0.9
MLDB-004452,SMILES,0.824,True,0.3130218486945353,0.7–0.9
MLDB-004453,SMILES,0.753731343283582,True,0.4855370122652467,0.7–0.9
MLDB-004466,SMILES,0.6907216494845361,True,0.9107638654400164,0.5–0.7
MLDB-004469,SMILES,0.7533333333333333,True,0.2734684757355416,0.7–0.9
MLDB-004495,SMILES,0.8411214953271028,True,1.3839652768084925,0.7–0.9
MLDB-004501,SMILES,0.8714285714285714,True,0.7064815081624437,0.7–0.9
MLDB-004508,SMILES,0.88,True,0.2279488883664282,0.7–0.9
MLDB-004519,SMILES,0.6984126984126984,True,0.0687336549716827,0.5–0.7
MLDB-004545,SMILES,0.8285714285714286,True,0.3592369657077855,0.7–0.9
MLDB-004548,SMILES,0.7037037037037037,True,0.2497949207220284,0.7–0.9
MLDB-004561,SMILES,0.8,True,0.3285553625080194,0.7–0.9
MLDB-004564,SMILES,0.8780487804878049,True,0.6564934531093822,0.7–0.9
MLDB-004567,SMILES,0.7628865979381443,True,0.7801155196468704,0.7–0.9
MLDB-004582,SMILES,0.6842105263157895,True,0.0528396810864348,0.5–0.7
MLDB-004586,SMILES,0.6666666666666666,True,0.8658712406594586,0.5–0.7
MLDB-004591,SMILES,0.9264705882352942,True,0.2830529963714221,≥0.9
MLDB-004632,SMILES,0.8082901554404145,True,0.262968630360464,0.7–0.9
MLDB-004635,SMILES,0.832579185520362,True,0.4093296899888405,0.7–0.9
MLDB-004651,SMILES,0.8904109589041096,True,0.0896234545654897,0.7–0.9
MLDB-004656,SMILES,0.7678571428571429,True,0.2840662686549153,0.7–0.9
MLDB-004676,SMILES,0.6571428571428571,True,0.4115458382645895,0.5–0.7
MLDB-004680,SMILES,0.7802197802197802,True,0.6522470810839742,0.7–0.9
MLDB-004701,SMILES,0.6666666666666666,True,0.8358712406594588,0.5–0.7
MLDB-004703,SMILES,0.6666666666666666,True,0.0958712406594588,0.5–0.7
MLDB-004729,SMILES,0.9158415841584159,True,0.2126863733235005,≥0.9
MLDB-004740,SMILES,0.8954545454545455,True,0.4734841180016857,0.7–0.9
MLDB-004745,SMILES,0.7704918032786885,True,0.1008134277385737,0.7–0.9
MLDB-004746,SMILES,0.44565217391304346,True,1.2129832526587925,0.3–0.5
MLDB-004751,SMILES,0.7142857142857143,True,0.8620038410362917,0.7–0.9
MLDB-004753,SMILES,0.8636363636363636,True,0.6844923357389403,0.7–0.9
MLDB-004761,SMILES,0.8560606060606061,True,0.0927129534145689,0.7–0.9
MLDB-004770,SMILES,0.6666666666666666,True,0.063214588017903,0.5–0.7
MLDB-004771,SMILES,0.6666666666666666,True,0.4564764315635725,0.5–0.7
MLDB-004778,SMILES,0.6785714285714286,True,0.4295416520322528,0.5–0.7
MLDB-004779,SMILES,0.7321428571428571,True,0.3509606267159911,0.7–0.9
MLDB-004788,SMILES,0.7454545454545455,True,0.7897921480586096,0.7–0.9
MLDB-004792,SMILES,0.5833333333333334,True,0.3338644607138046,0.5–0.7
MLDB-004811,SMILES,0.46153846153846156,True,0.1080946539751103,0.3–0.5
MLDB-004818,SMILES,0.5096774193548387,True,1.0006994362853996,0.5–0.7
MLDB-004837,SMILES,1.0,True,0.4671924562265842,≥0.9
MLDB-004842,SMILES,0.788235294117647,True,0.2933022297243628,0.7–0.9
MLDB-004850,SMILES,0.8686868686868687,True,0.1308963337254629,0.7–0.9
MLDB-004851,SMILES,0.8686868686868687,True,0.0635021148738307,0.7–0.9
MLDB-004862,SMILES,0.7837837837837838,True,1.5030771484434973,0.7–0.9
MLDB-004865,SMILES,0.5185185185185185,False,1.4457962758791805,0.5–0.7
MLDB-004877,SMILES,0.35714285714285715,False,1.1454068001728464,0.3–0.5
MLDB-004895,SMILES,0.7456140350877193,True,0.994690015147732,0.7–0.9
MLDB-004898,SMILES,0.9565217391304348,True,0.408155413092971,≥0.9
MLDB-004899,SMILES,0.5142857142857142,True,2.4144828577247326,0.5–0.7
MLDB-004900,SMILES,0.5142857142857142,True,2.4649580814378274,0.5–0.7
MLDB-004928,SMILES,0.8105263157894737,True,1.303810878870713,0.7–0.9
MLDB-004929,SMILES,0.4953271028037383,False,1.0196718489632777,0.3–0.5
MLDB-004943,SMILES,0.8348623853211009,True,1.0742625351304285,0.7–0.9
MLDB-004951,SMILES,0.7640449438202247,True,0.0861084169154664,0.7–0.9
MLDB-004973,SMILES,0.6585365853658537,True,0.3760670712463558,0.5–0.7
MLDB-004974,SMILES,0.8620689655172413,True,0.3619476497829202,0.7–0.9
MLDB-004983,SMILES,0.7619047619047619,True,0.0359298739012966,0.7–0.9
MLDB-004985,SMILES,0.6842105263157895,True,0.0294696260732527,0.5–0.7
MLDB-005001,SMILES,0.7058823529411765,True,0.9839557135279222,0.7–0.9
MLDB-005003,SMILES,0.888268156424581,True,1.3581411598126742,0.7–0.9
MLDB-005013,SMILES,0.6666666666666666,True,0.5341816503921433,0.5–0.7
MLDB-005019,SMILES,0.6923076923076923,True,0.998522338951964,0.5–0.7
MLDB-005031,SMILES,0.958904109589041,True,0.1612767840837841,≥0.9
MLDB-005043,SMILES,0.8760330578512396,True,0.8076266992959387,0.7–0.9
MLDB-005059,SMILES,0.783625730994152,True,0.352777003314274,0.7–0.9
MLDB-005063,SMILES,0.8085106382978723,True,0.4815568194777598,0.7–0.9
MLDB-005064,SMILES,0.9174311926605505,True,0.1113416089977628,≥0.9
MLDB-005080,SMILES,0.9655172413793104,True,3.3068544338206225,≥0.9
MLDB-005085,SMILES,0.5944700460829493,True,1.0767766788247095,0.5–0.7
MLDB-005096,SMILES,0.9172932330827067,True,0.6183206242356226,≥0.9
MLDB-005105,SMILES,0.9395348837209302,True,0.5807027637747795,≥0.9
MLDB-005109,SMILES,0.9411764705882353,True,0.0371636489810698,≥0.9
MLDB-005129,SMILES,0.6868686868686869,True,0.4673889629114129,0.5–0.7
MLDB-005146,SMILES,0.9603960396039604,True,0.3463395015560608,≥0.9
MLDB-000008,SMILES,0.8532110091743119,True,0.0621833393959128,0.7–0.9
MLDB-000015,SMILES,0.875,True,0.911400762271288,0.7–0.9
MLDB-000017,SMILES,0.6237623762376238,True,0.3831638704041402,0.5–0.7
MLDB-000022,SMILES,0.7790055248618785,True,0.3719931982264777,0.7–0.9
MLDB-000033,SMILES,0.7674418604651163,True,0.2955168394290846,0.7–0.9
MLDB-000036,SMILES,0.64,True,0.0424741388946187,0.5–0.7
MLDB-000046,SMILES,0.7604166666666666,True,0.6927452232893098,0.7–0.9
MLDB-000056,SMILES,0.9743589743589743,True,0.0866271937100489,≥0.9
MLDB-000060,SMILES,0.8305084745762712,True,0.821892996925453,0.7–0.9
MLDB-000074,SMILES,0.8416666666666667,True,0.4398695850706245,0.7–0.9
MLDB-000092,SMILES,0.9324324324324325,True,0.3676750520869717,≥0.9
MLDB-000098,SMILES,0.8780487804878049,True,0.4032427644948029,0.7–0.9
MLDB-000103,SMILES,0.7835820895522388,True,1.4959517511593023,0.7–0.9
MLDB-000110,SMILES,0.8347107438016529,True,0.4392531845617777,0.7–0.9
MLDB-000145,SMILES,0.7662337662337663,True,0.7526767564243009,0.7–0.9
MLDB-000177,SMILES,0.8837209302325582,True,0.332236856181737,0.7–0.9
MLDB-000184,SMILES,0.8923076923076924,True,0.0237356017800638,0.7–0.9
MLDB-000202,SMILES,1.0,True,0.653410036072389,≥0.9
MLDB-000205,SMILES,0.6884422110552764,True,0.767111154004137,0.5–0.7
MLDB-000209,SMILES,0.673202614379085,True,0.5490864187660672,0.5–0.7
MLDB-000212,SMILES,0.9619047619047619,True,1.3639486446582416,≥0.9
MLDB-000221,SMILES,0.6859504132231405,True,0.1915704089395418,0.5–0.7
MLDB-000231,SMILES,0.8767123287671232,True,0.7208099527357286,0.7–0.9
MLDB-000236,SMILES,0.8235294117647058,True,0.0049781493092493,0.7–0.9
MLDB-000242,SMILES,0.7368421052631579,True,2.1447272258164167,0.7–0.9
MLDB-000267,SMILES,0.7925925925925926,True,0.3763348179552036,0.7–0.9
MLDB-000277,SMILES,0.7636363636363637,True,0.0718886554411151,0.7–0.9
MLDB-000301,SMILES,0.8082191780821918,True,0.0739882451891896,0.7–0.9
MLDB-000331,SMILES,0.7777777777777778,True,0.0240167421504571,0.7–0.9
MLDB-000332,SMILES,0.625,True,0.0123950791448754,0.5–0.7
MLDB-000334,SMILES,0.9313725490196079,True,0.210708862363633,≥0.9
MLDB-000348,SMILES,0.8461538461538461,True,0.6844101311727834,0.7–0.9
MLDB-000361,SMILES,0.8895705521472392,True,0.6966497252995197,0.7–0.9
MLDB-000366,SMILES,0.9408866995073891,True,0.009184566580352,≥0.9
MLDB-000369,SMILES,0.8067632850241546,True,1.35677366828119,0.7–0.9
MLDB-000379,SMILES,0.9878048780487805,True,1.008065733245989,≥0.9
MLDB-000398,SMILES,0.7655172413793103,True,0.0989296198083629,0.7–0.9
MLDB-000401,SMILES,0.8648648648648649,True,0.0613454198135602,0.7–0.9
MLDB-000404,SMILES,0.7419354838709677,True,1.1672884356191138,0.7–0.9
MLDB-000407,SMILES,0.8888888888888888,True,0.448226755650533,0.7–0.9
MLDB-000438,SMILES,0.8394160583941606,True,0.5186288957631422,0.7–0.9
MLDB-000449,SMILES,0.5588235294117647,True,1.2315730069426405,0.5–0.7
MLDB-000464,SMILES,0.6703296703296703,True,0.2053328163417542,0.5–0.7
MLDB-000466,SMILES,0.8305084745762712,True,0.1148597487130642,0.7–0.9
MLDB-000473,SMILES,0.875,True,0.2843843034397977,0.7–0.9
MLDB-000474,SMILES,0.7880794701986755,True,0.8847708822387779,0.7–0.9
MLDB-000483,SMILES,0.8590909090909091,True,0.044533497182121,0.7–0.9
MLDB-000486,SMILES,0.6767676767676768,True,0.2389431080557316,0.5–0.7
MLDB-000497,SMILES,0.7288135593220338,True,0.723429261695842,0.7–0.9
MLDB-000506,SMILES,0.8125,True,1.840169956696215,0.7–0.9
MLDB-000508,SMILES,0.8125,True,0.111095311390652,0.7–0.9
MLDB-000510,SMILES,0.8125,True,1.3729500891225648,0.7–0.9
MLDB-000513,SMILES,0.8125,True,1.3350242542121242,0.7–0.9
MLDB-000519,SMILES,0.8467741935483871,True,1.148602266970291,0.7–0.9
MLDB-000534,SMILES,0.898876404494382,True,0.0584830806001479,0.7–0.9
MLDB-000554,SMILES,0.6133333333333333,True,1.2233037670351024,0.5–0.7
MLDB-000556,SMILES,0.7264150943396226,True,0.1495982566072442,0.7–0.9
MLDB-000569,SMILES,0.7128712871287128,True,0.7103560651856162,0.7–0.9
MLDB-000575,SMILES,0.952,True,0.0572237721107444,≥0.9
MLDB-000609,SMILES,0.8554216867469879,True,0.0215518398596077,0.7–0.9
MLDB-000611,SMILES,0.8255813953488372,True,0.1070901437620206,0.7–0.9
MLDB-000612,SMILES,0.9696969696969697,True,0.5516607021109743,≥0.9
MLDB-000618,SMILES,0.9696969696969697,True,1.285814313452906,≥0.9
MLDB-000667,SMILES,0.8905109489051095,True,0.2840636846638703,0.7–0.9
MLDB-000670,SMILES,0.6705882352941176,True,0.4922754044860066,0.5–0.7
MLDB-000671,SMILES,0.5753424657534246,True,0.3153218269973239,0.5–0.7
MLDB-000675,SMILES,0.8388888888888889,True,0.5899790115258298,0.7–0.9
MLDB-000690,SMILES,0.8421052631578947,True,0.0416905612927172,0.7–0.9
MLDB-000691,SMILES,1.0,True,0.126463398530978,≥0.9
MLDB-000720,SMILES,0.8020833333333334,True,0.8198588477998343,0.7–0.9
MLDB-000725,SMILES,0.8631578947368421,True,0.2281849033412546,0.7–0.9
MLDB-000759,SMILES,0.6774193548387096,True,0.372439020353163,0.5–0.7
MLDB-000762,SMILES,0.6774193548387096,True,0.437560979646837,0.5–0.7
MLDB-000765,SMILES,0.6774193548387096,True,1.282439020353163,0.5–0.7
MLDB-000767,SMILES,0.8582677165354331,True,1.497805034105668,0.7–0.9
MLDB-000768,SMILES,0.8412698412698413,True,1.3412320212595104,0.7–0.9
MLDB-000781,SMILES,0.6842105263157895,True,0.3605378577985896,0.5–0.7
MLDB-000799,SMILES,0.8404255319148937,True,0.1298827713148299,0.7–0.9
MLDB-000849,SMILES,0.8609271523178808,True,0.2599655273290751,0.7–0.9
MLDB-000852,SMILES,0.7032967032967034,True,0.9738839142399704,0.7–0.9
MLDB-000859,SMILES,0.7851851851851852,True,0.0559188030974991,0.7–0.9
MLDB-000861,SMILES,0.7142857142857143,True,0.3386687996635193,0.7–0.9
MLDB-000880,SMILES,0.8765432098765432,True,0.596230591974632,0.7–0.9
MLDB-000882,SMILES,0.8305084745762712,True,0.638107003074547,0.7–0.9
MLDB-000890,SMILES,0.7524752475247525,True,0.1280297329869986,0.7–0.9
MLDB-000901,SMILES,0.8723404255319149,True,0.0604292330997509,0.7–0.9
MLDB-000918,SMILES,0.7066666666666667,True,0.4537074444619465,0.7–0.9
MLDB-000921,SMILES,0.8285714285714286,True,0.9285238569084688,0.7–0.9
MLDB-000926,SMILES,0.8316326530612245,True,1.003854362327768,0.7–0.9
MLDB-000934,SMILES,0.6890756302521008,True,0.5463694749656397,0.5–0.7
MLDB-000955,SMILES,0.8,False,0.5878990717679724,0.7–0.9
MLDB-000956,SMILES,0.8253968253968254,True,0.5108299761575361,0.7–0.9
MLDB-000961,SMILES,0.7971014492753623,True,0.6201375932598574,0.7–0.9
MLDB-000965,SMILES,0.8305084745762712,True,0.2518929969254531,0.7–0.9
MLDB-000969,SMILES,0.8421052631578947,True,0.5669390573484626,0.7–0.9
MLDB-000979,SMILES,0.8416666666666667,True,0.5336968111655667,0.7–0.9
MLDB-000987,SMILES,0.7524752475247525,True,0.0880297329869985,0.7–0.9
MLDB-000998,SMILES,0.7523809523809524,True,0.693144888830572,0.7–0.9
MLDB-001004,SMILES,0.5892857142857143,True,0.8722902954097753,0.5–0.7
MLDB-001007,SMILES,0.7272727272727273,True,0.1745489241449438,0.7–0.9
MLDB-001024,SMILES,0.6705882352941176,True,1.311189213483948,0.5–0.7
MLDB-001037,SMILES,0.975609756097561,True,0.4134011992622047,≥0.9
MLDB-001044,SMILES,0.7463414634146341,True,0.2042534322530225,0.7–0.9
MLDB-001052,SMILES,0.7435897435897436,True,0.5038055559272441,0.7–0.9
MLDB-001055,SMILES,0.9090909090909091,True,0.6346106235838989,≥0.9
MLDB-001067,SMILES,0.8362573099415205,True,0.0096060224052165,0.7–0.9
MLDB-001077,SMILES,0.6880733944954128,True,0.3982363374872176,0.5–0.7
MLDB-001094,SMILES,0.8582677165354331,True,0.4819689285121787,0.7–0.9
MLDB-001096,SMILES,0.686046511627907,True,0.0816461563133206,0.5–0.7
MLDB-001098,SMILES,0.7959183673469388,True,0.116620748384973,0.7–0.9
MLDB-001161,SMILES,0.7639751552795031,True,0.4255355909242713,0.7–0.9
MLDB-001167,SMILES,0.8319327731092437,True,0.2203235070239119,0.7–0.9
MLDB-001185,SMILES,0.8505747126436781,True,0.3874041497534908,0.7–0.9
MLDB-001187,SMILES,0.8384615384615385,True,0.2511270802858298,0.7–0.9
MLDB-001191,SMILES,0.8205128205128205,True,0.5497684524729071,0.7–0.9
MLDB-001199,SMILES,0.8099173553719008,True,0.6448391404548213,0.7–0.9
MLDB-001209,SMILES,0.8157894736842105,True,0.0222689182553417,0.7–0.9
MLDB-001215,SMILES,0.9007633587786259,True,0.1465979551286429,≥0.9
MLDB-001220,SMILES,0.8807339449541285,True,0.554433959786477,0.7–0.9
MLDB-001240,SMILES,0.6825396825396826,True,0.2552653739520493,0.5–0.7
MLDB-001256,SMILES,0.6884422110552764,True,0.7960567106491965,0.5–0.7
MLDB-001274,SMILES,0.7959183673469388,True,0.283070030420522,0.7–0.9
MLDB-001280,SMILES,0.796875,True,0.1909549805956043,0.7–0.9
MLDB-001284,SMILES,0.7737226277372263,True,0.1324231276749743,0.7–0.9
MLDB-001293,SMILES,0.620253164556962,True,0.0809547676365941,0.5–0.7
MLDB-001296,SMILES,0.46153846153846156,True,1.4648351267943496,0.3–0.5
MLDB-001299,SMILES,0.6792452830188679,True,0.1162398255588814,0.5–0.7
MLDB-001322,SMILES,0.834319526627219,True,0.6387727363678825,0.7–0.9
MLDB-001325,SMILES,0.7802197802197802,True,1.2535464914172716,0.7–0.9
MLDB-001358,SMILES,0.7936507936507936,True,0.9400746547708828,0.7–0.9
MLDB-001367,SMILES,0.7142857142857143,True,1.0342343659667013,0.7–0.9
MLDB-001373,SMILES,0.736,True,0.2836965596859121,0.7–0.9
MLDB-001377,SMILES,0.6890756302521008,True,0.3703489186467099,0.5–0.7
MLDB-001407,SMILES,0.7720588235294118,True,0.327916417208415,0.7–0.9
MLDB-001419,SMILES,0.6964285714285714,True,1.922292959233865,0.5–0.7
MLDB-001430,SMILES,0.95,True,0.0865136176561419,≥0.9
MLDB-001462,SMILES,0.6511627906976745,True,0.544883034484,0.5–0.7
MLDB-001478,SMILES,1.0,True,0.0597729309225651,≥0.9
MLDB-001493,SMILES,0.723404255319149,True,0.5403311377630245,0.7–0.9
MLDB-001494,SMILES,0.7789473684210526,True,0.5705734403497964,0.7–0.9
MLDB-001502,SMILES,0.7637795275590551,True,0.1986304297789611,0.7–0.9
MLDB-001511,SMILES,0.8682170542635659,True,0.7564962124929009,0.7–0.9
MLDB-001516,SMILES,0.9,True,0.448105444928188,≥0.9
MLDB-001525,SMILES,0.8658536585365854,True,0.7493596117448535,0.7–0.9
MLDB-001547,SMILES,0.7115384615384616,True,0.5490198088003289,0.7–0.9
MLDB-001551,SMILES,0.8305084745762712,True,0.7342180539884398,0.7–0.9
MLDB-001559,SMILES,0.8434782608695652,True,0.4505541656637752,0.7–0.9
MLDB-001560,SMILES,0.8305084745762712,True,0.3339884293635975,0.7–0.9
MLDB-001565,SMILES,0.5111111111111111,True,0.837961768312576,0.5–0.7
MLDB-001568,SMILES,0.6714285714285714,True,0.737512489600147,0.5–0.7
MLDB-001581,SMILES,0.7872340425531915,False,2.5279539104065147,0.7–0.9
MLDB-001591,SMILES,0.9813084112149533,True,0.095637238396364,≥0.9
MLDB-001593,SMILES,0.8615384615384616,True,0.5196135165327459,0.7–0.9
MLDB-001598,SMILES,0.7582417582417582,True,1.0747688645075968,0.7–0.9
MLDB-001609,SMILES,0.7767857142857143,True,0.0062282755325716,0.7–0.9
MLDB-001622,SMILES,0.5584415584415584,True,1.2387774871049269,0.5–0.7
MLDB-001632,SMILES,0.8571428571428571,True,0.2551326440456509,0.7–0.9
MLDB-001633,SMILES,0.8909090909090909,True,0.0257490513023042,0.7–0.9
MLDB-001637,SMILES,0.8873239436619719,True,0.4353457842395354,0.7–0.9
MLDB-001651,SMILES,0.5777777777777777,True,0.1048714388802263,0.5–0.7
MLDB-001654,SMILES,0.7142857142857143,True,0.2110156641303707,0.7–0.9
MLDB-001658,SMILES,0.7391304347826086,True,0.2559276991855885,0.7–0.9
MLDB-001662,SMILES,0.7866666666666666,True,0.8978976324788721,0.7–0.9
MLDB-001693,SMILES,1.0,True,0.5244983546563666,≥0.9
MLDB-001694,SMILES,0.45714285714285713,True,1.0436292205703306,0.3–0.5
MLDB-001718,SMILES,0.8095238095238095,True,1.1447129142215546,0.7–0.9
MLDB-001756,SMILES,0.8954248366013072,True,0.0159154497607043,0.7–0.9
MLDB-001757,SMILES,0.8954248366013072,True,0.3777183471098548,0.7–0.9
MLDB-001772,SMILES,0.9072164948453608,False,0.8187524109067497,≥0.9
MLDB-001786,SMILES,0.8947368421052632,True,0.4278846408575681,0.7–0.9
MLDB-001802,SMILES,0.8415841584158416,True,0.251836965757731,0.7–0.9
MLDB-001804,SMILES,0.635593220338983,True,0.0940076873426279,0.5–0.7
MLDB-001812,SMILES,0.7272727272727273,True,0.5310374884499343,0.7–0.9
MLDB-001816,SMILES,0.74,True,0.1086338503588896,0.7–0.9
MLDB-001823,SMILES,0.6274509803921569,True,0.5655324185246697,0.5–0.7
MLDB-001824,SMILES,0.8950617283950617,True,0.1009748289453655,0.7–0.9
MLDB-001833,SMILES,0.5510204081632653,True,0.2858149797390629,0.5–0.7
MLDB-001837,SMILES,0.7906976744186046,True,0.0114276667860651,0.7–0.9
MLDB-001865,SMILES,0.8085106382978723,True,0.3913786141518861,0.7–0.9
MLDB-001880,SMILES,0.9491525423728814,True,0.3174798781565771,≥0.9
MLDB-001889,SMILES,1.0,True,0.2076721484190324,≥0.9
MLDB-001891,SMILES,1.0,True,0.469728039326815,≥0.9
MLDB-001896,SMILES,0.9387755102040817,True,2.419727749249148,≥0.9
MLDB-001930,SMILES,0.8461538461538461,True,0.977667776531489,0.7–0.9
MLDB-001938,SMILES,0.7364341085271318,True,0.3296777258305889,0.7–0.9
MLDB-001941,SMILES,0.6435643564356436,True,0.1546612350624396,0.5–0.7
MLDB-001958,SMILES,0.9367088607594937,True,0.635623668480679,≥0.9
MLDB-001976,SMILES,0.8461538461538461,True,0.3513105163877654,0.7–0.9
MLDB-001979,SMILES,0.8461538461538461,True,1.0186894836122344,0.7–0.9
MLDB-001998,SMILES,0.3582089552238806,True,0.3944739738104764,0.3–0.5
MLDB-002019,SMILES,0.7662337662337663,True,0.0244929492010962,0.7–0.9
MLDB-002024,SMILES,0.8813559322033898,True,0.6606105150296406,0.7–0.9
MLDB-002025,SMILES,0.8533333333333334,True,0.7433891399323529,0.7–0.9
MLDB-002034,SMILES,0.7725118483412322,True,0.1266534260262928,0.7–0.9
MLDB-002043,SMILES,0.46875,True,0.2508858690711376,0.3–0.5
MLDB-002044,SMILES,0.46875,True,0.0908858690711377,0.3–0.5
MLDB-002055,SMILES,0.75,True,0.351505694697077,0.7–0.9
MLDB-002057,SMILES,0.9636363636363636,True,0.4333650487298116,≥0.9
MLDB-002061,SMILES,0.9636363636363636,True,0.0484109854775782,≥0.9
MLDB-002077,SMILES,0.8888888888888888,True,0.3312347920564706,0.7–0.9
MLDB-002100,SMILES,0.8947368421052632,True,0.7979456563495205,0.7–0.9
MLDB-002112,SMILES,0.42857142857142855,True,0.1236152953917273,0.3–0.5
MLDB-002124,SMILES,0.5104895104895105,True,0.4427886894475066,0.5–0.7
MLDB-002133,SMILES,0.8695652173913043,True,0.151815295699534,0.7–0.9
MLDB-002142,SMILES,0.82,True,0.1227861852117428,0.7–0.9
MLDB-002152,SMILES,0.8085106382978723,True,0.513966365951421,0.7–0.9
MLDB-002161,SMILES,0.5538461538461539,True,0.2101678406372542,0.5–0.7
MLDB-002166,SMILES,0.7068965517241379,True,0.372229415268535,0.7–0.9
MLDB-002169,SMILES,0.7954545454545454,True,0.0607644011113156,0.7–0.9
MLDB-002186,SMILES,0.6548672566371682,True,0.4699885811680004,0.5–0.7
MLDB-002232,SMILES,0.8345864661654135,True,0.1805713024775989,0.7–0.9
MLDB-002236,SMILES,0.8175182481751825,True,0.1180218714490983,0.7–0.9
MLDB-002239,SMILES,0.8131868131868132,True,0.4095491504120411,0.7–0.9
MLDB-002247,SMILES,0.7373737373737373,True,0.2280842074097681,0.7–0.9
MLDB-002266,SMILES,0.8085106382978723,True,0.2874478608776752,0.7–0.9
MLDB-002272,SMILES,0.8333333333333334,True,0.20083540401865,0.7–0.9
MLDB-002274,SMILES,0.5384615384615384,True,1.109978038230297,0.5–0.7
MLDB-002281,SMILES,0.43352601156069365,True,0.0362626262209481,0.3–0.5
MLDB-002285,SMILES,0.7349397590361446,True,0.4716788294071727,0.7–0.9
MLDB-002293,SMILES,0.7692307692307693,True,0.5006348079494414,0.7–0.9
MLDB-002299,SMILES,0.825,True,0.4258768115759573,0.7–0.9
MLDB-002302,SMILES,0.7543859649122807,True,0.1679684431050724,0.7–0.9
MLDB-002346,SMILES,0.48214285714285715,True,0.3144884804809342,0.3–0.5
MLDB-002363,SMILES,0.8961038961038961,True,0.0681180044327396,0.7–0.9
MLDB-002375,SMILES,0.8674698795180723,True,0.225985418241484,0.7–0.9
MLDB-002399,SMILES,0.7378640776699029,True,0.6770927626072847,0.7–0.9
MLDB-002400,SMILES,0.6363636363636364,False,0.1193631929959608,0.5–0.7
MLDB-002411,SMILES,0.7345132743362832,True,0.1787405678835346,0.7–0.9
MLDB-002413,SMILES,0.9197080291970803,True,1.1647978889187884,≥0.9
MLDB-002421,SMILES,0.875,True,0.3263982772841267,0.7–0.9
MLDB-002422,SMILES,0.7692307692307693,True,0.4696215036530364,0.7–0.9
MLDB-002429,SMILES,0.6701570680628273,True,1.8042439914881048,0.5–0.7
MLDB-002434,SMILES,0.8580645161290322,True,0.0186647158853991,0.7–0.9
MLDB-002437,SMILES,0.8174603174603174,True,0.445891681704145,0.7–0.9
MLDB-002441,SMILES,0.7341772151898734,True,0.2564212324335614,0.7–0.9
MLDB-002458,SMILES,0.39805825242718446,True,1.7373033147161645,0.3–0.5
MLDB-002467,SMILES,0.7751937984496124,True,0.3466167063896544,0.7–0.9
MLDB-002491,SMILES,0.6666666666666666,True,0.1951500198422752,0.5–0.7
MLDB-002498,SMILES,0.7692307692307693,True,0.3115193568933683,0.7–0.9
MLDB-002501,SMILES,0.875,True,0.4583686905648519,0.7–0.9
MLDB-002520,SMILES,0.9791666666666666,True,0.2852712092183261,≥0.9
MLDB-002525,SMILES,0.7411764705882353,True,1.291785904918319,0.7–0.9
MLDB-002541,SMILES,1.0,True,0.5225006353008036,≥0.9
MLDB-002548,SMILES,0.42857142857142855,True,1.1202774888787874,0.3–0.5
MLDB-002553,SMILES,0.8247422680412371,True,0.0501306848024619,0.7–0.9
MLDB-002561,SMILES,0.7402597402597403,True,0.3073193129068268,0.7–0.9
MLDB-002578,SMILES,0.9482758620689655,True,0.2001418844574614,≥0.9
MLDB-002580,SMILES,0.5732484076433121,True,0.0580403780601468,0.5–0.7
MLDB-002582,SMILES,0.5732484076433121,True,1.277895650799685,0.5–0.7
MLDB-002583,SMILES,0.5732484076433121,True,0.0879346114527898,0.5–0.7
MLDB-002585,SMILES,0.9852941176470589,True,0.3102168251347981,≥0.9
MLDB-002592,SMILES,0.3333333333333333,False,1.3684048916002558,0.3–0.5
MLDB-002598,SMILES,0.6106194690265486,True,0.1914732903535607,0.5–0.7
MLDB-002603,SMILES,0.7432432432432432,True,0.843396412261822,0.7–0.9
MLDB-002623,SMILES,0.7875,True,0.2055943949339845,0.7–0.9
MLDB-002631,SMILES,0.9117647058823529,True,0.3107557390675238,≥0.9
MLDB-002633,SMILES,0.4666666666666667,True,0.1778728388732365,0.3–0.5
MLDB-002634,SMILES,0.948051948051948,True,0.0198329245690105,≥0.9
MLDB-002637,SMILES,0.4666666666666667,True,0.2199307077490813,0.3–0.5
MLDB-002639,SMILES,0.5342465753424658,True,0.1221119086970454,0.5–0.7
MLDB-002659,SMILES,1.0,True,0.5859367111226618,≥0.9
MLDB-002665,SMILES,0.8823529411764706,False,0.1923851886848175,0.7–0.9
MLDB-002666,SMILES,0.8823529411764706,False,0.94587068026259,0.7–0.9
MLDB-002667,SMILES,0.8823529411764706,False,0.6840507383185499,0.7–0.9
MLDB-002682,SMILES,0.46017699115044247,True,0.5175876562156336,0.3–0.5
MLDB-002683,SMILES,0.46017699115044247,True,0.4524246580787634,0.3–0.5
MLDB-002691,SMILES,0.746031746031746,True,0.2419456171005962,0.7–0.9
MLDB-002692,SMILES,0.75,True,0.3308103236228682,0.7–0.9
MLDB-002698,SMILES,0.8776595744680851,True,0.4562597811364106,0.7–0.9
MLDB-002706,SMILES,0.8992248062015504,True,0.4790030118172658,0.7–0.9
MLDB-002710,SMILES,0.8992248062015504,True,0.7311364605273578,0.7–0.9
MLDB-002712,SMILES,0.75,True,0.3749694374023461,0.7–0.9
MLDB-002721,SMILES,0.5116279069767442,True,0.2241650327737751,0.5–0.7
MLDB-002734,SMILES,0.8604651162790697,True,0.0186287199835388,0.7–0.9
MLDB-002744,SMILES,0.6898148148148148,True,0.7020990197959516,0.5–0.7
MLDB-002749,SMILES,0.8309859154929577,True,0.0090439249564486,0.7–0.9
MLDB-002764,SMILES,0.42424242424242425,True,0.34488589991931,0.3–0.5
MLDB-002766,SMILES,0.9423076923076923,True,0.936923431974512,≥0.9
MLDB-002771,SMILES,0.8181818181818182,True,0.1014615445703719,0.7–0.9
MLDB-002774,SMILES,0.8074866310160428,True,0.2077808771946685,0.7–0.9
MLDB-002784,SMILES,0.6375,True,0.8134351226586439,0.5–0.7
MLDB-002786,SMILES,1.0,True,0.0053158913406509,≥0.9
MLDB-002790,SMILES,0.8541666666666666,True,1.4618975473118256,0.7–0.9
MLDB-002792,SMILES,0.8315789473684211,True,0.1578013408445338,0.7–0.9
MLDB-002801,SMILES,0.7801418439716312,True,0.5717385651650435,0.7–0.9
MLDB-002802,SMILES,0.8144329896907216,True,0.239710162336368,0.7–0.9
MLDB-002808,SMILES,1.0,True,0.824684108659349,≥0.9
MLDB-002812,SMILES,0.8214285714285714,True,0.1419682748153866,0.7–0.9
MLDB-002823,SMILES,0.4387755102040816,True,0.7334030345023015,0.3–0.5
MLDB-002848,SMILES,0.6511627906976745,True,0.7685730442334129,0.5–0.7
MLDB-002849,SMILES,0.6136363636363636,True,0.9855307662904512,0.5–0.7
MLDB-002850,SMILES,0.6511627906976745,True,0.7565080589028526,0.5–0.7
MLDB-002851,SMILES,0.6136363636363636,True,1.0780285378675831,0.5–0.7
MLDB-002853,SMILES,0.9411764705882353,True,0.2051538582552076,≥0.9
MLDB-002855,SMILES,0.9411764705882353,True,0.0357835919283097,≥0.9
MLDB-002863,SMILES,0.48484848484848486,True,0.0990259015478757,0.3–0.5
MLDB-002903,SMILES,0.5974025974025974,True,1.789791605481183,0.5–0.7
MLDB-002908,SMILES,0.5974025974025974,True,1.8897916054811832,0.5–0.7
MLDB-002913,SMILES,0.5974025974025974,True,1.8897916054811832,0.5–0.7
MLDB-002930,SMILES,0.8076923076923077,True,0.050911550004157,0.7–0.9
MLDB-002935,SMILES,0.6880733944954128,True,0.1730355529041619,0.5–0.7
MLDB-002957,SMILES,0.6923076923076923,True,0.5933405033359596,0.5–0.7
MLDB-002960,SMILES,0.7880794701986755,True,0.0508734213361417,0.7–0.9
MLDB-002962,SMILES,0.7142857142857143,True,0.4797546621252079,0.7–0.9
MLDB-002970,SMILES,0.47560975609756095,True,1.5929841054182248,0.3–0.5
MLDB-002975,SMILES,0.7582417582417582,True,0.4022288524458363,0.7–0.9
MLDB-002994,SMILES,0.7142857142857143,True,0.2427452485427587,0.7–0.9
MLDB-002996,SMILES,0.8208955223880597,True,0.0924076926841804,0.7–0.9
MLDB-003011,SMILES,0.8135593220338984,True,0.0710665602822426,0.7–0.9
MLDB-003013,SMILES,0.4722222222222222,True,0.8931588535329005,0.3–0.5
MLDB-003014,SMILES,0.5277777777777778,True,0.4318449810796546,0.5–0.7
MLDB-003017,SMILES,0.8,True,0.7144824902371676,0.7–0.9
MLDB-003065,SMILES,0.7894736842105263,True,0.7827011235329848,0.7–0.9
MLDB-003072,SMILES,0.6271186440677966,True,1.0733581880389136,0.5–0.7
MLDB-003083,SMILES,0.41284403669724773,True,1.4886309195910892,0.3–0.5
MLDB-003101,SMILES,0.9024390243902439,True,0.1819908630131035,≥0.9
MLDB-003102,SMILES,0.8571428571428571,True,0.166187682391868,0.7–0.9
MLDB-003105,SMILES,0.8571428571428571,True,0.2444523977074224,0.7–0.9
MLDB-003118,SMILES,0.7831325301204819,True,0.4694152715288749,0.7–0.9
MLDB-003121,SMILES,0.7383177570093458,True,0.1878344090724096,0.7–0.9
MLDB-003126,SMILES,0.8041958041958042,True,0.3885176517987301,0.7–0.9
MLDB-003128,SMILES,0.7829457364341085,True,0.0278870798546208,0.7–0.9
MLDB-003141,SMILES,0.9615384615384616,True,1.4127781455484598,≥0.9
MLDB-003145,SMILES,0.9615384615384616,True,0.9602798478006452,≥0.9
MLDB-003146,SMILES,0.8024691358024691,True,0.0566613800744159,0.7–0.9
MLDB-003155,SMILES,0.82,True,0.3110444733739602,0.7–0.9
MLDB-003164,SMILES,0.16901408450704225,False,1.649710308935416,<0.3
MLDB-003165,SMILES,0.8305084745762712,True,0.7321906964877043,0.7–0.9
MLDB-003169,SMILES,0.75,True,0.4863611791436438,0.7–0.9
MLDB-003189,SMILES,0.8529411764705882,True,0.2248140650762251,0.7–0.9
MLDB-003196,SMILES,0.7466666666666667,True,0.2767240940936291,0.7–0.9
MLDB-003197,SMILES,0.6883116883116883,True,0.2660158279525315,0.5–0.7
MLDB-003198,SMILES,0.6741573033707865,True,0.7249294435549358,0.5–0.7
MLDB-003204,SMILES,0.5,True,0.8320316905760187,0.5–0.7
MLDB-003210,SMILES,0.4536082474226804,True,0.0976026035098356,0.3–0.5
MLDB-003214,SMILES,0.7777777777777778,True,1.7239286466977877,0.7–0.9
MLDB-003235,SMILES,0.8279569892473119,True,0.2741607212024562,0.7–0.9
MLDB-003236,SMILES,0.8279569892473119,True,0.0047259835759813,0.7–0.9
MLDB-003247,SMILES,0.8461538461538461,True,0.5148081361503484,0.7–0.9
MLDB-003250,SMILES,0.8461538461538461,True,0.4387585048945845,0.7–0.9
MLDB-003253,SMILES,0.8301886792452831,True,0.0190762978770308,0.7–0.9
MLDB-003264,SMILES,0.8484848484848485,True,0.0360645554321213,0.7–0.9
MLDB-003288,SMILES,0.723404255319149,True,0.0142185613007266,0.7–0.9
MLDB-003289,SMILES,0.7674418604651163,True,0.0954575057779843,0.7–0.9
MLDB-003296,SMILES,0.8354430379746836,True,0.1218292395683486,0.7–0.9
MLDB-003299,SMILES,0.891566265060241,True,0.295477416787306,0.7–0.9
MLDB-003304,SMILES,0.9166666666666666,True,0.0009644856903752,≥0.9
MLDB-003316,SMILES,0.75,True,0.5386561422075866,0.7–0.9
MLDB-003317,SMILES,0.907563025210084,True,0.1938495298068607,≥0.9
MLDB-003340,SMILES,0.8674698795180723,True,0.6485546964398876,0.7–0.9
MLDB-003358,SMILES,0.7395833333333334,True,0.0288912512336607,0.7–0.9
MLDB-003369,SMILES,0.8305084745762712,True,0.621892996925453,0.7–0.9
MLDB-003378,SMILES,0.8529411764705882,True,0.4718991393140113,0.7–0.9
MLDB-003401,SMILES,0.9534883720930233,True,0.3105748798431629,≥0.9
MLDB-003410,SMILES,0.9726027397260274,True,0.1681829174136971,≥0.9
MLDB-003412,SMILES,0.9726027397260274,True,0.1949194499723814,≥0.9
MLDB-003425,SMILES,0.7913043478260869,True,0.2234287131790775,0.7–0.9
MLDB-003441,SMILES,0.9318181818181818,True,0.1854463006927537,≥0.9
MLDB-003450,SMILES,0.673202614379085,True,0.1796569223481244,0.5–0.7
MLDB-003474,SMILES,0.9285714285714286,True,0.1459257130076054,≥0.9
MLDB-003495,SMILES,0.7951807228915663,True,1.1232505298652078,0.7–0.9
MLDB-003498,SMILES,0.8902439024390244,True,0.0571763983492737,0.7–0.9
MLDB-003500,SMILES,0.7740112994350282,True,0.6472313007884992,0.7–0.9
MLDB-003513,SMILES,0.9623430962343096,True,0.0086246857191178,≥0.9
MLDB-003518,SMILES,0.9688581314878892,True,0.1863850415335054,≥0.9
MLDB-003526,SMILES,0.8734177215189873,True,0.1272307285575021,0.7–0.9
MLDB-003531,SMILES,0.8305084745762712,True,0.2547677277336808,0.7–0.9
MLDB-003555,SMILES,0.8943089430894309,True,0.2021429182405318,0.7–0.9
MLDB-003562,SMILES,0.8321678321678322,True,0.7543634899089184,0.7–0.9
MLDB-003591,SMILES,0.8897058823529411,True,0.3578364514753507,0.7–0.9
MLDB-003597,SMILES,0.9278846153846154,True,0.2473409439319529,≥0.9
MLDB-003610,SMILES,0.7090909090909091,True,0.334355488456446,0.7–0.9
MLDB-003617,SMILES,0.6690647482014388,True,0.0202784860288585,0.5–0.7
MLDB-003628,SMILES,0.8994974874371859,True,0.1291356736630537,0.7–0.9
MLDB-003633,SMILES,0.8452380952380952,True,0.0368712963415951,0.7–0.9
MLDB-003639,SMILES,0.934010152284264,True,0.1108472385644341,≥0.9
MLDB-003642,SMILES,0.8045977011494253,True,2.0448821464999183,0.7–0.9
MLDB-003656,SMILES,0.6013071895424836,True,0.2496918441582916,0.5–0.7
MLDB-003665,SMILES,0.782608695652174,True,0.6711122321035335,0.7–0.9
MLDB-003681,SMILES,0.9069767441860465,True,0.1666844885609503,≥0.9
MLDB-003700,SMILES,0.9183673469387755,True,0.0191268328627105,≥0.9
MLDB-003702,SMILES,0.9148936170212766,True,0.1959070143324968,≥0.9
MLDB-003710,SMILES,0.9120879120879121,True,0.2429103704094568,≥0.9
MLDB-003730,SMILES,0.6809815950920245,True,0.1992418777998894,0.5–0.7
MLDB-003734,SMILES,0.8172043010752689,True,0.3891830554074071,0.7–0.9
MLDB-003740,SMILES,0.5897435897435898,True,0.5942089974359762,0.5–0.7
MLDB-003751,SMILES,0.6057692307692307,True,0.1722788452668665,0.5–0.7
MLDB-003754,SMILES,0.6597938144329897,True,0.2532759997983645,0.5–0.7
MLDB-003755,SMILES,0.7477477477477478,True,2.670500287759192,0.7–0.9
MLDB-003771,SMILES,0.7878787878787878,True,0.307939367741167,0.7–0.9
MLDB-003772,SMILES,0.7012987012987013,True,0.194842393346343,0.7–0.9
MLDB-003806,SMILES,0.8305084745762712,True,0.5198596318864153,0.7–0.9
MLDB-003815,SMILES,0.8757062146892656,True,0.6416740003569386,0.7–0.9
MLDB-003821,SMILES,0.8305084745762712,True,0.6121926608119985,0.7–0.9
MLDB-003837,SMILES,0.7017543859649122,True,0.1486135559096177,0.7–0.9
MLDB-003845,SMILES,0.8830409356725146,True,0.708770845408774,0.7–0.9
MLDB-003850,SMILES,0.9032258064516129,True,0.0097417389550695,≥0.9
MLDB-003859,SMILES,0.8037974683544303,True,0.390131361144307,0.7–0.9
MLDB-003872,SMILES,0.7227722772277227,True,0.5399482394753982,0.7–0.9
MLDB-003877,SMILES,0.8305084745762712,True,0.9281070030745472,0.7–0.9
MLDB-003881,SMILES,0.8829268292682927,True,0.4365513547819161,0.7–0.9
MLDB-003882,SMILES,0.8305084745762712,True,0.5560115706364026,0.7–0.9
MLDB-003886,SMILES,0.8829268292682927,True,0.0832530609948367,0.7–0.9
MLDB-003896,SMILES,0.7142857142857143,True,0.1602185125482754,0.7–0.9
MLDB-003898,SMILES,0.734375,True,1.0915543375893968,0.7–0.9
MLDB-003942,SMILES,0.9438202247191011,True,0.4753469933866894,≥0.9
MLDB-003943,SMILES,0.9438202247191011,True,0.4101152481853052,≥0.9
MLDB-003944,SMILES,0.9438202247191011,True,0.3434038655230839,≥0.9
MLDB-003958,SMILES,0.6296296296296297,True,0.5722115828917357,0.5–0.7
MLDB-003967,SMILES,0.8705035971223022,True,0.2608538819074895,0.7–0.9
MLDB-004000,SMILES,0.8947368421052632,True,1.2663462157413772,0.7–0.9
MLDB-004007,SMILES,0.9010989010989011,True,0.2463817876125432,≥0.9
MLDB-004012,SMILES,0.7206703910614525,True,0.7823695813186857,0.7–0.9
MLDB-004022,SMILES,0.7111111111111111,True,0.4515967871778691,0.7–0.9
MLDB-004046,SMILES,0.8762886597938144,True,0.0955456642812093,0.7–0.9
MLDB-004058,SMILES,0.6941747572815534,True,0.0701226543828779,0.5–0.7
MLDB-004064,SMILES,0.7745098039215687,True,0.1013727476166992,0.7–0.9
MLDB-004080,SMILES,0.7371428571428571,True,1.3932023663188264,0.7–0.9
MLDB-004084,SMILES,0.9285714285714286,True,0.2112007171688221,≥0.9
MLDB-004090,SMILES,0.85625,True,0.5556824044386945,0.7–0.9
MLDB-004145,SMILES,0.5608465608465608,True,0.5076599900168131,0.5–0.7
MLDB-004163,SMILES,0.6751269035532995,True,0.9963467144469248,0.5–0.7
MLDB-004165,SMILES,0.6741071428571429,True,0.3896477604864761,0.5–0.7
MLDB-004167,SMILES,0.6751269035532995,True,1.042604849865011,0.5–0.7
MLDB-004169,SMILES,0.6741071428571429,True,0.999667794719447,0.5–0.7
MLDB-004188,SMILES,0.8068181818181818,True,0.8189802433565538,0.7–0.9
MLDB-004195,SMILES,0.6974789915966386,True,0.4800153194591119,0.5–0.7
MLDB-004196,SMILES,0.7606837606837606,True,0.8686236083691194,0.7–0.9
MLDB-004222,SMILES,0.7625,True,0.7116115587980009,0.7–0.9
MLDB-004229,SMILES,0.7619047619047619,True,0.4750758540863922,0.7–0.9
MLDB-004231,SMILES,0.75,True,0.1725798318213442,0.7–0.9
MLDB-004235,SMILES,0.6825396825396826,False,0.1718706397810671,0.5–0.7
MLDB-004237,SMILES,1.0,True,0.4864011877086686,≥0.9
MLDB-004250,SMILES,0.8529411764705882,True,0.3403159424221124,0.7–0.9
MLDB-004265,SMILES,0.79,True,0.085391668011467,0.7–0.9
MLDB-004276,SMILES,0.795774647887324,True,0.674110799714778,0.7–0.9
MLDB-004283,SMILES,0.7938144329896907,True,0.1181729715504356,0.7–0.9
MLDB-004286,SMILES,0.8581560283687943,True,0.5528577753614639,0.7–0.9
MLDB-004296,SMILES,0.7222222222222222,True,0.3857194316052026,0.7–0.9
MLDB-004303,SMILES,0.6086956521739131,True,0.7241972862300641,0.5–0.7
MLDB-004309,SMILES,0.5348837209302325,True,0.0586537583482515,0.5–0.7
MLDB-004334,SMILES,0.7325581395348837,True,0.2224581588119882,0.7–0.9
MLDB-004344,SMILES,0.6867469879518072,True,1.7937855168086871,0.5–0.7
MLDB-004360,SMILES,0.46153846153846156,True,1.2533272451823738,0.3–0.5
MLDB-004368,SMILES,0.9435483870967742,True,0.8386464595670247,≥0.9
MLDB-004386,SMILES,0.8829268292682927,True,0.3034486452180839,0.7–0.9
MLDB-004400,SMILES,0.746268656716418,True,0.2027663297991259,0.7–0.9
MLDB-004401,SMILES,0.8305084745762712,True,0.4283165282158545,0.7–0.9
MLDB-004423,SMILES,0.627906976744186,True,0.3053092985475728,0.5–0.7
MLDB-004427,SMILES,0.6,True,0.1129088765918033,0.5–0.7
MLDB-004428,SMILES,0.9354838709677419,True,0.3129728418176269,≥0.9
MLDB-004458,SMILES,0.6904761904761905,True,0.6067482095017014,0.5–0.7
MLDB-004461,SMILES,0.7785234899328859,False,1.5132657285640434,0.7–0.9
MLDB-004463,SMILES,0.7616580310880829,True,0.4088548032636919,0.7–0.9
MLDB-004467,SMILES,0.6907216494845361,True,0.3179476831777985,0.5–0.7
MLDB-004492,SMILES,0.8823529411764706,True,0.4963628984975543,0.7–0.9
MLDB-004543,SMILES,0.8285714285714286,True,0.8935328760696145,0.7–0.9
MLDB-004547,SMILES,0.828125,True,0.6406070531413351,0.7–0.9
MLDB-004556,SMILES,0.7096774193548387,True,0.4888468934083099,0.7–0.9
MLDB-004557,SMILES,0.6388888888888888,True,0.4825098208119719,0.5–0.7
MLDB-004562,SMILES,0.8373983739837398,True,0.1501089656459173,0.7–0.9
MLDB-004622,SMILES,0.8021978021978022,True,0.2747345144478714,0.7–0.9
MLDB-004626,SMILES,0.6666666666666666,True,1.036134825568,0.5–0.7
MLDB-004636,SMILES,0.8829268292682927,True,0.1422845816775291,0.7–0.9
MLDB-004657,SMILES,0.8305084745762712,True,0.7147677277336808,0.7–0.9
MLDB-004670,SMILES,0.8431372549019608,True,0.5667784395713404,0.7–0.9
MLDB-004671,SMILES,0.8018018018018018,True,0.1529552568913827,0.7–0.9
MLDB-004674,SMILES,0.8035714285714286,True,0.2632187793553083,0.7–0.9
MLDB-004675,SMILES,0.47368421052631576,True,0.172785138244966,0.3–0.5
MLDB-004712,SMILES,0.7482517482517482,True,0.2293185291468001,0.7–0.9
MLDB-004721,SMILES,0.8625,True,0.6732587817629777,0.7–0.9
MLDB-004722,SMILES,0.8625,True,0.3601669892940773,0.7–0.9
MLDB-004723,SMILES,0.8589743589743589,True,0.3134005599444641,0.7–0.9
MLDB-004732,SMILES,0.65625,True,0.8085201708616481,0.5–0.7
MLDB-004742,SMILES,0.9017094017094017,True,0.0154939324318178,≥0.9
MLDB-004764,SMILES,0.8068965517241379,True,0.2032843300308189,0.7–0.9
MLDB-004769,SMILES,0.6382978723404256,True,0.4862962452856991,0.5–0.7
MLDB-004777,SMILES,0.7169811320754716,True,0.6979672842926659,0.7–0.9
MLDB-004780,SMILES,0.7894736842105263,True,0.087398813112016,0.7–0.9
MLDB-004796,SMILES,0.8536585365853658,True,0.6313078803094962,0.7–0.9
MLDB-004798,SMILES,0.9104477611940298,True,0.7420550045762924,≥0.9
MLDB-004816,SMILES,0.40425531914893614,False,0.1423204499658055,0.3–0.5
MLDB-004817,SMILES,0.40425531914893614,False,1.3476795500341945,0.3–0.5
MLDB-004819,SMILES,0.5096774193548387,True,0.2993701215462454,0.5–0.7
MLDB-004826,SMILES,0.9777777777777777,True,0.7739232752032684,≥0.9
MLDB-004838,SMILES,1.0,True,0.0639302463571851,≥0.9
MLDB-004844,SMILES,0.8645833333333334,True,1.192929094743131,0.7–0.9
MLDB-004845,SMILES,0.8645833333333334,True,1.5266200129642276,0.7–0.9
MLDB-004863,SMILES,0.5882352941176471,True,0.1321043790224594,0.5–0.7
MLDB-004875,SMILES,0.6056338028169014,True,0.2559899859829621,0.5–0.7
MLDB-004885,SMILES,0.6774193548387096,True,0.7696283183690714,0.5–0.7
MLDB-004888,SMILES,0.8715596330275229,True,0.3591440389210802,0.7–0.9
MLDB-004897,SMILES,0.9565217391304348,True,0.3757005242669566,≥0.9
MLDB-004920,SMILES,0.9074074074074074,True,0.1257742808774657,≥0.9
MLDB-004939,SMILES,0.7558139534883721,True,1.4004877914769014,0.7–0.9
MLDB-004955,SMILES,0.845360824742268,True,0.245427980574976,0.7–0.9
MLDB-004970,SMILES,0.550561797752809,True,0.7990877300363568,0.5–0.7
MLDB-004971,SMILES,0.6434782608695652,True,0.020249080125126,0.5–0.7
MLDB-004979,SMILES,0.75,True,0.0725176451752227,0.7–0.9
MLDB-004989,SMILES,0.7049180327868853,True,0.3594747309682108,0.7–0.9
MLDB-005007,SMILES,0.8617886178861789,True,0.503383427517766,0.7–0.9
MLDB-005023,SMILES,0.8305084745762712,True,1.8381070030745468,0.7–0.9
MLDB-005024,SMILES,0.8305084745762712,True,1.144767727733681,0.7–0.9
MLDB-005034,SMILES,0.9475982532751092,True,0.6416677733969909,≥0.9
MLDB-005042,SMILES,0.8135593220338984,True,1.5427530614806348,0.7–0.9
MLDB-005084,SMILES,0.36213991769547327,False,0.4720434173553387,0.3–0.5
MLDB-005100,SMILES,0.6451612903225806,True,0.6143106999367869,0.5–0.7
MLDB-005104,SMILES,0.9395348837209302,True,0.6353324245707386,≥0.9
MLDB-005125,SMILES,0.6914893617021277,True,0.5020226071987437,0.5–0.7
MLDB-005150,SMILES,0.6101694915254238,True,0.4398708374947562,0.5–0.7
MLDB-005156,SMILES,0.788135593220339,True,0.866052214322959,0.7–0.9
MLDB-000006,SMILES,1.0,True,0.3994555701009386,≥0.9
MLDB-000010,SMILES,0.8888888888888888,True,0.3821225553645252,0.7–0.9
MLDB-000023,SMILES,0.7790055248618785,True,0.2999948267342474,0.7–0.9
MLDB-000024,SMILES,0.69377990430622,True,0.5903866167485481,0.5–0.7
MLDB-000028,SMILES,0.78125,True,1.3251476965431697,0.7–0.9
MLDB-000032,SMILES,0.559322033898305,True,0.2913235363153847,0.5–0.7
MLDB-000038,SMILES,0.797752808988764,True,1.447050060900804,0.7–0.9
MLDB-000055,SMILES,0.9743589743589743,True,0.7004077793265966,≥0.9
MLDB-000062,SMILES,0.7560975609756098,True,1.1892333499144627,0.7–0.9
MLDB-000071,SMILES,0.75,True,0.7350301769731589,0.7–0.9
MLDB-000075,SMILES,0.8416666666666667,True,1.3958730015564549,0.7–0.9
MLDB-000088,SMILES,0.9144736842105263,True,0.0720760646537005,≥0.9
MLDB-000094,SMILES,0.9433962264150944,True,0.2070915669649922,≥0.9
MLDB-000100,SMILES,0.7604166666666666,True,0.1204032393118186,0.7–0.9
MLDB-000112,SMILES,0.8561151079136691,True,0.9370151332821052,0.7–0.9
MLDB-000117,SMILES,0.813953488372093,True,1.1715959356711236,0.7–0.9
MLDB-000119,SMILES,0.816793893129771,True,0.2399865781105454,0.7–0.9
MLDB-000125,SMILES,0.9166666666666666,True,0.043621648819754,≥0.9
MLDB-000126,SMILES,0.8863636363636364,True,0.4372618430759309,0.7–0.9
MLDB-000141,SMILES,0.884393063583815,True,0.174646384086647,0.7–0.9
MLDB-000148,SMILES,0.7947368421052632,True,0.3797444914984778,0.7–0.9
MLDB-000151,SMILES,0.8442622950819673,True,1.1219302924574053,0.7–0.9
MLDB-000159,SMILES,0.8529411764705882,True,0.2971232173788034,0.7–0.9
MLDB-000163,SMILES,0.8442622950819673,True,0.5151768699817224,0.7–0.9
MLDB-000171,SMILES,0.8529411764705882,True,0.5775704242884254,0.7–0.9
MLDB-000173,SMILES,0.6363636363636364,True,0.2049853484901387,0.5–0.7
MLDB-000174,SMILES,0.6595744680851063,True,0.0266471770999761,0.5–0.7
MLDB-000179,SMILES,0.8837209302325582,True,0.2104133366211946,0.7–0.9
MLDB-000186,SMILES,0.8923076923076924,True,0.4351545054002392,0.7–0.9
MLDB-000195,SMILES,0.8153846153846154,True,0.3140145040284228,0.7–0.9
MLDB-000196,SMILES,0.890625,True,0.3470195888483369,0.7–0.9
MLDB-000200,SMILES,0.75,True,0.5957566352001518,0.7–0.9
MLDB-000224,SMILES,0.5254237288135594,True,1.8827673586383535,0.5–0.7
MLDB-000225,SMILES,0.5254237288135594,True,0.1470840234071053,0.5–0.7
MLDB-000227,SMILES,0.8085106382978723,True,0.4695099525600648,0.7–0.9
MLDB-000237,SMILES,0.8130841121495327,True,0.1767735908953571,0.7–0.9
MLDB-000243,SMILES,0.8011695906432749,True,0.6739260900967496,0.7–0.9
MLDB-000247,SMILES,0.6229508196721312,True,0.412235242975092,0.5–0.7
MLDB-000263,SMILES,0.7674418604651163,True,0.4953408490373864,0.7–0.9
MLDB-000269,SMILES,0.8287292817679558,True,0.2542052955437271,0.7–0.9
MLDB-000270,SMILES,0.7211538461538461,True,0.3778700605689041,0.7–0.9
MLDB-000275,SMILES,0.8956521739130435,True,0.0706010121778418,0.7–0.9
MLDB-000283,SMILES,0.8682170542635659,True,0.7452481161702171,0.7–0.9
MLDB-000289,SMILES,0.5918367346938775,True,1.022539626221851,0.5–0.7
MLDB-000294,SMILES,0.9753086419753086,True,0.6468739468761453,≥0.9
MLDB-000314,SMILES,0.75,True,0.4114177100605453,0.7–0.9
MLDB-000316,SMILES,0.5087719298245614,True,0.8753309446621661,0.5–0.7
MLDB-000326,SMILES,0.9064327485380117,True,0.3307898143502535,≥0.9
MLDB-000328,SMILES,0.89937106918239,True,0.2152139964528652,0.7–0.9
MLDB-000335,SMILES,0.9519230769230769,True,0.1417550017365254,≥0.9
MLDB-000349,SMILES,0.8591549295774648,True,0.4232915406845876,0.7–0.9
MLDB-000353,SMILES,0.851063829787234,True,0.1833056067053621,0.7–0.9
MLDB-000363,SMILES,0.9254658385093167,True,0.3965214662402269,≥0.9
MLDB-000376,SMILES,0.8,True,1.163809577599143,0.7–0.9
MLDB-000381,SMILES,0.9878048780487805,True,0.1442417861410293,≥0.9
MLDB-000391,SMILES,0.7530864197530864,True,0.479726216914317,0.7–0.9
MLDB-000405,SMILES,0.7403846153846154,True,0.376026566301304,0.7–0.9
MLDB-000425,SMILES,0.7616580310880829,True,0.7293294573969951,0.7–0.9
MLDB-000431,SMILES,0.8014184397163121,True,0.5614980612032754,0.7–0.9
MLDB-000440,SMILES,0.849624060150376,True,1.0254982099434151,0.7–0.9
MLDB-000454,SMILES,0.7530864197530864,True,0.774975367935284,0.7–0.9
MLDB-000477,SMILES,0.801980198019802,True,0.2448627647221883,0.7–0.9
MLDB-000491,SMILES,0.9085714285714286,True,0.2425389897821337,≥0.9
MLDB-000521,SMILES,0.9159663865546218,True,0.8472508935961761,≥0.9
MLDB-000535,SMILES,0.9069767441860465,True,0.2077765530890114,≥0.9
MLDB-000544,SMILES,0.8757062146892656,True,0.6910827126034607,0.7–0.9
MLDB-000549,SMILES,0.7375,True,0.7628267854186059,0.7–0.9
MLDB-000551,SMILES,0.8108108108108109,True,0.2313243770715645,0.7–0.9
MLDB-000558,SMILES,0.7676767676767676,True,0.2997899961929569,0.7–0.9
MLDB-000564,SMILES,0.68,True,0.0349949164273525,0.5–0.7
MLDB-000580,SMILES,0.7291666666666666,True,0.5738907045881034,0.7–0.9
MLDB-000587,SMILES,0.6705882352941176,True,0.8160209957676758,0.5–0.7
MLDB-000610,SMILES,0.8554216867469879,True,0.0219856714798996,0.7–0.9
MLDB-000654,SMILES,0.8198198198198198,True,1.857323098890037,0.7–0.9
MLDB-000655,SMILES,0.8217054263565892,True,0.997469033472316,0.7–0.9
MLDB-000664,SMILES,0.7804878048780488,True,0.9118089064233372,0.7–0.9
MLDB-000668,SMILES,0.8905109489051095,True,0.2290213689441235,0.7–0.9
MLDB-000673,SMILES,0.625,True,0.7952622831797465,0.5–0.7
MLDB-000697,SMILES,0.71875,True,0.3221630279775575,0.7–0.9
MLDB-000699,SMILES,0.8375,True,1.322025742832441,0.7–0.9
MLDB-000722,SMILES,0.7802197802197802,True,1.0494535594167933,0.7–0.9
MLDB-000736,SMILES,0.8293838862559242,True,0.282404497333808,0.7–0.9
MLDB-000740,SMILES,0.9178743961352657,True,0.7809127886923242,≥0.9
MLDB-000749,SMILES,0.9178743961352657,True,0.3954623055720858,≥0.9
MLDB-000752,SMILES,0.8529411764705882,True,0.4775704242884253,0.7–0.9
MLDB-000753,SMILES,0.8529411764705882,True,0.0971232173788034,0.7–0.9
MLDB-000754,SMILES,0.8529411764705882,True,0.1530416350982641,0.7–0.9
MLDB-000769,SMILES,0.7606382978723404,True,1.087393009189884,0.7–0.9
MLDB-000771,SMILES,0.6787878787878788,True,0.2040482639873639,0.5–0.7
MLDB-000773,SMILES,0.6787878787878788,True,0.3083063489484869,0.5–0.7
MLDB-000797,SMILES,0.8333333333333334,True,0.1472049403848051,0.7–0.9
MLDB-000803,SMILES,0.8404255319148937,True,0.1826260175503818,0.7–0.9
MLDB-000812,SMILES,0.7837837837837838,True,0.4886855193757953,0.7–0.9
MLDB-000844,SMILES,0.8956521739130435,True,0.0855279025355085,0.7–0.9
MLDB-000848,SMILES,0.8609271523178808,True,0.3315784205711053,0.7–0.9
MLDB-000870,SMILES,0.7103448275862069,True,0.0912702220168917,0.7–0.9
MLDB-000872,SMILES,0.5076923076923077,True,1.031253893486747,0.5–0.7
MLDB-000876,SMILES,0.7948717948717948,True,0.1190898856788316,0.7–0.9
MLDB-000893,SMILES,0.8275862068965517,True,0.1274776981126335,0.7–0.9
MLDB-000903,SMILES,0.6875,True,0.159510006258538,0.5–0.7
MLDB-000919,SMILES,0.7066666666666667,True,0.416896498444724,0.7–0.9
MLDB-000920,SMILES,0.8285714285714286,True,0.2381186296053027,0.7–0.9
MLDB-000942,SMILES,0.8977272727272727,True,0.2415633933530668,0.7–0.9
MLDB-000950,SMILES,0.5327102803738317,True,1.050747078424209,0.5–0.7
MLDB-000951,SMILES,0.6837606837606838,True,0.2159886742047407,0.5–0.7
MLDB-000959,SMILES,0.8557213930348259,True,0.1679786232417551,0.7–0.9
MLDB-000968,SMILES,0.8421052631578947,True,0.7925371440237949,0.7–0.9
MLDB-000975,SMILES,0.9178743961352657,True,0.369132939182339,≥0.9
MLDB-000980,SMILES,0.847457627118644,True,0.1419403473655023,0.7–0.9
MLDB-001014,SMILES,0.8115942028985508,True,0.4649495562685408,0.7–0.9
MLDB-001020,SMILES,0.8533333333333334,True,0.3331345630083491,0.7–0.9
MLDB-001029,SMILES,0.9176470588235294,True,0.8798978894776571,≥0.9
MLDB-001038,SMILES,0.975609756097561,True,1.2509138935040205,≥0.9
MLDB-001054,SMILES,0.7763157894736842,True,0.6016882841212817,0.7–0.9
MLDB-001066,SMILES,0.896551724137931,True,0.4338772163904012,0.7–0.9
MLDB-001075,SMILES,0.9743589743589743,True,0.6257499901142363,≥0.9
MLDB-001080,SMILES,0.7049180327868853,True,0.6650194326114436,0.7–0.9
MLDB-001084,SMILES,0.7142857142857143,True,0.019003969740916,0.7–0.9
MLDB-001091,SMILES,0.8689655172413793,True,0.4718996209522429,0.7–0.9
MLDB-001092,SMILES,0.875,True,0.0869343062206409,0.7–0.9
MLDB-001097,SMILES,0.686046511627907,True,1.0241289676326994,0.5–0.7
MLDB-001100,SMILES,0.8064516129032258,True,0.1016603458589306,0.7–0.9
MLDB-001106,SMILES,0.6423357664233577,True,0.1925244434167143,0.5–0.7
MLDB-001148,SMILES,0.68,True,0.4755429948687609,0.5–0.7
MLDB-001150,SMILES,0.68,True,0.2939847319626159,0.5–0.7
MLDB-001152,SMILES,0.68,True,0.9652308786337672,0.5–0.7
MLDB-001157,SMILES,0.893491124260355,True,0.5800815079369002,0.7–0.9
MLDB-001166,SMILES,0.7687074829931972,True,0.3501073766944607,0.7–0.9
MLDB-001178,SMILES,0.8666666666666667,True,0.4297207841418364,0.7–0.9
MLDB-001183,SMILES,0.8266666666666667,True,0.0402195694104947,0.7–0.9
MLDB-001207,SMILES,0.8,True,0.561580799100164,0.7–0.9
MLDB-001208,SMILES,0.8157894736842105,True,0.472698161769679,0.7–0.9
MLDB-001212,SMILES,0.8412698412698413,True,0.1146488468700529,0.7–0.9
MLDB-001250,SMILES,0.875,True,0.4978864339478523,0.7–0.9
MLDB-001260,SMILES,0.8888888888888888,True,0.2954516783972527,0.7–0.9
MLDB-001263,SMILES,0.8888888888888888,True,0.0724813921005946,0.7–0.9
MLDB-001266,SMILES,0.8888888888888888,True,0.2937671475103427,0.7–0.9
MLDB-001275,SMILES,0.8469387755102041,True,0.0034231861037978,0.7–0.9
MLDB-001285,SMILES,0.7737226277372263,True,0.0855055005335918,0.7–0.9
MLDB-001289,SMILES,0.8113207547169812,True,0.0324430672630213,0.7–0.9
MLDB-001291,SMILES,0.88,True,0.3679422484264855,0.7–0.9
MLDB-001298,SMILES,0.6792452830188679,True,0.2197122499316669,0.5–0.7
MLDB-001305,SMILES,0.9166666666666666,True,0.0004526045402264,≥0.9
MLDB-001307,SMILES,0.8863636363636364,True,0.1298056520700343,0.7–0.9
MLDB-001315,SMILES,0.8529411764705882,True,0.2427888579789379,0.7–0.9
MLDB-001317,SMILES,0.8975903614457831,True,0.2039637638956972,0.7–0.9
MLDB-001334,SMILES,0.8604651162790697,True,0.2414946618587879,0.7–0.9
MLDB-001355,SMILES,0.6103896103896104,True,0.3418956759331836,0.5–0.7
MLDB-001359,SMILES,0.7899159663865546,True,0.8075266129457618,0.7–0.9
MLDB-001365,SMILES,0.7720588235294118,True,0.0589406427059159,0.7–0.9
MLDB-001378,SMILES,0.9325842696629213,True,0.248234831237313,≥0.9
MLDB-001381,SMILES,0.9398496240601504,True,0.416158182795783,≥0.9
MLDB-001392,SMILES,0.6888888888888889,False,0.8575324368296052,0.5–0.7
MLDB-001403,SMILES,0.84,True,0.4484174155898358,0.7–0.9
MLDB-001405,SMILES,0.84,True,0.3638754516387723,0.7–0.9
MLDB-001415,SMILES,0.8690476190476191,True,0.4298043977674481,0.7–0.9
MLDB-001428,SMILES,0.9148936170212766,True,0.1361176828808998,≥0.9
MLDB-001441,SMILES,0.7277777777777777,True,0.5422163490281042,0.7–0.9
MLDB-001445,SMILES,0.9381443298969072,True,0.0252795935714118,≥0.9
MLDB-001447,SMILES,1.0,True,0.4468762818020451,≥0.9
MLDB-001448,SMILES,1.0,True,0.4383353395009774,≥0.9
MLDB-001458,SMILES,0.8228571428571428,True,0.2874448607364777,0.7–0.9
MLDB-001505,SMILES,0.9631901840490797,True,0.0143876972651537,≥0.9
MLDB-001512,SMILES,0.8682170542635659,True,0.161392234920388,0.7–0.9
MLDB-001522,SMILES,0.6470588235294118,True,0.3892093422184796,0.5–0.7
MLDB-001523,SMILES,0.6470588235294118,True,0.5515370444296636,0.5–0.7
MLDB-001524,SMILES,0.6470588235294118,True,0.6250690443616016,0.5–0.7
MLDB-001542,SMILES,0.8529411764705882,True,0.2024295757115743,0.7–0.9
MLDB-001552,SMILES,0.8529411764705882,True,0.3174164391831119,0.7–0.9
MLDB-001553,SMILES,0.6368715083798883,True,0.4543168012743709,0.5–0.7
MLDB-001556,SMILES,0.9178743961352657,True,0.2669127886923241,≥0.9
MLDB-001562,SMILES,0.6857142857142857,True,0.1863985731134996,0.5–0.7
MLDB-001567,SMILES,0.5340909090909091,True,0.2444006372734687,0.5–0.7
MLDB-001585,SMILES,0.8596491228070176,True,0.2001842724426814,0.7–0.9
MLDB-001618,SMILES,0.6617647058823529,True,0.3672204320443164,0.5–0.7
MLDB-001621,SMILES,0.5873015873015873,True,0.0467292290407043,0.5–0.7
MLDB-001663,SMILES,0.8256410256410256,True,0.1408444104901087,0.7–0.9
MLDB-001664,SMILES,0.8256410256410256,True,0.6940979825742097,0.7–0.9
MLDB-001677,SMILES,0.8871794871794871,True,0.2283394582137976,0.7–0.9
MLDB-001678,SMILES,0.8871794871794871,True,0.4142441609874998,0.7–0.9
MLDB-001714,SMILES,0.7288135593220338,True,0.2629711565206211,0.7–0.9
MLDB-001717,SMILES,0.8977272727272727,True,0.23595548842812,0.7–0.9
MLDB-001722,SMILES,0.4074074074074074,True,1.6206893836347336,0.3–0.5
MLDB-001728,SMILES,0.7634408602150538,True,0.3895607475886524,0.7–0.9
MLDB-001764,SMILES,0.8831168831168831,True,0.0552899206746178,0.7–0.9
MLDB-001765,SMILES,0.8831168831168831,True,0.2251995819475984,0.7–0.9
MLDB-001788,SMILES,0.8947368421052632,True,0.7273985196362811,0.7–0.9
MLDB-001808,SMILES,0.9436619718309859,True,1.1107418715041266,≥0.9
MLDB-001811,SMILES,0.74,True,0.5953652186291598,0.7–0.9
MLDB-001814,SMILES,0.7272727272727273,True,0.3754129601487561,0.7–0.9
MLDB-001846,SMILES,0.6666666666666666,True,0.1069573375458352,0.5–0.7
MLDB-001853,SMILES,0.7468354430379747,True,0.718357817192964,0.7–0.9
MLDB-001861,SMILES,0.8181818181818182,True,0.5300326003611492,0.7–0.9
MLDB-001863,SMILES,0.72,True,0.0972063823699716,0.7–0.9
MLDB-001871,SMILES,0.9032258064516129,True,0.3408644739128763,≥0.9
MLDB-001899,SMILES,0.9483870967741935,True,0.4247429217604097,≥0.9
MLDB-001906,SMILES,0.8695652173913043,True,0.5791437288842118,0.7–0.9
MLDB-001912,SMILES,0.3548387096774194,True,0.1663443169923135,0.3–0.5
MLDB-001914,SMILES,0.5161290322580645,True,0.1382758647451407,0.5–0.7
MLDB-001926,SMILES,0.8461538461538461,True,0.1719096255514423,0.7–0.9
MLDB-001929,SMILES,0.6666666666666666,True,0.5830426624541647,0.5–0.7
MLDB-001939,SMILES,0.7087378640776699,True,0.2414960722285523,0.7–0.9
MLDB-001942,SMILES,0.6976744186046512,True,0.1071713872620835,0.5–0.7
MLDB-001963,SMILES,0.8307692307692308,True,0.2391038138796951,0.7–0.9
MLDB-001964,SMILES,0.3563218390804598,False,1.044340535336688,0.3–0.5
MLDB-001985,SMILES,0.7681159420289855,True,0.0367398605402222,0.7–0.9
MLDB-001988,SMILES,0.8695652173913043,True,0.6591437288842118,0.7–0.9
MLDB-002004,SMILES,0.9367088607594937,True,0.1584803282938105,≥0.9
MLDB-002008,SMILES,0.7352941176470589,True,0.2987598269632656,0.7–0.9
MLDB-002018,SMILES,0.7391304347826086,True,0.7488144812348188,0.7–0.9
MLDB-002030,SMILES,0.8253968253968254,True,1.5807407268100346,0.7–0.9
MLDB-002031,SMILES,0.8205128205128205,True,2.007018763999693,0.7–0.9
MLDB-002039,SMILES,0.8947368421052632,True,0.2789688865989519,0.7–0.9
MLDB-002054,SMILES,0.421875,True,0.9935518185641128,0.3–0.5
MLDB-002059,SMILES,0.927710843373494,True,0.3168909331609606,≥0.9
MLDB-002063,SMILES,0.927710843373494,True,0.051308193421508,≥0.9
MLDB-002074,SMILES,0.9896907216494846,True,0.2252569531121962,≥0.9
MLDB-002081,SMILES,0.9819819819819819,True,1.177081998319942,≥0.9
MLDB-002098,SMILES,0.6666666666666666,True,1.0424358357158785,0.5–0.7
MLDB-002120,SMILES,0.8690476190476191,True,0.0466291523723141,0.7–0.9
MLDB-002123,SMILES,0.5104895104895105,True,0.0629823406941645,0.5–0.7
MLDB-002129,SMILES,0.9649122807017544,True,0.4674931400238908,≥0.9
MLDB-002134,SMILES,0.9,True,0.5170463092715545,≥0.9
MLDB-002144,SMILES,0.8493150684931506,True,0.0525404993823154,0.7–0.9
MLDB-002147,SMILES,0.8085106382978723,True,0.2904911660941883,0.7–0.9
MLDB-002168,SMILES,0.8690476190476191,True,0.076609198839511,0.7–0.9
MLDB-002175,SMILES,1.0,True,0.1374059171527062,≥0.9
MLDB-002180,SMILES,0.5507246376811594,True,0.20300886072688,0.5–0.7
MLDB-002194,SMILES,0.7653061224489796,True,0.5191035476170707,0.7–0.9
MLDB-002197,SMILES,0.6601941747572816,True,0.9008517205521416,0.5–0.7
MLDB-002200,SMILES,0.8244274809160306,True,0.4163654452327553,0.7–0.9
MLDB-002203,SMILES,0.7931034482758621,True,0.3137416794580258,0.7–0.9
MLDB-002209,SMILES,0.84,True,0.3631967311779101,0.7–0.9
MLDB-002215,SMILES,0.84,True,0.3366628376305222,0.7–0.9
MLDB-002240,SMILES,0.7027027027027027,True,0.1010071900241182,0.7–0.9
MLDB-002265,SMILES,0.82,True,0.3217879112425703,0.7–0.9
MLDB-002268,SMILES,0.7777777777777778,True,0.4095315119161556,0.7–0.9
MLDB-002273,SMILES,0.6097560975609756,True,0.1188381048531138,0.5–0.7
MLDB-002289,SMILES,0.8849557522123894,False,0.1389479046540616,0.7–0.9
MLDB-002298,SMILES,0.7543859649122807,True,0.3197218371913416,0.7–0.9
MLDB-002313,SMILES,0.9772727272727273,True,0.3544438701409302,≥0.9
MLDB-002323,SMILES,0.9381443298969072,True,0.6927309384747213,≥0.9
MLDB-002332,SMILES,0.9647058823529412,True,0.2420581637999919,≥0.9
MLDB-002334,SMILES,0.9659090909090909,True,1.2639453816997284,≥0.9
MLDB-002336,SMILES,0.5018867924528302,False,0.3978719937910892,0.5–0.7
MLDB-002342,SMILES,0.6,False,0.1112936666703532,0.5–0.7
MLDB-002347,SMILES,0.47692307692307695,True,0.2541098519635912,0.3–0.5
MLDB-002371,SMILES,0.86,True,0.2962178092801585,0.7–0.9
MLDB-002390,SMILES,0.7972972972972973,True,0.0055355503388001,0.7–0.9
MLDB-002410,SMILES,0.7345132743362832,True,1.6872512954203196,0.7–0.9
MLDB-002414,SMILES,0.9197080291970803,True,0.4690491977332687,≥0.9
MLDB-002420,SMILES,0.8243243243243243,True,0.7521413681113744,0.7–0.9
MLDB-002443,SMILES,0.7288135593220338,True,0.0342107298535114,0.7–0.9
MLDB-002451,SMILES,0.6979166666666666,True,0.8610250162680466,0.5–0.7
MLDB-002487,SMILES,0.993103448275862,True,0.3053335115495565,≥0.9
MLDB-002490,SMILES,0.9908256880733946,True,0.3354889514137131,≥0.9
MLDB-002499,SMILES,0.8243243243243243,True,0.6267440600264279,0.7–0.9
MLDB-002518,SMILES,0.7464788732394366,True,0.8082198162002076,0.7–0.9
MLDB-002526,SMILES,0.5963302752293578,True,0.6317228708808391,0.5–0.7
MLDB-002530,SMILES,0.5666666666666667,True,0.6264666905783002,0.5–0.7
MLDB-002549,SMILES,0.42857142857142855,True,0.6942852180501364,0.3–0.5
MLDB-002562,SMILES,0.7402597402597403,True,0.5932491708876049,0.7–0.9
MLDB-002581,SMILES,0.5,True,0.0397993043037054,0.5–0.7
MLDB-002586,SMILES,0.9846153846153847,True,0.406924519655358,≥0.9
MLDB-002588,SMILES,0.441025641025641,True,0.5616123916464506,0.3–0.5
MLDB-002599,SMILES,0.6106194690265486,True,0.0503048513412285,0.5–0.7
MLDB-002602,SMILES,0.6949152542372882,True,1.0361929948557955,0.5–0.7
MLDB-002668,SMILES,0.4797979797979798,True,0.1317339877600143,0.3–0.5
MLDB-002669,SMILES,0.4797979797979798,True,0.4766843294606222,0.3–0.5
MLDB-002672,SMILES,0.8484848484848485,True,0.5950174221176737,0.7–0.9
MLDB-002675,SMILES,0.8153846153846154,True,0.0928902974087957,0.7–0.9
MLDB-002690,SMILES,0.7974683544303798,True,0.6746875879471028,0.7–0.9
MLDB-002695,SMILES,0.8622754491017964,True,0.2927721651658938,0.7–0.9
MLDB-002704,SMILES,0.8712121212121212,True,1.0593021220088603,0.7–0.9
MLDB-002708,SMILES,0.8712121212121212,True,1.0319847720408624,0.7–0.9
MLDB-002730,SMILES,0.7692307692307693,True,0.4062365383076963,0.7–0.9
MLDB-002745,SMILES,0.7161016949152542,True,0.1531414326744689,0.7–0.9
MLDB-002751,SMILES,0.8888888888888888,True,0.0106715091709772,0.7–0.9
MLDB-002759,SMILES,0.5319148936170213,True,0.5470247495898723,0.5–0.7
MLDB-002767,SMILES,0.6,True,0.8304991555518679,0.5–0.7
MLDB-002770,SMILES,0.7352941176470589,True,0.0162226737803091,0.7–0.9
MLDB-002779,SMILES,0.8994413407821229,True,0.1494352238170241,0.7–0.9
MLDB-002783,SMILES,0.8076923076923077,True,0.1561579388710279,0.7–0.9
MLDB-002789,SMILES,0.8541666666666666,True,1.82642371089539,0.7–0.9
MLDB-002793,SMILES,0.882051282051282,True,0.54223660927425,0.7–0.9
MLDB-002842,SMILES,0.8125,True,0.2239126873671724,0.7–0.9
MLDB-002845,SMILES,0.8125,True,0.1040873126328276,0.7–0.9
MLDB-002860,SMILES,0.8921568627450981,True,0.115941776035422,0.7–0.9
MLDB-002866,SMILES,0.5913978494623656,True,0.539853040146722,0.5–0.7
MLDB-002877,SMILES,0.7954545454545454,True,0.0232853358651542,0.7–0.9
MLDB-002885,SMILES,0.9178743961352657,True,0.5093609912164737,≥0.9
MLDB-002894,SMILES,0.275,False,0.1705579024740895,<0.3
MLDB-002897,SMILES,0.574468085106383,True,0.3281303754774712,0.5–0.7
MLDB-002899,SMILES,0.863013698630137,True,0.4631402071642287,0.7–0.9
MLDB-002905,SMILES,0.6555555555555556,True,0.5432636803083688,0.5–0.7
MLDB-002906,SMILES,0.5575221238938053,True,0.2230043148580343,0.5–0.7
MLDB-002910,SMILES,0.6555555555555556,True,0.5432636803083688,0.5–0.7
MLDB-002911,SMILES,0.5575221238938053,True,0.3230043148580344,0.5–0.7
MLDB-002915,SMILES,0.6555555555555556,True,0.4432636803083691,0.5–0.7
MLDB-002916,SMILES,0.5575221238938053,True,0.3230043148580344,0.5–0.7
MLDB-002929,SMILES,0.8811881188118812,True,0.0802568640217396,0.7–0.9
MLDB-002931,SMILES,0.8,True,0.2301086925571003,0.7–0.9
MLDB-002937,SMILES,0.5555555555555556,True,0.8844511314218776,0.5–0.7
MLDB-002941,SMILES,0.8,True,0.5094970676960914,0.7–0.9
MLDB-002952,SMILES,0.29411764705882354,True,0.8616566061215707,<0.3
MLDB-002955,SMILES,0.6923076923076923,True,0.668661106968029,0.5–0.7
MLDB-002958,SMILES,0.5918367346938775,True,1.205511664165409,0.5–0.7
MLDB-002961,SMILES,0.7880794701986755,True,0.519030392696501,0.7–0.9
MLDB-002978,SMILES,0.9008264462809917,True,0.9992457443186644,≥0.9
MLDB-002980,SMILES,0.7525773195876289,True,0.5254301675883573,0.7–0.9
MLDB-002982,SMILES,0.952755905511811,True,0.4049197282437021,≥0.9
MLDB-002992,SMILES,1.0,True,0.3348437188981934,≥0.9
MLDB-002998,SMILES,0.6986301369863014,True,0.0478502123292604,0.5–0.7
MLDB-002999,SMILES,0.6623376623376623,True,0.0490803124342071,0.5–0.7
MLDB-003032,SMILES,0.38271604938271603,True,2.031582473704902,0.3–0.5
MLDB-003035,SMILES,0.5953757225433526,True,0.2980548203618979,0.5–0.7
MLDB-003067,SMILES,0.7894736842105263,True,0.3518511795323309,0.7–0.9
MLDB-003074,SMILES,0.6271186440677966,True,0.1406132447096274,0.5–0.7
MLDB-003077,SMILES,0.9509803921568627,True,0.3392344331268507,≥0.9
MLDB-003078,SMILES,0.6703296703296703,True,0.248579823844719,0.5–0.7
MLDB-003086,SMILES,0.24358974358974358,True,0.6460293915384455,<0.3
MLDB-003092,SMILES,0.7966101694915254,True,0.2138761658618731,0.7–0.9
MLDB-003117,SMILES,0.7831325301204819,True,0.2548932024785493,0.7–0.9
MLDB-003119,SMILES,0.7727272727272727,True,0.0589814760696032,0.7–0.9
MLDB-003139,SMILES,0.9156626506024096,True,0.6574869808946169,≥0.9
MLDB-003143,SMILES,0.9156626506024096,True,0.0464310319357392,≥0.9
MLDB-003150,SMILES,0.8461538461538461,True,0.1295254446175506,0.7–0.9
MLDB-003154,SMILES,0.8387096774193549,True,0.3039420517732139,0.7–0.9
MLDB-003158,SMILES,0.82,True,0.1243031913134131,0.7–0.9
MLDB-003166,SMILES,0.8529411764705882,True,0.4654199219523339,0.7–0.9
MLDB-003167,SMILES,0.6368715083798883,True,0.3571945641332436,0.5–0.7
MLDB-003175,SMILES,0.7801418439716312,True,0.2733618188762637,0.7–0.9
MLDB-003199,SMILES,0.788235294117647,True,0.0298231381157457,0.7–0.9
MLDB-003211,SMILES,0.5633802816901409,True,0.0521859082559021,0.5–0.7
MLDB-003218,SMILES,0.826530612244898,True,1.126076136835953,0.7–0.9
MLDB-003220,SMILES,0.826530612244898,True,0.1481430663381056,0.7–0.9
MLDB-003222,SMILES,0.826530612244898,True,0.1387439407592198,0.7–0.9
MLDB-003224,SMILES,0.826530612244898,True,0.0772978941493568,0.7–0.9
MLDB-003229,SMILES,0.7603305785123967,True,0.2849629852096772,0.7–0.9
MLDB-003241,SMILES,0.8457142857142858,True,0.0754401648939495,0.7–0.9
MLDB-003243,SMILES,0.765625,True,0.2120152835325436,0.7–0.9
MLDB-003273,SMILES,0.7920792079207921,True,0.0498117843311513,0.7–0.9
MLDB-003281,SMILES,1.0,True,1.264686711488878,≥0.9
MLDB-003287,SMILES,0.7216494845360825,True,0.3847029865741842,0.7–0.9
MLDB-003293,SMILES,0.7796610169491526,True,0.0749303554814841,0.7–0.9
MLDB-003339,SMILES,0.8961038961038961,True,0.0564134985602908,0.7–0.9
MLDB-003347,SMILES,0.6422764227642277,True,0.1643958416817285,0.5–0.7
MLDB-003351,SMILES,0.7894736842105263,True,0.9300412074358428,0.7–0.9
MLDB-003353,SMILES,0.5128205128205128,False,0.0143925594720938,0.5–0.7
MLDB-003359,SMILES,0.8375,True,0.0340302002429854,0.7–0.9
MLDB-003375,SMILES,0.6588235294117647,True,1.0778696313508696,0.5–0.7
MLDB-003382,SMILES,0.8529411764705882,True,0.1330943112908087,0.7–0.9
MLDB-003395,SMILES,0.7142857142857143,True,0.0644367491744331,0.7–0.9
MLDB-003408,SMILES,0.971830985915493,True,0.225919668896619,≥0.9
MLDB-003426,SMILES,0.78125,True,1.5629771215872197,0.7–0.9
MLDB-003428,SMILES,0.8571428571428571,True,0.2246446944919962,0.7–0.9
MLDB-003439,SMILES,0.3508771929824561,True,1.2622082719326628,0.3–0.5
MLDB-003445,SMILES,0.8881987577639752,True,1.399057032798075,0.7–0.9
MLDB-003447,SMILES,0.7333333333333333,True,0.918974508359518,0.7–0.9
MLDB-003448,SMILES,0.7443609022556391,True,0.1146612181953534,0.7–0.9
MLDB-003469,SMILES,0.7395833333333334,True,0.4426412944622715,0.7–0.9
MLDB-003473,SMILES,0.8237179487179487,True,1.6826515852153316,0.7–0.9
MLDB-003475,SMILES,0.8237179487179487,True,1.547405713652867,0.7–0.9
MLDB-003505,SMILES,0.6745562130177515,True,0.3559313548083345,0.5–0.7
MLDB-003512,SMILES,0.9608695652173913,True,0.3894432975248199,≥0.9
MLDB-003517,SMILES,0.9678571428571429,True,0.4046351744684962,≥0.9
MLDB-003530,SMILES,0.9130434782608695,True,0.1219404759057224,≥0.9
MLDB-003541,SMILES,0.7573221757322176,True,0.3993517792685521,0.7–0.9
MLDB-003571,SMILES,1.0,True,0.0450842212469204,≥0.9
MLDB-003573,SMILES,0.6666666666666666,True,0.4979860567897887,0.5–0.7
MLDB-003588,SMILES,0.8790322580645161,True,0.2346244739421952,0.7–0.9
MLDB-003595,SMILES,0.7777777777777778,True,0.8713854721933774,0.7–0.9
MLDB-003596,SMILES,0.9278846153846154,True,0.1153701612468909,≥0.9
MLDB-003602,SMILES,0.8469387755102041,True,0.1353602637586217,0.7–0.9
MLDB-003615,SMILES,0.5882352941176471,True,0.3957307928984757,0.5–0.7
MLDB-003625,SMILES,0.881578947368421,True,0.4403963353633913,0.7–0.9
MLDB-003629,SMILES,0.8994974874371859,True,0.2370096981469607,0.7–0.9
MLDB-003630,SMILES,0.8505747126436781,True,0.5710883539283965,0.7–0.9
MLDB-003660,SMILES,0.75,True,0.7663848276677019,0.7–0.9
MLDB-003667,SMILES,0.7872340425531915,True,0.4080112177829866,0.7–0.9
MLDB-003674,SMILES,0.9012345679012346,True,0.0997784855639469,≥0.9
MLDB-003683,SMILES,0.7441860465116279,True,0.174538248730604,0.7–0.9
MLDB-003684,SMILES,0.75,True,0.1719695689225873,0.7–0.9
MLDB-003692,SMILES,0.8811881188118812,True,0.0628449118733356,0.7–0.9
MLDB-003704,SMILES,0.9166666666666666,True,0.1391572222071411,≥0.9
MLDB-003726,SMILES,0.8984375,True,0.5053896211700512,0.7–0.9
MLDB-003728,SMILES,0.7841726618705036,True,0.5034882137659067,0.7–0.9
MLDB-003736,SMILES,0.8303030303030303,True,0.0793501923940097,0.7–0.9
MLDB-003737,SMILES,0.6388888888888888,True,0.6761707492130049,0.5–0.7
MLDB-003746,SMILES,0.6842105263157895,True,0.6083783787077952,0.5–0.7
MLDB-003791,SMILES,0.6363636363636364,True,0.8009931700543432,0.5–0.7
MLDB-003811,SMILES,0.7840909090909091,True,0.992321534791209,0.7–0.9
MLDB-003843,SMILES,0.898876404494382,True,0.1102741188063254,0.7–0.9
MLDB-003846,SMILES,0.8941176470588236,True,0.0777648593484929,0.7–0.9
MLDB-003860,SMILES,0.7721518987341772,True,0.1618772851080441,0.7–0.9
MLDB-003861,SMILES,0.7816091954022989,True,0.6836710978329809,0.7–0.9
MLDB-003868,SMILES,0.7688442211055276,True,0.5962476536955408,0.7–0.9
MLDB-003895,SMILES,0.847457627118644,True,2.0445200231196745,0.7–0.9
MLDB-003904,SMILES,0.8784530386740331,True,0.6377051759662804,0.7–0.9
MLDB-003905,SMILES,0.8760330578512396,True,0.344709367174181,0.7–0.9
MLDB-003972,SMILES,0.5096153846153846,False,0.2573489551531273,0.5–0.7
MLDB-003975,SMILES,0.7468354430379747,True,0.1917497604716042,0.7–0.9
MLDB-003981,SMILES,0.8395061728395061,True,0.2146379349926492,0.7–0.9
MLDB-004004,SMILES,0.6683673469387755,False,0.7462605120413985,0.5–0.7
MLDB-004009,SMILES,0.9010989010989011,True,0.4064223634123397,≥0.9
MLDB-004027,SMILES,0.8105263157894737,True,0.1006708073331594,0.7–0.9
MLDB-004039,SMILES,0.8762886597938144,True,0.2902364287108712,0.7–0.9
MLDB-004057,SMILES,0.5872340425531914,True,0.1518872032749914,0.5–0.7
MLDB-004083,SMILES,0.9166666666666666,True,0.0865005362247103,≥0.9
MLDB-004085,SMILES,0.6325301204819277,True,0.102015999723546,0.5–0.7
MLDB-004087,SMILES,1.0,True,0.0103912515726279,≥0.9
MLDB-004091,SMILES,0.8571428571428571,True,0.189174963165486,0.7–0.9
MLDB-004110,SMILES,0.8529411764705882,True,0.1999583649017358,0.7–0.9
MLDB-004112,SMILES,0.8975903614457831,True,0.0435487328676112,0.7–0.9
MLDB-004125,SMILES,0.6319018404907976,True,0.8383850848714861,0.5–0.7
MLDB-004135,SMILES,0.8115942028985508,True,0.5349495562685407,0.7–0.9
MLDB-004139,SMILES,0.9259259259259259,True,0.7899816794753115,≥0.9
MLDB-004146,SMILES,0.7541899441340782,True,0.1407793806825097,0.7–0.9
MLDB-004149,SMILES,0.8994082840236687,True,0.5940395249539241,0.7–0.9
MLDB-004162,SMILES,0.808695652173913,True,1.1983273293150942,0.7–0.9
MLDB-004164,SMILES,0.6805970149253732,True,0.0614081188563635,0.5–0.7
MLDB-004166,SMILES,0.808695652173913,True,1.3109396888352465,0.7–0.9
MLDB-004168,SMILES,0.6805970149253732,True,1.7835957198595258,0.5–0.7
MLDB-004178,SMILES,0.765625,True,0.5473469182646923,0.7–0.9
MLDB-004198,SMILES,0.7606837606837606,True,0.0010428821548926,0.7–0.9
MLDB-004206,SMILES,0.6494845360824743,True,0.3640325563921736,0.5–0.7
MLDB-004214,SMILES,0.62,True,0.2860856813492963,0.5–0.7
MLDB-004217,SMILES,0.7625,True,0.1296103815800357,0.7–0.9
MLDB-004228,SMILES,0.775,True,0.4644597951974785,0.7–0.9
MLDB-004233,SMILES,0.7368421052631579,True,0.5681611441779253,0.7–0.9
MLDB-004236,SMILES,0.25301204819277107,False,1.8074046008579283,<0.3
MLDB-004243,SMILES,0.8449612403100775,True,0.1573753026138118,0.7–0.9
MLDB-004249,SMILES,0.8787878787878788,True,0.4455597027997237,0.7–0.9
MLDB-004270,SMILES,0.795774647887324,True,0.017640106832529,0.7–0.9
MLDB-004278,SMILES,0.8,True,0.4159282323589968,0.7–0.9
MLDB-004288,SMILES,0.8581560283687943,True,0.2780811223692367,0.7–0.9
MLDB-004289,SMILES,0.8581560283687943,True,0.0280413405628197,0.7–0.9
MLDB-004298,SMILES,0.7049180327868853,True,0.0586152202956118,0.7–0.9
MLDB-004307,SMILES,0.7230769230769231,True,0.3954431546719725,0.7–0.9
MLDB-004312,SMILES,0.6880733944954128,True,1.0114208544318122,0.5–0.7
MLDB-004319,SMILES,0.4411764705882353,False,0.7486202732360394,0.3–0.5
MLDB-004321,SMILES,0.375,False,0.341459995301309,0.3–0.5
MLDB-004322,SMILES,0.49514563106796117,False,0.5359798837722194,0.3–0.5
MLDB-004330,SMILES,0.575,True,1.0189311506015013,0.5–0.7
MLDB-004335,SMILES,0.7777777777777778,True,0.4204152653528716,0.7–0.9
MLDB-004340,SMILES,0.9805825242718447,True,0.5947646141137127,≥0.9
MLDB-004343,SMILES,0.890625,True,0.9272877739146446,0.7–0.9
MLDB-004355,SMILES,0.7777777777777778,True,0.2296172788635879,0.7–0.9
MLDB-004357,SMILES,0.3284671532846715,False,1.862209607709567,0.3–0.5
MLDB-004370,SMILES,0.9551282051282052,True,0.9673886212872572,≥0.9
MLDB-004376,SMILES,0.8396946564885496,True,0.2093663635798115,0.7–0.9
MLDB-004378,SMILES,0.8396946564885496,True,0.3082660886048182,0.7–0.9
MLDB-004394,SMILES,0.7530864197530864,True,0.8053076520292863,0.7–0.9
MLDB-004406,SMILES,0.946236559139785,True,0.661874299549039,≥0.9
MLDB-004410,SMILES,0.9518072289156626,True,0.1763608128701053,≥0.9
MLDB-004422,SMILES,0.6521739130434783,True,0.2893127745619267,0.5–0.7
MLDB-004437,SMILES,0.7647058823529411,True,0.4259348683573285,0.7–0.9
MLDB-004451,SMILES,0.8070175438596491,True,0.9973212855037888,0.7–0.9
MLDB-004457,SMILES,0.8051948051948052,True,1.337778352796068,0.7–0.9
MLDB-004494,SMILES,0.8823529411764706,True,1.0405876398389249,0.7–0.9
MLDB-004500,SMILES,0.8714285714285714,True,0.673361621153972,0.7–0.9
MLDB-004505,SMILES,0.7258064516129032,True,0.0677065589744132,0.7–0.9
MLDB-004517,SMILES,0.8920863309352518,True,0.7858823756739028,0.7–0.9
MLDB-004523,SMILES,0.8051948051948052,True,0.3408911165378198,0.7–0.9
MLDB-004534,SMILES,0.776,True,0.806209134098377,0.7–0.9
MLDB-004538,SMILES,0.776,True,1.057247431573465,0.7–0.9
MLDB-004542,SMILES,0.776,True,1.4121540741869758,0.7–0.9
MLDB-004559,SMILES,0.8,True,0.2861258866188713,0.7–0.9
MLDB-004563,SMILES,0.8780487804878049,True,0.198457966555362,0.7–0.9
MLDB-004574,SMILES,0.8195121951219512,True,0.5115507047851008,0.7–0.9
MLDB-004629,SMILES,0.956989247311828,True,0.7714264008431764,≥0.9
MLDB-004644,SMILES,0.8723404255319149,True,0.4105725648057624,0.7–0.9
MLDB-004658,SMILES,0.7948717948717948,True,0.1920277079898911,0.7–0.9
MLDB-004662,SMILES,0.494475138121547,False,0.8311595715929496,0.3–0.5
MLDB-004673,SMILES,0.8431372549019608,True,0.6527257845597015,0.7–0.9
MLDB-004714,SMILES,0.6691176470588235,True,0.5490187261729826,0.5–0.7
MLDB-004717,SMILES,0.6176470588235294,True,0.6223237423763286,0.5–0.7
MLDB-004757,SMILES,0.9107142857142857,True,0.0222846102179787,≥0.9
MLDB-004786,SMILES,1.0,True,0.5049793092209491,≥0.9
MLDB-004800,SMILES,0.9178082191780822,True,0.4744048917986077,≥0.9
MLDB-004822,SMILES,0.9777777777777777,True,0.7192746413643675,≥0.9
MLDB-004840,SMILES,1.0,True,0.2270576882643569,≥0.9
MLDB-004873,SMILES,0.8545454545454545,True,0.643154841329046,0.7–0.9
MLDB-004881,SMILES,0.8082191780821918,True,0.2992344245199343,0.7–0.9
MLDB-004884,SMILES,0.46808510638297873,False,0.1185939771046034,0.3–0.5
MLDB-004896,SMILES,0.9545454545454546,True,0.7779249028445767,≥0.9
MLDB-004907,SMILES,0.8529411764705882,True,0.1771904814171783,0.7–0.9
MLDB-004908,SMILES,0.5714285714285714,False,0.0128622633568235,0.5–0.7
MLDB-004917,SMILES,0.9166666666666666,True,0.3376065746505325,≥0.9
MLDB-004944,SMILES,0.7702702702702703,True,0.0985133927037895,0.7–0.9
MLDB-004954,SMILES,0.845360824742268,True,0.0342202505995427,0.7–0.9
MLDB-004975,SMILES,0.8620689655172413,True,0.214433660097637,0.7–0.9
MLDB-004978,SMILES,0.6842105263157895,True,0.1176447412916933,0.5–0.7
MLDB-004987,SMILES,0.48148148148148145,True,0.5623295316469533,0.3–0.5
MLDB-004992,SMILES,0.456,True,1.5136677123456712,0.3–0.5
MLDB-005005,SMILES,0.7938931297709924,True,0.3313294744212662,0.7–0.9
MLDB-005011,SMILES,0.5103448275862069,True,1.2121136875668823,0.5–0.7
MLDB-005048,SMILES,0.7682926829268293,True,1.3776804971844734,0.7–0.9
MLDB-005051,SMILES,0.8717948717948718,True,0.4680481449699308,0.7–0.9
MLDB-005067,SMILES,0.6759259259259259,True,0.5773006235485978,0.5–0.7
MLDB-005068,SMILES,0.8269230769230769,True,0.1400164417296023,0.7–0.9
MLDB-005092,SMILES,0.9390243902439024,True,0.1282178909311135,≥0.9
MLDB-005103,SMILES,0.9197396963123644,True,0.4956824575039196,≥0.9
MLDB-005110,SMILES,0.9586776859504132,True,0.124697415106703,≥0.9
MLDB-005115,SMILES,0.6941176470588235,True,0.0253727297110335,0.5–0.7
MLDB-005126,SMILES,0.7769230769230769,True,0.1312730004074995,0.7–0.9
MLDB-005153,SMILES,0.7232142857142857,True,0.0454574172939974,0.7–0.9
MLDB-005154,SMILES,0.7394957983193278,True,0.4629260405425082,0.7–0.9
MLDB-000004,SMILES,1.0,True,0.0379427325950627,≥0.9
MLDB-000009,SMILES,0.856,True,0.866342071843587,0.7–0.9
MLDB-000027,SMILES,0.6857142857142857,True,0.6855369645062127,0.5–0.7
MLDB-000034,SMILES,0.815028901734104,True,0.7875121147294708,0.7–0.9
MLDB-000053,SMILES,0.9753086419753086,True,0.2587735736561121,≥0.9
MLDB-000063,SMILES,0.86,True,0.9610440816921756,0.7–0.9
MLDB-000076,SMILES,0.9050279329608939,True,0.5626654390170915,≥0.9
MLDB-000077,SMILES,0.8950276243093923,True,0.0418289404817184,0.7–0.9
MLDB-000093,SMILES,0.9433962264150944,True,3.103557594252405,≥0.9
MLDB-000096,SMILES,0.8780487804878049,True,1.1531089704469746,0.7–0.9
MLDB-000106,SMILES,0.7108433734939759,True,1.70350964697969,0.7–0.9
MLDB-000118,SMILES,0.84375,True,0.2544254867870523,0.7–0.9
MLDB-000143,SMILES,0.9294117647058824,True,0.5152525686759921,≥0.9
MLDB-000152,SMILES,0.6578947368421053,True,2.3716428642729444,0.5–0.7
MLDB-000156,SMILES,0.86,True,0.2291107360237252,0.7–0.9
MLDB-000164,SMILES,0.6578947368421053,True,0.1637763371221344,0.5–0.7
MLDB-000168,SMILES,0.86,True,0.0131112479430193,0.7–0.9
MLDB-000218,SMILES,0.7075471698113207,True,1.480306249598052,0.7–0.9
MLDB-000233,SMILES,0.8596491228070176,True,0.0753326181355855,0.7–0.9
MLDB-000238,SMILES,0.7162162162162162,True,1.8361459937746352,0.7–0.9
MLDB-000244,SMILES,0.8926829268292683,True,0.383377145181788,0.7–0.9
MLDB-000254,SMILES,0.75,True,0.1254290959602548,0.7–0.9
MLDB-000272,SMILES,0.9494949494949495,True,0.3608259866845141,≥0.9
MLDB-000284,SMILES,0.8617886178861789,True,0.919432395218742,0.7–0.9
MLDB-000286,SMILES,0.84251968503937,True,0.1101083979310697,0.7–0.9
MLDB-000292,SMILES,0.9753086419753086,True,0.4995277344051112,≥0.9
MLDB-000300,SMILES,0.8309859154929577,True,0.285716936488336,0.7–0.9
MLDB-000318,SMILES,0.6476190476190476,True,0.0094821638184767,0.5–0.7
MLDB-000319,SMILES,0.7596153846153846,True,0.0711970043923557,0.7–0.9
MLDB-000322,SMILES,0.62,True,0.2287557715170124,0.5–0.7
MLDB-000329,SMILES,0.75,True,0.559262206059106,0.7–0.9
MLDB-000336,SMILES,0.9519230769230769,True,0.7306822408886531,≥0.9
MLDB-000374,SMILES,0.7710843373493976,True,0.2036417032316733,0.7–0.9
MLDB-000380,SMILES,0.9878048780487805,True,0.2924496518403735,≥0.9
MLDB-000382,SMILES,0.8153846153846154,True,0.3553601479449646,0.7–0.9
MLDB-000388,SMILES,0.8037974683544303,True,0.1369213400052324,0.7–0.9
MLDB-000395,SMILES,0.6304347826086957,True,0.0170678927253244,0.5–0.7
MLDB-000421,SMILES,0.7777777777777778,True,0.0976048186712006,0.7–0.9
MLDB-000423,SMILES,0.7616580310880829,True,0.9065583004528712,0.7–0.9
MLDB-000426,SMILES,0.6746987951807228,True,0.7095950014997268,0.5–0.7
MLDB-000427,SMILES,0.8975903614457831,False,1.1857973153144472,0.7–0.9
MLDB-000428,SMILES,0.8975903614457831,False,1.4796079240405675,0.7–0.9
MLDB-000429,SMILES,0.8790322580645161,True,0.5458397015433938,0.7–0.9
MLDB-000435,SMILES,0.875,True,0.9967635156264124,0.7–0.9
MLDB-000457,SMILES,0.7590361445783133,True,0.4063401904388519,0.7–0.9
MLDB-000470,SMILES,0.78125,True,0.4672076822242131,0.7–0.9
MLDB-000484,SMILES,0.8590909090909091,True,0.0223424005661782,0.7–0.9
MLDB-000489,SMILES,0.8870056497175142,True,0.2876262394885913,0.7–0.9
MLDB-000493,SMILES,0.8125,True,0.0531708169823268,0.7–0.9
MLDB-000498,SMILES,0.7614678899082569,True,0.0697434764472451,0.7–0.9
MLDB-000504,SMILES,0.7615384615384615,True,0.1913754542611694,0.7–0.9
MLDB-000524,SMILES,0.8243243243243243,True,0.6687429138727462,0.7–0.9
MLDB-000525,SMILES,0.8524590163934426,True,0.4587373430470948,0.7–0.9
MLDB-000532,SMILES,0.8257575757575758,True,0.2933275420406263,0.7–0.9
MLDB-000545,SMILES,0.7375,True,0.5396480245704867,0.7–0.9
MLDB-000547,SMILES,0.8108108108108109,True,0.0678835475110128,0.7–0.9
MLDB-000559,SMILES,0.7676767676767676,True,0.0026242853923158,0.7–0.9
MLDB-000572,SMILES,0.9166666666666666,True,0.5633885938775113,≥0.9
MLDB-000576,SMILES,0.952,True,0.2093196411411108,≥0.9
MLDB-000579,SMILES,0.7183098591549296,True,0.9552060880030372,0.7–0.9
MLDB-000586,SMILES,0.68,True,0.7100220561042042,0.5–0.7
MLDB-000624,SMILES,0.5471698113207547,False,0.3078922712555932,0.5–0.7
MLDB-000626,SMILES,0.5431034482758621,True,0.7969921573899232,0.5–0.7
MLDB-000628,SMILES,0.6875,True,0.5946059292681036,0.5–0.7
MLDB-000639,SMILES,0.8872180451127819,True,1.0566195693564109,0.7–0.9
MLDB-000646,SMILES,0.9386503067484663,True,0.2250452111922487,≥0.9
MLDB-000657,SMILES,0.8855721393034826,True,0.4898918622372071,0.7–0.9
MLDB-000694,SMILES,0.8058823529411765,True,0.1202581435729412,0.7–0.9
MLDB-000696,SMILES,0.7533333333333333,True,0.3759742663089744,0.7–0.9
MLDB-000701,SMILES,0.8321678321678322,True,0.4829026394135092,0.7–0.9
MLDB-000712,SMILES,0.6806083650190115,True,1.5761665701370955,0.5–0.7
MLDB-000723,SMILES,0.7802197802197802,True,0.0668688836981639,0.7–0.9
MLDB-000737,SMILES,0.8262910798122066,True,0.3783528506409463,0.7–0.9
MLDB-000738,SMILES,0.8341013824884793,True,0.0814750483809112,0.7–0.9
MLDB-000780,SMILES,0.7716049382716049,True,0.5754475454571675,0.7–0.9
MLDB-000791,SMILES,1.0,True,0.1757440693360257,≥0.9
MLDB-000796,SMILES,0.8333333333333334,True,0.0382642284422468,0.7–0.9
MLDB-000805,SMILES,0.8,True,1.4463745969057524,0.7–0.9
MLDB-000806,SMILES,0.7872340425531915,True,0.4907759124590345,0.7–0.9
MLDB-000813,SMILES,0.8950617283950617,True,0.2251570763644232,0.7–0.9
MLDB-000826,SMILES,0.6491228070175439,True,0.5010013438955327,0.5–0.7
MLDB-000828,SMILES,0.7794117647058824,True,0.2288901780953556,0.7–0.9
MLDB-000832,SMILES,0.6610169491525424,True,0.8615023680171112,0.5–0.7
MLDB-000839,SMILES,0.7175572519083969,True,0.3639297280555531,0.7–0.9
MLDB-000850,SMILES,0.5376884422110553,True,0.2959979182025506,0.5–0.7
MLDB-000864,SMILES,0.6027397260273972,True,0.0988219166475203,0.5–0.7
MLDB-000891,SMILES,0.7701149425287356,True,0.1926403007903721,0.7–0.9
MLDB-000896,SMILES,0.84375,True,0.3880655698000947,0.7–0.9
MLDB-000897,SMILES,0.6875,True,0.2027878139396162,0.5–0.7
MLDB-000898,SMILES,0.6875,True,0.4833539008967451,0.5–0.7
MLDB-000912,SMILES,0.7849462365591398,True,0.0957547391785682,0.7–0.9
MLDB-000915,SMILES,0.7849462365591398,True,0.2948793037829148,0.7–0.9
MLDB-000917,SMILES,0.7866666666666666,True,0.442779323532282,0.7–0.9
MLDB-000924,SMILES,0.8316326530612245,True,0.744848662310726,0.7–0.9
MLDB-000936,SMILES,0.736,True,0.2083542509807625,0.7–0.9
MLDB-000943,SMILES,0.8484848484848485,True,0.3811522524842649,0.7–0.9
MLDB-000957,SMILES,0.7943262411347518,True,0.4254785858301577,0.7–0.9
MLDB-000964,SMILES,0.8967391304347826,True,0.0208057790956638,0.7–0.9
MLDB-000971,SMILES,0.8872180451127819,True,1.0730252866202368,0.7–0.9
MLDB-000973,SMILES,0.7671232876712328,True,1.0177760555100503,0.7–0.9
MLDB-000974,SMILES,0.7375,True,1.119726031305462,0.7–0.9
MLDB-000981,SMILES,0.7938931297709924,True,0.992748029151546,0.7–0.9
MLDB-000982,SMILES,0.7471264367816092,True,1.0677495429237882,0.7–0.9
MLDB-000992,SMILES,0.45652173913043476,True,0.781621820467893,0.3–0.5
MLDB-001008,SMILES,0.7272727272727273,True,0.0812679657144819,0.7–0.9
MLDB-001012,SMILES,0.9056603773584906,True,0.8151468628086709,≥0.9
MLDB-001027,SMILES,0.5657894736842105,True,1.2837629797933454,0.5–0.7
MLDB-001031,SMILES,0.5869565217391305,True,0.4682334980551199,0.5–0.7
MLDB-001033,SMILES,0.8620689655172413,True,1.1523405145271195,0.7–0.9
MLDB-001043,SMILES,0.7615384615384615,True,0.2572710834166369,0.7–0.9
MLDB-001056,SMILES,0.8068181818181818,True,0.1641054525070782,0.7–0.9
MLDB-001057,SMILES,0.9230769230769231,True,0.8198819084298288,≥0.9
MLDB-001068,SMILES,0.5684931506849316,False,0.5965441078824184,0.5–0.7
MLDB-001069,SMILES,0.525,False,0.0654827590074333,0.5–0.7
MLDB-001070,SMILES,0.7657657657657657,True,1.020951186802891,0.7–0.9
MLDB-001086,SMILES,0.7222222222222222,True,0.5341164710860136,0.7–0.9
MLDB-001101,SMILES,0.8064516129032258,True,0.3100627930158546,0.7–0.9
MLDB-001109,SMILES,0.7816091954022989,True,0.8897289873980039,0.7–0.9
MLDB-001119,SMILES,0.8601398601398601,True,0.6693614038683844,0.7–0.9
MLDB-001131,SMILES,0.8230088495575221,True,0.292198436365233,0.7–0.9
MLDB-001136,SMILES,0.8790322580645161,True,0.8258397015433938,0.7–0.9
MLDB-001140,SMILES,0.7338129496402878,False,1.2191302481703283,0.7–0.9
MLDB-001141,SMILES,0.7338129496402878,False,0.0656514013098819,0.7–0.9
MLDB-001142,SMILES,0.7866666666666666,True,0.0296338830863032,0.7–0.9
MLDB-001144,SMILES,0.7866666666666666,True,0.5010236133254791,0.7–0.9
MLDB-001146,SMILES,0.7866666666666666,True,0.813576414961254,0.7–0.9
MLDB-001158,SMILES,0.893491124260355,True,1.5017039064464652,0.7–0.9
MLDB-001159,SMILES,0.7639751552795031,True,0.0463169372580534,0.7–0.9
MLDB-001164,SMILES,0.7687074829931972,True,0.5615290956833539,0.7–0.9
MLDB-001175,SMILES,0.8666666666666667,True,0.289423426416027,0.7–0.9
MLDB-001181,SMILES,0.7448979591836735,True,0.4783520803997602,0.7–0.9
MLDB-001186,SMILES,0.8505747126436781,True,0.1264645264545456,0.7–0.9
MLDB-001197,SMILES,0.9053254437869822,True,0.5766852910389593,≥0.9
MLDB-001218,SMILES,0.8878504672897196,True,0.0941130194411669,0.7–0.9
MLDB-001223,SMILES,0.8675496688741722,True,0.4136367933028004,0.7–0.9
MLDB-001224,SMILES,0.8881578947368421,True,0.3380510688644538,0.7–0.9
MLDB-001230,SMILES,0.8421052631578947,True,0.2050150381105788,0.7–0.9
MLDB-001232,SMILES,0.8350515463917526,True,0.0795136758699692,0.7–0.9
MLDB-001248,SMILES,0.6428571428571429,True,1.7507254643798889,0.5–0.7
MLDB-001308,SMILES,0.8,True,0.0658791621117143,0.7–0.9
MLDB-001314,SMILES,0.6785714285714286,True,0.5157777026587189,0.5–0.7
MLDB-001324,SMILES,0.875,True,0.513975143208641,0.7–0.9
MLDB-001332,SMILES,0.8241758241758241,True,0.8838708976937218,0.7–0.9
MLDB-001341,SMILES,0.696969696969697,True,0.1607169918453561,0.5–0.7
MLDB-001354,SMILES,0.6235294117647059,True,0.7659251558628161,0.5–0.7
MLDB-001366,SMILES,0.7019230769230769,True,1.4524978171567808,0.7–0.9
MLDB-001379,SMILES,0.9325842696629213,True,0.4663769867426831,≥0.9
MLDB-001394,SMILES,0.8943089430894309,True,0.298527726692912,0.7–0.9
MLDB-001406,SMILES,0.8181818181818182,True,0.1240730215823913,0.7–0.9
MLDB-001408,SMILES,0.9050279329608939,True,0.7096573041422033,≥0.9
MLDB-001409,SMILES,0.8950276243093923,True,0.4447500034860925,0.7–0.9
MLDB-001438,SMILES,0.9261744966442953,True,0.2254269674751601,≥0.9
MLDB-001453,SMILES,0.7792207792207793,True,1.023972715399118,0.7–0.9
MLDB-001470,SMILES,0.6822429906542056,True,0.0930322995117258,0.5–0.7
MLDB-001491,SMILES,0.6304347826086957,True,1.2467254111778596,0.5–0.7
MLDB-001496,SMILES,0.7528089887640449,True,0.7766122592786486,0.7–0.9
MLDB-001500,SMILES,0.6226415094339622,True,0.0361048589000613,0.5–0.7
MLDB-001506,SMILES,0.9631901840490797,True,0.4913044898862075,≥0.9
MLDB-001517,SMILES,0.9,True,0.185630159323478,≥0.9
MLDB-001519,SMILES,0.6470588235294118,True,1.1205129554072342,0.5–0.7
MLDB-001520,SMILES,0.6470588235294118,True,0.9002141741123096,0.5–0.7
MLDB-001521,SMILES,0.6470588235294118,True,0.5047544042186511,0.5–0.7
MLDB-001530,SMILES,0.6919191919191919,True,0.4291838975959652,0.5–0.7
MLDB-001536,SMILES,0.8202247191011236,True,1.408233961981676,0.7–0.9
MLDB-001587,SMILES,0.7251908396946565,True,0.6323549595102688,0.7–0.9
MLDB-001597,SMILES,0.6785714285714286,True,0.7589389405950197,0.5–0.7
MLDB-001600,SMILES,0.7582417582417582,True,0.0908680763424406,0.7–0.9
MLDB-001645,SMILES,1.0,True,0.6968029792290942,≥0.9
MLDB-001647,SMILES,1.0,True,1.0908029792290943,≥0.9
MLDB-001679,SMILES,0.8156028368794326,True,1.832951669123887,0.7–0.9
MLDB-001691,SMILES,1.0,True,0.0725930268210202,≥0.9
MLDB-001692,SMILES,1.0,True,0.0164818647968811,≥0.9
MLDB-001710,SMILES,0.85,True,0.2549106386985206,0.7–0.9
MLDB-001715,SMILES,0.7288135593220338,True,0.3656811104353469,0.7–0.9
MLDB-001726,SMILES,0.4473684210526316,True,0.223557917772041,0.3–0.5
MLDB-001729,SMILES,0.7241379310344828,True,0.778574739766539,0.7–0.9
MLDB-001776,SMILES,0.948051948051948,True,0.1381684559876824,≥0.9
MLDB-001777,SMILES,0.9240506329113924,True,0.0120592921410509,≥0.9
MLDB-001779,SMILES,0.512,True,0.2670511852310124,0.5–0.7
MLDB-001781,SMILES,0.7674418604651163,True,1.015639360075982,0.7–0.9
MLDB-001801,SMILES,0.8415841584158416,True,0.3329926733602694,0.7–0.9
MLDB-001803,SMILES,0.84,True,0.5252551701767632,0.7–0.9
MLDB-001806,SMILES,1.0,True,0.2092100554679772,≥0.9
MLDB-001827,SMILES,0.8950617283950617,True,0.7616038152341227,0.7–0.9
MLDB-001831,SMILES,1.0,True,0.0692100554679773,≥0.9
MLDB-001849,SMILES,0.8082191780821918,True,0.059255956858219,0.7–0.9
MLDB-001858,SMILES,0.7954545454545454,True,0.3193049302100401,0.7–0.9
MLDB-001864,SMILES,0.6078431372549019,True,0.1381766967107875,0.5–0.7
MLDB-001872,SMILES,0.9134615384615384,True,0.0450811193625316,≥0.9
MLDB-001886,SMILES,1.0,True,0.0997340603194005,≥0.9
MLDB-001907,SMILES,0.88,True,0.4894774207366461,0.7–0.9
MLDB-001909,SMILES,0.5658914728682171,True,0.8224762117720146,0.5–0.7
MLDB-001911,SMILES,1.0,True,0.1592100554679774,≥0.9
MLDB-001913,SMILES,0.5161290322580645,True,0.0296636422390559,0.5–0.7
MLDB-001915,SMILES,0.4857142857142857,True,0.0284004492810241,0.3–0.5
MLDB-001918,SMILES,0.8666666666666667,True,0.2368820152749227,0.7–0.9
MLDB-001924,SMILES,0.8461538461538461,True,0.6265643527530771,0.7–0.9
MLDB-001935,SMILES,0.803030303030303,True,0.0861981549405372,0.7–0.9
MLDB-001940,SMILES,0.7087378640776699,True,0.077947098640163,0.7–0.9
MLDB-001944,SMILES,0.72,True,0.4198228294016695,0.7–0.9
MLDB-002005,SMILES,0.7352941176470589,True,0.4206481556838357,0.7–0.9
MLDB-002007,SMILES,0.7352941176470589,True,0.2212889151388463,0.7–0.9
MLDB-002009,SMILES,1.0,True,0.0507899445320225,≥0.9
MLDB-002014,SMILES,0.8181818181818182,True,1.344964248106923,0.7–0.9
MLDB-002017,SMILES,0.7286821705426356,True,0.3090135483350064,0.7–0.9
MLDB-002033,SMILES,0.7090909090909091,True,0.5185011068298986,0.7–0.9
MLDB-002073,SMILES,0.9896907216494846,True,0.3077460928490021,≥0.9
MLDB-002083,SMILES,0.7647058823529411,True,3.976281945219179,0.7–0.9
MLDB-002090,SMILES,0.4473684210526316,True,0.137557917772041,0.3–0.5
MLDB-002108,SMILES,0.7444444444444445,True,0.018925009937166,0.7–0.9
MLDB-002113,SMILES,0.7727272727272727,True,0.6299155416633058,0.7–0.9
MLDB-002114,SMILES,0.7391304347826086,True,0.7042916863096286,0.7–0.9
MLDB-002128,SMILES,0.9649122807017544,True,0.2256925029868655,≥0.9
MLDB-002130,SMILES,0.859375,True,1.3452292312020746,0.7–0.9
MLDB-002136,SMILES,1.0,True,0.3968029792290941,≥0.9
MLDB-002143,SMILES,0.7608695652173914,True,0.0345440341892729,0.7–0.9
MLDB-002160,SMILES,0.5538461538461539,True,1.2598512338888936,0.5–0.7
MLDB-002173,SMILES,1.0,True,0.3451894118438836,≥0.9
MLDB-002177,SMILES,1.0,True,0.2147371027266118,≥0.9
MLDB-002182,SMILES,0.6226415094339622,True,0.0683099043949971,0.5–0.7
MLDB-002191,SMILES,0.7931034482758621,True,0.0712533287478491,0.7–0.9
MLDB-002193,SMILES,1.0,True,0.2076361260517523,≥0.9
MLDB-002202,SMILES,0.6,True,0.6533386885637504,0.5–0.7
MLDB-002217,SMILES,0.8857142857142857,True,1.248110765752749,0.7–0.9
MLDB-002219,SMILES,0.8148148148148148,True,1.1926961358288304,0.7–0.9
MLDB-002220,SMILES,0.8857142857142857,True,0.8599462213619584,0.7–0.9
MLDB-002221,SMILES,0.8148148148148148,True,1.244547857947903,0.7–0.9
MLDB-002230,SMILES,1.0,True,0.3692100554679773,≥0.9
MLDB-002250,SMILES,0.8714285714285714,True,0.9639059434661086,0.7–0.9
MLDB-002271,SMILES,0.5304878048780488,True,0.3147338366901363,0.5–0.7
MLDB-002275,SMILES,1.0,True,0.4927784777113519,≥0.9
MLDB-002276,SMILES,0.8421052631578947,True,0.8065755881328347,0.7–0.9
MLDB-002284,SMILES,0.6962025316455697,True,0.311603626494305,0.5–0.7
MLDB-002295,SMILES,0.625,True,0.2198309536044016,0.5–0.7
MLDB-002305,SMILES,0.8867924528301887,True,0.7358096068912314,0.7–0.9
MLDB-002310,SMILES,0.6923076923076923,True,0.0381824371083618,0.5–0.7
MLDB-002318,SMILES,0.9772727272727273,True,0.1981522059329341,≥0.9
MLDB-002327,SMILES,0.9385964912280702,True,0.4734375072491361,≥0.9
MLDB-002330,SMILES,0.8555555555555555,True,0.5824079601919597,0.7–0.9
MLDB-002331,SMILES,0.8888888888888888,True,0.97055130736244,0.7–0.9
MLDB-002333,SMILES,0.9647058823529412,True,0.5951155714839546,≥0.9
MLDB-002335,SMILES,0.9659090909090909,True,0.5556068451467459,≥0.9
MLDB-002338,SMILES,0.65625,True,0.1245916575513104,0.5–0.7
MLDB-002341,SMILES,1.0,False,0.348258038203633,≥0.9
MLDB-002344,SMILES,0.49230769230769234,True,0.5383284687816179,0.3–0.5
MLDB-002352,SMILES,0.775,True,0.0346674646388822,0.7–0.9
MLDB-002358,SMILES,0.7799043062200957,True,0.160934825650685,0.7–0.9
MLDB-002370,SMILES,0.7155172413793104,True,0.1294097345729039,0.7–0.9
MLDB-002374,SMILES,0.7945205479452054,True,0.192448658727648,0.7–0.9
MLDB-002388,SMILES,0.7413793103448276,True,0.5786005563750728,0.7–0.9
MLDB-002391,SMILES,0.7972972972972973,True,0.0354330773703257,0.7–0.9
MLDB-002395,SMILES,0.6140350877192983,True,0.7296698088117299,0.5–0.7
MLDB-002432,SMILES,0.8320610687022901,True,0.3640739893161739,0.7–0.9
MLDB-002439,SMILES,0.8253968253968254,True,0.43588312482401,0.7–0.9
MLDB-002445,SMILES,0.7616580310880829,True,0.020807792665012,0.7–0.9
MLDB-002447,SMILES,1.0,True,0.4310779818108546,≥0.9
MLDB-002480,SMILES,0.7358490566037735,True,0.6358833172017011,0.7–0.9
MLDB-002510,SMILES,0.3894736842105263,False,1.1017027041901477,0.3–0.5
MLDB-002521,SMILES,0.723404255319149,True,0.5002578484462568,0.7–0.9
MLDB-002540,SMILES,0.7358490566037735,True,0.565658343268815,0.7–0.9
MLDB-002547,SMILES,0.7303370786516854,True,1.5218884812826516,0.7–0.9
MLDB-002555,SMILES,0.8854166666666666,True,0.2526254152712783,0.7–0.9
MLDB-002575,SMILES,0.9152542372881356,True,0.1111857940313512,≥0.9
MLDB-002577,SMILES,0.9482758620689655,True,0.1338749009015609,≥0.9
MLDB-002584,SMILES,0.9846153846153847,True,0.3503866144191601,≥0.9
MLDB-002597,SMILES,0.7166666666666667,True,0.0965043953377594,0.7–0.9
MLDB-002605,SMILES,0.7432432432432432,True,0.2447731650987592,0.7–0.9
MLDB-002615,SMILES,0.8269230769230769,True,0.1567156312517659,0.7–0.9
MLDB-002617,SMILES,0.9743589743589743,True,0.0268582961686287,≥0.9
MLDB-002629,SMILES,0.7469879518072289,True,0.1512156104019287,0.7–0.9
MLDB-002640,SMILES,0.948051948051948,True,0.0922605371193718,≥0.9
MLDB-002647,SMILES,0.7888888888888889,True,0.3681652270606206,0.7–0.9
MLDB-002652,SMILES,0.7888888888888889,True,0.6190733283416742,0.7–0.9
MLDB-002676,SMILES,0.9243697478991597,True,0.0705686283495714,≥0.9
MLDB-002678,SMILES,0.8260869565217391,True,0.8735594501953132,0.7–0.9
MLDB-002684,SMILES,0.46017699115044247,True,0.2105171982067881,0.3–0.5
MLDB-002685,SMILES,0.46017699115044247,True,0.9235985087791418,0.3–0.5
MLDB-002696,SMILES,0.8757062146892656,True,0.0146871917032676,0.7–0.9
MLDB-002742,SMILES,0.6898148148148148,True,0.2930061042495557,0.5–0.7
MLDB-002752,SMILES,0.574468085106383,True,0.1081018809321048,0.5–0.7
MLDB-002768,SMILES,0.6896551724137931,True,0.1312455689461937,0.5–0.7
MLDB-002778,SMILES,0.8918918918918919,True,0.2298545744895799,0.7–0.9
MLDB-002782,SMILES,0.8076923076923077,True,1.0182056551746903,0.7–0.9
MLDB-002805,SMILES,0.8921568627450981,True,0.0280066190803289,0.7–0.9
MLDB-002813,SMILES,0.6708860759493671,True,0.9142643719604134,0.5–0.7
MLDB-002814,SMILES,0.6728110599078341,True,0.3528196664013145,0.5–0.7
MLDB-002821,SMILES,0.7849462365591398,True,0.1105080110880458,0.7–0.9
MLDB-002836,SMILES,0.5918367346938775,True,0.5662876496255277,0.5–0.7
MLDB-002864,SMILES,0.5913978494623656,True,0.9178371312993552,0.5–0.7
MLDB-002875,SMILES,0.9139784946236559,True,0.3894506657823101,≥0.9
MLDB-002887,SMILES,0.6404494382022472,True,0.34891155916528,0.5–0.7
MLDB-002889,SMILES,0.4375,True,1.116459094427846,0.3–0.5
MLDB-002902,SMILES,0.717391304347826,True,0.6309135695650709,0.7–0.9
MLDB-002918,SMILES,0.7196969696969697,False,1.0441319944292338,0.7–0.9
MLDB-002919,SMILES,0.993103448275862,True,0.0390847173160477,≥0.9
MLDB-002932,SMILES,0.8811881188118812,True,0.3135672710039345,0.7–0.9
MLDB-002940,SMILES,0.8,True,1.049342862701119,0.7–0.9
MLDB-002953,SMILES,0.25,False,0.0889170789788991,<0.3
MLDB-002954,SMILES,0.208,False,0.9815240425849766,<0.3
MLDB-002965,SMILES,0.639344262295082,True,1.205771180163747,0.5–0.7
MLDB-002977,SMILES,0.5773195876288659,True,0.5312100535335614,0.5–0.7
MLDB-002985,SMILES,0.8021978021978022,True,0.4243940015138516,0.7–0.9
MLDB-002995,SMILES,0.7681159420289855,True,0.7349254597566426,0.7–0.9
MLDB-003000,SMILES,0.6626506024096386,True,0.1445627355812245,0.5–0.7
MLDB-003010,SMILES,0.8135593220338984,True,0.1494394940234047,0.7–0.9
MLDB-003022,SMILES,0.8854166666666666,True,0.3311458162790801,0.7–0.9
MLDB-003027,SMILES,0.9130434782608695,True,2.050776008327679,≥0.9
MLDB-003028,SMILES,0.48,True,0.2692853017423278,0.3–0.5
MLDB-003030,SMILES,0.5873015873015873,True,0.1595419222595326,0.5–0.7
MLDB-003031,SMILES,0.47692307692307695,True,0.7056087483976466,0.3–0.5
MLDB-003046,SMILES,0.8295454545454546,True,0.0180715920415024,0.7–0.9
MLDB-003048,SMILES,0.8588235294117647,True,0.1884940520810594,0.7–0.9
MLDB-003061,SMILES,0.6101694915254238,True,0.4260785432968389,0.5–0.7
MLDB-003064,SMILES,0.6774193548387096,True,0.5098878351694531,0.5–0.7
MLDB-003076,SMILES,0.9509803921568627,True,0.3783114961616308,≥0.9
MLDB-003085,SMILES,0.9791666666666666,True,1.6889848486733627,≥0.9
MLDB-003091,SMILES,0.7966101694915254,True,0.1479892961687202,0.7–0.9
MLDB-003108,SMILES,0.7699115044247787,True,0.1423301036534722,0.7–0.9
MLDB-003110,SMILES,0.69,True,0.096725730120643,0.5–0.7
MLDB-003140,SMILES,0.8021978021978022,True,0.8439668186682031,0.7–0.9
MLDB-003144,SMILES,0.8021978021978022,True,0.8459135140912251,0.7–0.9
MLDB-003170,SMILES,0.6170212765957447,True,0.9888141985716274,0.5–0.7
MLDB-003173,SMILES,0.43103448275862066,True,0.4656064541946225,0.3–0.5
MLDB-003174,SMILES,0.7205882352941176,True,0.0784808225899672,0.7–0.9
MLDB-003187,SMILES,0.8529411764705882,True,0.4896065650842256,0.7–0.9
MLDB-003191,SMILES,0.8507462686567164,True,0.6843513456568986,0.7–0.9
MLDB-003201,SMILES,0.8554216867469879,True,0.549745097231819,0.7–0.9
MLDB-003205,SMILES,0.7777777777777778,True,1.4282377477696615,0.7–0.9
MLDB-003234,SMILES,0.7674418604651163,True,0.5262597724404781,0.7–0.9
MLDB-003237,SMILES,0.8888888888888888,True,0.3568151261688532,0.7–0.9
MLDB-003249,SMILES,0.8529411764705882,True,0.1254902607777342,0.7–0.9
MLDB-003251,SMILES,0.8529411764705882,True,1.0180605813869024,0.7–0.9
MLDB-003259,SMILES,0.8469387755102041,True,0.74464675927798,0.7–0.9
MLDB-003272,SMILES,0.6859504132231405,True,0.5471019009147162,0.5–0.7
MLDB-003277,SMILES,0.86,True,0.1304663867458424,0.7–0.9
MLDB-003285,SMILES,0.8316831683168316,True,0.2534067075807514,0.7–0.9
MLDB-003319,SMILES,0.7721518987341772,True,0.5404484444991937,0.7–0.9
MLDB-003341,SMILES,0.7945205479452054,True,0.4154522356619123,0.7–0.9
MLDB-003346,SMILES,0.6422764227642277,True,0.389031359475026,0.5–0.7
MLDB-003349,SMILES,0.7441860465116279,True,0.5336582347721311,0.7–0.9
MLDB-003366,SMILES,0.8285714285714286,True,0.1997966952083571,0.7–0.9
MLDB-003371,SMILES,0.6857142857142857,True,0.7063948870106198,0.5–0.7
MLDB-003372,SMILES,0.7142857142857143,True,0.875790234542464,0.7–0.9
MLDB-003380,SMILES,0.849624060150376,True,0.1902845788671728,0.7–0.9
MLDB-003403,SMILES,0.9431818181818182,True,0.0155148260165591,≥0.9
MLDB-003421,SMILES,0.7446808510638298,True,0.466630178035277,0.7–0.9
MLDB-003429,SMILES,0.8207171314741036,True,0.0216450876830189,0.7–0.9
MLDB-003432,SMILES,0.9753086419753086,True,0.4566449514529347,≥0.9
MLDB-003459,SMILES,0.8360655737704918,True,0.4465791922886377,0.7–0.9
MLDB-003468,SMILES,0.7053571428571429,True,0.8467393322920294,0.7–0.9
MLDB-003477,SMILES,0.8838709677419355,True,0.1856236252119196,0.7–0.9
MLDB-003487,SMILES,0.6756756756756757,True,0.3424698141104118,0.5–0.7
MLDB-003488,SMILES,0.8275862068965517,True,0.0987095148663721,0.7–0.9
MLDB-003490,SMILES,0.9326923076923077,True,0.775207868156067,≥0.9
MLDB-003511,SMILES,0.9592760180995475,True,0.133792870368939,≥0.9
MLDB-003516,SMILES,0.966789667896679,True,0.159987978313242,≥0.9
MLDB-003567,SMILES,0.5,True,0.0852683609523112,0.5–0.7
MLDB-003570,SMILES,1.0,True,0.0481400470291737,≥0.9
MLDB-003590,SMILES,0.8790322580645161,True,0.0445136249108562,0.7–0.9
MLDB-003599,SMILES,0.7549295774647887,True,0.9731930269387794,0.7–0.9
MLDB-003600,SMILES,0.8767772511848341,False,0.2335703750564944,0.7–0.9
MLDB-003605,SMILES,0.8598130841121495,True,0.4667864535562924,0.7–0.9
MLDB-003611,SMILES,0.6692913385826772,True,1.1514050326795902,0.5–0.7
MLDB-003612,SMILES,0.5223880597014925,True,2.8234873784064876,0.5–0.7
MLDB-003614,SMILES,0.52,True,2.5393491962949444,0.5–0.7
MLDB-003632,SMILES,0.9759036144578314,True,0.4938841127928829,≥0.9
MLDB-003672,SMILES,0.788235294117647,True,0.3673471705043933,0.7–0.9
MLDB-003676,SMILES,0.9506172839506173,True,0.1393118797808492,≥0.9
MLDB-003688,SMILES,0.8076923076923077,True,0.0033255329154221,0.7–0.9
MLDB-003699,SMILES,0.9120879120879121,True,0.3541433543728542,≥0.9
MLDB-003718,SMILES,0.5737704918032787,True,1.7438497649073654,0.5–0.7
MLDB-003720,SMILES,0.5737704918032787,True,0.969942591690352,0.5–0.7
MLDB-003722,SMILES,0.5737704918032787,True,0.5583817118053364,0.5–0.7
MLDB-003735,SMILES,0.8362573099415205,True,0.4258053432768571,0.7–0.9
MLDB-003738,SMILES,0.9166666666666666,True,0.602758057900469,≥0.9
MLDB-003745,SMILES,0.6842105263157895,True,0.127428265281174,0.5–0.7
MLDB-003760,SMILES,0.8790322580645161,True,0.8458397015433938,0.7–0.9
MLDB-003788,SMILES,0.8181818181818182,True,0.046893722167093,0.7–0.9
MLDB-003797,SMILES,0.7872340425531915,True,0.448665626715675,0.7–0.9
MLDB-003801,SMILES,0.782608695652174,True,0.4073006402269417,0.7–0.9
MLDB-003802,SMILES,0.8181818181818182,True,0.6400245788873051,0.7–0.9
MLDB-003812,SMILES,0.6386554621848739,True,0.5829949991432897,0.5–0.7
MLDB-003825,SMILES,0.8878504672897196,True,0.745286980558833,0.7–0.9
MLDB-003828,SMILES,0.8482142857142857,True,0.2474553425094749,0.7–0.9
MLDB-003841,SMILES,0.9069767441860465,True,0.083912061285772,≥0.9
MLDB-003855,SMILES,0.9032258064516129,True,0.1767951335183077,≥0.9
MLDB-003864,SMILES,0.7938931297709924,True,0.3906849572470152,0.7–0.9
MLDB-003867,SMILES,0.7688442211055276,True,0.3020524176093022,0.7–0.9
MLDB-003875,SMILES,0.7962962962962963,True,0.0137097104966071,0.7–0.9
MLDB-003878,SMILES,0.7674418604651163,True,0.6881030929209291,0.7–0.9
MLDB-003883,SMILES,0.7674418604651163,True,1.3506643591552303,0.7–0.9
MLDB-003891,SMILES,0.7688888888888888,True,0.5123873596527162,0.7–0.9
MLDB-003901,SMILES,0.8728323699421965,True,0.138820555595355,0.7–0.9
MLDB-003916,SMILES,0.8085106382978723,True,0.4941120192180502,0.7–0.9
MLDB-003930,SMILES,0.8301886792452831,True,0.4062342465992854,0.7–0.9
MLDB-003938,SMILES,0.9166666666666666,True,0.88015241382895,≥0.9
MLDB-003955,SMILES,0.7974683544303798,True,0.3501997474502254,0.7–0.9
MLDB-003978,SMILES,0.7727272727272727,True,0.1635595043638258,0.7–0.9
MLDB-004002,SMILES,0.6536796536796536,True,1.371677771495575,0.5–0.7
MLDB-004014,SMILES,0.7206703910614525,True,0.4694089309118672,0.7–0.9
MLDB-004026,SMILES,0.8105263157894737,True,0.0099230846146149,0.7–0.9
MLDB-004042,SMILES,0.8762886597938144,True,0.3872907985807441,0.7–0.9
MLDB-004081,SMILES,0.9166666666666666,True,0.2603150852250527,≥0.9
MLDB-004092,SMILES,0.8571428571428571,True,0.1518486774694243,0.7–0.9
MLDB-004102,SMILES,0.9733333333333334,True,0.048694338270874,≥0.9
MLDB-004103,SMILES,0.7481481481481481,True,0.4309630803912113,0.7–0.9
MLDB-004127,SMILES,0.7142857142857143,True,0.5202711323124776,0.7–0.9
MLDB-004134,SMILES,0.6690647482014388,True,2.122432197259458,0.5–0.7
MLDB-004143,SMILES,0.7515923566878981,True,0.519644300789329,0.7–0.9
MLDB-004150,SMILES,0.825,True,1.254035089714509,0.7–0.9
MLDB-004153,SMILES,0.6259541984732825,True,0.606310822662561,0.5–0.7
MLDB-004170,SMILES,0.9375,True,0.0381100017643749,≥0.9
MLDB-004175,SMILES,0.9166666666666666,True,0.1172419420995309,≥0.9
MLDB-004193,SMILES,0.6880733944954128,True,0.4714199053202292,0.5–0.7
MLDB-004202,SMILES,0.7848101265822784,True,0.1728801190461264,0.7–0.9
MLDB-004209,SMILES,0.6,True,0.0585701749893563,0.5–0.7
MLDB-004224,SMILES,0.7346938775510204,True,0.0688471535935848,0.7–0.9
MLDB-004246,SMILES,0.8837209302325582,True,0.0160568242548895,0.7–0.9
MLDB-004257,SMILES,0.6567164179104478,True,0.0547478568029154,0.5–0.7
MLDB-004264,SMILES,0.3333333333333333,False,1.0828206786327643,0.3–0.5
MLDB-004268,SMILES,0.7669902912621359,True,0.6414578417840081,0.7–0.9
MLDB-004297,SMILES,0.754601226993865,True,0.324864077931041,0.7–0.9
MLDB-004301,SMILES,0.8085106382978723,True,0.1474998514172631,0.7–0.9
MLDB-004306,SMILES,0.7230769230769231,True,0.5024764604586784,0.7–0.9
MLDB-004308,SMILES,0.4791666666666667,True,0.4973947816500343,0.3–0.5
MLDB-004314,SMILES,0.7701149425287356,True,0.5254412423218902,0.7–0.9
MLDB-004316,SMILES,0.7592592592592593,True,0.248549698040073,0.7–0.9
MLDB-004323,SMILES,0.865979381443299,True,0.1277804347844801,0.7–0.9
MLDB-004336,SMILES,0.7319587628865979,True,0.3532328068009391,0.7–0.9
MLDB-004345,SMILES,0.7777777777777778,True,0.1361571652506219,0.7–0.9
MLDB-004348,SMILES,0.88,True,0.3496012933558161,0.7–0.9
MLDB-004356,SMILES,0.7777777777777778,True,0.2720955259336099,0.7–0.9
MLDB-004363,SMILES,0.27927927927927926,True,0.886706014855095,<0.3
MLDB-004372,SMILES,0.627906976744186,True,0.9048632846065292,0.5–0.7
MLDB-004403,SMILES,0.9230769230769231,True,0.2247562324251687,≥0.9
MLDB-004409,SMILES,0.9518072289156626,True,0.0066263605489602,≥0.9
MLDB-004439,SMILES,0.5897435897435898,True,0.5555386956459727,0.5–0.7
MLDB-004440,SMILES,0.7777777777777778,True,0.5132315423067701,0.7–0.9
MLDB-004454,SMILES,0.8012820512820513,False,0.2312885403454569,0.7–0.9
MLDB-004455,SMILES,0.8012820512820513,False,0.058686524673474,0.7–0.9
MLDB-004460,SMILES,0.6304347826086957,True,0.184185205343479,0.5–0.7
MLDB-004480,SMILES,0.8598130841121495,True,0.5366506646043514,0.7–0.9
MLDB-004481,SMILES,0.8598130841121495,True,0.6834688632935354,0.7–0.9
MLDB-004482,SMILES,0.8288288288288288,True,0.2019205563883267,0.7–0.9
MLDB-004483,SMILES,0.8288288288288288,True,1.2867087933104937,0.7–0.9
MLDB-004486,SMILES,0.8846153846153846,True,0.0870890623651794,0.7–0.9
MLDB-004487,SMILES,0.8846153846153846,True,0.581877299287346,0.7–0.9
MLDB-004502,SMILES,0.7583333333333333,True,0.7518267952617991,0.7–0.9
MLDB-004511,SMILES,0.6610169491525424,True,0.0573471347886582,0.5–0.7
MLDB-004513,SMILES,0.6610169491525424,True,0.237574337458108,0.5–0.7
MLDB-004514,SMILES,0.6610169491525424,True,0.3454688302095448,0.5–0.7
MLDB-004515,SMILES,0.6610169491525424,True,0.3802237645421156,0.5–0.7
MLDB-004549,SMILES,0.7037037037037037,True,0.729929703204283,0.7–0.9
MLDB-004551,SMILES,0.8983739837398373,True,0.2014670588085627,0.7–0.9
MLDB-004570,SMILES,0.75,True,0.2852100320451656,0.7–0.9
MLDB-004579,SMILES,0.5714285714285714,True,0.6968410164362792,0.5–0.7
MLDB-004625,SMILES,0.8021978021978022,True,0.1467856551258084,0.7–0.9
MLDB-004628,SMILES,0.9270833333333334,True,0.0932843310579442,≥0.9
MLDB-004634,SMILES,0.8195121951219512,True,0.1799317082802597,0.7–0.9
MLDB-004638,SMILES,0.8058252427184466,True,0.6088162604852416,0.7–0.9
MLDB-004646,SMILES,0.8320610687022901,True,0.2719656901631125,0.7–0.9
MLDB-004668,SMILES,0.9270833333333334,False,1.7500615838078453,≥0.9
MLDB-004681,SMILES,0.7802197802197802,True,0.5952442354392518,0.7–0.9
MLDB-004711,SMILES,0.6932515337423313,True,0.5437790964512774,0.5–0.7
MLDB-004719,SMILES,0.6317567567567568,True,0.1560354785823876,0.5–0.7
MLDB-004724,SMILES,0.8625,True,0.1596280153859325,0.7–0.9
MLDB-004725,SMILES,0.8625,True,0.2275909945652261,0.7–0.9
MLDB-004726,SMILES,0.8589743589743589,True,0.2694329706560813,0.7–0.9
MLDB-004734,SMILES,0.697986577181208,True,0.0843201524019604,0.5–0.7
MLDB-004747,SMILES,0.48223350253807107,True,0.3279427386973674,0.3–0.5
MLDB-004754,SMILES,0.6633663366336634,True,0.0107297101782338,0.5–0.7
MLDB-004756,SMILES,0.8896103896103896,True,0.0433090496067033,0.7–0.9
MLDB-004781,SMILES,0.7894736842105263,True,0.1636181424567396,0.7–0.9
MLDB-004808,SMILES,0.9230769230769231,True,0.1557083785173598,≥0.9
MLDB-004810,SMILES,0.7619047619047619,True,0.3027691838200004,0.7–0.9
MLDB-004830,SMILES,0.9166666666666666,True,0.0469000617316455,≥0.9
MLDB-004834,SMILES,1.0,True,0.0658736874742198,≥0.9
MLDB-004846,SMILES,0.8877551020408163,True,0.3462997565778117,0.7–0.9
MLDB-004847,SMILES,0.8877551020408163,True,0.3617687179805001,0.7–0.9
MLDB-004857,SMILES,0.6862745098039216,True,0.2437204629806192,0.5–0.7
MLDB-004859,SMILES,0.6862745098039216,True,0.2324115889534758,0.5–0.7
MLDB-004869,SMILES,0.5333333333333333,True,0.0910801398481915,0.5–0.7
MLDB-004871,SMILES,0.4550898203592814,False,0.0341792794249375,0.3–0.5
MLDB-004876,SMILES,0.4461538461538462,False,1.074793344426728,0.3–0.5
MLDB-004878,SMILES,0.7614678899082569,True,0.8993490280726533,0.7–0.9
MLDB-004890,SMILES,0.9032258064516129,True,0.8330129675649287,≥0.9
MLDB-004892,SMILES,0.7887323943661971,True,0.2714510894946489,0.7–0.9
MLDB-004894,SMILES,0.8545454545454545,True,0.6906551676821331,0.7–0.9
MLDB-004904,SMILES,0.3673469387755102,True,0.1075412290396904,0.3–0.5
MLDB-004913,SMILES,0.7464788732394366,True,1.0394894026624373,0.7–0.9
MLDB-004916,SMILES,0.9166666666666666,True,0.5038399693420947,≥0.9
MLDB-004942,SMILES,0.8348623853211009,True,0.1230138690934623,0.7–0.9
MLDB-004949,SMILES,0.7142857142857143,True,0.1784165338694514,0.7–0.9
MLDB-004957,SMILES,0.810126582278481,True,0.0056278661497545,0.7–0.9
MLDB-004976,SMILES,0.7797619047619048,False,1.3918194590233337,0.7–0.9
MLDB-004980,SMILES,0.6842105263157895,True,0.5367737409557205,0.5–0.7
MLDB-004986,SMILES,0.675,True,0.7720383872649722,0.5–0.7
MLDB-005000,SMILES,0.7456647398843931,True,0.4143487213530623,0.7–0.9
MLDB-005006,SMILES,0.6956521739130435,True,0.5364934397069784,0.5–0.7
MLDB-005008,SMILES,0.8796296296296297,True,0.2582566890721006,0.7–0.9
MLDB-005017,SMILES,0.5371900826446281,False,0.4258889323155639,0.5–0.7
MLDB-005029,SMILES,0.8872180451127819,True,1.1466195693564107,0.7–0.9
MLDB-005047,SMILES,0.6271186440677966,True,0.9591234134451884,0.5–0.7
MLDB-005055,SMILES,0.7745664739884393,True,0.1129539686603804,0.7–0.9
MLDB-005098,SMILES,0.9172932330827067,True,0.487856387047784,≥0.9
MLDB-005116,SMILES,0.6108108108108108,True,0.3821551127127256,0.5–0.7
MLDB-005131,SMILES,0.4594594594594595,True,0.7175809593050346,0.3–0.5
MLDB-005155,SMILES,0.788135593220339,True,0.2764704134836722,0.7–0.9
MLDB-000002,SMILES,0.7723214285714286,True,1.520921468998201,0.7–0.9
MLDB-000011,SMILES,0.84,True,0.6663608129501539,0.7–0.9
MLDB-000013,SMILES,0.6360655737704918,True,0.5162351473795629,0.5–0.7
MLDB-000035,SMILES,0.64,True,0.0616301161409083,0.5–0.7
MLDB-000052,SMILES,0.9753086419753086,True,1.0442791348854763,≥0.9
MLDB-000068,SMILES,0.8558139534883721,True,1.470765663073265,0.7–0.9
MLDB-000069,SMILES,0.75,True,0.9512024565999972,0.7–0.9
MLDB-000072,SMILES,0.75,True,1.3427208719417787,0.7–0.9
MLDB-000073,SMILES,0.7435897435897436,True,0.5461250827318448,0.7–0.9
MLDB-000079,SMILES,0.9104477611940298,True,0.3702741315696505,≥0.9
MLDB-000085,SMILES,0.8108108108108109,True,0.7739515839716615,0.7–0.9
MLDB-000087,SMILES,0.9178082191780822,True,0.3574208793614152,≥0.9
MLDB-000113,SMILES,0.8347107438016529,True,0.5831871631007025,0.7–0.9
MLDB-000127,SMILES,0.847457627118644,True,0.1651356529232216,0.7–0.9
MLDB-000133,SMILES,0.7424242424242424,True,0.2166285062745567,0.7–0.9
MLDB-000135,SMILES,0.8181818181818182,True,0.5001452583237175,0.7–0.9
MLDB-000142,SMILES,0.9294117647058824,True,0.3648492911201326,≥0.9
MLDB-000144,SMILES,0.8442622950819673,False,0.383868019173044,0.7–0.9
MLDB-000157,SMILES,0.86,True,0.645634499979289,0.7–0.9
MLDB-000169,SMILES,0.86,True,1.079668488986498,0.7–0.9
MLDB-000178,SMILES,0.5202312138728323,True,1.548780639761006,0.5–0.7
MLDB-000180,SMILES,0.5202312138728323,True,1.6309624578180328,0.5–0.7
MLDB-000185,SMILES,0.8970588235294118,True,0.1824057778638071,0.7–0.9
MLDB-000192,SMILES,0.8793103448275862,True,0.0634176196638547,0.7–0.9
MLDB-000201,SMILES,0.6352941176470588,False,1.6754765276475394,0.5–0.7
MLDB-000208,SMILES,0.7913669064748201,True,0.6962659541037142,0.7–0.9
MLDB-000216,SMILES,0.7735849056603774,True,1.8542368351689669,0.7–0.9
MLDB-000230,SMILES,0.6683937823834197,True,0.5558874281520105,0.5–0.7
MLDB-000234,SMILES,0.8558558558558559,True,0.6665019267319613,0.7–0.9
MLDB-000268,SMILES,0.8228571428571428,True,0.2793995643384653,0.7–0.9
MLDB-000281,SMILES,0.8682170542635659,True,0.7384631130563322,0.7–0.9
MLDB-000288,SMILES,0.9032258064516129,True,0.1045311490353425,≥0.9
MLDB-000303,SMILES,0.7734375,True,0.1448482348395486,0.7–0.9
MLDB-000311,SMILES,0.4461538461538462,True,0.3351027053181881,0.3–0.5
MLDB-000324,SMILES,0.5151515151515151,True,0.4184340731650618,0.5–0.7
MLDB-000337,SMILES,0.7627118644067796,True,0.1376105281408479,0.7–0.9
MLDB-000355,SMILES,0.6396396396396397,True,0.0498929331266545,0.5–0.7
MLDB-000356,SMILES,0.3979591836734694,True,1.0590015260201595,0.3–0.5
MLDB-000359,SMILES,0.821256038647343,True,0.2826629068366511,0.7–0.9
MLDB-000360,SMILES,0.7032967032967034,False,0.148845229572214,0.7–0.9
MLDB-000368,SMILES,0.9259259259259259,True,0.5065928886349051,≥0.9
MLDB-000375,SMILES,0.7865168539325843,True,0.3742106101576241,0.7–0.9
MLDB-000389,SMILES,0.7424242424242424,True,0.507536959624227,0.7–0.9
MLDB-000402,SMILES,0.9507389162561576,True,0.0331079710248721,≥0.9
MLDB-000408,SMILES,0.7,True,1.440981924307375,0.7–0.9
MLDB-000417,SMILES,0.8680555555555556,True,0.2639333199107528,0.7–0.9
MLDB-000420,SMILES,0.7419354838709677,True,0.1590869481720362,0.7–0.9
MLDB-000424,SMILES,0.7123893805309734,True,0.2075030755892052,0.7–0.9
MLDB-000430,SMILES,0.7401574803149606,True,0.3774258321867296,0.7–0.9
MLDB-000436,SMILES,0.8648648648648649,True,0.4757600158244136,0.7–0.9
MLDB-000456,SMILES,0.7590361445783133,True,0.3997995457041572,0.7–0.9
MLDB-000467,SMILES,0.8275862068965517,True,0.981352127465904,0.7–0.9
MLDB-000482,SMILES,0.7557251908396947,True,0.5554165114330214,0.7–0.9
MLDB-000488,SMILES,0.6767676767676768,True,0.3375383420900402,0.5–0.7
MLDB-000503,SMILES,0.7272727272727273,True,0.110554117036612,0.7–0.9
MLDB-000517,SMILES,0.7842465753424658,False,0.9333392073419255,0.7–0.9
MLDB-000523,SMILES,0.8829268292682927,True,1.24109228341573,0.7–0.9
MLDB-000529,SMILES,0.8636363636363636,True,0.2530701938510594,0.7–0.9
MLDB-000536,SMILES,0.7476635514018691,True,0.542288734582618,0.7–0.9
MLDB-000553,SMILES,0.6133333333333333,True,0.2988580065319793,0.5–0.7
MLDB-000555,SMILES,0.7264150943396226,True,0.7879130334926281,0.7–0.9
MLDB-000557,SMILES,0.7211538461538461,True,0.0216937613741019,0.7–0.9
MLDB-000571,SMILES,0.6818181818181818,True,0.1845959349688969,0.5–0.7
MLDB-000577,SMILES,0.825,True,0.6668213044322178,0.7–0.9
MLDB-000585,SMILES,0.9875,True,0.527558749553844,≥0.9
MLDB-000592,SMILES,0.6507936507936508,True,0.9891855418422358,0.5–0.7
MLDB-000596,SMILES,0.6507936507936508,True,0.4239409339411758,0.5–0.7
MLDB-000600,SMILES,0.6507936507936508,True,0.4426042133720703,0.5–0.7
MLDB-000605,SMILES,0.8378378378378378,True,0.6310527499323216,0.7–0.9
MLDB-000616,SMILES,0.6728971962616822,True,0.4053758698543008,0.5–0.7
MLDB-000622,SMILES,0.6728971962616822,True,1.64241329710724,0.5–0.7
MLDB-000629,SMILES,0.672,True,0.886606071385968,0.5–0.7
MLDB-000652,SMILES,0.8198198198198198,True,0.1746998256435837,0.7–0.9
MLDB-000656,SMILES,0.8217054263565892,True,0.309217433717498,0.7–0.9
MLDB-000661,SMILES,0.8983957219251337,True,0.4373366335984017,0.7–0.9
MLDB-000662,SMILES,0.7804878048780488,True,0.5321483591679423,0.7–0.9
MLDB-000700,SMILES,0.909952606635071,True,0.1868395504405404,≥0.9
MLDB-000702,SMILES,0.618421052631579,False,0.1121233122905621,0.5–0.7
MLDB-000703,SMILES,0.6438356164383562,False,0.023755084063429,0.5–0.7
MLDB-000704,SMILES,0.618421052631579,False,0.3121233122905621,0.5–0.7
MLDB-000705,SMILES,0.6438356164383562,False,0.4000009921216384,0.5–0.7
MLDB-000706,SMILES,0.618421052631579,False,0.4478774042323524,0.5–0.7
MLDB-000730,SMILES,0.8807947019867549,True,0.0370971049304822,0.7–0.9
MLDB-000788,SMILES,0.6802721088435374,True,0.3031645859844674,0.5–0.7
MLDB-000790,SMILES,1.0,True,0.0739004974189549,≥0.9
MLDB-000793,SMILES,0.8235294117647058,True,0.8443134345447267,0.7–0.9
MLDB-000798,SMILES,0.8369565217391305,True,0.3883923167821226,0.7–0.9
MLDB-000814,SMILES,0.9147727272727273,True,0.0435679502307295,≥0.9
MLDB-000865,SMILES,0.7142857142857143,True,0.0087408745049166,0.7–0.9
MLDB-000874,SMILES,0.423728813559322,True,3.289045139711745,0.3–0.5
MLDB-000888,SMILES,0.8255813953488372,True,0.3520083261129365,0.7–0.9
MLDB-000946,SMILES,0.7808219178082192,True,1.0941168190832524,0.7–0.9
MLDB-000947,SMILES,0.6122448979591837,True,0.000504342429793,0.5–0.7
MLDB-000953,SMILES,0.6721311475409836,True,0.1583035589032657,0.5–0.7
MLDB-000954,SMILES,0.6721311475409836,True,0.1536160157986184,0.5–0.7
MLDB-000958,SMILES,0.8557213930348259,True,0.0538634449717988,0.7–0.9
MLDB-000967,SMILES,0.8141025641025641,True,0.2099745715328324,0.7–0.9
MLDB-000970,SMILES,0.8615384615384616,True,0.754414953360171,0.7–0.9
MLDB-000977,SMILES,0.7435897435897436,True,0.3282829278488101,0.7–0.9
MLDB-000994,SMILES,0.8048780487804879,True,0.2674414681137839,0.7–0.9
MLDB-001001,SMILES,0.8348623853211009,True,0.5063800401280024,0.7–0.9
MLDB-001009,SMILES,0.8131868131868132,True,0.0142185871924521,0.7–0.9
MLDB-001030,SMILES,0.9176470588235294,True,0.0686414297802728,≥0.9
MLDB-001050,SMILES,0.6220472440944882,True,0.2360933240120335,0.5–0.7
MLDB-001053,SMILES,0.7435897435897436,True,0.7991244411790195,0.7–0.9
MLDB-001078,SMILES,0.7547169811320755,True,0.2588178710191909,0.7–0.9
MLDB-001087,SMILES,0.7590361445783133,True,0.0166760908991887,0.7–0.9
MLDB-001088,SMILES,0.7222222222222222,True,0.312552039066416,0.7–0.9
MLDB-001090,SMILES,0.8633093525179856,True,0.4522112435961591,0.7–0.9
MLDB-001117,SMILES,0.8773584905660378,True,0.433610342900369,0.7–0.9
MLDB-001118,SMILES,0.7987012987012987,True,2.118540261912236,0.7–0.9
MLDB-001121,SMILES,0.8601398601398601,True,0.2328656575093819,0.7–0.9
MLDB-001130,SMILES,0.8557692307692307,True,0.3615219414820676,0.7–0.9
MLDB-001132,SMILES,0.8672566371681416,True,0.2300541130671909,0.7–0.9
MLDB-001160,SMILES,0.7548387096774194,True,0.1207677278394068,0.7–0.9
MLDB-001173,SMILES,0.7288135593220338,True,0.7331192483067105,0.7–0.9
MLDB-001176,SMILES,0.7684210526315789,True,0.217881065556997,0.7–0.9
MLDB-001177,SMILES,0.8666666666666667,True,0.0353159414735909,0.7–0.9
MLDB-001184,SMILES,0.8266666666666667,True,0.0501691645510933,0.7–0.9
MLDB-001195,SMILES,0.37083333333333335,False,0.1487960034627002,0.3–0.5
MLDB-001233,SMILES,0.8421052631578947,True,0.4232583608633951,0.7–0.9
MLDB-001292,SMILES,0.8113207547169812,True,0.003208703773351,0.7–0.9
MLDB-001306,SMILES,0.847457627118644,True,0.0595587858093886,0.7–0.9
MLDB-001310,SMILES,0.8636363636363636,True,0.4254459422477744,0.7–0.9
MLDB-001312,SMILES,0.8555555555555555,True,0.2514857726854607,0.7–0.9
MLDB-001326,SMILES,0.7111111111111111,True,1.3807637808038755,0.7–0.9
MLDB-001327,SMILES,0.7045454545454546,True,1.6476013502003706,0.7–0.9
MLDB-001336,SMILES,0.8604651162790697,True,0.96265367255485,0.7–0.9
MLDB-001339,SMILES,0.8032786885245902,True,0.3025194412559854,0.7–0.9
MLDB-001349,SMILES,0.6775956284153005,True,0.3189770232128362,0.5–0.7
MLDB-001372,SMILES,0.6890756302521008,True,0.343761706636555,0.5–0.7
MLDB-001380,SMILES,0.9398496240601504,True,0.2409655532842998,≥0.9
MLDB-001383,SMILES,0.8278145695364238,False,0.6503959646674963,0.7–0.9
MLDB-001384,SMILES,0.8278145695364238,False,0.8795771018770112,0.7–0.9
MLDB-001385,SMILES,0.8278145695364238,False,0.7800743944321601,0.7–0.9
MLDB-001386,SMILES,0.8278145695364238,False,0.980843766709579,0.7–0.9
MLDB-001387,SMILES,0.8278145695364238,False,1.0524886157669742,0.7–0.9
MLDB-001388,SMILES,0.8278145695364238,False,1.193035249209076,0.7–0.9
MLDB-001398,SMILES,0.8791946308724832,True,0.1748429243102034,0.7–0.9
MLDB-001417,SMILES,0.75,True,0.8277439149907666,0.7–0.9
MLDB-001431,SMILES,0.9562043795620438,True,0.4506347645955127,≥0.9
MLDB-001439,SMILES,0.9533333333333334,True,0.6518395155905572,≥0.9
MLDB-001444,SMILES,0.9340659340659341,True,0.172158077637321,≥0.9
MLDB-001446,SMILES,0.9381443298969072,True,0.3881678922684632,≥0.9
MLDB-001460,SMILES,0.7808219178082192,True,0.9412123215287392,0.7–0.9
MLDB-001490,SMILES,1.0,True,0.1005006501705159,≥0.9
MLDB-001513,SMILES,0.6388888888888888,True,0.2367166560419405,0.5–0.7
MLDB-001518,SMILES,0.7052631578947368,True,0.7274469968743515,0.7–0.9
MLDB-001529,SMILES,0.9882352941176471,True,0.4640925373914235,≥0.9
MLDB-001531,SMILES,0.4482758620689655,True,0.4471926455740413,0.3–0.5
MLDB-001537,SMILES,0.9159663865546218,True,0.4377869944749879,≥0.9
MLDB-001538,SMILES,0.8557213930348259,True,0.376002178549556,0.7–0.9
MLDB-001557,SMILES,0.9178743961352657,True,1.0987101262144832,≥0.9
MLDB-001558,SMILES,0.753968253968254,True,0.6447217252573628,0.7–0.9
MLDB-001574,SMILES,0.3069306930693069,False,0.3018648751331464,0.3–0.5
MLDB-001589,SMILES,0.7251908396946565,True,1.141702729872313,0.7–0.9
MLDB-001594,SMILES,0.9090909090909091,True,0.1901152957760805,≥0.9
MLDB-001641,SMILES,0.875,True,0.6004281685456723,0.7–0.9
MLDB-001669,SMILES,0.8492462311557789,True,0.3774518152932555,0.7–0.9
MLDB-001670,SMILES,0.8492462311557789,True,0.0647386213343355,0.7–0.9
MLDB-001671,SMILES,0.8256410256410256,True,0.0984965443936431,0.7–0.9
MLDB-001672,SMILES,0.8256410256410256,True,0.1424804090104172,0.7–0.9
MLDB-001681,SMILES,0.8156028368794326,True,0.9591305079042812,0.7–0.9
MLDB-001683,SMILES,0.6822429906542056,True,0.4033693324903833,0.5–0.7
MLDB-001689,SMILES,1.0,True,0.4726975405491329,≥0.9
MLDB-001690,SMILES,1.0,True,0.912841977149278,≥0.9
MLDB-001697,SMILES,0.3263598326359833,False,0.3941501097180257,0.3–0.5
MLDB-001698,SMILES,0.3333333333333333,False,2.9190989817897375,0.3–0.5
MLDB-001701,SMILES,0.512,True,0.3857785041048553,0.5–0.7
MLDB-001703,SMILES,0.5106382978723404,True,0.3769859959808141,0.5–0.7
MLDB-001721,SMILES,0.4625,True,1.6264447145684224,0.3–0.5
MLDB-001727,SMILES,0.7471264367816092,True,0.1343377379958414,0.7–0.9
MLDB-001730,SMILES,0.7333333333333333,True,0.474484297657139,0.7–0.9
MLDB-001747,SMILES,0.88,True,0.343691490168635,0.7–0.9
MLDB-001748,SMILES,0.88,True,0.8459001232077383,0.7–0.9
MLDB-001780,SMILES,0.512,True,0.1992584112535169,0.5–0.7
MLDB-001789,SMILES,0.9090909090909091,True,0.9421275919037746,≥0.9
MLDB-001790,SMILES,0.5833333333333334,True,0.6202937452891448,0.5–0.7
MLDB-001800,SMILES,0.8686868686868687,True,0.2296900015377945,0.7–0.9
MLDB-001813,SMILES,0.7272727272727273,True,0.1578986940237949,0.7–0.9
MLDB-001825,SMILES,0.9,True,0.5649826926097905,≥0.9
MLDB-001850,SMILES,0.88,True,0.2304914634373257,0.7–0.9
MLDB-001866,SMILES,0.7906976744186046,True,0.3376791531621946,0.7–0.9
MLDB-001875,SMILES,0.9459459459459459,True,0.1047724390628432,≥0.9
MLDB-001887,SMILES,1.0,True,0.2109616214139404,≥0.9
MLDB-001895,SMILES,0.4411764705882353,True,0.0112472529318747,0.3–0.5
MLDB-001900,SMILES,0.9411764705882353,True,0.7094805354945122,≥0.9
MLDB-001910,SMILES,0.5095541401273885,True,0.9292318928742346,0.5–0.7
MLDB-001932,SMILES,0.7391304347826086,True,0.0294349404204361,0.7–0.9
MLDB-001946,SMILES,0.6956521739130435,True,1.0388744342725529,0.5–0.7
MLDB-001949,SMILES,0.6862745098039216,True,1.6000794599192822,0.5–0.7
MLDB-001952,SMILES,0.8,True,0.9518728494976244,0.7–0.9
MLDB-001959,SMILES,0.9882352941176471,True,0.1706952164841258,≥0.9
MLDB-001960,SMILES,0.9882352941176471,True,0.0819066819218266,≥0.9
MLDB-001968,SMILES,0.6666666666666666,True,0.4486894708488763,0.5–0.7
MLDB-001972,SMILES,0.8666666666666667,True,0.161746578971776,0.7–0.9
MLDB-001982,SMILES,0.8553459119496856,True,0.784043232645508,0.7–0.9
MLDB-001986,SMILES,0.7611940298507462,True,0.805948164512025,0.7–0.9
MLDB-002002,SMILES,0.9111111111111111,True,0.1624111638897188,≥0.9
MLDB-002003,SMILES,0.9111111111111111,True,0.1705328869050719,≥0.9
MLDB-002006,SMILES,0.7352941176470589,True,0.535793718711224,0.7–0.9
MLDB-002010,SMILES,0.8813559322033898,True,1.018633988463881,0.7–0.9
MLDB-002012,SMILES,0.7254901960784313,True,0.2805728799568097,0.7–0.9
MLDB-002016,SMILES,0.7286821705426356,True,0.1311336644215462,0.7–0.9
MLDB-002028,SMILES,0.8813559322033898,True,0.2139189138674802,0.7–0.9
MLDB-002035,SMILES,0.7358490566037735,True,0.211945982220914,0.7–0.9
MLDB-002047,SMILES,0.37254901960784315,True,0.88513698332544,0.3–0.5
MLDB-002048,SMILES,0.37254901960784315,True,0.2151369833254399,0.3–0.5
MLDB-002049,SMILES,0.7515923566878981,True,0.9862338185789712,0.7–0.9
MLDB-002050,SMILES,0.7407407407407407,True,0.7106541739534825,0.7–0.9
MLDB-002065,SMILES,0.717948717948718,True,0.7988381729651223,0.7–0.9
MLDB-002067,SMILES,0.717948717948718,True,0.7047076232311027,0.7–0.9
MLDB-002101,SMILES,0.8518518518518519,True,0.5635291398968334,0.7–0.9
MLDB-002110,SMILES,0.425531914893617,True,0.981421856483314,0.3–0.5
MLDB-002125,SMILES,0.9473684210526315,True,0.1807579463349071,≥0.9
MLDB-002146,SMILES,0.82,True,0.0513146108964022,0.7–0.9
MLDB-002163,SMILES,0.6931818181818182,True,0.1850216052344572,0.5–0.7
MLDB-002176,SMILES,1.0,True,0.1284621149315037,≥0.9
MLDB-002218,SMILES,0.8148148148148148,True,0.8229117335433245,0.7–0.9
MLDB-002235,SMILES,0.7943262411347518,True,0.0100180290492904,0.7–0.9
MLDB-002252,SMILES,0.7920792079207921,True,0.0832320139955591,0.7–0.9
MLDB-002255,SMILES,0.775,True,0.3045223946685308,0.7–0.9
MLDB-002258,SMILES,0.9230769230769231,True,0.0777439026713804,≥0.9
MLDB-002288,SMILES,0.41496598639455784,True,2.8766532034838903,0.3–0.5
MLDB-002301,SMILES,0.88,True,0.4059595396899429,0.7–0.9
MLDB-002311,SMILES,0.6923076923076923,True,0.4156489151306769,0.5–0.7
MLDB-002312,SMILES,0.56,True,0.4834588767187795,0.5–0.7
MLDB-002315,SMILES,0.6791044776119403,True,0.1979148674414693,0.5–0.7
MLDB-002325,SMILES,0.94,True,0.3490355810615948,≥0.9
MLDB-002345,SMILES,0.7297297297297297,True,0.0232657811733942,0.7–0.9
MLDB-002353,SMILES,0.8117647058823529,True,0.1009176875996429,0.7–0.9
MLDB-002359,SMILES,0.9573170731707317,True,0.0999250707142408,≥0.9
MLDB-002389,SMILES,0.7413793103448276,True,0.399418701064277,0.7–0.9
MLDB-002404,SMILES,0.6796116504854369,True,0.0873939559599243,0.5–0.7
MLDB-002427,SMILES,0.3829787234042553,True,2.894918487823633,0.3–0.5
MLDB-002435,SMILES,0.8580645161290322,True,0.2705313166094369,0.7–0.9
MLDB-002450,SMILES,0.7613636363636364,True,0.3165441870323777,0.7–0.9
MLDB-002465,SMILES,0.9038461538461539,True,0.9078524379364812,≥0.9
MLDB-002469,SMILES,0.8639455782312925,True,0.3220228995574379,0.7–0.9
MLDB-002475,SMILES,0.4550898203592814,False,0.8360989282846436,0.3–0.5
MLDB-002476,SMILES,0.4550898203592814,False,0.6956287921199915,0.3–0.5
MLDB-002477,SMILES,0.4550898203592814,False,0.9880464513355932,0.3–0.5
MLDB-002478,SMILES,0.4550898203592814,False,0.158818749547926,0.3–0.5
MLDB-002479,SMILES,0.5774647887323944,False,0.6230457960590632,0.5–0.7
MLDB-002494,SMILES,0.6938775510204082,True,0.6276887756048073,0.5–0.7
MLDB-002504,SMILES,0.6511627906976745,True,0.5088950370541697,0.5–0.7
MLDB-002512,SMILES,0.7777777777777778,True,0.4782752767337631,0.7–0.9
MLDB-002513,SMILES,0.7777777777777778,True,0.4362257562011752,0.7–0.9
MLDB-002516,SMILES,0.27906976744186046,True,0.9865227313730204,<0.3
MLDB-002522,SMILES,0.7547169811320755,True,0.5041451045679441,0.7–0.9
MLDB-002546,SMILES,0.7303370786516854,True,0.528664217766003,0.7–0.9
MLDB-002570,SMILES,0.888,True,0.6485205332422721,0.7–0.9
MLDB-002606,SMILES,0.6949152542372882,True,1.7983423914448025,0.5–0.7
MLDB-002607,SMILES,0.9743589743589743,True,0.1306191990430107,≥0.9
MLDB-002614,SMILES,0.8539325842696629,True,0.047362634762319,0.7–0.9
MLDB-002625,SMILES,0.9883720930232558,False,0.4129405460327816,≥0.9
MLDB-002657,SMILES,0.36464088397790057,True,0.0345562418182059,0.3–0.5
MLDB-002681,SMILES,0.5638297872340425,False,0.1504064137096318,0.5–0.7
MLDB-002703,SMILES,0.8461538461538461,True,0.0899044507063927,0.7–0.9
MLDB-002707,SMILES,0.8461538461538461,True,0.2288762295783979,0.7–0.9
MLDB-002711,SMILES,0.75,True,0.1197614987661112,0.7–0.9
MLDB-002736,SMILES,0.3333333333333333,True,0.0785700173874273,0.3–0.5
MLDB-002740,SMILES,0.46153846153846156,True,0.6735650362318333,0.3–0.5
MLDB-002743,SMILES,0.7161016949152542,True,0.5910291619891035,0.7–0.9
MLDB-002755,SMILES,0.7272727272727273,True,0.9792903061496004,0.7–0.9
MLDB-002765,SMILES,0.5409836065573771,True,1.7842068434683442,0.5–0.7
MLDB-002777,SMILES,0.9065934065934066,True,0.0410426153155375,≥0.9
MLDB-002780,SMILES,0.7727272727272727,True,0.955528107502834,0.7–0.9
MLDB-002804,SMILES,0.89,True,0.0406598986239361,0.7–0.9
MLDB-002810,SMILES,0.8214285714285714,True,0.5271536313208036,0.7–0.9
MLDB-002811,SMILES,0.7333333333333333,True,0.7061826950610894,0.7–0.9
MLDB-002820,SMILES,0.7701149425287356,True,0.5089881248758095,0.7–0.9
MLDB-002838,SMILES,0.8021978021978022,True,0.9238007151821844,0.7–0.9
MLDB-002867,SMILES,0.9882352941176471,True,0.864609106779807,≥0.9
MLDB-002869,SMILES,0.25757575757575757,True,0.4347165181015784,<0.3
MLDB-002871,SMILES,0.25888324873096447,True,1.31358952199594,<0.3
MLDB-002872,SMILES,0.6078431372549019,True,0.4486617644818647,0.5–0.7
MLDB-002886,SMILES,0.7100271002710027,True,0.5762434572246697,0.7–0.9
MLDB-002891,SMILES,0.4117647058823529,True,0.8692498381468439,0.3–0.5
MLDB-002893,SMILES,0.325,True,0.3094798105855869,0.3–0.5
MLDB-002898,SMILES,0.782608695652174,True,0.3481841748476939,0.7–0.9
MLDB-002900,SMILES,0.863013698630137,True,0.2913027314124394,0.7–0.9
MLDB-002901,SMILES,0.8289473684210527,True,0.305202484525749,0.7–0.9
MLDB-002921,SMILES,0.9894736842105263,True,0.0144167926640605,≥0.9
MLDB-002933,SMILES,0.8411214953271028,True,1.1530052119830403,0.7–0.9
MLDB-002942,SMILES,0.6790123456790124,True,1.317739337518548,0.5–0.7
MLDB-002951,SMILES,0.6511627906976745,True,0.0718318755057803,0.5–0.7
MLDB-002956,SMILES,0.5918367346938775,True,0.7343340128807714,0.5–0.7
MLDB-002968,SMILES,0.5666666666666667,True,0.1470204259733614,0.5–0.7
MLDB-002974,SMILES,0.5147058823529411,False,0.9968603228362324,0.5–0.7
MLDB-002976,SMILES,0.7582417582417582,True,0.2305549411152072,0.7–0.9
MLDB-002986,SMILES,0.6533333333333333,True,1.278520355251917,0.5–0.7
MLDB-002997,SMILES,0.7222222222222222,True,0.3288167372149395,0.7–0.9
MLDB-003020,SMILES,0.98,True,1.0018794629778145,≥0.9
MLDB-003026,SMILES,0.7066666666666667,True,1.1488058068302502,0.7–0.9
MLDB-003033,SMILES,0.5245901639344263,True,0.7505481089922066,0.5–0.7
MLDB-003042,SMILES,0.8260869565217391,True,0.1423791614885569,0.7–0.9
MLDB-003043,SMILES,0.7142857142857143,True,0.2277549600244433,0.7–0.9
MLDB-003082,SMILES,0.7193877551020408,True,0.241214014336011,0.7–0.9
MLDB-003089,SMILES,0.96875,True,1.1259733246280994,≥0.9
MLDB-003097,SMILES,0.782608695652174,True,0.332938835169335,0.7–0.9
MLDB-003103,SMILES,0.9024390243902439,True,0.4175402620617144,≥0.9
MLDB-003106,SMILES,0.9024390243902439,True,0.4080806177783855,≥0.9
MLDB-003109,SMILES,0.8461538461538461,True,0.3686259037384622,0.7–0.9
MLDB-003148,SMILES,0.8461538461538461,True,0.1768934744389374,0.7–0.9
MLDB-003156,SMILES,0.8641975308641975,True,0.0761053868783243,0.7–0.9
MLDB-003159,SMILES,0.794392523364486,True,0.8277307387595121,0.7–0.9
MLDB-003186,SMILES,0.8275862068965517,True,0.2919231843796303,0.7–0.9
MLDB-003195,SMILES,0.803030303030303,True,0.9195031211343364,0.7–0.9
MLDB-003203,SMILES,0.7282608695652174,True,0.1458342999554271,0.7–0.9
MLDB-003248,SMILES,0.8387096774193549,True,0.2545904065461082,0.7–0.9
MLDB-003252,SMILES,0.8970588235294118,True,0.2826996130468334,0.7–0.9
MLDB-003265,SMILES,0.7386363636363636,True,0.1009492791163159,0.7–0.9
MLDB-003271,SMILES,0.6724137931034483,True,0.0201145451286945,0.5–0.7
MLDB-003274,SMILES,0.7623762376237624,True,0.2648011326834089,0.7–0.9
MLDB-003284,SMILES,0.8316831683168316,True,0.0725557636826474,0.7–0.9
MLDB-003328,SMILES,0.7456140350877193,True,0.4147176149306357,0.7–0.9
MLDB-003331,SMILES,0.7850467289719626,True,0.4022444772043459,0.7–0.9
MLDB-003333,SMILES,0.8484848484848485,True,0.0594139382633279,0.7–0.9
MLDB-003345,SMILES,0.6,True,0.1262782179934975,0.5–0.7
MLDB-003348,SMILES,0.8387096774193549,True,0.1504106565860987,0.7–0.9
MLDB-003354,SMILES,0.8970588235294118,True,0.2326996130468334,0.7–0.9
MLDB-003357,SMILES,0.8152173913043478,True,0.2743141872850198,0.7–0.9
MLDB-003364,SMILES,0.7303370786516854,True,0.043447973172939,0.7–0.9
MLDB-003365,SMILES,0.7471264367816092,True,0.2455883778977632,0.7–0.9
MLDB-003377,SMILES,0.8675496688741722,True,0.2466240439574877,0.7–0.9
MLDB-003379,SMILES,0.875,True,0.7174964487686809,0.7–0.9
MLDB-003420,SMILES,0.8379629629629629,True,0.3633297853981494,0.7–0.9
MLDB-003422,SMILES,0.7446808510638298,True,1.488856783172824,0.7–0.9
MLDB-003424,SMILES,0.8090909090909091,True,0.1135403040722861,0.7–0.9
MLDB-003435,SMILES,0.6987951807228916,True,0.0253697343395157,0.5–0.7
MLDB-003446,SMILES,0.8461538461538461,True,0.0274667352789753,0.7–0.9
MLDB-003451,SMILES,0.9159663865546218,True,0.178316831859745,≥0.9
MLDB-003456,SMILES,0.8230088495575221,True,0.0506275373766114,0.7–0.9
MLDB-003460,SMILES,0.8770491803278688,True,0.7288141059511136,0.7–0.9
MLDB-003465,SMILES,0.7920792079207921,True,0.498475592560561,0.7–0.9
MLDB-003471,SMILES,0.7142857142857143,True,0.2546574620038044,0.7–0.9
MLDB-003492,SMILES,0.9528301886792453,True,0.0405536990729022,≥0.9
MLDB-003493,SMILES,0.926605504587156,True,0.6819155789879816,≥0.9
MLDB-003508,SMILES,0.5789473684210527,True,1.6517330481821426,0.5–0.7
MLDB-003510,SMILES,0.9575471698113207,True,0.2531345910411251,≥0.9
MLDB-003532,SMILES,0.4280936454849498,True,0.1602452104757343,0.3–0.5
MLDB-003538,SMILES,0.8514285714285714,True,0.0464714789635161,0.7–0.9
MLDB-003540,SMILES,0.7849462365591398,True,0.3110589936900063,0.7–0.9
MLDB-003550,SMILES,0.9038461538461539,True,0.5524692209950886,≥0.9
MLDB-003559,SMILES,0.8363636363636363,True,0.2241114489385346,0.7–0.9
MLDB-003568,SMILES,0.6296296296296297,True,0.1083216825874258,0.5–0.7
MLDB-003575,SMILES,0.6296296296296297,True,0.0094906007377932,0.5–0.7
MLDB-003579,SMILES,0.49038461538461536,True,1.1497669094889682,0.3–0.5
MLDB-003581,SMILES,0.5333333333333333,True,1.7733640028872606,0.5–0.7
MLDB-003585,SMILES,0.8773006134969326,True,0.119483420349063,0.7–0.9
MLDB-003586,SMILES,0.8869047619047619,True,0.3262677158340002,0.7–0.9
MLDB-003587,SMILES,0.8994082840236687,True,0.2890064789036919,0.7–0.9
MLDB-003594,SMILES,0.7777777777777778,True,0.3973082716789439,0.7–0.9
MLDB-003613,SMILES,0.5882352941176471,True,0.772830470342924,0.5–0.7
MLDB-003626,SMILES,0.8773006134969326,True,1.8817515697685552,0.7–0.9
MLDB-003631,SMILES,0.9759036144578314,True,0.4194465114796427,≥0.9
MLDB-003636,SMILES,0.9384615384615385,True,0.0336953848984062,≥0.9
MLDB-003647,SMILES,0.7735849056603774,True,0.1111320473172677,0.7–0.9
MLDB-003648,SMILES,0.803921568627451,True,0.2056437474790767,0.7–0.9
MLDB-003662,SMILES,0.7394957983193278,True,0.3794629503618952,0.7–0.9
MLDB-003673,SMILES,0.9012345679012346,True,0.0920998878810543,≥0.9
MLDB-003675,SMILES,0.9506172839506173,True,0.2058264492963772,≥0.9
MLDB-003686,SMILES,0.8301886792452831,True,0.1287869971781706,0.7–0.9
MLDB-003694,SMILES,0.7837837837837838,True,0.0750869615641933,0.7–0.9
MLDB-003707,SMILES,0.797979797979798,True,0.0915741252107773,0.7–0.9
MLDB-003725,SMILES,0.8601398601398601,True,0.0943712988398068,0.7–0.9
MLDB-003743,SMILES,0.8333333333333334,True,0.4041823490130853,0.7–0.9
MLDB-003750,SMILES,0.8137254901960784,True,0.4485386602186383,0.7–0.9
MLDB-003757,SMILES,0.8598130841121495,True,1.0968602009249475,0.7–0.9
MLDB-003767,SMILES,0.9555555555555556,True,0.5211780490250834,≥0.9
MLDB-003770,SMILES,0.8387096774193549,True,0.1448140791531349,0.7–0.9
MLDB-003784,SMILES,0.5698924731182796,True,1.1959692523724574,0.5–0.7
MLDB-003785,SMILES,0.5698924731182796,True,0.9041191123417908,0.5–0.7
MLDB-003786,SMILES,0.5698924731182796,True,0.7346063753522145,0.5–0.7
MLDB-003792,SMILES,0.6363636363636364,True,0.4776345326709245,0.5–0.7
MLDB-003805,SMILES,0.8651685393258427,True,0.7441860886905209,0.7–0.9
MLDB-003813,SMILES,0.5483870967741935,True,0.1755517807922917,0.5–0.7
MLDB-003814,SMILES,0.6386554621848739,True,0.3515554988590494,0.5–0.7
MLDB-003842,SMILES,0.8620689655172413,True,0.1592000142127227,0.7–0.9
MLDB-003856,SMILES,0.7265625,True,0.3460365389855377,0.7–0.9
MLDB-003870,SMILES,0.7603686635944701,True,0.4448137505420091,0.7–0.9
MLDB-003874,SMILES,0.7346938775510204,True,0.5342383401584813,0.7–0.9
MLDB-003889,SMILES,0.8067632850241546,True,0.6729818371055889,0.7–0.9
MLDB-003894,SMILES,0.6931818181818182,True,1.3524968134898565,0.5–0.7
MLDB-003910,SMILES,0.8344370860927153,True,0.1607260734787534,0.7–0.9
MLDB-003911,SMILES,0.7802197802197802,True,0.513760230968829,0.7–0.9
MLDB-003913,SMILES,0.7916666666666666,True,0.5337246477547629,0.7–0.9
MLDB-003922,SMILES,0.8488372093023255,True,0.0788253575755157,0.7–0.9
MLDB-003937,SMILES,0.7558139534883721,True,1.0913380495926897,0.7–0.9
MLDB-003959,SMILES,0.6515151515151515,True,1.5722452561498654,0.5–0.7
MLDB-003962,SMILES,0.6632653061224489,True,0.6410261691769059,0.5–0.7
MLDB-003964,SMILES,1.0,True,0.145436486561908,≥0.9
MLDB-003976,SMILES,0.810126582278481,True,0.2291355984469387,0.7–0.9
MLDB-003993,SMILES,0.8395061728395061,False,0.0485197734249445,0.7–0.9
MLDB-003999,SMILES,0.8843537414965986,True,1.2520246775216586,0.7–0.9
MLDB-004003,SMILES,0.77,True,1.1368841490829056,0.7–0.9
MLDB-004006,SMILES,0.5078534031413613,True,1.3264771225228515,0.5–0.7
MLDB-004010,SMILES,0.7469879518072289,True,0.1769750017536523,0.7–0.9
MLDB-004018,SMILES,0.8142857142857143,True,0.1549401146914961,0.7–0.9
MLDB-004020,SMILES,0.6486486486486487,True,0.152828348577155,0.5–0.7
MLDB-004034,SMILES,0.8910891089108911,True,0.0590308853260608,0.7–0.9
MLDB-004036,SMILES,0.8181818181818182,True,0.5972377672666531,0.7–0.9
MLDB-004044,SMILES,0.8762886597938144,True,0.5877512297975721,0.7–0.9
MLDB-004050,SMILES,0.7469879518072289,True,0.2669750017536524,0.7–0.9
MLDB-004060,SMILES,0.7663551401869159,True,0.7913514131017731,0.7–0.9
MLDB-004062,SMILES,0.6259541984732825,False,1.113619563661103,0.5–0.7
MLDB-004071,SMILES,0.8333333333333334,True,0.2854410011050501,0.7–0.9
MLDB-004074,SMILES,0.7309941520467836,True,0.3425160491716551,0.7–0.9
MLDB-004093,SMILES,0.8070175438596491,True,0.0699523955167237,0.7–0.9
MLDB-004105,SMILES,0.746268656716418,True,0.875298737713085,0.7–0.9
MLDB-004107,SMILES,0.6565656565656566,True,0.407295637706023,0.5–0.7
MLDB-004117,SMILES,0.8940677966101694,True,0.7659639075913893,0.7–0.9
MLDB-004137,SMILES,0.7160493827160493,True,0.1975395537901822,0.7–0.9
MLDB-004147,SMILES,0.6690647482014388,True,0.88304670374651,0.5–0.7
MLDB-004151,SMILES,0.7941176470588235,True,0.6446688791833097,0.7–0.9
MLDB-004173,SMILES,0.9621451104100947,True,0.8114576844587226,≥0.9
MLDB-004174,SMILES,0.6683673469387755,True,0.0702159660486592,0.5–0.7
MLDB-004176,SMILES,0.765625,True,0.6342803780453565,0.7–0.9
MLDB-004177,SMILES,0.7391304347826086,True,1.3270543902601122,0.7–0.9
MLDB-004210,SMILES,0.6785714285714286,True,0.816324857588361,0.5–0.7
MLDB-004234,SMILES,0.7368421052631579,True,0.154277220189024,0.7–0.9
MLDB-004241,SMILES,0.9253731343283582,True,1.112713098175555,≥0.9
MLDB-004245,SMILES,0.9047619047619048,True,0.1012360235066369,≥0.9
MLDB-004255,SMILES,0.5833333333333334,False,0.7796544454819465,0.5–0.7
MLDB-004271,SMILES,0.8387096774193549,True,0.5506982015646792,0.7–0.9
MLDB-004281,SMILES,0.7938144329896907,True,0.1843902190988489,0.7–0.9
MLDB-004282,SMILES,0.7247706422018348,True,0.2627845476006405,0.7–0.9
MLDB-004285,SMILES,0.8581560283687943,True,1.2612921512205295,0.7–0.9
MLDB-004290,SMILES,0.5846153846153846,True,0.0747833053336335,0.5–0.7
MLDB-004294,SMILES,0.7285714285714285,True,0.2943597896385115,0.7–0.9
MLDB-004300,SMILES,0.8085106382978723,True,0.5900293014082054,0.7–0.9
MLDB-004302,SMILES,0.6071428571428571,True,0.8907996824920388,0.5–0.7
MLDB-004305,SMILES,0.5980392156862745,True,1.0297204252229897,0.5–0.7
MLDB-004315,SMILES,0.6767676767676768,True,0.2214406625712048,0.5–0.7
MLDB-004333,SMILES,0.6826923076923077,True,0.2350458645264319,0.5–0.7
MLDB-004351,SMILES,0.905511811023622,True,0.0020555872857115,≥0.9
MLDB-004353,SMILES,0.7183098591549296,True,0.3691786985336909,0.7–0.9
MLDB-004385,SMILES,0.960352422907489,True,0.5228923912004264,≥0.9
MLDB-004391,SMILES,0.7297297297297297,True,0.3773324560703165,0.7–0.9
MLDB-004415,SMILES,0.9518072289156626,True,0.1718696247930056,≥0.9
MLDB-004425,SMILES,0.9402985074626866,True,0.1698118904841367,≥0.9
MLDB-004436,SMILES,0.5894039735099338,True,0.3932123816458086,0.5–0.7
MLDB-004464,SMILES,0.755868544600939,True,0.1211457756339595,0.7–0.9
MLDB-004491,SMILES,0.7605633802816901,True,2.782890520221927,0.7–0.9
MLDB-004531,SMILES,0.7723577235772358,True,0.1101443195144946,0.7–0.9
MLDB-004535,SMILES,0.7723577235772358,True,0.369949687805532,0.7–0.9
MLDB-004539,SMILES,0.7723577235772358,True,0.8226629560212388,0.7–0.9
MLDB-004566,SMILES,0.8837209302325582,True,0.2172313946166788,0.7–0.9
MLDB-004569,SMILES,0.7241379310344828,True,0.2387216841668452,0.7–0.9
MLDB-004572,SMILES,0.8,True,0.236053071002155,0.7–0.9
MLDB-004607,SMILES,0.8235294117647058,True,0.2683240970466786,0.7–0.9
MLDB-004608,SMILES,0.8235294117647058,True,0.2416759029533214,0.7–0.9
MLDB-004609,SMILES,0.8235294117647058,True,0.6443134345447268,0.7–0.9
MLDB-004610,SMILES,0.8235294117647058,True,0.3443134345447267,0.7–0.9
MLDB-004611,SMILES,0.8235294117647058,True,0.7443134345447266,0.7–0.9
MLDB-004612,SMILES,0.8235294117647058,True,0.8443134345447267,0.7–0.9
MLDB-004613,SMILES,0.8235294117647058,True,0.9743134345447266,0.7–0.9
MLDB-004614,SMILES,0.8235294117647058,True,1.0443134345447267,0.7–0.9
MLDB-004623,SMILES,0.7272727272727273,True,0.6089103799686985,0.7–0.9
MLDB-004640,SMILES,0.948051948051948,True,0.8216595998936691,≥0.9
MLDB-004645,SMILES,0.8723404255319149,True,0.3001335545096604,0.7–0.9
MLDB-004647,SMILES,0.875,True,0.2095317396032565,0.7–0.9
MLDB-004678,SMILES,0.4117647058823529,False,0.0949328242549695,0.3–0.5
MLDB-004679,SMILES,0.4117647058823529,False,1.2317859194602705,0.3–0.5
MLDB-004686,SMILES,0.6818181818181818,True,0.3692396734070056,0.5–0.7
MLDB-004699,SMILES,0.9090909090909091,True,0.5801152957760807,≥0.9
MLDB-004715,SMILES,0.6875,True,0.1374542888786956,0.5–0.7
MLDB-004718,SMILES,0.6739811912225705,True,0.4062055769700086,0.5–0.7
MLDB-004730,SMILES,0.8815165876777251,True,0.779759520720018,0.7–0.9
MLDB-004736,SMILES,0.6951219512195121,True,0.1796524563465558,0.5–0.7
MLDB-004750,SMILES,0.7831325301204819,True,1.5180384353618988,0.7–0.9
MLDB-004758,SMILES,0.9180327868852459,True,0.0123856612496267,≥0.9
MLDB-004772,SMILES,0.6785714285714286,True,0.4946152486567415,0.5–0.7
MLDB-004787,SMILES,0.8367346938775511,True,0.0973674899453447,0.7–0.9
MLDB-004801,SMILES,0.47297297297297297,False,1.1559811042106176,0.3–0.5
MLDB-004802,SMILES,0.47297297297297297,False,0.8812222001762599,0.3–0.5
MLDB-004803,SMILES,0.47297297297297297,False,0.9954040051109851,0.3–0.5
MLDB-004812,SMILES,0.5704697986577181,True,1.1241781239780877,0.5–0.7
MLDB-004813,SMILES,0.5704697986577181,True,1.2972044257113386,0.5–0.7
MLDB-004824,SMILES,0.9696969696969697,True,0.8008247538983666,≥0.9
MLDB-004828,SMILES,0.6565656565656566,True,1.0174275585525328,0.5–0.7
MLDB-004836,SMILES,1.0,True,0.4982063359996934,≥0.9
MLDB-004868,SMILES,0.47540983606557374,True,0.1029080846396093,0.3–0.5
MLDB-004872,SMILES,0.4307692307692308,True,0.2320322673389049,0.3–0.5
MLDB-004893,SMILES,0.7536231884057971,True,0.3154053270380501,0.7–0.9
MLDB-004911,SMILES,0.5454545454545454,True,0.0189516408749967,0.5–0.7
MLDB-004938,SMILES,0.6821192052980133,True,0.6538849070177593,0.5–0.7
MLDB-004950,SMILES,0.7142857142857143,True,0.2352796482805788,0.7–0.9
MLDB-004956,SMILES,0.7469879518072289,True,0.1682223925724473,0.7–0.9
MLDB-004958,SMILES,0.8666666666666667,True,0.2338816109619972,0.7–0.9
MLDB-005004,SMILES,0.888268156424581,True,0.3189831187560284,0.7–0.9
MLDB-005009,SMILES,0.9,True,0.4059384550737578,≥0.9
MLDB-005035,SMILES,0.9693877551020408,True,0.354020121560217,≥0.9
MLDB-005038,SMILES,0.9693877551020408,True,0.554020121560217,≥0.9
MLDB-005045,SMILES,0.6238532110091743,True,0.5643523324324389,0.5–0.7
MLDB-005056,SMILES,0.875,True,0.0276202194560636,0.7–0.9
MLDB-005071,SMILES,0.8269230769230769,True,0.0381278691896525,0.7–0.9
MLDB-005072,SMILES,0.8571428571428571,True,0.8547854647095663,0.7–0.9
MLDB-005079,SMILES,0.9473684210526315,True,2.9430067480387487,≥0.9
MLDB-005101,SMILES,0.6451612903225806,True,0.3743163102438152,0.5–0.7
MLDB-005102,SMILES,0.625,True,0.2641815279101702,0.5–0.7
MLDB-005107,SMILES,0.5581395348837209,True,0.8304481424987342,0.5–0.7
MLDB-005114,SMILES,0.7252747252747253,True,0.3935593646164332,0.7–0.9
MLDB-005118,SMILES,0.6233766233766234,True,1.25648070414728,0.5–0.7
MLDB-005122,SMILES,0.7851239669421488,True,0.4184456356104354,0.7–0.9
MLDB-005128,SMILES,0.7857142857142857,True,0.6438923287021359,0.7–0.9
MLDB-005132,SMILES,0.73125,True,0.9483072343577468,0.7–0.9
MLDB-005139,SMILES,0.575,True,0.8042717823572191,0.5–0.7
MLDB-005157,SMILES,0.22950819672131148,True,1.545470656650882,<0.3
MLDB-000003,SMILES,0.8735177865612648,True,1.969975129930411,0.7–0.9
MLDB-000012,SMILES,0.911504424778761,True,0.5455930770337294,≥0.9
MLDB-000043,SMILES,0.7216494845360825,True,0.6680686943251366,0.7–0.9
MLDB-000057,SMILES,0.7789473684210526,True,0.166367060377133,0.7–0.9
MLDB-000064,SMILES,0.6126126126126126,True,1.3216998936192548,0.5–0.7
MLDB-000070,SMILES,0.75,True,0.5771287881197278,0.7–0.9
MLDB-000082,SMILES,0.8674698795180723,True,0.2157191960662459,0.7–0.9
MLDB-000114,SMILES,0.8449612403100775,True,0.3134402529221547,0.7–0.9
MLDB-000120,SMILES,0.8470588235294118,True,0.0808060414652209,0.7–0.9
MLDB-000132,SMILES,0.7424242424242424,True,0.730727968066169,0.7–0.9
MLDB-000150,SMILES,0.8068181818181818,True,0.1975967817757273,0.7–0.9
MLDB-000155,SMILES,0.875,True,0.2462076730731279,0.7–0.9
MLDB-000162,SMILES,0.8068181818181818,True,0.631332703803639,0.7–0.9
MLDB-000167,SMILES,0.875,True,0.5462682016967249,0.7–0.9
MLDB-000182,SMILES,0.8902439024390244,True,0.6652164292203564,0.7–0.9
MLDB-000187,SMILES,0.8793103448275862,True,0.2868467907509905,0.7–0.9
MLDB-000191,SMILES,0.8923076923076924,True,0.0115814342307331,0.7–0.9
MLDB-000204,SMILES,0.7407407407407407,True,0.0036937283370581,0.7–0.9
MLDB-000222,SMILES,0.8210526315789474,True,0.2522268907997353,0.7–0.9
MLDB-000223,SMILES,0.5747126436781609,True,0.0129001030508775,0.5–0.7
MLDB-000232,SMILES,0.8461538461538461,True,0.0365562344517481,0.7–0.9
MLDB-000241,SMILES,0.8549618320610687,True,2.6714398932975056,0.7–0.9
MLDB-000245,SMILES,0.9264705882352942,True,0.8055067838205742,≥0.9
MLDB-000246,SMILES,0.6394557823129252,True,0.5075196650775282,0.5–0.7
MLDB-000248,SMILES,0.8701298701298701,True,1.1360456394507918,0.7–0.9
MLDB-000250,SMILES,0.7454545454545455,True,1.776060402439601,0.7–0.9
MLDB-000253,SMILES,0.9176470588235294,True,0.3964113414815045,≥0.9
MLDB-000266,SMILES,0.7723577235772358,True,0.6865470916869498,0.7–0.9
MLDB-000282,SMILES,0.8617886178861789,True,0.7087792981478882,0.7–0.9
MLDB-000287,SMILES,0.9032258064516129,True,0.2664062017599431,≥0.9
MLDB-000298,SMILES,0.9421487603305785,True,0.834647192075705,≥0.9
MLDB-000302,SMILES,0.6209150326797386,True,0.5337292793408672,0.5–0.7
MLDB-000304,SMILES,0.959349593495935,True,0.0991809584457145,≥0.9
MLDB-000306,SMILES,0.8333333333333334,True,0.5430444733547153,0.7–0.9
MLDB-000338,SMILES,0.8333333333333334,True,0.2952146020015789,0.7–0.9
MLDB-000347,SMILES,0.8591549295774648,True,0.2579763190947446,0.7–0.9
MLDB-000351,SMILES,0.8170731707317073,True,0.367989422119602,0.7–0.9
MLDB-000394,SMILES,0.6190476190476191,True,0.4379727195806943,0.5–0.7
MLDB-000403,SMILES,0.9507389162561576,True,0.0270686053152642,≥0.9
MLDB-000451,SMILES,0.71875,True,0.0228618734373775,0.7–0.9
MLDB-000458,SMILES,0.6987951807228916,True,0.865129124200119,0.5–0.7
MLDB-000462,SMILES,0.7416666666666667,True,0.4165292460473847,0.7–0.9
MLDB-000469,SMILES,0.975609756097561,True,1.0046848510118935,≥0.9
MLDB-000479,SMILES,0.7548387096774194,True,0.1020821851552382,0.7–0.9
MLDB-000494,SMILES,0.6586826347305389,True,1.82612664300565,0.5–0.7
MLDB-000539,SMILES,0.850828729281768,True,0.3703964160385868,0.7–0.9
MLDB-000563,SMILES,0.68,True,0.1850215326654228,0.5–0.7
MLDB-000570,SMILES,0.6818181818181818,True,0.1133908748045603,0.5–0.7
MLDB-000578,SMILES,0.825,True,0.2531649190037297,0.7–0.9
MLDB-000583,SMILES,0.7684210526315789,True,0.0125130402409123,0.7–0.9
MLDB-000589,SMILES,0.7159090909090909,True,0.2164944458295079,0.7–0.9
MLDB-000594,SMILES,0.7027027027027027,True,1.0029684187847594,0.7–0.9
MLDB-000598,SMILES,0.7027027027027027,True,0.4250290639639992,0.7–0.9
MLDB-000602,SMILES,0.7027027027027027,True,0.2308246567302818,0.7–0.9
MLDB-000613,SMILES,0.9696969696969697,True,0.0143309416247073,≥0.9
MLDB-000615,SMILES,0.7032967032967034,True,0.3456145153061562,0.7–0.9
MLDB-000619,SMILES,0.9696969696969697,True,0.1356846532663091,≥0.9
MLDB-000621,SMILES,0.7032967032967034,True,1.8623069796575384,0.7–0.9
MLDB-000627,SMILES,0.5431034482758621,True,1.0261170684451784,0.5–0.7
MLDB-000631,SMILES,0.72,True,0.1126364364583165,0.7–0.9
MLDB-000638,SMILES,0.9523809523809523,True,0.0866472336164144,≥0.9
MLDB-000650,SMILES,0.9386503067484663,True,0.2486343096142996,≥0.9
MLDB-000658,SMILES,0.8855721393034826,True,0.0479705799796613,0.7–0.9
MLDB-000660,SMILES,0.863849765258216,True,0.0781567709120731,0.7–0.9
MLDB-000669,SMILES,0.6137931034482759,True,0.1717941284983226,0.5–0.7
MLDB-000684,SMILES,0.9214659685863874,True,0.047618042974467,≥0.9
MLDB-000687,SMILES,0.7731958762886598,True,0.7826371861888554,0.7–0.9
MLDB-000698,SMILES,0.909952606635071,True,0.2921463791241467,≥0.9
MLDB-000710,SMILES,0.7857142857142857,True,0.530742904182145,0.7–0.9
MLDB-000724,SMILES,0.8105263157894737,True,0.2142981998177819,0.7–0.9
MLDB-000728,SMILES,0.8736842105263158,True,0.2554768330972332,0.7–0.9
MLDB-000770,SMILES,0.6894736842105263,True,0.0121120474385196,0.5–0.7
MLDB-000772,SMILES,0.6894736842105263,True,0.2463524581825284,0.5–0.7
MLDB-000801,SMILES,0.8333333333333334,True,0.5014320251531285,0.7–0.9
MLDB-000802,SMILES,0.8369565217391305,True,0.0749950943837488,0.7–0.9
MLDB-000809,SMILES,0.6035502958579881,True,0.5002792849445714,0.5–0.7
MLDB-000811,SMILES,0.7837837837837838,True,0.7490151913052638,0.7–0.9
MLDB-000815,SMILES,0.9214659685863874,True,0.5904578512984555,≥0.9
MLDB-000817,SMILES,1.0,True,0.4738244111817083,≥0.9
MLDB-000830,SMILES,0.7916666666666666,True,0.5775529071454634,0.7–0.9
MLDB-000837,SMILES,0.6875,True,1.695742962639643,0.5–0.7
MLDB-000842,SMILES,0.8956521739130435,True,0.1746950996010003,0.7–0.9
MLDB-000866,SMILES,0.7368421052631579,True,0.3323223197021472,0.7–0.9
MLDB-000889,SMILES,0.7395833333333334,True,0.477901019284924,0.7–0.9
MLDB-000892,SMILES,0.8275862068965517,True,0.3693855709597831,0.7–0.9
MLDB-000902,SMILES,0.7283950617283951,True,0.0720963548918731,0.7–0.9
MLDB-000905,SMILES,0.8181818181818182,True,0.1322166351865555,0.7–0.9
MLDB-000906,SMILES,0.6868686868686869,True,0.6944261856019578,0.5–0.7
MLDB-000911,SMILES,0.7628865979381443,True,0.1511642707536271,0.7–0.9
MLDB-000914,SMILES,0.7628865979381443,True,0.093346270812104,0.7–0.9
MLDB-000937,SMILES,0.8857142857142857,True,0.1441625424408552,0.7–0.9
MLDB-000949,SMILES,0.7164179104477612,True,0.1577041670800085,0.7–0.9
MLDB-000952,SMILES,0.6880733944954128,True,0.1491246431000275,0.5–0.7
MLDB-000976,SMILES,0.8189655172413793,True,0.3549718752594522,0.7–0.9
MLDB-000990,SMILES,0.5714285714285714,True,0.1445931055000155,0.5–0.7
MLDB-000995,SMILES,0.6842105263157895,True,1.406450547062192,0.5–0.7
MLDB-000999,SMILES,0.8482142857142857,True,0.4700288800503054,0.7–0.9
MLDB-001010,SMILES,0.8314606741573034,True,0.1253301761058476,0.7–0.9
MLDB-001011,SMILES,0.9056603773584906,True,0.0421475307742443,≥0.9
MLDB-001017,SMILES,0.8421052631578947,True,0.0957753726048395,0.7–0.9
MLDB-001019,SMILES,0.821917808219178,True,0.7060662336489179,0.7–0.9
MLDB-001041,SMILES,0.675,True,0.0734419491067037,0.5–0.7
MLDB-001051,SMILES,0.6689655172413793,True,0.0519420607001128,0.5–0.7
MLDB-001062,SMILES,0.9013157894736842,True,0.3057077045606993,≥0.9
MLDB-001065,SMILES,0.9090909090909091,True,0.4675094872206151,≥0.9
MLDB-001073,SMILES,0.8074074074074075,True,1.038293902426657,0.7–0.9
MLDB-001082,SMILES,0.7230769230769231,True,0.0969780905563583,0.7–0.9
MLDB-001105,SMILES,0.7056277056277056,True,0.3690802351461164,0.7–0.9
MLDB-001125,SMILES,0.7959183673469388,True,0.0960701516940716,0.7–0.9
MLDB-001133,SMILES,0.8672566371681416,True,0.3455998799783943,0.7–0.9
MLDB-001137,SMILES,0.84375,True,0.0039097678719979,0.7–0.9
MLDB-001143,SMILES,0.6,True,0.6841212371674088,0.5–0.7
MLDB-001145,SMILES,0.6,True,0.9271421323164176,0.5–0.7
MLDB-001147,SMILES,0.6,True,1.0936445620730266,0.5–0.7
MLDB-001162,SMILES,0.7548387096774194,True,0.4093123186613631,0.7–0.9
MLDB-001165,SMILES,0.7686567164179104,True,1.221720919697977,0.7–0.9
MLDB-001169,SMILES,0.8373983739837398,True,0.8174711385006108,0.7–0.9
MLDB-001174,SMILES,0.673469387755102,True,1.1328059730246465,0.5–0.7
MLDB-001201,SMILES,0.7236842105263158,True,0.5922073324323835,0.7–0.9
MLDB-001229,SMILES,0.8214285714285714,True,0.1188050908868321,0.7–0.9
MLDB-001249,SMILES,0.7468354430379747,True,0.1434176947722114,0.7–0.9
MLDB-001253,SMILES,0.6666666666666666,True,0.1798647182895898,0.5–0.7
MLDB-001259,SMILES,0.8913043478260869,True,0.2783990059435844,0.7–0.9
MLDB-001262,SMILES,0.8913043478260869,True,0.015718123105231,0.7–0.9
MLDB-001265,SMILES,0.8913043478260869,True,0.3500134047571032,0.7–0.9
MLDB-001267,SMILES,0.8540145985401459,True,0.0545960410350792,0.7–0.9
MLDB-001290,SMILES,0.839622641509434,True,0.4827675939109768,0.7–0.9
MLDB-001294,SMILES,0.620253164556962,True,0.413436198434823,0.5–0.7
MLDB-001309,SMILES,0.8636363636363636,True,0.0340925273239842,0.7–0.9
MLDB-001313,SMILES,0.5555555555555556,True,0.3304311799259547,0.5–0.7
MLDB-001331,SMILES,0.8314606741573034,True,0.4546698238941524,0.7–0.9
MLDB-001337,SMILES,0.5514018691588785,True,1.477824097619851,0.5–0.7
MLDB-001338,SMILES,0.8314606741573034,True,0.8098953239492019,0.7–0.9
MLDB-001340,SMILES,0.8032786885245902,True,0.3474616936626785,0.7–0.9
MLDB-001361,SMILES,0.773109243697479,True,0.2447624035439938,0.7–0.9
MLDB-001397,SMILES,0.8791946308724832,True,0.0672731607988375,0.7–0.9
MLDB-001416,SMILES,0.8452380952380952,True,0.8821435674693241,0.7–0.9
MLDB-001427,SMILES,0.9264705882352942,True,0.8055067838205742,≥0.9
MLDB-001440,SMILES,0.9671052631578947,True,0.7163176057667384,≥0.9
MLDB-001442,SMILES,0.8313253012048193,True,0.88753436725508,0.7–0.9
MLDB-001471,SMILES,0.8969072164948454,True,1.041178951868633,0.7–0.9
MLDB-001503,SMILES,0.8662420382165605,True,0.543198359320737,0.7–0.9
MLDB-001510,SMILES,0.8208955223880597,True,0.2244938259968972,0.7–0.9
MLDB-001528,SMILES,0.875,True,0.1715668648122401,0.7–0.9
MLDB-001532,SMILES,0.4482758620689655,True,1.395311793790999,0.3–0.5
MLDB-001534,SMILES,0.875,True,0.1660833215997973,0.7–0.9
MLDB-001535,SMILES,0.8202247191011236,True,0.6762701377251933,0.7–0.9
MLDB-001539,SMILES,0.8701298701298701,True,0.2302016384919827,0.7–0.9
MLDB-001544,SMILES,0.7884615384615384,True,0.2356489023401404,0.7–0.9
MLDB-001571,SMILES,0.9416666666666667,True,0.1236907046985131,≥0.9
MLDB-001576,SMILES,0.5164835164835165,True,0.4920166719891145,0.5–0.7
MLDB-001604,SMILES,0.7727272727272727,True,0.2342199979443967,0.7–0.9
MLDB-001607,SMILES,0.47191011235955055,True,0.686653634138898,0.3–0.5
MLDB-001640,SMILES,0.9142857142857143,True,0.4182751335900052,≥0.9
MLDB-001653,SMILES,0.7142857142857143,True,0.5144737755694957,0.7–0.9
MLDB-001665,SMILES,0.8238341968911918,True,0.1166796896548241,0.7–0.9
MLDB-001666,SMILES,0.8238341968911918,True,0.1562796952630372,0.7–0.9
MLDB-001667,SMILES,0.8507462686567164,True,0.1066472054527598,0.7–0.9
MLDB-001668,SMILES,0.8507462686567164,True,0.9303176041160808,0.7–0.9
MLDB-001682,SMILES,0.8129496402877698,True,0.4154829299564538,0.7–0.9
MLDB-001695,SMILES,0.4791666666666667,True,0.6189202952169914,0.3–0.5
MLDB-001696,SMILES,0.5202312138728323,True,0.4053184628480476,0.5–0.7
MLDB-001702,SMILES,0.512,True,1.0903640508221906,0.5–0.7
MLDB-001704,SMILES,0.5106382978723404,True,0.8528111346475298,0.5–0.7
MLDB-001711,SMILES,0.7333333333333333,True,0.1034229995901646,0.7–0.9
MLDB-001712,SMILES,0.6458333333333334,True,0.197965136625618,0.5–0.7
MLDB-001720,SMILES,0.6708860759493671,True,0.4614351808004503,0.5–0.7
MLDB-001734,SMILES,0.7894736842105263,True,0.9976022416273732,0.7–0.9
MLDB-001739,SMILES,0.7333333333333333,True,1.1257659956766712,0.7–0.9
MLDB-001754,SMILES,0.896774193548387,True,0.2680987243761261,0.7–0.9
MLDB-001755,SMILES,0.896774193548387,True,0.4190413361843885,0.7–0.9
MLDB-001798,SMILES,0.5342465753424658,True,0.4191532989841236,0.5–0.7
MLDB-001807,SMILES,0.9436619718309859,True,0.670333162391312,≥0.9
MLDB-001821,SMILES,0.9649122807017544,True,0.4487255524210765,≥0.9
MLDB-001836,SMILES,0.7631578947368421,True,0.1689694091955962,0.7–0.9
MLDB-001851,SMILES,0.8227848101265823,True,0.66616567608684,0.7–0.9
MLDB-001855,SMILES,0.7631578947368421,True,0.0589694091955962,0.7–0.9
MLDB-001862,SMILES,0.8181818181818182,True,0.5635972076237268,0.7–0.9
MLDB-001876,SMILES,0.9032258064516129,True,0.0208450865975533,≥0.9
MLDB-001897,SMILES,0.9536423841059603,True,0.8716109090245441,≥0.9
MLDB-001903,SMILES,0.6333333333333333,True,0.6139789104148226,0.5–0.7
MLDB-001916,SMILES,0.47368421052631576,True,0.3787735194937796,0.3–0.5
MLDB-001919,SMILES,0.8803418803418803,True,0.4396286618926472,0.7–0.9
MLDB-001921,SMILES,0.8,True,0.7456464485120612,0.7–0.9
MLDB-001928,SMILES,0.6206896551724138,True,0.4471096836945036,0.5–0.7
MLDB-001933,SMILES,0.7662337662337663,True,1.9331458567803683,0.7–0.9
MLDB-001934,SMILES,0.7411764705882353,True,1.3445135883350705,0.7–0.9
MLDB-001966,SMILES,0.6071428571428571,True,1.8344294156115424,0.5–0.7
MLDB-002041,SMILES,0.42857142857142855,True,0.0733308840680988,0.3–0.5
MLDB-002042,SMILES,0.42857142857142855,True,0.1366691159319011,0.3–0.5
MLDB-002045,SMILES,0.46875,True,0.4165041576956284,0.3–0.5
MLDB-002046,SMILES,0.46875,True,0.0334958423043715,0.3–0.5
MLDB-002084,SMILES,0.8170731707317073,True,0.0806119699143987,0.7–0.9
MLDB-002086,SMILES,0.9753086419753086,True,0.1299460780187397,≥0.9
MLDB-002104,SMILES,0.9239130434782609,True,0.2602435187942469,≥0.9
MLDB-002111,SMILES,0.7532467532467533,True,0.7712252979373023,0.7–0.9
MLDB-002116,SMILES,0.6097560975609756,True,1.4794697517283597,0.5–0.7
MLDB-002119,SMILES,0.5602836879432624,True,0.2945614986927622,0.5–0.7
MLDB-002135,SMILES,0.7872340425531915,True,0.5592725127763147,0.7–0.9
MLDB-002141,SMILES,0.8301886792452831,True,0.0958178022702357,0.7–0.9
MLDB-002145,SMILES,0.8382352941176471,True,0.3426528674318548,0.7–0.9
MLDB-002148,SMILES,0.7307692307692307,True,0.0097343758130672,0.7–0.9
MLDB-002165,SMILES,0.7307692307692307,True,0.9097134582000812,0.7–0.9
MLDB-002184,SMILES,0.4205607476635514,False,0.1873814397541874,0.3–0.5
MLDB-002199,SMILES,0.7575757575757576,True,0.6468295663591761,0.7–0.9
MLDB-002204,SMILES,0.975609756097561,True,0.8494073119862908,≥0.9
MLDB-002210,SMILES,0.975609756097561,True,0.4197132325935072,≥0.9
MLDB-002225,SMILES,0.9831932773109243,True,0.0107388375895803,≥0.9
MLDB-002234,SMILES,0.8345864661654135,True,0.4119512054960915,0.7–0.9
MLDB-002251,SMILES,0.7920792079207921,True,0.5148125031249403,0.7–0.9
MLDB-002260,SMILES,0.7631578947368421,True,0.3008868585818506,0.7–0.9
MLDB-002269,SMILES,0.7777777777777778,True,1.0578417077255888,0.7–0.9
MLDB-002282,SMILES,0.5714285714285714,True,1.8131902035703624,0.5–0.7
MLDB-002290,SMILES,0.8307692307692308,True,0.540050682397413,0.7–0.9
MLDB-002314,SMILES,0.5585106382978723,True,0.0862682806431882,0.5–0.7
MLDB-002317,SMILES,0.8921568627450981,True,0.1360848918352707,0.7–0.9
MLDB-002324,SMILES,0.9385964912280702,True,0.268013336574461,≥0.9
MLDB-002343,SMILES,0.7297297297297297,True,0.1367387422402156,0.7–0.9
MLDB-002349,SMILES,0.9333333333333333,True,0.3632036978519688,≥0.9
MLDB-002354,SMILES,0.8863636363636364,True,0.0126479781187667,0.7–0.9
MLDB-002360,SMILES,0.9698795180722891,True,0.1721086887232643,≥0.9
MLDB-002366,SMILES,0.7362637362637363,True,1.0979151322467655,0.7–0.9
MLDB-002367,SMILES,0.7362637362637363,True,0.0320258068373316,0.7–0.9
MLDB-002396,SMILES,0.9019607843137255,True,1.1969393860185369,≥0.9
MLDB-002398,SMILES,0.6981132075471698,True,1.032941659904776,0.5–0.7
MLDB-002403,SMILES,0.6796116504854369,True,0.3884526085542539,0.5–0.7
MLDB-002417,SMILES,0.7428571428571429,True,0.1283048413165547,0.7–0.9
MLDB-002418,SMILES,0.8301886792452831,True,0.4973945267476936,0.7–0.9
MLDB-002453,SMILES,0.62,True,0.4762001166856314,0.5–0.7
MLDB-002454,SMILES,0.7419354838709677,True,0.0890839399644042,0.7–0.9
MLDB-002472,SMILES,0.9196787148594378,True,0.3150081781992826,≥0.9
MLDB-002482,SMILES,0.7292576419213974,True,0.0525364218615247,0.7–0.9
MLDB-002506,SMILES,0.7272727272727273,True,0.4766545609925243,0.7–0.9
MLDB-002523,SMILES,0.7796610169491526,True,0.4346141439980366,0.7–0.9
MLDB-002528,SMILES,0.48148148148148145,True,1.5390673635972572,0.3–0.5
MLDB-002533,SMILES,0.45454545454545453,True,0.1127238360595468,0.3–0.5
MLDB-002542,SMILES,0.7292576419213974,True,0.5156141065837007,0.7–0.9
MLDB-002550,SMILES,0.9894736842105263,True,0.0866698219057156,≥0.9
MLDB-002552,SMILES,0.9894736842105263,True,0.0048790066202807,≥0.9
MLDB-002554,SMILES,0.8854166666666666,True,0.0610540641957937,0.7–0.9
MLDB-002564,SMILES,0.5063291139240507,True,0.7434527060398664,0.5–0.7
MLDB-002572,SMILES,0.888,True,0.1074853804181652,0.7–0.9
MLDB-002600,SMILES,0.6106194690265486,True,0.0711908239422836,0.5–0.7
MLDB-002609,SMILES,0.9770114942528736,True,0.1050301729397117,≥0.9
MLDB-002612,SMILES,0.7931034482758621,True,0.2507767681744361,0.7–0.9
MLDB-002656,SMILES,0.5289256198347108,True,0.6437857529435341,0.5–0.7
MLDB-002663,SMILES,0.7795698924731183,True,0.3479762115447953,0.7–0.9
MLDB-002664,SMILES,0.8278145695364238,True,0.2609576139056608,0.7–0.9
MLDB-002679,SMILES,0.7628205128205128,True,1.2486208739629443,0.7–0.9
MLDB-002688,SMILES,0.8,True,0.0400672532563086,0.7–0.9
MLDB-002693,SMILES,0.75,True,1.2573369776324947,0.7–0.9
MLDB-002713,SMILES,0.6,True,0.7948632108330104,0.5–0.7
MLDB-002717,SMILES,0.8206896551724138,True,0.3690030973113485,0.7–0.9
MLDB-002723,SMILES,0.7619047619047619,True,0.477894101637641,0.7–0.9
MLDB-002731,SMILES,0.8301886792452831,True,1.1549468767439677,0.7–0.9
MLDB-002739,SMILES,0.4393939393939394,True,1.8889599336068936,0.3–0.5
MLDB-002756,SMILES,0.7272727272727273,True,0.1019037008400445,0.7–0.9
MLDB-002760,SMILES,0.7142857142857143,True,0.6325776700943537,0.7–0.9
MLDB-002772,SMILES,0.8088235294117647,True,0.0070062887585263,0.7–0.9
MLDB-002794,SMILES,0.9333333333333333,True,0.7879026788201124,≥0.9
MLDB-002796,SMILES,0.7272727272727273,True,0.4640623949093906,0.7–0.9
MLDB-002806,SMILES,0.89,True,0.0694798562183451,0.7–0.9
MLDB-002819,SMILES,0.7849462365591398,True,0.1632945307688795,0.7–0.9
MLDB-002837,SMILES,0.8021978021978022,True,0.0533789479601214,0.7–0.9
MLDB-002857,SMILES,0.9064748201438849,True,0.5207749410887308,≥0.9
MLDB-002865,SMILES,0.96875,True,1.8723539735128405,≥0.9
MLDB-002890,SMILES,0.59375,True,0.4996442358952482,0.5–0.7
MLDB-002922,SMILES,0.9942196531791907,True,0.2677213747616362,≥0.9
MLDB-002925,SMILES,0.8877551020408163,True,0.5741249717865222,0.7–0.9
MLDB-002934,SMILES,0.6835443037974683,True,1.3057322881020346,0.5–0.7
MLDB-002949,SMILES,0.5161290322580645,True,0.2425823751429088,0.5–0.7
MLDB-002988,SMILES,0.7962962962962963,True,2.2528021140977383,0.7–0.9
MLDB-002989,SMILES,0.5454545454545454,True,0.162610296240974,0.5–0.7
MLDB-002990,SMILES,0.4444444444444444,True,0.1342349658602122,0.3–0.5
MLDB-002993,SMILES,0.5189873417721519,True,0.0461464989330424,0.5–0.7
MLDB-003003,SMILES,0.7638888888888888,True,0.2690292493250927,0.7–0.9
MLDB-003009,SMILES,0.7719298245614035,True,0.375388711824574,0.7–0.9
MLDB-003018,SMILES,0.8,True,0.1267473512848846,0.7–0.9
MLDB-003019,SMILES,0.98,True,0.295581536287439,≥0.9
MLDB-003021,SMILES,0.8854166666666666,True,0.438244977314528,0.7–0.9
MLDB-003036,SMILES,0.5555555555555556,True,1.3287292630987992,0.5–0.7
MLDB-003044,SMILES,0.421875,False,0.6974107579320521,0.3–0.5
MLDB-003049,SMILES,0.8111111111111111,True,0.1565394463406439,0.7–0.9
MLDB-003050,SMILES,0.8111111111111111,True,0.683316817508802,0.7–0.9
MLDB-003054,SMILES,0.8064516129032258,True,0.2251708624678913,0.7–0.9
MLDB-003073,SMILES,0.6271186440677966,True,0.1413108569576745,0.5–0.7
MLDB-003094,SMILES,1.0,True,0.0580531382307889,≥0.9
MLDB-003095,SMILES,0.8278145695364238,True,0.334730584937898,0.7–0.9
MLDB-003129,SMILES,0.7829457364341085,True,0.1292970923347608,0.7–0.9
MLDB-003130,SMILES,0.78125,True,0.0224767797853109,0.7–0.9
MLDB-003133,SMILES,0.735632183908046,True,0.0407406103937431,0.7–0.9
MLDB-003177,SMILES,0.5,True,0.7043846107661559,0.5–0.7
MLDB-003182,SMILES,0.8068181818181818,True,0.2381583290769238,0.7–0.9
MLDB-003185,SMILES,0.7555555555555555,True,0.0086982866383739,0.7–0.9
MLDB-003192,SMILES,0.8787878787878788,True,0.2013964204059426,0.7–0.9
MLDB-003208,SMILES,0.8333333333333334,True,0.6525648286182124,0.7–0.9
MLDB-003213,SMILES,0.7777777777777778,True,0.5993249817063737,0.7–0.9
MLDB-003217,SMILES,0.8229166666666666,True,0.419024116832285,0.7–0.9
MLDB-003219,SMILES,0.8229166666666666,True,0.3520350792119509,0.7–0.9
MLDB-003221,SMILES,0.8229166666666666,True,0.3882848918647539,0.7–0.9
MLDB-003223,SMILES,0.8229166666666666,True,0.5484343384175049,0.7–0.9
MLDB-003228,SMILES,0.8888888888888888,True,0.0979595059861229,0.7–0.9
MLDB-003258,SMILES,0.825,True,0.1382649977175841,0.7–0.9
MLDB-003261,SMILES,0.7032967032967034,True,0.5113226362205047,0.7–0.9
MLDB-003280,SMILES,1.0,True,1.496980613659484,≥0.9
MLDB-003286,SMILES,0.780952380952381,True,0.0445084871442214,0.7–0.9
MLDB-003308,SMILES,0.7727272727272727,True,0.1733955925089884,0.7–0.9
MLDB-003310,SMILES,0.7555555555555555,True,0.0664565185524351,0.7–0.9
MLDB-003311,SMILES,0.6496350364963503,True,0.0210761207576113,0.5–0.7
MLDB-003326,SMILES,0.7777777777777778,True,0.3549613336783248,0.7–0.9
MLDB-003329,SMILES,0.7456140350877193,True,0.1015316876386595,0.7–0.9
MLDB-003352,SMILES,0.47297297297297297,False,0.7065043466864211,0.3–0.5
MLDB-003374,SMILES,0.9473684210526315,True,0.3164327683717109,≥0.9
MLDB-003399,SMILES,0.9354838709677419,True,0.1636736875895985,≥0.9
MLDB-003415,SMILES,0.9726027397260274,True,1.2224736178206386,≥0.9
MLDB-003417,SMILES,0.8983957219251337,True,0.2939712412921267,0.7–0.9
MLDB-003433,SMILES,0.9753086419753086,True,0.9981422961915348,≥0.9
MLDB-003437,SMILES,1.0,True,0.3414724062154335,≥0.9
MLDB-003442,SMILES,0.9318181818181818,True,0.136996130905986,≥0.9
MLDB-003444,SMILES,0.5121951219512195,True,0.9082484492293595,0.5–0.7
MLDB-003454,SMILES,0.849624060150376,True,0.1669455650233049,0.7–0.9
MLDB-003455,SMILES,0.8169014084507042,True,0.3298330073196309,0.7–0.9
MLDB-003457,SMILES,0.8672566371681416,True,0.7471826084462327,0.7–0.9
MLDB-003467,SMILES,0.8275862068965517,True,0.3197648094737209,0.7–0.9
MLDB-003484,SMILES,0.7326732673267327,True,0.3949279997589761,0.7–0.9
MLDB-003509,SMILES,0.9556650246305419,True,0.2937444886967666,≥0.9
MLDB-003523,SMILES,0.7228915662650602,True,0.6180472666945258,0.7–0.9
MLDB-003524,SMILES,0.8734177215189873,True,0.0825650651964185,0.7–0.9
MLDB-003542,SMILES,0.7974683544303798,True,0.4453085382706535,0.7–0.9
MLDB-003551,SMILES,0.8333333333333334,True,0.3864670720278225,0.7–0.9
MLDB-003556,SMILES,0.8943089430894309,True,0.142165400983427,0.7–0.9
MLDB-003558,SMILES,0.8504672897196262,True,0.4142653251956859,0.7–0.9
MLDB-003561,SMILES,0.6879432624113475,True,0.9943068160246358,0.5–0.7
MLDB-003565,SMILES,0.6037735849056604,True,0.27357072016492,0.5–0.7
MLDB-003569,SMILES,0.6666666666666666,True,0.1164941833300614,0.5–0.7
MLDB-003576,SMILES,0.6666666666666666,True,0.1108104907000284,0.5–0.7
MLDB-003593,SMILES,0.7030567685589519,True,1.359658673996185,0.7–0.9
MLDB-003604,SMILES,0.8130841121495327,True,0.0591685811138591,0.7–0.9
MLDB-003608,SMILES,0.6888888888888889,True,0.2351928149127743,0.5–0.7
MLDB-003627,SMILES,0.8869047619047619,True,0.0509140073550297,0.7–0.9
MLDB-003652,SMILES,0.6086956521739131,True,1.1286446088177629,0.5–0.7
MLDB-003664,SMILES,0.7394957983193278,True,0.1402909913070087,0.7–0.9
MLDB-003687,SMILES,0.8333333333333334,True,0.0927511268025726,0.7–0.9
MLDB-003689,SMILES,0.8557692307692307,True,0.0117307025797113,0.7–0.9
MLDB-003695,SMILES,0.8053097345132744,True,0.0587514031434257,0.7–0.9
MLDB-003739,SMILES,0.6486486486486487,True,0.5590802286184335,0.5–0.7
MLDB-003758,SMILES,0.6875,True,2.8267000995762306,0.5–0.7
MLDB-003762,SMILES,0.797979797979798,True,0.0077384944319947,0.7–0.9
MLDB-003765,SMILES,0.9829059829059829,True,0.4907289188622625,≥0.9
MLDB-003781,SMILES,0.7209302325581395,True,0.747965822611562,0.7–0.9
MLDB-003782,SMILES,0.7209302325581395,True,0.2744734444383036,0.7–0.9
MLDB-003783,SMILES,0.7209302325581395,True,0.0287186526936636,0.7–0.9
MLDB-003804,SMILES,0.8651685393258427,True,0.5483351572671364,0.7–0.9
MLDB-003822,SMILES,0.8348623853211009,True,0.3781115315351759,0.7–0.9
MLDB-003832,SMILES,0.9144736842105263,True,0.8214986901872818,≥0.9
MLDB-003840,SMILES,0.7788461538461539,True,0.5375908161508254,0.7–0.9
MLDB-003847,SMILES,0.8941176470588236,True,0.3213145907253139,0.7–0.9
MLDB-003863,SMILES,0.75,True,0.2403342221452644,0.7–0.9
MLDB-003869,SMILES,0.6894977168949772,True,0.3441020646584065,0.5–0.7
MLDB-003871,SMILES,0.7228915662650602,True,0.5480472666945257,0.7–0.9
MLDB-003890,SMILES,0.7130044843049327,True,0.745815583469974,0.7–0.9
MLDB-003900,SMILES,0.8728323699421965,True,0.1885932363049267,0.7–0.9
MLDB-003908,SMILES,0.8513513513513513,True,0.0095755648823125,0.7–0.9
MLDB-003914,SMILES,0.7339449541284404,True,1.383114621643574,0.7–0.9
MLDB-003923,SMILES,0.875,True,0.5953419637053246,0.7–0.9
MLDB-003965,SMILES,1.0,True,0.0247289605045902,≥0.9
MLDB-003979,SMILES,0.8295454545454546,True,0.3339408041780631,0.7–0.9
MLDB-003998,SMILES,0.6521739130434783,False,0.5030172099963446,0.5–0.7
MLDB-004011,SMILES,0.562962962962963,True,0.389100770952457,0.5–0.7
MLDB-004019,SMILES,0.8837209302325582,True,0.1203896304254148,0.7–0.9
MLDB-004023,SMILES,0.8192771084337349,True,0.3454707846336785,0.7–0.9
MLDB-004024,SMILES,0.8181818181818182,True,0.1968908789649963,0.7–0.9
MLDB-004033,SMILES,0.8686868686868687,True,0.3006872814767519,0.7–0.9
MLDB-004035,SMILES,0.8910891089108911,True,0.2042672001474894,0.7–0.9
MLDB-004038,SMILES,0.803921568627451,True,0.3642197886006137,0.7–0.9
MLDB-004048,SMILES,0.8,True,0.2003133482197319,0.7–0.9
MLDB-004052,SMILES,0.75,True,0.0514822539427968,0.7–0.9
MLDB-004054,SMILES,0.7608695652173914,True,0.9995771991493932,0.7–0.9
MLDB-004059,SMILES,0.815,True,0.035197547696671,0.7–0.9
MLDB-004067,SMILES,0.8,True,0.3151762599050965,0.7–0.9
MLDB-004070,SMILES,0.6875,True,0.1985828844597614,0.5–0.7
MLDB-004075,SMILES,0.6809815950920245,True,0.2148768261247391,0.5–0.7
MLDB-004094,SMILES,0.8257575757575758,True,0.194877030935852,0.7–0.9
MLDB-004108,SMILES,0.7419354838709677,True,0.6373625553284771,0.7–0.9
MLDB-004115,SMILES,0.8355263157894737,True,2.146926798845057,0.7–0.9
MLDB-004116,SMILES,0.8475609756097561,True,1.32518265094772,0.7–0.9
MLDB-004130,SMILES,0.7333333333333333,True,0.2870705503641134,0.7–0.9
MLDB-004136,SMILES,0.821917808219178,True,0.7660662336489179,0.7–0.9
MLDB-004138,SMILES,0.5670103092783505,True,1.2990008299022209,0.5–0.7
MLDB-004154,SMILES,0.8863636363636364,True,0.8658253808049192,0.7–0.9
MLDB-004157,SMILES,0.8977272727272727,True,0.0826769420169897,0.7–0.9
MLDB-004172,SMILES,0.953125,True,0.2468395783897417,≥0.9
MLDB-004180,SMILES,0.7802197802197802,True,0.6946308664499083,0.7–0.9
MLDB-004203,SMILES,0.8409090909090909,True,0.3164268861514399,0.7–0.9
MLDB-004207,SMILES,0.41911764705882354,True,0.2258100243275939,0.3–0.5
MLDB-004212,SMILES,0.75,True,0.0403406703958849,0.7–0.9
MLDB-004219,SMILES,0.62,True,0.6748764159835556,0.5–0.7
MLDB-004226,SMILES,0.5057471264367817,True,0.6447605277398248,0.5–0.7
MLDB-004227,SMILES,0.775,True,0.0652022575989426,0.7–0.9
MLDB-004240,SMILES,0.9253731343283582,True,1.004397162497625,≥0.9
MLDB-004244,SMILES,0.9047619047619048,True,0.3447543619899021,≥0.9
MLDB-004258,SMILES,0.5125,True,1.01678158205085,0.5–0.7
MLDB-004260,SMILES,0.3411764705882353,True,1.266840572859138,0.3–0.5
MLDB-004275,SMILES,0.8412698412698413,True,0.0978734100052863,0.7–0.9
MLDB-004295,SMILES,0.7142857142857143,True,0.1344370031795576,0.7–0.9
MLDB-004317,SMILES,0.7592592592592593,True,0.4496314958956502,0.7–0.9
MLDB-004339,SMILES,0.9797979797979798,True,0.3338369953626203,≥0.9
MLDB-004342,SMILES,0.30985915492957744,False,0.4511827641479072,0.3–0.5
MLDB-004347,SMILES,0.8058252427184466,True,0.2796668433862512,0.7–0.9
MLDB-004354,SMILES,0.7183098591549296,True,0.3739256723125106,0.7–0.9
MLDB-004364,SMILES,0.3695652173913043,True,0.737490273438331,0.3–0.5
MLDB-004377,SMILES,0.8111888111888111,True,0.0584361376650323,0.7–0.9
MLDB-004379,SMILES,0.8111888111888111,True,0.7074530646510115,0.7–0.9
MLDB-004387,SMILES,0.6129032258064516,True,1.659737409268076,0.5–0.7
MLDB-004389,SMILES,0.9241379310344827,True,1.55304492604006,≥0.9
MLDB-004396,SMILES,0.7111111111111111,True,0.6865797489729729,0.7–0.9
MLDB-004398,SMILES,0.8181818181818182,True,0.4856744185057994,0.7–0.9
MLDB-004402,SMILES,0.74,True,0.1642807577408478,0.7–0.9
MLDB-004411,SMILES,0.6129032258064516,True,0.3197341856369939,0.5–0.7
MLDB-004414,SMILES,0.9518072289156626,True,0.0971480673647162,≥0.9
MLDB-004416,SMILES,0.6129032258064516,True,0.2735241728153956,0.5–0.7
MLDB-004424,SMILES,0.9402985074626866,True,0.1251565431761166,≥0.9
MLDB-004432,SMILES,0.7560975609756098,True,0.1432530420926001,0.7–0.9
MLDB-004433,SMILES,0.7777777777777778,True,0.1050092792783106,0.7–0.9
MLDB-004462,SMILES,0.7513513513513513,True,1.238597377172982,0.7–0.9
MLDB-004468,SMILES,0.7533333333333333,True,0.6495813199939033,0.7–0.9
MLDB-004476,SMILES,0.8695652173913043,True,0.1471905780090673,0.7–0.9
MLDB-004477,SMILES,0.8695652173913043,True,0.1353570379588701,0.7–0.9
MLDB-004512,SMILES,0.6610169491525424,True,0.3256780932107126,0.5–0.7
MLDB-004553,SMILES,0.875,True,0.7162682016967248,0.7–0.9
MLDB-004555,SMILES,0.875,True,0.1262076730731279,0.7–0.9
MLDB-004560,SMILES,0.8,True,0.0367270148276421,0.7–0.9
MLDB-004568,SMILES,0.660377358490566,True,0.1420176310163622,0.5–0.7
MLDB-004577,SMILES,0.8888888888888888,False,0.2922728872992409,0.7–0.9
MLDB-004578,SMILES,0.9029850746268657,False,0.3296069423617544,≥0.9
MLDB-004585,SMILES,0.8790322580645161,True,0.3175525984983214,0.7–0.9
MLDB-004594,SMILES,0.720164609053498,True,0.7009393745543904,0.7–0.9
MLDB-004596,SMILES,0.6936936936936937,True,1.2622947050076014,0.5–0.7
MLDB-004631,SMILES,0.956989247311828,True,0.3484175345608431,≥0.9
MLDB-004637,SMILES,0.822429906542056,True,0.3091720888961997,0.7–0.9
MLDB-004641,SMILES,0.4954128440366973,True,0.0634509888267133,0.3–0.5
MLDB-004642,SMILES,0.9043824701195219,True,0.2381092070111541,≥0.9
MLDB-004648,SMILES,0.875,True,0.3647604854576176,0.7–0.9
MLDB-004654,SMILES,0.7678571428571429,True,0.3116249574220926,0.7–0.9
MLDB-004677,SMILES,0.6571428571428571,True,0.4085006710037827,0.5–0.7
MLDB-004683,SMILES,0.5873015873015873,False,0.1336346744918106,0.5–0.7
MLDB-004687,SMILES,0.5838509316770186,True,0.70844058849845,0.5–0.7
MLDB-004705,SMILES,0.3010752688172043,False,0.1540011482981602,0.3–0.5
MLDB-004706,SMILES,0.3010752688172043,False,1.5293133239580166,0.3–0.5
MLDB-004707,SMILES,0.3010752688172043,False,1.0693133239580166,0.3–0.5
MLDB-004708,SMILES,0.3010752688172043,False,0.7978705847652772,0.3–0.5
MLDB-004710,SMILES,0.7515527950310559,True,0.3451946358585835,0.7–0.9
MLDB-004720,SMILES,0.6739811912225705,True,0.4299642088183972,0.5–0.7
MLDB-004731,SMILES,0.9176470588235294,True,1.297856056230044,≥0.9
MLDB-004752,SMILES,0.7831325301204819,True,0.7289973557746681,0.7–0.9
MLDB-004774,SMILES,0.7719298245614035,True,0.2430444758042214,0.7–0.9
MLDB-004782,SMILES,0.6666666666666666,False,0.989301733439788,0.5–0.7
MLDB-004783,SMILES,0.6666666666666666,False,0.7952617145188382,0.5–0.7
MLDB-004784,SMILES,0.6666666666666666,False,0.8619257001395846,0.5–0.7
MLDB-004785,SMILES,0.8062015503875969,True,0.0915392831196024,0.7–0.9
MLDB-004789,SMILES,0.8762886597938144,True,0.965929498616626,0.7–0.9
MLDB-004807,SMILES,0.8333333333333334,True,0.7635400857859926,0.7–0.9
MLDB-004820,SMILES,0.9696969696969697,True,0.0292370266686379,≥0.9
MLDB-004827,SMILES,0.9772727272727273,True,0.1864904859776517,≥0.9
MLDB-004829,SMILES,0.6565656565656566,True,0.3768841959316206,0.5–0.7
MLDB-004852,SMILES,0.8877551020408163,True,0.8023906473651634,0.7–0.9
MLDB-004853,SMILES,0.8877551020408163,True,0.794605485428278,0.7–0.9
MLDB-004856,SMILES,0.7959183673469388,True,0.9673813548788216,0.7–0.9
MLDB-004858,SMILES,0.7959183673469388,True,0.981650297289212,0.7–0.9
MLDB-004864,SMILES,0.5882352941176471,True,0.27670433558709,0.5–0.7
MLDB-004866,SMILES,0.9767441860465116,True,0.0681130108002451,≥0.9
MLDB-004880,SMILES,0.6208791208791209,True,0.7690689294382149,0.5–0.7
MLDB-004882,SMILES,0.7984496124031008,True,0.0176290009746944,0.7–0.9
MLDB-004891,SMILES,0.7887323943661971,True,0.0544641898450831,0.7–0.9
MLDB-004906,SMILES,0.875,True,0.4557069371478059,0.7–0.9
MLDB-004909,SMILES,0.4251968503937008,False,0.0275659507297176,0.3–0.5
MLDB-004912,SMILES,0.49264705882352944,True,1.730503621720267,0.3–0.5
MLDB-004914,SMILES,0.7464788732394366,True,0.3042113852760961,0.7–0.9
MLDB-004915,SMILES,0.8529411764705882,True,0.0282217534665822,0.7–0.9
MLDB-004922,SMILES,0.9464285714285714,True,1.0362982448184734,≥0.9
MLDB-004925,SMILES,0.5722543352601156,True,1.1082441808584371,0.5–0.7
MLDB-004934,SMILES,0.9662921348314607,True,0.1678986734000831,≥0.9
MLDB-004937,SMILES,0.6821192052980133,True,0.8646943986901627,0.5–0.7
MLDB-004959,SMILES,0.8666666666666667,True,1.058007157828165,0.7–0.9
MLDB-004965,SMILES,0.9743589743589743,True,0.6924773358610679,≥0.9
MLDB-004977,SMILES,0.5121951219512195,True,0.2146886314621949,0.5–0.7
MLDB-004981,SMILES,0.75,True,0.2518448409132189,0.7–0.9
MLDB-004993,SMILES,0.8686131386861314,True,1.0360337451467498,0.7–0.9
MLDB-004996,SMILES,0.6576576576576577,True,0.4334690241657261,0.5–0.7
MLDB-004999,SMILES,0.875,True,0.6962682016967248,0.7–0.9
MLDB-005010,SMILES,0.9,True,0.5484063133999042,≥0.9
MLDB-005016,SMILES,0.2647058823529412,False,0.0414784861795631,<0.3
MLDB-005027,SMILES,0.875,True,2.1462682016967247,0.7–0.9
MLDB-005028,SMILES,0.875,True,1.1202661134309118,0.7–0.9
MLDB-005046,SMILES,0.8068181818181818,True,1.0313327038036393,0.7–0.9
MLDB-005054,SMILES,0.6372549019607843,True,1.1248190642288058,0.5–0.7
MLDB-005066,SMILES,0.6492537313432836,True,0.929235206260733,0.5–0.7
MLDB-005070,SMILES,0.7791411042944786,True,0.5070265024313719,0.7–0.9
MLDB-005113,SMILES,0.7252747252747253,True,0.3331213097635928,0.7–0.9
MLDB-005117,SMILES,0.7024793388429752,True,0.3726354338480493,0.7–0.9
MLDB-005123,SMILES,0.6337209302325582,True,0.198828175946109,0.5–0.7
MLDB-005130,SMILES,0.6477272727272727,True,0.7527374745286135,0.5–0.7
MLDB-005138,SMILES,0.6025641025641025,True,0.8938818117257911,0.5–0.7
MLDB-005142,SMILES,0.9351851851851852,True,0.375785663344119,≥0.9
MLDB-005144,SMILES,0.9615384615384616,True,0.1752150405375374,≥0.9
MLDB-005149,SMILES,0.73,True,0.5344495148808792,0.7–0.9
MLDB-005152,SMILES,0.6,False,0.5300128766942664,0.5–0.7
MLDB-000001,SMILES,0.7840909090909091,True,2.7916623838419112,0.7–0.9
MLDB-000014,SMILES,0.911504424778761,True,0.612999176967062,≥0.9
MLDB-000019,SMILES,0.6237623762376238,True,0.2701396532054071,0.5–0.7
MLDB-000029,SMILES,0.801980198019802,True,0.2740191262576079,0.7–0.9
MLDB-000040,SMILES,0.7719298245614035,True,0.5799845179798099,0.7–0.9
MLDB-000048,SMILES,0.7865168539325843,True,1.0024064027855009,0.7–0.9
MLDB-000059,SMILES,0.7789473684210526,True,0.1033543960352345,0.7–0.9
MLDB-000061,SMILES,0.75,True,0.5650625233787941,0.7–0.9
MLDB-000065,SMILES,0.6853146853146853,True,0.6844435888345991,0.5–0.7
MLDB-000081,SMILES,0.9166666666666666,True,0.5730255760927546,≥0.9
MLDB-000084,SMILES,0.6879432624113475,True,0.0593344480917026,0.5–0.7
MLDB-000104,SMILES,0.6458333333333334,True,0.9511383960242412,0.5–0.7
MLDB-000115,SMILES,0.8561151079136691,True,0.2281520907614052,0.7–0.9
MLDB-000116,SMILES,0.84375,True,0.4029612248708087,0.7–0.9
MLDB-000137,SMILES,0.8666666666666667,True,0.8835819723149414,0.7–0.9
MLDB-000183,SMILES,0.7696969696969697,True,0.1124815400232538,0.7–0.9
MLDB-000189,SMILES,0.8923076923076924,True,0.1859104588984327,0.7–0.9
MLDB-000203,SMILES,0.7142857142857143,True,0.2854381391900951,0.7–0.9
MLDB-000220,SMILES,0.8986486486486487,True,0.0311026238937098,0.7–0.9
MLDB-000229,SMILES,0.7878787878787878,True,0.586744393816293,0.7–0.9
MLDB-000235,SMILES,0.8333333333333334,True,1.102513577962993,0.7–0.9
MLDB-000249,SMILES,0.8701298701298701,True,1.3248787414224954,0.7–0.9
MLDB-000252,SMILES,0.8888888888888888,True,0.5760563380901395,0.7–0.9
MLDB-000258,SMILES,0.9090909090909091,True,0.0781943638292441,≥0.9
MLDB-000290,SMILES,1.0,True,0.4146068746632143,≥0.9
MLDB-000291,SMILES,1.0,True,0.4071685593331204,≥0.9
MLDB-000295,SMILES,0.6263736263736264,True,1.723015257356015,0.5–0.7
MLDB-000299,SMILES,0.8309859154929577,True,0.6405614551680652,0.7–0.9
MLDB-000305,SMILES,0.959349593495935,True,0.1661944797901087,≥0.9
MLDB-000312,SMILES,0.4722222222222222,True,0.4485919175807741,0.3–0.5
MLDB-000315,SMILES,0.4230769230769231,True,0.7527313021213831,0.3–0.5
MLDB-000320,SMILES,0.7596153846153846,True,0.028433135950564,0.7–0.9
MLDB-000321,SMILES,0.7596153846153846,True,0.1640215693775992,0.7–0.9
MLDB-000323,SMILES,0.64,True,0.3517583490476281,0.5–0.7
MLDB-000330,SMILES,0.7777777777777778,True,0.4371997798504637,0.7–0.9
MLDB-000339,SMILES,0.8333333333333334,True,0.8487913655756976,0.7–0.9
MLDB-000345,SMILES,0.89937106918239,True,0.0792416622184007,0.7–0.9
MLDB-000346,SMILES,0.8461538461538461,True,0.4010010656999703,0.7–0.9
MLDB-000354,SMILES,0.6862745098039216,True,0.4300830920927803,0.5–0.7
MLDB-000371,SMILES,0.8807947019867549,True,0.861968232300155,0.7–0.9
MLDB-000372,SMILES,0.8896103896103896,True,1.2526474926061937,0.7–0.9
MLDB-000386,SMILES,0.6542056074766355,True,0.3110276362673977,0.5–0.7
MLDB-000414,SMILES,0.8210526315789474,True,0.0613227277791938,0.7–0.9
MLDB-000419,SMILES,0.8680555555555556,True,0.0662970624759558,0.7–0.9
MLDB-000445,SMILES,0.7615384615384615,True,0.0631223727519845,0.7–0.9
MLDB-000452,SMILES,0.6025641025641025,True,0.9900627962613876,0.5–0.7
MLDB-000471,SMILES,0.89,True,0.4143226199409013,0.7–0.9
MLDB-000480,SMILES,0.7721518987341772,True,0.5477508316438039,0.7–0.9
MLDB-000481,SMILES,0.7793103448275862,True,1.7457505265972313,0.7–0.9
MLDB-000495,SMILES,0.7175141242937854,True,1.8370369080973172,0.7–0.9
MLDB-000533,SMILES,0.8954545454545455,True,0.5532785874469596,0.7–0.9
MLDB-000538,SMILES,0.850828729281768,True,0.3885488948381781,0.7–0.9
MLDB-000560,SMILES,0.7284768211920529,True,0.0279713211386971,0.7–0.9
MLDB-000566,SMILES,0.7544910179640718,False,0.7141215947097476,0.7–0.9
MLDB-000573,SMILES,0.8270676691729323,True,0.4461665000889807,0.7–0.9
MLDB-000593,SMILES,0.6507936507936508,True,1.3040802927087949,0.5–0.7
MLDB-000597,SMILES,0.6507936507936508,True,1.002471255845362,0.5–0.7
MLDB-000601,SMILES,0.6507936507936508,True,0.7891461931327689,0.5–0.7
MLDB-000606,SMILES,0.8378378378378378,True,0.6093888527052215,0.7–0.9
MLDB-000617,SMILES,0.6781609195402298,True,0.2002731613166292,0.5–0.7
MLDB-000623,SMILES,0.6781609195402298,True,1.3823857386897298,0.5–0.7
MLDB-000633,SMILES,0.9301075268817204,True,0.5999328527429528,≥0.9
MLDB-000636,SMILES,1.0,True,0.2297798829035515,≥0.9
MLDB-000643,SMILES,0.7482517482517482,True,1.4930439723229334,0.7–0.9
MLDB-000663,SMILES,0.75,True,0.689472759534723,0.7–0.9
MLDB-000678,SMILES,0.8896103896103896,True,0.0533603721745514,0.7–0.9
MLDB-000682,SMILES,0.8950617283950617,True,0.0284239593337647,0.7–0.9
MLDB-000685,SMILES,0.9214659685863874,True,0.1190891914145382,≥0.9
MLDB-000733,SMILES,0.881578947368421,True,0.3219367856680455,0.7–0.9
MLDB-000734,SMILES,0.9205298013245033,True,0.4609291500030392,≥0.9
MLDB-000742,SMILES,0.7100271002710027,True,0.7125122792008581,0.7–0.9
MLDB-000745,SMILES,0.7100271002710027,True,2.1108359875272296,0.7–0.9
MLDB-000748,SMILES,0.7100271002710027,True,1.63551881409123,0.7–0.9
MLDB-000751,SMILES,0.7100271002710027,True,0.7750818017637804,0.7–0.9
MLDB-000760,SMILES,0.8333333333333334,True,0.6016333886161431,0.7–0.9
MLDB-000763,SMILES,0.8333333333333334,True,0.8016333886161433,0.7–0.9
MLDB-000766,SMILES,0.8333333333333334,True,0.7016333886161432,0.7–0.9
MLDB-000777,SMILES,0.5321100917431193,True,0.8556301410301861,0.5–0.7
MLDB-000778,SMILES,0.5321100917431193,True,0.6415640253181272,0.5–0.7
MLDB-000787,SMILES,1.0,True,3.5150178059441286,≥0.9
MLDB-000800,SMILES,0.8333333333333334,True,0.0824412826417245,0.7–0.9
MLDB-000816,SMILES,0.9214659685863874,True,0.9361890356024434,≥0.9
MLDB-000829,SMILES,0.6610169491525424,True,0.2653667468177809,0.5–0.7
MLDB-000838,SMILES,0.6870748299319728,True,0.7247391775219274,0.5–0.7
MLDB-000841,SMILES,0.7522123893805309,True,0.2670221241303559,0.7–0.9
MLDB-000853,SMILES,0.8760330578512396,True,0.3408508523939975,0.7–0.9
MLDB-000854,SMILES,0.8345864661654135,True,0.1583121163771119,0.7–0.9
MLDB-000860,SMILES,0.7605633802816901,True,0.4520321250809244,0.7–0.9
MLDB-000878,SMILES,0.8765432098765432,True,0.4868651022524022,0.7–0.9
MLDB-000899,SMILES,0.7956204379562044,True,0.1782359250281926,0.7–0.9
MLDB-000910,SMILES,0.85,True,0.2834014374117137,0.7–0.9
MLDB-000930,SMILES,0.5416666666666666,True,0.7288348429641475,0.5–0.7
MLDB-000932,SMILES,0.9753086419753086,True,0.0144495429013588,≥0.9
MLDB-000933,SMILES,0.9753086419753086,True,0.6947332724747519,≥0.9
MLDB-000962,SMILES,0.92,True,0.122810021039554,≥0.9
MLDB-000978,SMILES,0.7884615384615384,True,0.2537494863315654,0.7–0.9
MLDB-000996,SMILES,0.8048780487804879,True,0.7442922178831278,0.7–0.9
MLDB-001000,SMILES,0.8878504672897196,True,0.6836151126666021,0.7–0.9
MLDB-001028,SMILES,0.2391304347826087,True,1.418085249238358,<0.3
MLDB-001058,SMILES,0.9013157894736842,True,0.220385386077435,≥0.9
MLDB-001061,SMILES,0.8807947019867549,True,0.2579963048866769,0.7–0.9
MLDB-001064,SMILES,0.7586206896551724,True,0.3389939297249695,0.7–0.9
MLDB-001079,SMILES,0.7547169811320755,True,0.1431759069460283,0.7–0.9
MLDB-001089,SMILES,0.7590361445783133,True,0.00182591464924,0.7–0.9
MLDB-001099,SMILES,0.7959183673469388,True,0.0480995369804406,0.7–0.9
MLDB-001102,SMILES,0.49387755102040815,True,0.4066651786055026,0.3–0.5
MLDB-001116,SMILES,0.8198198198198198,True,0.2454912225464982,0.7–0.9
MLDB-001124,SMILES,0.8314606741573034,True,0.335983277791481,0.7–0.9
MLDB-001126,SMILES,0.8469387755102041,True,0.2960294465598863,0.7–0.9
MLDB-001134,SMILES,0.7524752475247525,True,0.3475016198093617,0.7–0.9
MLDB-001139,SMILES,0.8529411764705882,True,0.6278497475862743,0.7–0.9
MLDB-001163,SMILES,0.8,True,0.9031459439187142,0.7–0.9
MLDB-001170,SMILES,0.8373983739837398,True,0.8392130756965819,0.7–0.9
MLDB-001179,SMILES,0.6877828054298643,True,0.5546161293672791,0.5–0.7
MLDB-001192,SMILES,0.8333333333333334,True,0.0243735979227919,0.7–0.9
MLDB-001193,SMILES,0.8205128205128205,True,0.0808896318551883,0.7–0.9
MLDB-001198,SMILES,0.9671052631578947,True,0.6289499921298956,≥0.9
MLDB-001204,SMILES,0.6666666666666666,True,0.5250067705400321,0.5–0.7
MLDB-001216,SMILES,0.9007633587786259,True,0.0383461328680949,≥0.9
MLDB-001217,SMILES,0.8473282442748091,True,0.1490108193365865,0.7–0.9
MLDB-001231,SMILES,0.8421052631578947,True,0.492276325716233,0.7–0.9
MLDB-001239,SMILES,0.5714285714285714,True,0.3867779166385328,0.5–0.7
MLDB-001243,SMILES,0.8105263157894737,True,1.9626939739698457,0.7–0.9
MLDB-001244,SMILES,0.8105263157894737,True,1.3285836917561826,0.7–0.9
MLDB-001252,SMILES,0.875,True,0.0560815874350841,0.7–0.9
MLDB-001272,SMILES,0.8732394366197183,True,0.2722177024894242,0.7–0.9
MLDB-001286,SMILES,0.8235294117647058,True,0.0616822553884285,0.7–0.9
MLDB-001300,SMILES,0.7918367346938775,True,0.5295654660001408,0.7–0.9
MLDB-001318,SMILES,0.9166666666666666,True,0.3325227924865527,≥0.9
MLDB-001328,SMILES,0.6956521739130435,True,0.887845798501659,0.5–0.7
MLDB-001346,SMILES,0.7620967741935484,False,0.5159334076811455,0.7–0.9
MLDB-001364,SMILES,0.7913043478260869,True,0.2199926199872314,0.7–0.9
MLDB-001376,SMILES,0.8938053097345132,True,0.102459903304849,0.7–0.9
MLDB-001391,SMILES,0.875,True,1.550241125240462,0.7–0.9
MLDB-001413,SMILES,0.9649122807017544,True,0.2857779345493538,≥0.9
MLDB-001422,SMILES,0.9090909090909091,True,0.3481943638292442,≥0.9
MLDB-001449,SMILES,1.0,True,0.0539677601988981,≥0.9
MLDB-001450,SMILES,1.0,True,0.4826980374205805,≥0.9
MLDB-001451,SMILES,0.6304347826086957,True,1.4629755608939905,0.5–0.7
MLDB-001465,SMILES,1.0,True,0.0364945911209968,≥0.9
MLDB-001473,SMILES,1.0,True,0.624507956355083,≥0.9
MLDB-001476,SMILES,1.0,True,0.6961270009799847,≥0.9
MLDB-001477,SMILES,0.7647058823529411,True,0.3226711093814281,0.7–0.9
MLDB-001480,SMILES,0.7628865979381443,True,1.1934281531340414,0.7–0.9
MLDB-001487,SMILES,1.0,True,0.409019717024869,≥0.9
MLDB-001498,SMILES,0.7716049382716049,True,0.2126219330684357,0.7–0.9
MLDB-001504,SMILES,0.9631901840490797,True,0.3380434001349632,≥0.9
MLDB-001508,SMILES,0.72,True,1.4110714599430012,0.7–0.9
MLDB-001527,SMILES,0.875,True,0.3014072721372591,0.7–0.9
MLDB-001543,SMILES,0.7945205479452054,True,0.971828024450272,0.7–0.9
MLDB-001545,SMILES,0.7741935483870968,True,0.7329186691273687,0.7–0.9
MLDB-001554,SMILES,0.75,True,1.6366428620268525,0.7–0.9
MLDB-001563,SMILES,0.5357142857142857,True,0.5855351104588205,0.5–0.7
MLDB-001573,SMILES,0.951048951048951,True,0.2940314629262526,≥0.9
MLDB-001577,SMILES,0.5164835164835165,True,0.6546491577010372,0.5–0.7
MLDB-001578,SMILES,0.5776699029126213,False,1.1737096005283196,0.5–0.7
MLDB-001579,SMILES,0.5776699029126213,False,1.2836527161924136,0.5–0.7
MLDB-001580,SMILES,0.5669014084507042,False,1.8034421082224372,0.5–0.7
MLDB-001603,SMILES,0.8043478260869565,True,0.0875135638786592,0.7–0.9
MLDB-001608,SMILES,0.7795275590551181,True,0.4091778932368148,0.7–0.9
MLDB-001623,SMILES,0.8,True,0.3984524894439045,0.7–0.9
MLDB-001624,SMILES,0.9230769230769231,True,0.155620470046001,≥0.9
MLDB-001626,SMILES,0.9166666666666666,True,0.1491871412922571,≥0.9
MLDB-001636,SMILES,0.5555555555555556,True,0.2336669857580025,0.5–0.7
MLDB-001646,SMILES,0.6363636363636364,True,0.76100539120089,0.5–0.7
MLDB-001687,SMILES,1.0,True,0.2061270009799849,≥0.9
MLDB-001688,SMILES,1.0,True,0.1564608242949412,≥0.9
MLDB-001724,SMILES,0.9753086419753086,True,0.3066230346928584,≥0.9
MLDB-001740,SMILES,0.5555555555555556,True,0.0158165412254545,0.5–0.7
MLDB-001743,SMILES,0.88,True,0.5744612694257394,0.7–0.9
MLDB-001744,SMILES,0.88,True,0.4905644938712441,0.7–0.9
MLDB-001749,SMILES,0.65,True,0.7325738513562923,0.5–0.7
MLDB-001762,SMILES,0.8846153846153846,True,0.3366635363819292,0.7–0.9
MLDB-001763,SMILES,0.8846153846153846,True,0.3051470817110568,0.7–0.9
MLDB-001773,SMILES,0.9,True,2.8043262559624997,≥0.9
MLDB-001782,SMILES,0.8617021276595744,True,0.2622980550840266,0.7–0.9
MLDB-001784,SMILES,0.5151515151515151,True,0.5057875011048869,0.5–0.7
MLDB-001791,SMILES,0.5833333333333334,True,0.7283137355063942,0.5–0.7
MLDB-001796,SMILES,0.4105263157894737,False,1.0179258608606054,0.3–0.5
MLDB-001797,SMILES,0.5135135135135135,True,1.9272107526662468,0.5–0.7
MLDB-001805,SMILES,0.6240601503759399,True,0.2762047224574065,0.5–0.7
MLDB-001817,SMILES,1.0,True,0.2036359253155764,≥0.9
MLDB-001835,SMILES,0.6530612244897959,True,0.8801200120889487,0.5–0.7
MLDB-001840,SMILES,0.8333333333333334,True,0.2309514214287175,0.7–0.9
MLDB-001842,SMILES,0.569620253164557,True,0.4834830060634328,0.5–0.7
MLDB-001843,SMILES,0.6956521739130435,True,0.8866850133915514,0.5–0.7
MLDB-001844,SMILES,0.6206896551724138,True,0.8293825439831275,0.5–0.7
MLDB-001856,SMILES,0.8333333333333334,True,0.1409514214287175,0.7–0.9
MLDB-001860,SMILES,0.8181818181818182,True,0.4140238873971211,0.7–0.9
MLDB-001879,SMILES,0.9491525423728814,True,0.0552250472216622,≥0.9
MLDB-001881,SMILES,0.5555555555555556,True,0.2963330142419975,0.5–0.7
MLDB-001890,SMILES,1.0,True,0.7629229189769537,≥0.9
MLDB-001894,SMILES,0.5428571428571428,True,1.225167850619875,0.5–0.7
MLDB-001917,SMILES,0.8426966292134831,True,0.0929086357187017,0.7–0.9
MLDB-001927,SMILES,0.6206896551724138,True,1.0466928465279828,0.5–0.7
MLDB-001931,SMILES,0.7411764705882353,True,1.1797773184834708,0.7–0.9
MLDB-001937,SMILES,0.803030303030303,True,0.0357455387704097,0.7–0.9
MLDB-001947,SMILES,0.5555555555555556,True,0.0864763711206884,0.5–0.7
MLDB-001948,SMILES,0.9473684210526315,True,0.8632266470271097,≥0.9
MLDB-001969,SMILES,0.6666666666666666,True,0.2039863416857511,0.5–0.7
MLDB-001973,SMILES,0.8849557522123894,True,0.8190287849401503,0.7–0.9
MLDB-001995,SMILES,0.3333333333333333,True,0.8324291625529256,0.3–0.5
MLDB-001996,SMILES,0.3333333333333333,True,0.6224291625529257,0.3–0.5
MLDB-001997,SMILES,0.40540540540540543,True,1.1268669113882006,0.3–0.5
MLDB-002001,SMILES,0.38235294117647056,True,2.060108321906393,0.3–0.5
MLDB-002051,SMILES,0.7515923566878981,True,0.6942315199121121,0.7–0.9
MLDB-002053,SMILES,0.7532467532467533,True,0.8162179251849241,0.7–0.9
MLDB-002072,SMILES,0.6336633663366337,False,0.4578575801320481,0.5–0.7
MLDB-002079,SMILES,0.7622950819672131,True,0.2068700815884361,0.7–0.9
MLDB-002087,SMILES,0.8217821782178217,True,0.0610503371194504,0.7–0.9
MLDB-002099,SMILES,0.8947368421052632,True,0.8000075304117557,0.7–0.9
MLDB-002117,SMILES,0.53,True,1.48593682959469,0.5–0.7
MLDB-002118,SMILES,0.5602836879432624,True,0.0936887969804943,0.5–0.7
MLDB-002126,SMILES,0.9473684210526315,True,0.3627525319440816,≥0.9
MLDB-002140,SMILES,0.8382352941176471,True,0.4019585670316024,0.7–0.9
MLDB-002153,SMILES,0.9230769230769231,True,0.0491604872001391,≥0.9
MLDB-002156,SMILES,0.6206896551724138,True,0.600230509908783,0.5–0.7
MLDB-002162,SMILES,0.9473684210526315,True,0.3513260844981527,≥0.9
MLDB-002164,SMILES,0.6931818181818182,True,0.6991959171579939,0.5–0.7
MLDB-002172,SMILES,0.5555555555555556,True,0.8010834587745452,0.5–0.7
MLDB-002179,SMILES,0.49056603773584906,True,0.3283943600523878,0.3–0.5
MLDB-002189,SMILES,0.9069767441860465,True,0.1108225823894712,≥0.9
MLDB-002192,SMILES,0.9230769230769231,True,0.309160487200139,≥0.9
MLDB-002201,SMILES,0.6206896551724138,True,0.7272197796213098,0.5–0.7
MLDB-002226,SMILES,0.9285714285714286,True,0.149384598316525,≥0.9
MLDB-002241,SMILES,0.9297297297297298,True,0.3497539373204403,≥0.9
MLDB-002253,SMILES,0.7857142857142857,True,0.7446397010953928,0.7–0.9
MLDB-002256,SMILES,0.7567567567567568,True,0.0564684804008454,0.7–0.9
MLDB-002259,SMILES,0.7804878048780488,True,0.5527017879494256,0.7–0.9
MLDB-002262,SMILES,0.8333333333333334,True,0.1111004747254732,0.7–0.9
MLDB-002283,SMILES,0.6521739130434783,True,1.00208164855612,0.5–0.7
MLDB-002294,SMILES,0.5555555555555556,True,0.1755236288793116,0.5–0.7
MLDB-002300,SMILES,0.88,True,0.2734834333980143,0.7–0.9
MLDB-002308,SMILES,0.8,True,0.0676115727751165,0.7–0.9
MLDB-002340,SMILES,0.65625,True,1.5037669591109388,0.5–0.7
MLDB-002350,SMILES,0.9333333333333333,True,0.2668093925653815,≥0.9
MLDB-002355,SMILES,0.8863636363636364,True,0.5466385364708288,0.7–0.9
MLDB-002361,SMILES,0.9698795180722891,True,0.2811862963530053,≥0.9
MLDB-002373,SMILES,0.759493670886076,True,0.0827046877605328,0.7–0.9
MLDB-002402,SMILES,0.6422018348623854,True,0.725021244548923,0.5–0.7
MLDB-002409,SMILES,0.7049180327868853,True,1.40745770887675,0.7–0.9
MLDB-002416,SMILES,0.71875,True,0.1444179819019099,0.7–0.9
MLDB-002419,SMILES,0.8706896551724138,True,0.5225954555325839,0.7–0.9
MLDB-002438,SMILES,0.8253968253968254,True,0.0524872361996845,0.7–0.9
MLDB-002442,SMILES,0.6869565217391305,True,0.1506877357954653,0.5–0.7
MLDB-002448,SMILES,0.660377358490566,True,0.1947326594190866,0.5–0.7
MLDB-002459,SMILES,0.8524590163934426,True,0.5232823645482644,0.7–0.9
MLDB-002470,SMILES,0.8639455782312925,True,0.0486490148227474,0.7–0.9
MLDB-002484,SMILES,0.7465753424657534,True,0.0158446754321498,0.7–0.9
MLDB-002496,SMILES,0.7619047619047619,True,1.3536048485874566,0.7–0.9
MLDB-002497,SMILES,0.8706896551724138,True,0.4581705260693921,0.7–0.9
MLDB-002505,SMILES,0.7272727272727273,True,0.5479551695103634,0.7–0.9
MLDB-002509,SMILES,0.9795918367346939,True,0.3449816305113594,≥0.9
MLDB-002511,SMILES,0.7777777777777778,True,1.24742494047876,0.7–0.9
MLDB-002517,SMILES,0.7361111111111112,True,0.1521276497390511,0.7–0.9
MLDB-002556,SMILES,0.9908256880733946,True,0.1393636681628538,≥0.9
MLDB-002566,SMILES,0.9871794871794872,True,0.1870165901055969,≥0.9
MLDB-002571,SMILES,0.6509433962264151,True,0.5985375645470404,0.5–0.7
MLDB-002589,SMILES,0.5157894736842106,True,0.3816929624209739,0.5–0.7
MLDB-002591,SMILES,0.49056603773584906,True,1.5121026009321348,0.3–0.5
MLDB-002593,SMILES,0.7872340425531915,True,0.4226438801620403,0.7–0.9
MLDB-002604,SMILES,0.6885245901639344,True,0.34590124101869,0.5–0.7
MLDB-002608,SMILES,0.8241758241758241,True,0.0089181073198894,0.7–0.9
MLDB-002610,SMILES,0.8269230769230769,True,0.2787532287163424,0.7–0.9
MLDB-002626,SMILES,0.7019230769230769,False,0.0870600387792892,0.7–0.9
MLDB-002627,SMILES,0.4528301886792453,False,0.8882141997255417,0.3–0.5
MLDB-002658,SMILES,0.7795698924731183,True,0.6988115388250403,0.7–0.9
MLDB-002686,SMILES,0.8206896551724138,True,0.1772358010656454,0.7–0.9
MLDB-002699,SMILES,0.7777777777777778,True,0.0149234718490306,0.7–0.9
MLDB-002714,SMILES,0.8194444444444444,True,0.3462598531683216,0.7–0.9
MLDB-002726,SMILES,0.7619047619047619,True,0.477343911365206,0.7–0.9
MLDB-002729,SMILES,0.7197452229299363,True,0.4563162340063721,0.7–0.9
MLDB-002746,SMILES,0.7534246575342466,True,0.4574703501033088,0.7–0.9
MLDB-002750,SMILES,0.8309859154929577,True,0.0446812241968177,0.7–0.9
MLDB-002753,SMILES,0.7272727272727273,True,0.50772470385454,0.7–0.9
MLDB-002757,SMILES,0.6115107913669064,True,0.278388613768977,0.5–0.7
MLDB-002761,SMILES,0.7142857142857143,True,0.2636876233610259,0.7–0.9
MLDB-002762,SMILES,0.6115107913669064,True,0.9597088620923736,0.5–0.7
MLDB-002773,SMILES,0.8181818181818182,True,0.1156230533832635,0.7–0.9
MLDB-002775,SMILES,0.9065934065934066,True,0.1806012070856408,≥0.9
MLDB-002781,SMILES,0.7727272727272727,True,0.4547575432445463,0.7–0.9
MLDB-002797,SMILES,0.7746478873239436,True,0.5454286321488931,0.7–0.9
MLDB-002803,SMILES,0.8144329896907216,True,0.3200178962464159,0.7–0.9
MLDB-002807,SMILES,0.8921568627450981,True,0.3136217505015983,0.7–0.9
MLDB-002818,SMILES,0.7701149425287356,True,0.7134915772025969,0.7–0.9
MLDB-002828,SMILES,0.7410714285714286,True,0.7561172458350776,0.7–0.9
MLDB-002859,SMILES,0.8936170212765957,True,1.2432548910524124,0.7–0.9
MLDB-002862,SMILES,0.6115107913669064,True,0.4619807056884818,0.5–0.7
MLDB-002868,SMILES,0.7368421052631579,True,0.2077343413275414,0.7–0.9
MLDB-002876,SMILES,0.8541666666666666,True,0.183171519605982,0.7–0.9
MLDB-002881,SMILES,0.7378640776699029,True,0.0600778409330168,0.7–0.9
MLDB-002907,SMILES,0.782608695652174,True,1.0352120117568615,0.7–0.9
MLDB-002912,SMILES,0.782608695652174,True,0.935212011756862,0.7–0.9
MLDB-002917,SMILES,0.782608695652174,True,1.0352120117568615,0.7–0.9
MLDB-002924,SMILES,0.9908256880733946,True,0.335540836615722,≥0.9
MLDB-002927,SMILES,0.8070175438596491,True,0.7044561455389535,0.7–0.9
MLDB-002963,SMILES,0.6559139784946236,True,0.2839413424462448,0.5–0.7
MLDB-003012,SMILES,0.6551724137931034,True,0.2101336117851946,0.5–0.7
MLDB-003029,SMILES,0.41605839416058393,True,0.1847693374728054,0.3–0.5
MLDB-003047,SMILES,0.8588235294117647,True,0.0786831054133977,0.7–0.9
MLDB-003056,SMILES,0.8064516129032258,True,0.0707023583321204,0.7–0.9
MLDB-003057,SMILES,0.8064516129032258,True,0.0124528916335266,0.7–0.9
MLDB-003081,SMILES,0.44285714285714284,False,0.4228176480041964,0.3–0.5
MLDB-003093,SMILES,0.7795698924731183,True,0.3454812312183686,0.7–0.9
MLDB-003099,SMILES,0.8571428571428571,True,0.2240641011056684,0.7–0.9
MLDB-003104,SMILES,0.9024390243902439,True,0.0876565467782317,≥0.9
MLDB-003107,SMILES,0.9024390243902439,True,0.077342310574419,≥0.9
MLDB-003115,SMILES,0.77,True,0.1257338621218234,0.7–0.9
MLDB-003131,SMILES,0.8690476190476191,True,0.349613693635762,0.7–0.9
MLDB-003134,SMILES,0.7052631578947368,True,0.0632984210409578,0.7–0.9
MLDB-003136,SMILES,0.7850467289719626,True,0.5716040528784457,0.7–0.9
MLDB-003147,SMILES,0.7471264367816092,True,0.0735359043244739,0.7–0.9
MLDB-003151,SMILES,0.78125,True,0.3963556678433549,0.7–0.9
MLDB-003153,SMILES,0.7611940298507462,True,0.391482843911117,0.7–0.9
MLDB-003157,SMILES,0.8780487804878049,True,0.0095301840229445,0.7–0.9
MLDB-003168,SMILES,0.75,True,0.6676861883809594,0.7–0.9
MLDB-003172,SMILES,0.5424528301886793,True,1.6270764569485987,0.5–0.7
MLDB-003180,SMILES,0.5,True,0.0266695439640196,0.5–0.7
MLDB-003188,SMILES,0.8596491228070176,True,0.5441912075226885,0.7–0.9
MLDB-003206,SMILES,0.9753086419753086,True,1.4181184566923697,≥0.9
MLDB-003207,SMILES,0.8333333333333334,True,0.2569284205548436,0.7–0.9
MLDB-003212,SMILES,0.5633802816901409,True,0.1641363393340098,0.5–0.7
MLDB-003215,SMILES,0.625,True,1.4342156663584993,0.5–0.7
MLDB-003216,SMILES,0.6521739130434783,True,1.8915324683482693,0.5–0.7
MLDB-003233,SMILES,0.8279569892473119,True,0.3869782572138833,0.7–0.9
MLDB-003240,SMILES,0.8457142857142858,True,0.6135246573693993,0.7–0.9
MLDB-003245,SMILES,0.6181818181818182,True,0.0569015552406448,0.5–0.7
MLDB-003254,SMILES,0.7317073170731707,True,0.2532352643381292,0.7–0.9
MLDB-003292,SMILES,0.6328125,True,2.1514044875561855e-05,0.5–0.7
MLDB-003313,SMILES,0.6382978723404256,True,0.1916547791787279,0.5–0.7
MLDB-003330,SMILES,0.7155172413793104,True,0.7438399991900054,0.7–0.9
MLDB-003338,SMILES,0.759493670886076,True,0.1204932703926821,0.7–0.9
MLDB-003356,SMILES,0.8152173913043478,True,0.3292257707275068,0.7–0.9
MLDB-003367,SMILES,0.8285714285714286,True,0.0292428095313138,0.7–0.9
MLDB-003383,SMILES,0.875,True,0.1675270524034133,0.7–0.9
MLDB-003387,SMILES,0.375,True,0.2188774063743277,0.3–0.5
MLDB-003388,SMILES,0.4583333333333333,True,0.3163942098299183,0.3–0.5
MLDB-003394,SMILES,0.7659574468085106,True,1.0388722202413072,0.7–0.9
MLDB-003414,SMILES,0.9726027397260274,True,0.3696301504764994,≥0.9
MLDB-003434,SMILES,0.6987951807228916,True,0.7213261555357089,0.5–0.7
MLDB-003440,SMILES,0.8222222222222222,True,0.2140709394795916,0.7–0.9
MLDB-003452,SMILES,0.9159663865546218,True,0.3808937680312003,≥0.9
MLDB-003453,SMILES,0.84251968503937,True,0.233120859348588,0.7–0.9
MLDB-003476,SMILES,0.8838709677419355,True,0.2140544239362396,0.7–0.9
MLDB-003481,SMILES,0.8340248962655602,True,0.6313853371374831,0.7–0.9
MLDB-003486,SMILES,0.7326732673267327,True,0.7485650335499391,0.7–0.9
MLDB-003494,SMILES,0.6696428571428571,True,0.3897262383809297,0.5–0.7
MLDB-003501,SMILES,0.7789473684210526,True,0.6157023136275479,0.7–0.9
MLDB-003503,SMILES,0.79,True,0.0406706682417586,0.7–0.9
MLDB-003521,SMILES,0.9706840390879479,True,0.0953908927639506,≥0.9
MLDB-003528,SMILES,0.9130434782608695,True,0.2825831151207078,≥0.9
MLDB-003534,SMILES,0.8930817610062893,True,0.4958904038383295,0.7–0.9
MLDB-003535,SMILES,0.8884120171673819,True,0.0838796353132597,0.7–0.9
MLDB-003536,SMILES,0.8514285714285714,True,0.3094797112120179,0.7–0.9
MLDB-003557,SMILES,0.859504132231405,True,0.1350862786935183,0.7–0.9
MLDB-003560,SMILES,0.8363636363636363,True,0.6658130992850924,0.7–0.9
MLDB-003572,SMILES,0.5555555555555556,True,0.1784109162255431,0.5–0.7
MLDB-003598,SMILES,0.7549295774647887,True,0.6529193317486284,0.7–0.9
MLDB-003606,SMILES,0.8598130841121495,True,0.2340972356140942,0.7–0.9
MLDB-003609,SMILES,0.6888888888888889,True,2.423385009946134,0.5–0.7
MLDB-003621,SMILES,0.9803921568627451,True,0.6303969185445955,≥0.9
MLDB-003640,SMILES,0.8779342723004695,True,0.0598687031301032,0.7–0.9
MLDB-003649,SMILES,0.8787878787878788,True,0.1856758604220492,0.7–0.9
MLDB-003653,SMILES,0.6086956521739131,True,1.4024530238890611,0.5–0.7
MLDB-003685,SMILES,0.8301886792452831,True,0.0357096642914985,0.7–0.9
MLDB-003696,SMILES,0.8053097345132744,True,0.2431585823691513,0.7–0.9
MLDB-003712,SMILES,0.9120879120879121,True,0.0230846809081777,≥0.9
MLDB-003713,SMILES,0.8105263157894737,True,0.0304766122546419,0.7–0.9
MLDB-003724,SMILES,0.8601398601398601,True,0.4916854076546897,0.7–0.9
MLDB-003742,SMILES,0.8018867924528302,True,0.0773585426859064,0.7–0.9
MLDB-003759,SMILES,0.8,True,0.0355256624545229,0.7–0.9
MLDB-003793,SMILES,0.7872340425531915,True,0.8193329537920191,0.7–0.9
MLDB-003795,SMILES,0.7872340425531915,True,0.2818732417834577,0.7–0.9
MLDB-003803,SMILES,0.8210526315789474,True,0.0580206124945705,0.7–0.9
MLDB-003819,SMILES,0.8586956521739131,True,0.4870805660805412,0.7–0.9
MLDB-003823,SMILES,0.8245614035087719,True,0.3041822407568809,0.7–0.9
MLDB-003830,SMILES,0.9144736842105263,True,0.5790928345092174,≥0.9
MLDB-003836,SMILES,0.7788461538461539,True,0.0969875107352442,0.7–0.9
MLDB-003853,SMILES,0.893048128342246,True,0.7271877628726315,0.7–0.9
MLDB-003865,SMILES,0.75,True,0.1431844226171348,0.7–0.9
MLDB-003903,SMILES,0.8784530386740331,True,1.0452720568539298,0.7–0.9
MLDB-003907,SMILES,0.8513513513513513,True,0.8859660579604567,0.7–0.9
MLDB-003918,SMILES,0.7029702970297029,True,0.2549863064272864,0.7–0.9
MLDB-003927,SMILES,0.8620689655172413,True,0.6393226922302462,0.7–0.9
MLDB-003934,SMILES,0.7862595419847328,True,0.9137605432870556,0.7–0.9
MLDB-003948,SMILES,0.945054945054945,True,0.484644156241396,≥0.9
MLDB-003949,SMILES,0.945054945054945,True,0.5339185637426338,≥0.9
MLDB-003950,SMILES,0.945054945054945,True,0.5320070190666029,≥0.9
MLDB-003974,SMILES,0.746268656716418,True,1.6127189975586786,0.7–0.9
MLDB-003984,SMILES,0.9057591623036649,True,0.037374847072356,≥0.9
MLDB-004001,SMILES,0.9297297297297298,True,0.4797539373204402,≥0.9
MLDB-004013,SMILES,0.7361111111111112,True,0.2538066491906148,0.7–0.9
MLDB-004021,SMILES,0.7111111111111111,True,0.2245524840065121,0.7–0.9
MLDB-004025,SMILES,0.794392523364486,True,0.0819602138416093,0.7–0.9
MLDB-004028,SMILES,0.8192771084337349,True,0.2884893108826086,0.7–0.9
MLDB-004030,SMILES,0.8762886597938144,True,0.150053561801159,0.7–0.9
MLDB-004041,SMILES,0.803921568627451,True,1.0045537581893118,0.7–0.9
MLDB-004049,SMILES,0.8,True,0.3504521459204193,0.7–0.9
MLDB-004055,SMILES,0.7699115044247787,True,0.7431439273029696,0.7–0.9
MLDB-004061,SMILES,0.7741935483870968,True,0.2930056536187613,0.7–0.9
MLDB-004063,SMILES,0.7745098039215687,True,0.0224815701674902,0.7–0.9
MLDB-004072,SMILES,0.7426900584795322,True,0.4911391230186088,0.7–0.9
MLDB-004095,SMILES,0.8285714285714286,True,0.0691803668720026,0.7–0.9
MLDB-004101,SMILES,0.974025974025974,True,0.2110808978657656,≥0.9
MLDB-004113,SMILES,0.9166666666666666,True,0.0996879375616491,≥0.9
MLDB-004118,SMILES,0.7959183673469388,True,0.5149481195844537,0.7–0.9
MLDB-004124,SMILES,0.75,True,0.580817891860322,0.7–0.9
MLDB-004133,SMILES,0.7319587628865979,True,0.032140350638093,0.7–0.9
MLDB-004155,SMILES,0.8709677419354839,True,1.3469443224872553,0.7–0.9
MLDB-004156,SMILES,0.8181818181818182,True,0.0375922787826019,0.7–0.9
MLDB-004161,SMILES,0.8977272727272727,True,0.2573688714773385,0.7–0.9
MLDB-004183,SMILES,0.8351648351648352,True,1.1102218990379509,0.7–0.9
MLDB-004184,SMILES,0.801980198019802,True,1.051443326724552,0.7–0.9
MLDB-004194,SMILES,0.6697247706422018,True,0.1965005299466629,0.5–0.7
MLDB-004200,SMILES,0.7848101265822784,True,0.1702210224909957,0.7–0.9
MLDB-004201,SMILES,0.6813186813186813,True,0.0975812546471355,0.5–0.7
MLDB-004204,SMILES,0.8409090909090909,True,0.3450245379458458,0.7–0.9
MLDB-004225,SMILES,0.7862595419847328,True,0.3893672738810023,0.7–0.9
MLDB-004239,SMILES,0.8923076923076924,True,0.8057099921924962,0.7–0.9
MLDB-004252,SMILES,0.9555555555555556,True,0.1681976132488797,≥0.9
MLDB-004256,SMILES,0.75,True,1.3030157013523187,0.7–0.9
MLDB-004261,SMILES,0.2698412698412698,True,0.0018444881968677,<0.3
MLDB-004277,SMILES,0.8412698412698413,True,0.536239889680541,0.7–0.9
MLDB-004284,SMILES,0.7938144329896907,True,0.1453715654050644,0.7–0.9
MLDB-004311,SMILES,0.5348837209302325,True,0.027282115041292,0.5–0.7
MLDB-004329,SMILES,0.7959183673469388,True,0.0046614251335072,0.7–0.9
MLDB-004337,SMILES,0.9797979797979798,True,0.060951933098624,≥0.9
MLDB-004350,SMILES,0.8461538461538461,True,0.3964023889562319,0.7–0.9
MLDB-004359,SMILES,0.5555555555555556,True,0.0155236288793116,0.5–0.7
MLDB-004369,SMILES,0.9435483870967742,True,0.1049391724646088,≥0.9
MLDB-004374,SMILES,0.7297297297297297,True,0.4282076080422227,0.7–0.9
MLDB-004380,SMILES,0.7066666666666667,True,0.5624645692360558,0.7–0.9
MLDB-004384,SMILES,0.960352422907489,True,0.7386267532488661,≥0.9
MLDB-004388,SMILES,0.9241379310344827,True,0.0011176847446832,≥0.9
MLDB-004390,SMILES,0.631578947368421,True,0.4176377884698592,0.5–0.7
MLDB-004407,SMILES,0.946236559139785,True,0.2679914193063424,≥0.9
MLDB-004430,SMILES,0.5,True,0.0777085706242872,0.5–0.7
MLDB-004431,SMILES,0.5595238095238095,True,0.0284131746784098,0.5–0.7
MLDB-004434,SMILES,0.7560975609756098,True,0.0519785311385772,0.7–0.9
MLDB-004441,SMILES,0.6375,True,0.781653622114295,0.5–0.7
MLDB-004465,SMILES,0.7619047619047619,True,0.2469769677310785,0.7–0.9
MLDB-004472,SMILES,0.8080808080808081,True,0.3289887032085779,0.7–0.9
MLDB-004473,SMILES,0.8080808080808081,True,0.1554107567210352,0.7–0.9
MLDB-004510,SMILES,0.7,True,0.2664796289357249,0.7–0.9
MLDB-004520,SMILES,0.7164179104477612,True,0.7840354930861104,0.7–0.9
MLDB-004522,SMILES,0.7631578947368421,True,0.643312738504958,0.7–0.9
MLDB-004526,SMILES,0.7834394904458599,False,1.4064560522421907,0.7–0.9
MLDB-004546,SMILES,0.9159663865546218,True,2.2766135806851646,≥0.9
MLDB-004571,SMILES,0.75,True,0.8787188708444096,0.7–0.9
MLDB-004581,SMILES,0.6,True,0.0646092077962582,0.5–0.7
MLDB-004583,SMILES,0.8387096774193549,True,0.0656094052021079,0.7–0.9
MLDB-004598,SMILES,0.8235294117647058,True,0.2416151990701041,0.7–0.9
MLDB-004639,SMILES,0.8058252427184466,True,0.5588224933383451,0.7–0.9
MLDB-004643,SMILES,0.9043824701195219,True,0.1517593601677259,≥0.9
MLDB-004653,SMILES,0.6052631578947368,True,0.8273673034433077,0.5–0.7
MLDB-004684,SMILES,0.43434343434343436,True,0.7431478629122696,0.3–0.5
MLDB-004698,SMILES,0.7785234899328859,True,0.2597003776511538,0.7–0.9
MLDB-004700,SMILES,0.8702290076335878,True,0.2601666253688196,0.7–0.9
MLDB-004702,SMILES,0.38524590163934425,True,0.1550468933101412,0.3–0.5
MLDB-004704,SMILES,0.296875,False,1.4723533780589937,<0.3
MLDB-004733,SMILES,0.5111111111111111,True,2.0683749531421327,0.5–0.7
MLDB-004739,SMILES,0.8826530612244898,True,0.2580679668800663,0.7–0.9
MLDB-004744,SMILES,0.7704918032786885,True,0.4435944791159966,0.7–0.9
MLDB-004763,SMILES,0.8068965517241379,True,0.0358486478225714,0.7–0.9
MLDB-004776,SMILES,0.7818181818181819,True,0.0434445208094177,0.7–0.9
MLDB-004791,SMILES,0.8062015503875969,True,0.3394852082126203,0.7–0.9
MLDB-004809,SMILES,0.640625,True,0.7366869119708429,0.5–0.7
MLDB-004823,SMILES,0.9772727272727273,True,0.6973495004942578,≥0.9
MLDB-004831,SMILES,0.9166666666666666,True,0.0764773479118258,≥0.9
MLDB-004843,SMILES,0.788235294117647,True,0.029690535856595,0.7–0.9
MLDB-004854,SMILES,0.8476190476190476,True,0.6621234565239287,0.7–0.9
MLDB-004855,SMILES,0.8476190476190476,True,0.5254270336991463,0.7–0.9
MLDB-004867,SMILES,0.6231884057971014,True,0.1923080872007286,0.5–0.7
MLDB-004874,SMILES,0.6564885496183206,True,0.655157705520053,0.5–0.7
MLDB-004910,SMILES,0.5454545454545454,True,0.6085969185094808,0.5–0.7
MLDB-004918,SMILES,0.37373737373737376,False,2.159841253416164,0.3–0.5
MLDB-004919,SMILES,0.8653846153846154,True,0.9552734353270348,0.7–0.9
MLDB-004924,SMILES,0.65625,True,1.042832911808958,0.5–0.7
MLDB-004930,SMILES,0.4421052631578947,False,0.2546289721501173,0.3–0.5
MLDB-004935,SMILES,0.7295597484276729,True,1.1853476424241371,0.7–0.9
MLDB-004946,SMILES,0.7125,True,0.9180367657199096,0.7–0.9
MLDB-004962,SMILES,0.7471264367816092,True,0.0675788603579046,0.7–0.9
MLDB-004964,SMILES,0.7777777777777778,True,0.4878929441309323,0.7–0.9
MLDB-004966,SMILES,0.9743589743589743,True,0.1364451214991727,≥0.9
MLDB-004969,SMILES,0.7614213197969543,True,1.538705691740106,0.7–0.9
MLDB-004972,SMILES,0.6585365853658537,True,0.4998522516733958,0.5–0.7
MLDB-004990,SMILES,0.5131578947368421,True,0.5830332723142371,0.5–0.7
MLDB-004994,SMILES,0.9138755980861244,True,0.0272107771284491,≥0.9
MLDB-005002,SMILES,0.7058823529411765,True,0.9417638603725756,0.7–0.9
MLDB-005044,SMILES,0.8333333333333334,True,0.0025135779629932,0.7–0.9
MLDB-005049,SMILES,0.8333333333333334,True,0.4274864220370069,0.7–0.9
MLDB-005052,SMILES,0.9526315789473684,False,0.634130044681678,≥0.9
MLDB-005053,SMILES,0.9526315789473684,False,0.3341300446816782,≥0.9
MLDB-005060,SMILES,0.5492957746478874,True,0.5607421553044949,0.5–0.7
MLDB-005069,SMILES,0.7791411042944786,True,0.014337295655477,0.7–0.9
MLDB-005083,SMILES,0.6917293233082706,True,0.393066259108486,0.5–0.7
MLDB-005095,SMILES,0.7931034482758621,True,0.6102091172401278,0.7–0.9
MLDB-005099,SMILES,0.9090909090909091,True,0.30786651634313,≥0.9
MLDB-005121,SMILES,0.8031496062992126,True,0.1688756022023427,0.7–0.9
MLDB-005134,SMILES,0.7552941176470588,True,0.8288519836016426,0.7–0.9
MLDB-005136,SMILES,0.6025641025641025,True,0.6569742710801018,0.5–0.7
MLDB-005143,SMILES,0.9351851851851852,True,0.0781046795367161,≥0.9
MLDB-005145,SMILES,0.9615384615384616,True,0.9358801958935724,≥0.9
MLDB-005147,SMILES,0.9603960396039604,True,0.4611111262168125,≥0.9
MLDB-005151,SMILES,0.64,True,0.5915581775130123,0.5–0.7
MLDB-000021,SMILES,0.875,True,0.3682166740626452,0.7–0.9
MLDB-000031,SMILES,0.815028901734104,True,0.0051809849178756,0.7–0.9
MLDB-000044,SMILES,0.7719298245614035,True,0.9243050932059852,0.7–0.9
MLDB-000045,SMILES,0.640625,True,0.6096225818897552,0.5–0.7
MLDB-000050,SMILES,0.6716417910447762,True,0.7836619537034474,0.5–0.7
MLDB-000058,SMILES,0.7777777777777778,True,0.2121264184529421,0.7–0.9
MLDB-000066,SMILES,0.746268656716418,True,0.1986251142398916,0.7–0.9
MLDB-000086,SMILES,0.6647398843930635,True,0.6234108400517677,0.5–0.7
MLDB-000089,SMILES,0.9144736842105263,True,0.1268988845271528,≥0.9
MLDB-000091,SMILES,0.9324324324324325,True,0.0906727124943866,≥0.9
MLDB-000105,SMILES,0.7272727272727273,True,1.8728570798472524,0.7–0.9
MLDB-000111,SMILES,0.8449612403100775,True,0.0468827574406893,0.7–0.9
MLDB-000128,SMILES,0.7272727272727273,True,0.0442125231128596,0.7–0.9
MLDB-000130,SMILES,0.6811594202898551,True,0.2410253672363694,0.5–0.7
MLDB-000136,SMILES,0.8666666666666667,True,0.3139584890684868,0.7–0.9
MLDB-000140,SMILES,0.5185185185185185,True,1.2988928239002195,0.5–0.7
MLDB-000154,SMILES,0.6815286624203821,True,0.4680087827861502,0.5–0.7
MLDB-000158,SMILES,0.9014084507042254,True,0.0570544596342711,≥0.9
MLDB-000166,SMILES,0.6815286624203821,True,1.2637105360817802,0.5–0.7
MLDB-000170,SMILES,0.9014084507042254,True,0.0378625909769625,≥0.9
MLDB-000176,SMILES,0.7441860465116279,True,0.3331288076435881,0.7–0.9
MLDB-000181,SMILES,0.9324324324324325,True,0.509191936984808,≥0.9
MLDB-000188,SMILES,0.6893203883495146,True,0.4821972770812388,0.5–0.7
MLDB-000190,SMILES,0.8970588235294118,True,0.3948655776879506,0.7–0.9
MLDB-000207,SMILES,0.7913669064748201,True,0.5929857061941219,0.7–0.9
MLDB-000219,SMILES,0.8866666666666667,True,0.9124341963391678,0.7–0.9
MLDB-000228,SMILES,0.6694214876033058,True,0.4178807032759626,0.5–0.7
MLDB-000240,SMILES,0.7412935323383084,True,0.0505564256798172,0.7–0.9
MLDB-000255,SMILES,0.75,True,0.1062973043228981,0.7–0.9
MLDB-000260,SMILES,0.9230769230769231,True,0.1558498655108486,≥0.9
MLDB-000280,SMILES,0.6946564885496184,True,0.1822853496063428,0.5–0.7
MLDB-000296,SMILES,0.6263736263736264,True,1.2555824602406935,0.5–0.7
MLDB-000309,SMILES,0.6774193548387096,True,0.9281378061207024,0.5–0.7
MLDB-000340,SMILES,0.78125,True,1.2931800180451218,0.7–0.9
MLDB-000343,SMILES,0.9064327485380117,True,0.4731592000407676,≥0.9
MLDB-000350,SMILES,0.8170731707317073,True,0.6367758707637425,0.7–0.9
MLDB-000365,SMILES,0.9408866995073891,True,0.1629689377064374,≥0.9
MLDB-000373,SMILES,0.8975903614457831,True,1.93982328555175,0.7–0.9
MLDB-000383,SMILES,0.45569620253164556,False,0.1497798368717383,0.3–0.5
MLDB-000384,SMILES,0.9263803680981595,True,1.2078001861696466,≥0.9
MLDB-000412,SMILES,0.5,True,2.4075671289522225,0.5–0.7
MLDB-000416,SMILES,0.7714285714285715,True,0.7592917108861259,0.7–0.9
MLDB-000441,SMILES,0.8773006134969326,True,0.2681158487080195,0.7–0.9
MLDB-000443,SMILES,0.8783783783783784,True,0.4058591654559643,0.7–0.9
MLDB-000450,SMILES,0.631578947368421,True,1.1832549410662656,0.5–0.7
MLDB-000453,SMILES,0.7615384615384615,True,0.4669673044779003,0.7–0.9
MLDB-000465,SMILES,0.6342857142857142,True,0.0717675205581708,0.5–0.7
MLDB-000472,SMILES,0.89,True,0.7869829634790553,0.7–0.9
MLDB-000476,SMILES,0.8591549295774648,True,0.7656096081587422,0.7–0.9
MLDB-000490,SMILES,0.9085714285714286,True,0.687161717873269,≥0.9
MLDB-000492,SMILES,0.8741721854304636,True,0.0819582815923236,0.7–0.9
MLDB-000496,SMILES,0.7683397683397684,True,1.783436017051221,0.7–0.9
MLDB-000531,SMILES,0.8954545454545455,True,0.4832513609788934,0.7–0.9
MLDB-000542,SMILES,0.717391304347826,True,1.6992236581220437,0.7–0.9
MLDB-000625,SMILES,0.890625,True,0.4647288301660097,0.7–0.9
MLDB-000630,SMILES,0.5084745762711864,True,0.3361972071254999,0.5–0.7
MLDB-000635,SMILES,0.8712871287128713,True,0.6021818324841945,0.7–0.9
MLDB-000637,SMILES,0.9523809523809523,True,0.0891765302386573,≥0.9
MLDB-000642,SMILES,0.7532467532467533,True,3.4789978546371305,0.7–0.9
MLDB-000645,SMILES,0.9397590361445783,True,0.3009043254014628,≥0.9
MLDB-000674,SMILES,0.8388888888888889,True,0.86593861568195,0.7–0.9
MLDB-000677,SMILES,0.849624060150376,True,1.2568749248763065,0.7–0.9
MLDB-000679,SMILES,0.9107142857142857,True,0.11829136999247,≥0.9
MLDB-000681,SMILES,0.7987012987012987,True,0.3068212267650461,0.7–0.9
MLDB-000689,SMILES,0.7209302325581395,True,1.230677109000766,0.7–0.9
MLDB-000695,SMILES,0.7533333333333333,True,0.6841333768054282,0.7–0.9
MLDB-000708,SMILES,0.7419354838709677,True,0.1418141127039582,0.7–0.9
MLDB-000716,SMILES,0.7350993377483444,True,0.8519986843225269,0.7–0.9
MLDB-000717,SMILES,0.7350993377483444,True,0.2289368319332894,0.7–0.9
MLDB-000726,SMILES,0.8631578947368421,True,0.3920913445660094,0.7–0.9
MLDB-000727,SMILES,0.8125,True,0.4586592135028643,0.7–0.9
MLDB-000739,SMILES,0.8341013824884793,True,0.6870766626836893,0.7–0.9
MLDB-000775,SMILES,0.9775280898876404,True,0.8047793306836645,≥0.9
MLDB-000783,SMILES,0.7222222222222222,True,0.7808219669775947,0.7–0.9
MLDB-000794,SMILES,0.8192771084337349,True,0.0161915096593008,0.7–0.9
MLDB-000795,SMILES,0.7014925373134329,True,1.708916562604078,0.7–0.9
MLDB-000804,SMILES,0.8,True,0.5820630569238188,0.7–0.9
MLDB-000827,SMILES,0.7794117647058824,True,0.3834633470928174,0.7–0.9
MLDB-000833,SMILES,0.7583333333333333,True,0.3003930596300721,0.7–0.9
MLDB-000846,SMILES,0.8487394957983193,True,0.344187843238305,0.7–0.9
MLDB-000851,SMILES,0.32,False,0.3464843544836442,0.3–0.5
MLDB-000863,SMILES,0.6395348837209303,True,0.367438521139148,0.5–0.7
MLDB-000871,SMILES,0.6140350877192983,True,0.6728763075218875,0.5–0.7
MLDB-000907,SMILES,0.85,True,0.1138384809600308,0.7–0.9
MLDB-000922,SMILES,0.6764705882352942,False,0.0641032752100843,0.5–0.7
MLDB-000925,SMILES,0.7945205479452054,True,1.1935588358416194,0.7–0.9
MLDB-000927,SMILES,0.7897727272727273,True,0.2842635985244774,0.7–0.9
MLDB-000944,SMILES,0.8857142857142857,True,0.0922833033744071,0.7–0.9
MLDB-000948,SMILES,0.5142857142857142,True,0.2528400703957271,0.5–0.7
MLDB-000963,SMILES,0.92,True,0.1644256032546993,≥0.9
MLDB-000985,SMILES,0.5950413223140496,True,0.9695109318700066,0.5–0.7
MLDB-000989,SMILES,0.6176470588235294,True,0.739149512810965,0.5–0.7
MLDB-001006,SMILES,0.7094594594594594,True,0.3997539591032035,0.7–0.9
MLDB-001013,SMILES,0.676829268292683,False,0.1389485681174885,0.5–0.7
MLDB-001016,SMILES,0.8450704225352113,True,0.0070584445512262,0.7–0.9
MLDB-001018,SMILES,0.7894736842105263,True,0.5919247709633335,0.7–0.9
MLDB-001022,SMILES,0.85,True,0.395081816472314,0.7–0.9
MLDB-001076,SMILES,0.9743589743589743,True,0.4244113506631132,≥0.9
MLDB-001083,SMILES,0.75,True,0.2022093120629744,0.7–0.9
MLDB-001093,SMILES,0.8256880733944955,True,0.2709560468217479,0.7–0.9
MLDB-001111,SMILES,0.8256880733944955,True,0.6701253642135006,0.7–0.9
MLDB-001113,SMILES,0.8689655172413793,True,1.004742584834369,0.7–0.9
MLDB-001114,SMILES,0.8741721854304636,True,1.320355137542642,0.7–0.9
MLDB-001115,SMILES,0.8773584905660378,True,0.0803330232298427,0.7–0.9
MLDB-001127,SMILES,0.8469387755102041,True,0.3399896603509085,0.7–0.9
MLDB-001128,SMILES,0.8076923076923077,True,0.5206693201558732,0.7–0.9
MLDB-001156,SMILES,0.9226190476190477,True,0.0604180397398135,≥0.9
MLDB-001190,SMILES,0.8455882352941176,True,0.1946382617265945,0.7–0.9
MLDB-001194,SMILES,0.8333333333333334,True,0.3631631356850728,0.7–0.9
MLDB-001205,SMILES,0.7567567567567568,True,0.6065438938432015,0.7–0.9
MLDB-001213,SMILES,0.8412698412698413,True,0.4988047716181154,0.7–0.9
MLDB-001214,SMILES,0.8484848484848485,True,0.0708172109196577,0.7–0.9
MLDB-001221,SMILES,0.8783783783783784,True,0.3516195150666574,0.7–0.9
MLDB-001226,SMILES,0.8571428571428571,True,0.1645645134733759,0.7–0.9
MLDB-001234,SMILES,0.5714285714285714,True,0.3651688776745008,0.5–0.7
MLDB-001235,SMILES,0.7169811320754716,True,0.1464836574227642,0.7–0.9
MLDB-001242,SMILES,0.8105263157894737,True,1.220428460234538,0.7–0.9
MLDB-001257,SMILES,0.7292576419213974,True,0.2743073685181507,0.7–0.9
MLDB-001258,SMILES,0.7395833333333334,True,0.5392329140812231,0.7–0.9
MLDB-001261,SMILES,0.7395833333333334,True,0.6814340796357304,0.7–0.9
MLDB-001264,SMILES,0.7395833333333334,True,0.5146260085058001,0.7–0.9
MLDB-001281,SMILES,0.7933884297520661,True,0.3352807575271174,0.7–0.9
MLDB-001297,SMILES,0.6832298136645962,True,0.225805713577146,0.5–0.7
MLDB-001311,SMILES,0.8636363636363636,True,0.1843714997288762,0.7–0.9
MLDB-001321,SMILES,0.834319526627219,True,0.1320371336694172,0.7–0.9
MLDB-001348,SMILES,0.9029850746268657,True,0.0355701180627222,≥0.9
MLDB-001368,SMILES,0.7142857142857143,True,0.2175666340801046,0.7–0.9
MLDB-001375,SMILES,0.8938053097345132,True,0.2480671374252058,0.7–0.9
MLDB-001390,SMILES,0.9882352941176471,True,0.3015722842118258,≥0.9
MLDB-001400,SMILES,0.7560975609756098,True,1.0472513024756918,0.7–0.9
MLDB-001412,SMILES,0.8544303797468354,True,0.7126451635506885,0.7–0.9
MLDB-001414,SMILES,0.8354430379746836,True,1.1027574953669042,0.7–0.9
MLDB-001423,SMILES,0.9230769230769231,True,0.1358498655108486,≥0.9
MLDB-001426,SMILES,0.7666666666666667,True,0.025899180110928,0.7–0.9
MLDB-001452,SMILES,0.6304347826086957,True,2.289781378020049,0.5–0.7
MLDB-001457,SMILES,0.9668874172185431,True,0.1505242638615185,≥0.9
MLDB-001464,SMILES,1.0,True,0.0612836933211378,≥0.9
MLDB-001466,SMILES,1.0,True,0.031283693321138,≥0.9
MLDB-001467,SMILES,0.6631578947368421,True,0.0618576017116456,0.5–0.7
MLDB-001474,SMILES,1.0,True,0.6137179832056159,≥0.9
MLDB-001481,SMILES,0.8129496402877698,True,0.2201668400066068,0.7–0.9
MLDB-001485,SMILES,1.0,True,0.5454924980486633,≥0.9
MLDB-001488,SMILES,1.0,True,0.3748642896737835,≥0.9
MLDB-001495,SMILES,0.6145833333333334,True,1.6789491782414152,0.5–0.7
MLDB-001507,SMILES,0.9631901840490797,True,0.4532388160141538,≥0.9
MLDB-001514,SMILES,0.6388888888888888,True,0.1032078336720825,0.5–0.7
MLDB-001533,SMILES,0.8783783783783784,True,1.5716502633622929,0.7–0.9
MLDB-001555,SMILES,0.8888888888888888,True,0.2402711677951824,0.7–0.9
MLDB-001570,SMILES,0.9416666666666667,True,0.1123794974739806,≥0.9
MLDB-001584,SMILES,0.8596491228070176,True,0.3499404555697927,0.7–0.9
MLDB-001590,SMILES,0.9813084112149533,True,0.1369918790014981,≥0.9
MLDB-001592,SMILES,0.9243697478991597,True,0.0686264339947682,≥0.9
MLDB-001610,SMILES,0.7795275590551181,True,0.3382721269296145,0.7–0.9
MLDB-001612,SMILES,0.7300613496932515,True,0.3437701845720745,0.7–0.9
MLDB-001613,SMILES,0.782051282051282,True,0.760650197597547,0.7–0.9
MLDB-001615,SMILES,0.7213114754098361,True,0.662101538029827,0.7–0.9
MLDB-001617,SMILES,0.671875,True,0.1486693001623915,0.5–0.7
MLDB-001628,SMILES,0.873015873015873,True,0.8237324250651388,0.7–0.9
MLDB-001631,SMILES,0.9032258064516129,True,0.4645228519352775,≥0.9
MLDB-001639,SMILES,0.8873239436619719,True,0.1957433054181651,0.7–0.9
MLDB-001650,SMILES,0.5510204081632653,True,1.1219159634331088,0.5–0.7
MLDB-001673,SMILES,0.8238341968911918,True,0.341528441371312,0.7–0.9
MLDB-001674,SMILES,0.8238341968911918,True,0.2591015086485195,0.7–0.9
MLDB-001680,SMILES,0.8129496402877698,True,0.6801668400066068,0.7–0.9
MLDB-001699,SMILES,0.8518518518518519,True,1.7453476017333551,0.7–0.9
MLDB-001723,SMILES,0.9753086419753086,True,0.0454627209845623,≥0.9
MLDB-001725,SMILES,0.8170731707317073,True,0.9306685640058988,0.7–0.9
MLDB-001736,SMILES,0.7912087912087912,True,0.0186901072080164,0.7–0.9
MLDB-001750,SMILES,0.896774193548387,True,0.369855746363509,0.7–0.9
MLDB-001751,SMILES,0.896774193548387,True,0.5687894690393407,0.7–0.9
MLDB-001758,SMILES,0.8726114649681529,True,0.1032136441611653,0.7–0.9
MLDB-001759,SMILES,0.8726114649681529,True,0.3501652238283792,0.7–0.9
MLDB-001760,SMILES,0.8709677419354839,True,0.4389806823032701,0.7–0.9
MLDB-001761,SMILES,0.8709677419354839,True,0.185622871236875,0.7–0.9
MLDB-001768,SMILES,0.8414634146341463,True,0.4210378882459178,0.7–0.9
MLDB-001769,SMILES,0.8414634146341463,True,0.0977276713312467,0.7–0.9
MLDB-001774,SMILES,0.9,True,0.3832513359136291,≥0.9
MLDB-001783,SMILES,0.8617021276595744,True,1.3954863827271602,0.7–0.9
MLDB-001785,SMILES,0.5151515151515151,True,0.3091937230416262,0.5–0.7
MLDB-001794,SMILES,0.639344262295082,True,0.1764010807649831,0.5–0.7
MLDB-001809,SMILES,0.8544303797468354,True,0.3226451635506884,0.7–0.9
MLDB-001815,SMILES,0.6222222222222222,True,0.6327747855028929,0.5–0.7
MLDB-001818,SMILES,1.0,True,0.1095879361367619,≥0.9
MLDB-001819,SMILES,1.0,True,0.4481477375970221,≥0.9
MLDB-001826,SMILES,0.9,True,0.3894914397497186,≥0.9
MLDB-001828,SMILES,0.8870056497175142,True,0.8042998964868292,0.7–0.9
MLDB-001839,SMILES,0.5068493150684932,True,1.0736533730360538,0.5–0.7
MLDB-001841,SMILES,0.6666666666666666,True,0.0238814890358332,0.5–0.7
MLDB-001847,SMILES,0.8571428571428571,True,0.2946042826845907,0.7–0.9
MLDB-001857,SMILES,0.8333333333333334,True,0.0289679587869558,0.7–0.9
MLDB-001859,SMILES,0.7608695652173914,True,0.4602158406141924,0.7–0.9
MLDB-001870,SMILES,0.4577777777777778,True,0.2092975522326826,0.3–0.5
MLDB-001873,SMILES,0.9158878504672897,True,0.0437469362240643,≥0.9
MLDB-001885,SMILES,0.6097560975609756,True,0.0210751554315461,0.5–0.7
MLDB-001922,SMILES,0.8264462809917356,True,0.6483782259437934,0.7–0.9
MLDB-001925,SMILES,0.6666666666666666,True,0.113289400934549,0.5–0.7
MLDB-001936,SMILES,0.7094017094017094,True,0.4433188042983977,0.7–0.9
MLDB-001943,SMILES,0.7887323943661971,True,0.0238764310076087,0.7–0.9
MLDB-001953,SMILES,0.9473684210526315,True,0.2513893719725804,≥0.9
MLDB-001971,SMILES,0.8426966292134831,True,1.4656633706909354,0.7–0.9
MLDB-001975,SMILES,0.8461538461538461,True,0.3433469787449903,0.7–0.9
MLDB-001978,SMILES,0.8461538461538461,True,1.2466530212550098,0.7–0.9
MLDB-001984,SMILES,0.9050632911392406,True,1.066020507024413,≥0.9
MLDB-001989,SMILES,0.7692307692307693,True,1.176897123351059,0.7–0.9
MLDB-002011,SMILES,0.8533333333333334,True,0.0740725047978103,0.7–0.9
MLDB-002032,SMILES,0.5555555555555556,False,0.6359688417783809,0.5–0.7
MLDB-002060,SMILES,0.927710843373494,True,0.0799016405963679,≥0.9
MLDB-002064,SMILES,0.927710843373494,True,0.5344569920203779,≥0.9
MLDB-002071,SMILES,0.5555555555555556,True,0.3131741629965134,0.5–0.7
MLDB-002093,SMILES,0.5080645161290323,True,0.2869130977697222,0.5–0.7
MLDB-002103,SMILES,0.9239130434782609,True,0.1616369649226179,≥0.9
MLDB-002109,SMILES,0.425531914893617,True,0.4374445282583799,0.3–0.5
MLDB-002122,SMILES,0.7542372881355932,True,0.5852962712766734,0.7–0.9
MLDB-002132,SMILES,0.967741935483871,True,0.2060385782897412,≥0.9
MLDB-002137,SMILES,0.8301886792452831,True,0.0003861342288953,0.7–0.9
MLDB-002158,SMILES,0.6206896551724138,True,0.3390381927804592,0.5–0.7
MLDB-002174,SMILES,1.0,True,0.0577618217093152,≥0.9
MLDB-002181,SMILES,0.36585365853658536,False,0.98191879161645,0.3–0.5
MLDB-002216,SMILES,0.8857142857142857,True,0.5490014095634702,0.7–0.9
MLDB-002242,SMILES,0.8131868131868132,True,0.7562362945870967,0.7–0.9
MLDB-002261,SMILES,0.7804878048780488,True,0.1639975310067007,0.7–0.9
MLDB-002263,SMILES,0.82,True,0.2221195492799517,0.7–0.9
MLDB-002280,SMILES,0.8984375,True,0.7020723559289074,0.7–0.9
MLDB-002337,SMILES,0.53125,False,1.4143272898391432,0.5–0.7
MLDB-002348,SMILES,0.49230769230769234,True,0.2993148529129114,0.3–0.5
MLDB-002351,SMILES,0.7733333333333333,True,0.1510999201526169,0.7–0.9
MLDB-002376,SMILES,0.7468354430379747,True,0.3312850148819152,0.7–0.9
MLDB-002392,SMILES,0.44761904761904764,False,0.3203170338038726,0.3–0.5
MLDB-002393,SMILES,0.44761904761904764,False,2.2373481827966004,0.3–0.5
MLDB-002394,SMILES,0.44761904761904764,False,0.4096518172033996,0.3–0.5
MLDB-002407,SMILES,0.7049180327868853,True,0.302883975014854,0.7–0.9
MLDB-002430,SMILES,0.8320610687022901,True,0.2752703453791528,0.7–0.9
MLDB-002436,SMILES,0.8130081300813008,True,0.251331949477364,0.7–0.9
MLDB-002440,SMILES,0.6333333333333333,False,0.6808579991981343,0.5–0.7
MLDB-002452,SMILES,0.7613636363636364,True,0.1058649705453713,0.7–0.9
MLDB-002455,SMILES,0.30158730158730157,False,0.9171785911923712,0.3–0.5
MLDB-002456,SMILES,0.30158730158730157,False,0.710854211231223,0.3–0.5
MLDB-002460,SMILES,0.8524590163934426,True,0.7421943251167674,0.7–0.9
MLDB-002473,SMILES,0.9196787148594378,True,0.0911563500049228,≥0.9
MLDB-002485,SMILES,1.0,True,0.6654463304077689,≥0.9
MLDB-002488,SMILES,0.9942196531791907,True,0.0725557710937934,≥0.9
MLDB-002492,SMILES,0.6666666666666666,True,0.3307927868940037,0.5–0.7
MLDB-002507,SMILES,0.98,True,0.2826488484995793,≥0.9
MLDB-002519,SMILES,0.7464788732394366,True,0.9247985419419228,0.7–0.9
MLDB-002532,SMILES,0.6438356164383562,True,0.6081294889465636,0.5–0.7
MLDB-002565,SMILES,0.9871794871794872,True,0.6302512391988477,≥0.9
MLDB-002569,SMILES,0.4418604651162791,False,0.4743325142816488,0.3–0.5
MLDB-002590,SMILES,0.49056603773584906,True,0.7929459676109546,0.3–0.5
MLDB-002595,SMILES,0.8229166666666666,True,0.8041121694217593,0.7–0.9
MLDB-002613,SMILES,0.8202247191011236,True,0.0607151260573826,0.7–0.9
MLDB-002621,SMILES,0.9090909090909091,True,0.6617858434559556,≥0.9
MLDB-002642,SMILES,0.828125,True,0.0775605989565449,0.7–0.9
MLDB-002662,SMILES,0.788235294117647,True,0.596225844917046,0.7–0.9
MLDB-002687,SMILES,0.8484848484848485,True,0.1734053692976163,0.7–0.9
MLDB-002700,SMILES,0.8152173913043478,True,0.9852469849130174,0.7–0.9
MLDB-002720,SMILES,0.5913978494623656,False,0.1672282652400609,0.5–0.7
MLDB-002747,SMILES,0.8309859154929577,True,0.0740928578834374,0.7–0.9
MLDB-002754,SMILES,0.5510204081632653,True,0.6013113145332933,0.5–0.7
MLDB-002785,SMILES,0.7424242424242424,True,0.6870432567227924,0.7–0.9
MLDB-002798,SMILES,0.7746478873239436,True,0.5514059925029214,0.7–0.9
MLDB-002816,SMILES,0.6728110599078341,True,0.1928327131837,0.5–0.7
MLDB-002824,SMILES,0.34,True,0.7497204085584968,0.3–0.5
MLDB-002826,SMILES,0.865979381443299,True,0.1356905663526343,0.7–0.9
MLDB-002834,SMILES,0.8285714285714286,True,0.5045620836345532,0.7–0.9
MLDB-002839,SMILES,0.2936170212765957,True,0.497274578210384,<0.3
MLDB-002841,SMILES,0.42424242424242425,True,1.1643254890214243,0.3–0.5
MLDB-002856,SMILES,0.7705882352941177,False,1.4321428350328276,0.7–0.9
MLDB-002873,SMILES,0.8541666666666666,True,0.3830731699305505,0.7–0.9
MLDB-002880,SMILES,0.9019607843137255,True,0.1581822058217269,≥0.9
MLDB-002883,SMILES,0.5957446808510638,True,1.3648477492032425,0.5–0.7
MLDB-002895,SMILES,0.574468085106383,True,0.0351930136833554,0.5–0.7
MLDB-002896,SMILES,0.574468085106383,True,0.2426914609602026,0.5–0.7
MLDB-002926,SMILES,0.8877551020408163,True,0.7261544120042616,0.7–0.9
MLDB-002944,SMILES,0.88,True,0.0700282337168615,0.7–0.9
MLDB-002966,SMILES,0.9591836734693877,True,0.8343318501622206,≥0.9
MLDB-002972,SMILES,0.8028169014084507,True,0.3942818478740413,0.7–0.9
MLDB-002987,SMILES,0.7701149425287356,True,0.483119259616166,0.7–0.9
MLDB-003005,SMILES,0.6206896551724138,True,0.4880807454882944,0.5–0.7
MLDB-003015,SMILES,0.5277777777777778,True,0.3376959699215072,0.5–0.7
MLDB-003016,SMILES,0.4392523364485981,True,1.0992958059509734,0.3–0.5
MLDB-003024,SMILES,0.9651741293532339,True,0.0170980641499145,≥0.9
MLDB-003034,SMILES,0.72,True,0.7423205186863688,0.7–0.9
MLDB-003045,SMILES,0.7934782608695652,True,0.4451713955120135,0.7–0.9
MLDB-003058,SMILES,0.8064516129032258,True,0.346032439054625,0.7–0.9
MLDB-003062,SMILES,0.6101694915254238,True,0.7812056231418376,0.5–0.7
MLDB-003063,SMILES,0.7894736842105263,True,0.1371508262518985,0.7–0.9
MLDB-003066,SMILES,0.7894736842105263,True,0.4059032983146521,0.7–0.9
MLDB-003068,SMILES,0.5333333333333333,True,0.5231486054798229,0.5–0.7
MLDB-003069,SMILES,0.5897435897435898,True,0.433264851115975,0.5–0.7
MLDB-003111,SMILES,0.7538461538461538,True,0.289146408674231,0.7–0.9
MLDB-003123,SMILES,0.6736842105263158,True,0.2718612456890197,0.5–0.7
MLDB-003163,SMILES,0.7403846153846154,True,0.2796876807548303,0.7–0.9
MLDB-003171,SMILES,0.6170212765957447,True,1.4775326723189302,0.5–0.7
MLDB-003184,SMILES,0.5,True,1.09132557305101,0.5–0.7
MLDB-003193,SMILES,0.8787878787878788,True,0.3549574052132406,0.7–0.9
MLDB-003202,SMILES,0.675,True,0.3240184213604783,0.5–0.7
MLDB-003227,SMILES,0.6173913043478261,False,0.7272527731214659,0.5–0.7
MLDB-003244,SMILES,0.765625,True,0.067742632607412,0.7–0.9
MLDB-003255,SMILES,0.9384615384615385,True,0.134345114804527,≥0.9
MLDB-003260,SMILES,0.8469387755102041,True,0.0122308288890344,0.7–0.9
MLDB-003267,SMILES,0.7052631578947368,True,0.5246686476753558,0.7–0.9
MLDB-003269,SMILES,0.6526315789473685,True,0.4390298881043906,0.5–0.7
MLDB-003270,SMILES,0.7127659574468085,True,0.1353473702975104,0.7–0.9
MLDB-003278,SMILES,0.7,True,0.1187697248430687,0.7–0.9
MLDB-003290,SMILES,0.7154471544715447,True,0.0722461142360777,0.7–0.9
MLDB-003298,SMILES,0.813953488372093,True,0.0306043390502259,0.7–0.9
MLDB-003306,SMILES,0.9166666666666666,True,0.2951917837080002,≥0.9
MLDB-003320,SMILES,0.8461538461538461,True,0.2500866233768503,0.7–0.9
MLDB-003322,SMILES,0.5321100917431193,True,0.146948477692542,0.5–0.7
MLDB-003323,SMILES,0.8193548387096774,True,0.4357694387841652,0.7–0.9
MLDB-003325,SMILES,0.6011904761904762,True,0.1226213840434551,0.5–0.7
MLDB-003334,SMILES,0.8378378378378378,True,0.1811287406269387,0.7–0.9
MLDB-003368,SMILES,0.8461538461538461,True,0.0406620134174536,0.7–0.9
MLDB-003376,SMILES,0.849624060150376,True,0.0447169173064554,0.7–0.9
MLDB-003381,SMILES,0.8675496688741722,True,0.3224458723154808,0.7–0.9
MLDB-003385,SMILES,0.375,True,1.224293427383925,0.3–0.5
MLDB-003390,SMILES,0.8131868131868132,True,0.1827327498514943,0.7–0.9
MLDB-003418,SMILES,0.89,True,0.3297681864099762,0.7–0.9
MLDB-003419,SMILES,0.8615384615384616,True,0.2007230504825825,0.7–0.9
MLDB-003427,SMILES,0.8571428571428571,True,0.3001650803631916,0.7–0.9
MLDB-003431,SMILES,0.9746835443037974,True,0.189642802701612,≥0.9
MLDB-003438,SMILES,0.5909090909090909,True,0.6637085202171809,0.5–0.7
MLDB-003443,SMILES,0.926829268292683,True,0.0532805797507481,≥0.9
MLDB-003458,SMILES,0.8672566371681416,True,0.5867379738087705,0.7–0.9
MLDB-003463,SMILES,0.5487804878048781,True,0.9249270542729926,0.5–0.7
MLDB-003482,SMILES,0.8838174273858921,True,0.0467179952485732,0.7–0.9
MLDB-003496,SMILES,0.8928571428571429,True,0.1260200331216127,0.7–0.9
MLDB-003520,SMILES,0.9706840390879479,True,0.2097887799300652,≥0.9
MLDB-003527,SMILES,0.8067226890756303,True,0.2555956016723792,0.7–0.9
MLDB-003533,SMILES,0.8297872340425532,True,0.054081317860082,0.7–0.9
MLDB-003537,SMILES,0.8884120171673819,True,0.6775050133991205,0.7–0.9
MLDB-003545,SMILES,0.9117647058823529,True,0.1251045122553388,≥0.9
MLDB-003577,SMILES,0.7674418604651163,True,0.7111227916342789,0.7–0.9
MLDB-003582,SMILES,0.5333333333333333,True,2.1143542466066574,0.5–0.7
MLDB-003583,SMILES,0.38095238095238093,True,1.4578505900101555,0.3–0.5
MLDB-003592,SMILES,0.8086124401913876,True,0.4743434366364204,0.7–0.9
MLDB-003619,SMILES,0.9803921568627451,True,1.1301352320399272,≥0.9
MLDB-003623,SMILES,0.8947368421052632,True,1.1158561256638944,0.7–0.9
MLDB-003637,SMILES,0.9154228855721394,True,0.0189928531129912,≥0.9
MLDB-003638,SMILES,0.9384615384615385,True,0.3303125937528247,≥0.9
MLDB-003644,SMILES,0.7398373983739838,True,0.7574275643752124,0.7–0.9
MLDB-003650,SMILES,0.8787878787878788,True,0.7430765074782955,0.7–0.9
MLDB-003659,SMILES,0.7325581395348837,True,0.34862136240557,0.7–0.9
MLDB-003663,SMILES,0.6706586826347305,True,0.2571091586181401,0.5–0.7
MLDB-003670,SMILES,0.8392857142857143,True,0.3400187229917366,0.7–0.9
MLDB-003697,SMILES,0.8105263157894737,True,0.096199493255299,0.7–0.9
MLDB-003698,SMILES,0.9120879120879121,True,0.2927127620270806,≥0.9
MLDB-003706,SMILES,0.8105263157894737,True,0.2813982425443796,0.7–0.9
MLDB-003711,SMILES,0.9120879120879121,True,0.0135294056406536,≥0.9
MLDB-003719,SMILES,0.5737704918032787,True,0.9939251565588648,0.5–0.7
MLDB-003721,SMILES,0.5737704918032787,True,0.8261195963640617,0.5–0.7
MLDB-003723,SMILES,0.5737704918032787,True,0.6928125776985393,0.5–0.7
MLDB-003731,SMILES,0.847457627118644,True,0.283512562728452,0.7–0.9
MLDB-003766,SMILES,0.9867549668874173,True,0.5788647171877942,≥0.9
MLDB-003778,SMILES,0.7899159663865546,True,0.1864109542396269,0.7–0.9
MLDB-003779,SMILES,0.7899159663865546,True,0.4758863647052451,0.7–0.9
MLDB-003780,SMILES,0.7899159663865546,True,0.8102761053057561,0.7–0.9
MLDB-003790,SMILES,0.7777777777777778,True,0.0910251327512157,0.7–0.9
MLDB-003816,SMILES,0.8770949720670391,True,0.3024459099839385,0.7–0.9
MLDB-003817,SMILES,0.8488372093023255,True,0.0840194897836829,0.7–0.9
MLDB-003831,SMILES,0.9144736842105263,True,0.4707421135558527,≥0.9
MLDB-003834,SMILES,0.7777777777777778,True,0.934782764034876,0.7–0.9
MLDB-003838,SMILES,0.7017543859649122,True,0.2384277353027994,0.7–0.9
MLDB-003852,SMILES,0.8756756756756757,True,0.5023192002085559,0.7–0.9
MLDB-003866,SMILES,0.7671232876712328,True,0.6163799317938525,0.7–0.9
MLDB-003879,SMILES,0.7213114754098361,True,0.5349699343546351,0.7–0.9
MLDB-003880,SMILES,0.8888888888888888,True,0.4682711677951825,0.7–0.9
MLDB-003884,SMILES,0.7213114754098361,True,1.2643929426256135,0.7–0.9
MLDB-003885,SMILES,0.8888888888888888,True,0.4092625624015215,0.7–0.9
MLDB-003892,SMILES,0.926829268292683,True,0.0029868677144207,≥0.9
MLDB-003909,SMILES,0.8513513513513513,True,0.1588788759502529,0.7–0.9
MLDB-003917,SMILES,0.8351648351648352,True,0.7835004247216272,0.7–0.9
MLDB-003935,SMILES,0.8482758620689655,True,0.6120110788229742,0.7–0.9
MLDB-003945,SMILES,0.945054945054945,True,0.2332322066848511,≥0.9
MLDB-003946,SMILES,0.945054945054945,True,0.2227330150901625,≥0.9
MLDB-003947,SMILES,0.945054945054945,True,0.3639343004342996,≥0.9
MLDB-003956,SMILES,0.7096774193548387,True,0.3536523005159808,0.7–0.9
MLDB-003968,SMILES,0.6615776081424937,True,0.3320584776206355,0.5–0.7
MLDB-003969,SMILES,0.8701298701298701,True,0.9128749870560784,0.7–0.9
MLDB-003987,SMILES,0.616,True,1.463607113232643,0.5–0.7
MLDB-003990,SMILES,0.616,True,0.4287022141572496,0.5–0.7
MLDB-003991,SMILES,0.7448979591836735,False,1.8336528585889345,0.7–0.9
MLDB-003992,SMILES,0.732484076433121,False,0.2584302213945764,0.7–0.9
MLDB-004015,SMILES,0.7361111111111112,True,0.4370950892876162,0.7–0.9
MLDB-004016,SMILES,0.8142857142857143,True,0.5609508099053544,0.7–0.9
MLDB-004045,SMILES,0.8762886597938144,True,0.0713625377686948,0.7–0.9
MLDB-004056,SMILES,0.7033898305084746,True,0.1378326731067807,0.7–0.9
MLDB-004065,SMILES,0.6557377049180327,True,0.2827517633694232,0.5–0.7
MLDB-004073,SMILES,0.7426900584795322,True,0.2611014180296487,0.7–0.9
MLDB-004079,SMILES,0.781021897810219,True,0.771174920455282,0.7–0.9
MLDB-004088,SMILES,1.0,True,0.0239890367966381,≥0.9
MLDB-004089,SMILES,1.0,True,0.1539890367966381,≥0.9
MLDB-004096,SMILES,0.8285714285714286,True,0.0347393863330542,0.7–0.9
MLDB-004100,SMILES,0.9733333333333334,True,0.0740673169497646,≥0.9
MLDB-004109,SMILES,0.6347826086956522,False,0.5585066308613622,0.5–0.7
MLDB-004119,SMILES,0.8113207547169812,True,0.3153338860979189,0.7–0.9
MLDB-004120,SMILES,0.8701298701298701,True,1.131661863730101,0.7–0.9
MLDB-004121,SMILES,0.8355263157894737,True,0.5614007901892355,0.7–0.9
MLDB-004132,SMILES,0.7142857142857143,True,0.2871341652204166,0.7–0.9
MLDB-004141,SMILES,0.9161073825503355,True,0.92603244169511,≥0.9
MLDB-004158,SMILES,0.9090909090909091,True,0.3135972982727362,≥0.9
MLDB-004182,SMILES,0.8636363636363636,True,1.2315448711864,0.7–0.9
MLDB-004187,SMILES,0.8514851485148515,True,2.437516016947715,0.7–0.9
MLDB-004191,SMILES,0.49019607843137253,False,2.8643613957820406,0.3–0.5
MLDB-004197,SMILES,0.6974789915966386,True,1.0899104406211144,0.5–0.7
MLDB-004199,SMILES,0.7848101265822784,True,0.6189104038732163,0.7–0.9
MLDB-004238,SMILES,0.6271186440677966,True,2.1727122769955916,0.5–0.7
MLDB-004242,SMILES,0.3761467889908257,True,0.5173573675674698,0.3–0.5
MLDB-004254,SMILES,0.9622641509433962,True,0.4944742200503753,≥0.9
MLDB-004266,SMILES,0.8333333333333334,True,0.2531377582089495,0.7–0.9
MLDB-004273,SMILES,0.8382352941176471,True,0.1354603906883263,0.7–0.9
MLDB-004291,SMILES,0.45454545454545453,True,0.9764265849204996,0.3–0.5
MLDB-004326,SMILES,0.8736842105263158,True,0.1829395083218737,0.7–0.9
MLDB-004338,SMILES,0.9797979797979798,True,0.2853198040860698,≥0.9
MLDB-004349,SMILES,0.88,True,0.0274432688297904,0.7–0.9
MLDB-004362,SMILES,0.39655172413793105,True,0.672498012323699,0.3–0.5
MLDB-004371,SMILES,0.9551282051282052,True,0.5717026086826946,≥0.9
MLDB-004375,SMILES,0.5555555555555556,True,0.8500011049366261,0.5–0.7
MLDB-004393,SMILES,0.7297297297297297,True,0.8229628893347518,0.7–0.9
MLDB-004395,SMILES,0.7209302325581395,True,0.3066219069024726,0.7–0.9
MLDB-004404,SMILES,0.9230769230769231,True,0.3111882761157475,≥0.9
MLDB-004412,SMILES,0.8666666666666667,True,0.137121844660359,0.7–0.9
MLDB-004413,SMILES,0.8571428571428571,True,0.1104915396983132,0.7–0.9
MLDB-004426,SMILES,0.5342465753424658,True,0.1409148880190258,0.5–0.7
MLDB-004435,SMILES,0.6453900709219859,True,0.3282712946355495,0.5–0.7
MLDB-004449,SMILES,0.7946428571428571,True,0.2008559106414682,0.7–0.9
MLDB-004490,SMILES,0.8016528925619835,True,0.9737397779150408,0.7–0.9
MLDB-004497,SMILES,0.9384615384615385,True,0.6840136716853805,≥0.9
MLDB-004503,SMILES,0.7542372881355932,True,0.2706106217540516,0.7–0.9
MLDB-004504,SMILES,0.7542372881355932,True,1.500631624615037,0.7–0.9
MLDB-004509,SMILES,0.7,True,0.1764029247726173,0.7–0.9
MLDB-004516,SMILES,0.8561151079136691,True,0.1427494830400151,0.7–0.9
MLDB-004527,SMILES,0.38666666666666666,False,0.0652191464591553,0.3–0.5
MLDB-004528,SMILES,0.38666666666666666,False,0.0281462289534639,0.3–0.5
MLDB-004529,SMILES,0.38666666666666666,False,0.0954524844937705,0.3–0.5
MLDB-004530,SMILES,0.38666666666666666,False,0.1446232921072971,0.3–0.5
MLDB-004558,SMILES,0.676923076923077,True,0.6352614098269629,0.5–0.7
MLDB-004580,SMILES,0.6,True,0.205082608530521,0.5–0.7
MLDB-004584,SMILES,0.8790322580645161,True,0.1572373228254375,0.7–0.9
MLDB-004588,SMILES,0.7965116279069767,True,0.7747819732060339,0.7–0.9
MLDB-004593,SMILES,0.9315068493150684,True,0.8631629105947081,≥0.9
MLDB-004599,SMILES,0.6966292134831461,True,0.8005756003382408,0.5–0.7
MLDB-004615,SMILES,0.8192771084337349,True,0.0093087516726634,0.7–0.9
MLDB-004616,SMILES,0.8192771084337349,True,0.4906912483273367,0.7–0.9
MLDB-004617,SMILES,0.8192771084337349,True,0.5306912483273367,0.7–0.9
MLDB-004618,SMILES,0.8192771084337349,True,0.2661915096593008,0.7–0.9
MLDB-004619,SMILES,0.8192771084337349,True,0.436191509659301,0.7–0.9
MLDB-004620,SMILES,0.8192771084337349,True,0.6261915096593009,0.7–0.9
MLDB-004621,SMILES,0.8192771084337349,True,0.916191509659301,0.7–0.9
MLDB-004624,SMILES,0.7272727272727273,True,0.2081688140944442,0.7–0.9
MLDB-004672,SMILES,0.84,True,0.7769942413924105,0.7–0.9
MLDB-004689,SMILES,0.2698412698412698,False,0.4745698108692152,<0.3
MLDB-004690,SMILES,0.2698412698412698,False,0.3176508422102073,<0.3
MLDB-004691,SMILES,0.2698412698412698,False,0.5450945345140894,<0.3
MLDB-004692,SMILES,0.3081081081081081,False,1.8148078538917751,0.3–0.5
MLDB-004693,SMILES,0.3081081081081081,False,1.4433162133920123,0.3–0.5
MLDB-004694,SMILES,0.3081081081081081,False,2.2233360511246407,0.3–0.5
MLDB-004695,SMILES,0.3225806451612903,False,0.4972753402020824,0.3–0.5
MLDB-004696,SMILES,0.8682170542635659,True,0.269896221045893,0.7–0.9
MLDB-004727,SMILES,0.8994974874371859,True,0.2036329446907836,0.7–0.9
MLDB-004741,SMILES,0.8954545454545455,True,0.2585437562365591,0.7–0.9
MLDB-004773,SMILES,0.7818181818181819,True,0.4008894328223862,0.7–0.9
MLDB-004790,SMILES,0.8762886597938144,True,0.9554441895810816,0.7–0.9
MLDB-004794,SMILES,0.7307692307692307,True,0.6084482751246956,0.7–0.9
MLDB-004795,SMILES,0.8536585365853658,True,0.4288312040489735,0.7–0.9
MLDB-004806,SMILES,0.7705882352941177,True,0.6233957005570676,0.7–0.9
MLDB-004814,SMILES,0.5575757575757576,False,0.4822329369745451,0.5–0.7
MLDB-004815,SMILES,0.5575757575757576,False,0.337052097887366,0.5–0.7
MLDB-004825,SMILES,0.96875,True,0.6374011458293702,≥0.9
MLDB-004832,SMILES,0.9101123595505618,True,0.5873351415874724,≥0.9
MLDB-004839,SMILES,1.0,True,0.2343530928257859,≥0.9
MLDB-004886,SMILES,0.6774193548387096,True,0.9413904059167184,0.5–0.7
MLDB-004901,SMILES,0.48588709677419356,True,1.805143800927344,0.3–0.5
MLDB-004902,SMILES,0.48588709677419356,True,1.684575191828877,0.3–0.5
MLDB-004921,SMILES,0.9464285714285714,True,0.467713196037002,≥0.9
MLDB-004927,SMILES,0.9444444444444444,True,0.1593892316104073,≥0.9
MLDB-004932,SMILES,0.5,True,1.3031591283437551,0.5–0.7
MLDB-004936,SMILES,0.7295597484276729,True,0.1666359226587497,0.7–0.9
MLDB-004940,SMILES,0.7419354838709677,True,0.5821516571330415,0.7–0.9
MLDB-004952,SMILES,0.9247311827956989,True,0.213938336503867,≥0.9
MLDB-004960,SMILES,0.810126582278481,True,0.3486051285025185,0.7–0.9
MLDB-004961,SMILES,0.7471264367816092,True,1.283780954580104,0.7–0.9
MLDB-004963,SMILES,0.7777777777777778,True,1.408236538171411,0.7–0.9
MLDB-004967,SMILES,0.9764705882352941,True,0.3888854415873958,≥0.9
MLDB-004982,SMILES,0.6341463414634146,True,0.5165134252852278,0.5–0.7
MLDB-004988,SMILES,0.7058823529411765,True,0.0026834163831824,0.7–0.9
MLDB-004991,SMILES,0.856,True,0.6234561040835789,0.7–0.9
MLDB-005025,SMILES,0.8783783783783784,True,1.0883804849333425,0.7–0.9
MLDB-005026,SMILES,0.8783783783783784,True,0.8206788267032924,0.7–0.9
MLDB-005032,SMILES,0.9723502304147466,True,0.020251782224931,≥0.9
MLDB-005057,SMILES,0.8181818181818182,True,0.4287294236783597,0.7–0.9
MLDB-005073,SMILES,0.6790123456790124,True,0.5954720642577649,0.5–0.7
MLDB-005076,SMILES,0.8588235294117647,True,1.6383351473924042,0.7–0.9
MLDB-005077,SMILES,0.7023809523809523,True,1.9417921437997376,0.7–0.9
MLDB-005078,SMILES,0.6145833333333334,True,1.6167725577041816,0.5–0.7
MLDB-005090,SMILES,0.8165137614678899,True,0.0763003580886492,0.7–0.9
MLDB-005094,SMILES,0.9642857142857143,True,0.1318783863190868,≥0.9
MLDB-005112,SMILES,0.975609756097561,True,0.1852897556287325,≥0.9
MLDB-005119,SMILES,0.6233766233766234,True,1.0013912823169897,0.5–0.7
MLDB-005120,SMILES,0.8031496062992126,True,0.9236007927277864,0.7–0.9
MLDB-005124,SMILES,0.7024793388429752,True,0.3811128173488958,0.7–0.9
MLDB-005135,SMILES,0.7552941176470588,True,0.108689217888664,0.7–0.9
MLDB-005137,SMILES,0.5952380952380952,True,0.1796554973228877,0.5–0.7
MLDB-005140,SMILES,0.575,True,0.2450909276048384,0.5–0.7
MLDB-005148,SMILES,0.73,True,0.09255769844277,0.7–0.9
MLDB-000007,SMILES,1.0,True,0.2616285361494372,≥0.9
MLDB-000018,SMILES,0.6647398843930635,True,0.1987850601110508,0.5–0.7
MLDB-000037,SMILES,0.6774193548387096,True,0.281832095061036,0.5–0.7
MLDB-000047,SMILES,0.625,False,0.8129879815628253,0.5–0.7
MLDB-000049,SMILES,0.7865168539325843,True,0.7483530546370591,0.7–0.9
MLDB-000054,SMILES,0.8414634146341463,True,0.7077474984443171,0.7–0.9
MLDB-000067,SMILES,0.6853146853146853,True,0.5644660326414361,0.5–0.7
MLDB-000080,SMILES,0.9166666666666666,True,0.359386815235904,≥0.9
MLDB-000083,SMILES,0.6526946107784432,True,0.9304187887432532,0.5–0.7
MLDB-000095,SMILES,0.6,True,1.6019868695754913,0.5–0.7
MLDB-000099,SMILES,0.8734177215189873,True,1.849964089949504,0.7–0.9
MLDB-000108,SMILES,0.6081081081081081,True,1.650321399341976,0.5–0.7
MLDB-000124,SMILES,0.7482014388489209,True,0.1793201860627307,0.7–0.9
MLDB-000131,SMILES,0.7471264367816092,True,1.2041025715870863,0.7–0.9
MLDB-000194,SMILES,0.7868852459016393,True,0.0522216559975764,0.7–0.9
MLDB-000198,SMILES,0.7058823529411765,True,0.1810104685768759,0.7–0.9
MLDB-000210,SMILES,0.9619047619047619,True,0.0280809643090665,≥0.9
MLDB-000213,SMILES,0.7297297297297297,True,0.3697539463263415,0.7–0.9
MLDB-000215,SMILES,0.5466666666666666,True,2.3793152853717143,0.5–0.7
MLDB-000226,SMILES,0.6695652173913044,True,0.2650373239088348,0.5–0.7
MLDB-000256,SMILES,0.7222222222222222,True,0.3594597085453641,0.7–0.9
MLDB-000271,SMILES,0.9494949494949495,True,0.2166572838324763,≥0.9
MLDB-000274,SMILES,0.7636363636363637,True,0.3377281225291527,0.7–0.9
MLDB-000276,SMILES,0.697841726618705,True,0.1439671584212807,0.5–0.7
MLDB-000279,SMILES,0.7515527950310559,True,0.5523534735391509,0.7–0.9
MLDB-000317,SMILES,0.6476190476190476,True,0.0079089019358404,0.5–0.7
MLDB-000327,SMILES,0.901840490797546,True,0.2259689457143945,≥0.9
MLDB-000341,SMILES,0.8450704225352113,True,0.0944275786787085,0.7–0.9
MLDB-000358,SMILES,0.7925925925925926,True,0.6681331874162686,0.7–0.9
MLDB-000362,SMILES,0.9254658385093167,True,0.0789693434551153,≥0.9
MLDB-000367,SMILES,0.9212598425196851,True,0.5383375051916918,≥0.9
MLDB-000385,SMILES,0.9030303030303031,True,0.5381142964030771,≥0.9
MLDB-000393,SMILES,0.7682926829268293,True,0.6631377767895253,0.7–0.9
MLDB-000396,SMILES,0.7655172413793103,True,0.2292132826214235,0.7–0.9
MLDB-000399,SMILES,0.7278911564625851,True,0.0624489979454834,0.7–0.9
MLDB-000410,SMILES,0.6060606060606061,True,1.1335706012459128,0.5–0.7
MLDB-000413,SMILES,0.49137931034482757,True,1.0212463898431123,0.3–0.5
MLDB-000415,SMILES,0.7714285714285715,True,2.929291173725865,0.7–0.9
MLDB-000432,SMILES,0.8014184397163121,True,1.6270442099376108,0.7–0.9
MLDB-000442,SMILES,0.8675496688741722,True,0.118738488363761,0.7–0.9
MLDB-000444,SMILES,0.7682926829268293,True,0.929420245254579,0.7–0.9
MLDB-000448,SMILES,0.7313432835820896,True,0.171638385983184,0.7–0.9
MLDB-000459,SMILES,0.7899159663865546,True,0.2991199002072943,0.7–0.9
MLDB-000460,SMILES,0.8018867924528302,True,0.08805488866856,0.7–0.9
MLDB-000485,SMILES,0.8048780487804879,True,0.6087215441764101,0.7–0.9
MLDB-000507,SMILES,0.8043478260869565,True,1.6133497288220766,0.7–0.9
MLDB-000509,SMILES,0.8043478260869565,True,0.2688821945732672,0.7–0.9
MLDB-000511,SMILES,0.8043478260869565,True,0.6044582547566908,0.7–0.9
MLDB-000512,SMILES,0.8043478260869565,True,1.1133497288220766,0.7–0.9
MLDB-000514,SMILES,0.8043478260869565,True,1.8397031122747272,0.7–0.9
MLDB-000515,SMILES,0.8043478260869565,True,1.9897031122747273,0.7–0.9
MLDB-000516,SMILES,0.4449760765550239,False,0.2872057032714428,0.3–0.5
MLDB-000520,SMILES,0.9159663865546218,True,1.2373589438307049,≥0.9
MLDB-000526,SMILES,0.8524590163934426,True,0.2478458266923157,0.7–0.9
MLDB-000527,SMILES,0.8174603174603174,True,0.6241754355194918,0.7–0.9
MLDB-000528,SMILES,0.8174603174603174,True,0.6619542095093626,0.7–0.9
MLDB-000540,SMILES,0.717391304347826,True,0.629690934242511,0.7–0.9
MLDB-000561,SMILES,0.7727272727272727,True,0.7985626020940407,0.7–0.9
MLDB-000562,SMILES,0.7671232876712328,True,0.0818949406390692,0.7–0.9
MLDB-000584,SMILES,0.9875,True,0.1792354992280156,≥0.9
MLDB-000590,SMILES,0.7159090909090909,True,0.3900465247631313,0.7–0.9
MLDB-000591,SMILES,0.7159090909090909,True,0.4585970228412173,0.7–0.9
MLDB-000595,SMILES,0.7027027027027027,True,0.1189206712088817,0.7–0.9
MLDB-000599,SMILES,0.7027027027027027,True,0.2504994026213704,0.7–0.9
MLDB-000603,SMILES,0.7027027027027027,True,0.3990249772392921,0.7–0.9
MLDB-000614,SMILES,0.9696969696969697,True,2.169538365602576,≥0.9
MLDB-000620,SMILES,0.9696969696969697,True,1.8910533707322044,≥0.9
MLDB-000634,SMILES,0.9301075268817204,True,0.6261006550761723,≥0.9
MLDB-000640,SMILES,0.7853107344632768,True,0.819476290841405,0.7–0.9
MLDB-000644,SMILES,0.7482517482517482,True,0.072725130943037,0.7–0.9
MLDB-000648,SMILES,0.9397590361445783,True,0.0844750854559116,≥0.9
MLDB-000665,SMILES,0.8292682926829268,True,0.6270739430687264,0.7–0.9
MLDB-000672,SMILES,0.625,True,1.0288572047770863,0.5–0.7
MLDB-000676,SMILES,0.8369565217391305,True,0.3287596624458826,0.7–0.9
MLDB-000680,SMILES,0.9107142857142857,True,0.1306558600900721,≥0.9
MLDB-000686,SMILES,0.7714285714285715,True,0.2068243487096959,0.7–0.9
MLDB-000707,SMILES,0.6296296296296297,True,0.5563866575284034,0.5–0.7
MLDB-000709,SMILES,0.7419354838709677,True,1.005030592887639,0.7–0.9
MLDB-000711,SMILES,0.6779661016949152,True,1.0964003251929275,0.5–0.7
MLDB-000714,SMILES,0.7808219178082192,True,0.0699226066085378,0.7–0.9
MLDB-000732,SMILES,0.9139072847682119,True,0.6372279318007879,≥0.9
MLDB-000735,SMILES,0.9205298013245033,True,0.9360003362178684,≥0.9
MLDB-000758,SMILES,0.7288135593220338,True,1.7282553799217062,0.7–0.9
MLDB-000761,SMILES,0.7288135593220338,True,1.4282553799217064,0.7–0.9
MLDB-000764,SMILES,0.7288135593220338,True,0.7282553799217064,0.7–0.9
MLDB-000774,SMILES,0.9775280898876404,True,0.8151558402550894,≥0.9
MLDB-000786,SMILES,0.7430555555555556,True,0.4268785772667467,0.7–0.9
MLDB-000792,SMILES,0.8333333333333334,True,1.6349945686177076,0.7–0.9
MLDB-000808,SMILES,0.6893203883495146,True,0.6704628633113318,0.5–0.7
MLDB-000810,SMILES,0.708029197080292,True,0.0267093146478203,0.7–0.9
MLDB-000824,SMILES,0.765625,True,0.0876625395175256,0.7–0.9
MLDB-000835,SMILES,0.9565217391304348,True,0.3611663293203717,≥0.9
MLDB-000840,SMILES,0.8723404255319149,True,0.3367661298753484,0.7–0.9
MLDB-000845,SMILES,0.8181818181818182,True,0.0901172653606533,0.7–0.9
MLDB-000847,SMILES,0.697841726618705,True,0.5388220940538991,0.5–0.7
MLDB-000856,SMILES,0.8484848484848485,True,0.1647903204487238,0.7–0.9
MLDB-000868,SMILES,0.7789473684210526,True,0.6221807232196218,0.7–0.9
MLDB-000869,SMILES,0.5766423357664233,True,0.0327716495025328,0.5–0.7
MLDB-000877,SMILES,0.7746478873239436,True,0.5716179638866032,0.7–0.9
MLDB-000895,SMILES,0.84375,True,0.3612387209041039,0.7–0.9
MLDB-000900,SMILES,0.8723404255319149,True,0.0925132113718869,0.7–0.9
MLDB-000923,SMILES,0.7945205479452054,True,1.501047926315641,0.7–0.9
MLDB-000928,SMILES,0.7633928571428571,True,1.462234498895106,0.7–0.9
MLDB-000935,SMILES,0.7669902912621359,True,0.0956274428770564,0.7–0.9
MLDB-000941,SMILES,0.9753086419753086,True,0.1411685668716022,≥0.9
MLDB-000991,SMILES,0.6176470588235294,True,0.5983881003371725,0.5–0.7
MLDB-001023,SMILES,0.8375,True,0.6156199199391521,0.7–0.9
MLDB-001047,SMILES,0.640625,True,0.3906921766660295,0.5–0.7
MLDB-001060,SMILES,0.9072847682119205,True,0.2743005462727008,≥0.9
MLDB-001103,SMILES,0.6137931034482759,True,1.7643669887210116,0.5–0.7
MLDB-001107,SMILES,0.6423357664233577,True,0.4453535672651709,0.5–0.7
MLDB-001110,SMILES,0.7625,True,0.1632744373372481,0.7–0.9
MLDB-001112,SMILES,0.8633093525179856,True,0.0782928303804512,0.7–0.9
MLDB-001129,SMILES,0.8557692307692307,True,0.5919774025158047,0.7–0.9
MLDB-001154,SMILES,0.8379888268156425,True,0.0039763963285761,0.7–0.9
MLDB-001168,SMILES,0.8319327731092437,True,1.0669568773632878,0.7–0.9
MLDB-001182,SMILES,0.7448979591836735,True,0.192840222527387,0.7–0.9
MLDB-001210,SMILES,0.7636363636363637,True,0.5749969166141763,0.7–0.9
MLDB-001219,SMILES,0.8878504672897196,True,0.4217853302214402,0.7–0.9
MLDB-001228,SMILES,0.845679012345679,True,0.3478746102728517,0.7–0.9
MLDB-001236,SMILES,0.660377358490566,True,0.4728058273795752,0.5–0.7
MLDB-001247,SMILES,0.6643356643356644,True,0.1714167432808536,0.5–0.7
MLDB-001269,SMILES,0.8714285714285714,True,0.3751844166629076,0.7–0.9
MLDB-001271,SMILES,0.8723404255319149,True,0.1549171827405243,0.7–0.9
MLDB-001273,SMILES,0.8620689655172413,True,1.1175119513232743,0.7–0.9
MLDB-001288,SMILES,0.8148148148148148,True,0.1959769209577416,0.7–0.9
MLDB-001301,SMILES,0.7162162162162162,True,0.7488794313960282,0.7–0.9
MLDB-001303,SMILES,0.7799043062200957,True,0.5401500132165982,0.7–0.9
MLDB-001323,SMILES,0.8607594936708861,True,0.1642233788986726,0.7–0.9
MLDB-001356,SMILES,0.6235294117647059,True,0.1021118467099536,0.5–0.7
MLDB-001371,SMILES,0.6814159292035398,True,0.8465181641286136,0.5–0.7
MLDB-001382,SMILES,0.7777777777777778,False,0.0102622816964893,0.7–0.9
MLDB-001396,SMILES,0.8943089430894309,True,0.1220553475017436,0.7–0.9
MLDB-001399,SMILES,0.7560975609756098,True,0.1578473059546323,0.7–0.9
MLDB-001420,SMILES,0.6964285714285714,True,0.2201450683753008,0.5–0.7
MLDB-001425,SMILES,0.8526315789473684,True,0.0369354589259696,0.7–0.9
MLDB-001435,SMILES,0.7278481012658228,True,0.068330056801336,0.7–0.9
MLDB-001456,SMILES,0.9668874172185431,True,0.1699260647760352,≥0.9
MLDB-001461,SMILES,0.7808219178082192,True,0.3226193399326746,0.7–0.9
MLDB-001469,SMILES,0.8979591836734694,True,0.6220158194421308,0.7–0.9
MLDB-001482,SMILES,0.6923076923076923,True,0.4612660369178087,0.5–0.7
MLDB-001486,SMILES,1.0,True,0.1111216016865479,≥0.9
MLDB-001497,SMILES,0.7528089887640449,True,0.4160530553247544,0.7–0.9
MLDB-001499,SMILES,0.8418803418803419,True,1.2040467922031612,0.7–0.9
MLDB-001501,SMILES,0.7183098591549296,True,1.2395274051494591,0.7–0.9
MLDB-001515,SMILES,0.9,True,0.2335039997030954,≥0.9
MLDB-001546,SMILES,0.49390243902439024,True,1.1962554161219816,0.3–0.5
MLDB-001548,SMILES,1.0,True,0.1922987437233372,≥0.9
MLDB-001564,SMILES,0.6705882352941176,True,0.2251742643892968,0.5–0.7
MLDB-001572,SMILES,0.951048951048951,True,0.4113787263088866,≥0.9
MLDB-001582,SMILES,0.8166666666666667,True,0.0250356827897819,0.7–0.9
MLDB-001599,SMILES,0.6730769230769231,True,0.4984444606219433,0.5–0.7
MLDB-001614,SMILES,0.782051282051282,True,0.4598880346086987,0.7–0.9
MLDB-001616,SMILES,0.7213114754098361,True,0.0783132528221089,0.7–0.9
MLDB-001625,SMILES,0.8,True,0.1888698589089937,0.7–0.9
MLDB-001629,SMILES,0.9032258064516129,True,0.3830694667103945,≥0.9
MLDB-001634,SMILES,0.8571428571428571,True,0.0121358446250517,0.7–0.9
MLDB-001642,SMILES,0.9047619047619048,True,0.4427654369226798,≥0.9
MLDB-001652,SMILES,0.6666666666666666,True,0.0059116075883431,0.5–0.7
MLDB-001660,SMILES,0.7866666666666666,True,1.5578157823949457,0.7–0.9
MLDB-001684,SMILES,0.6923076923076923,True,0.9112660369178084,0.5–0.7
MLDB-001700,SMILES,0.8518518518518519,True,2.213372422834578,0.7–0.9
MLDB-001705,SMILES,0.512,True,0.5225470514359889,0.5–0.7
MLDB-001709,SMILES,0.9622641509433962,True,0.3145082308042546,≥0.9
MLDB-001719,SMILES,0.8166666666666667,True,0.9489380738344828,0.7–0.9
MLDB-001731,SMILES,0.7407407407407407,True,1.031028387883068,0.7–0.9
MLDB-001733,SMILES,0.509090909090909,False,1.3737439090927557,0.5–0.7
MLDB-001741,SMILES,0.5135135135135135,True,0.1847283471824204,0.5–0.7
MLDB-001752,SMILES,0.8954248366013072,True,0.4221002891073278,0.7–0.9
MLDB-001753,SMILES,0.8954248366013072,True,0.1399183547256335,0.7–0.9
MLDB-001792,SMILES,0.639344262295082,True,0.1802758132457995,0.5–0.7
MLDB-001820,SMILES,1.0,True,0.0814399583257503,≥0.9
MLDB-001834,SMILES,0.5616438356164384,True,0.0158165169809795,0.5–0.7
MLDB-001852,SMILES,0.7468354430379747,True,0.5429394144256527,0.7–0.9
MLDB-001868,SMILES,0.7120418848167539,True,0.28545023450511,0.7–0.9
MLDB-001874,SMILES,0.9459459459459459,True,0.0222632731312117,≥0.9
MLDB-001878,SMILES,0.9158878504672897,True,0.0993297122103552,≥0.9
MLDB-001884,SMILES,1.0,True,0.4414685718664675,≥0.9
MLDB-001898,SMILES,0.9536423841059603,True,0.3323768757104515,≥0.9
MLDB-001908,SMILES,0.898876404494382,True,0.2265976724815637,0.7–0.9
MLDB-001920,SMILES,0.7741935483870968,True,0.3596579159219045,0.7–0.9
MLDB-001945,SMILES,0.7887323943661971,True,0.635420655996853,0.7–0.9
MLDB-001951,SMILES,0.9473684210526315,True,0.2906472030773404,≥0.9
MLDB-001956,SMILES,0.9050279329608939,True,0.175787004085601,≥0.9
MLDB-001957,SMILES,0.9050279329608939,True,0.2274941226221321,≥0.9
MLDB-001967,SMILES,0.5666666666666667,True,0.2939285652004787,0.5–0.7
MLDB-001983,SMILES,0.7681159420289855,True,0.216408798607427,0.7–0.9
MLDB-001987,SMILES,0.7611940298507462,True,1.865077946381625,0.7–0.9
MLDB-001991,SMILES,0.42857142857142855,True,0.3589765071792917,0.3–0.5
MLDB-001992,SMILES,0.42857142857142855,True,1.4210234928207082,0.3–0.5
MLDB-002000,SMILES,0.6373626373626373,True,0.3714408809446459,0.5–0.7
MLDB-002020,SMILES,0.7864077669902912,True,0.3010483247227867,0.7–0.9
MLDB-002026,SMILES,0.8133333333333334,True,0.68469072548356,0.7–0.9
MLDB-002037,SMILES,0.8666666666666667,True,0.8119347453690976,0.7–0.9
MLDB-002066,SMILES,0.717948717948718,True,0.2835509759937367,0.7–0.9
MLDB-002068,SMILES,0.717948717948718,True,0.5252995500981095,0.7–0.9
MLDB-002080,SMILES,0.7681159420289855,True,0.1635912013925731,0.7–0.9
MLDB-002085,SMILES,0.9753086419753086,True,0.3515015396688367,≥0.9
MLDB-002088,SMILES,0.8217821782178217,True,0.1587429706576214,0.7–0.9
MLDB-002091,SMILES,0.7421052631578947,False,0.4602090702975722,0.7–0.9
MLDB-002092,SMILES,0.7421052631578947,False,0.4702090702975722,0.7–0.9
MLDB-002094,SMILES,0.6054421768707483,True,0.4802962079191488,0.5–0.7
MLDB-002102,SMILES,0.8518518518518519,True,0.681243265625072,0.7–0.9
MLDB-002105,SMILES,0.2981366459627329,True,2.914600048015235,<0.3
MLDB-002106,SMILES,0.3014705882352941,True,3.3468351238108456,0.3–0.5
MLDB-002121,SMILES,0.7542372881355932,True,0.4339958212898747,0.7–0.9
MLDB-002131,SMILES,0.967741935483871,True,0.0756574015567156,≥0.9
MLDB-002139,SMILES,0.8493150684931506,True,0.1657518602958111,0.7–0.9
MLDB-002157,SMILES,0.6206896551724138,True,0.1828038444336782,0.5–0.7
MLDB-002187,SMILES,0.9069767441860465,True,0.4934531272201025,≥0.9
MLDB-002190,SMILES,0.9069767441860465,True,0.6129904408501603,≥0.9
MLDB-002206,SMILES,0.8333333333333334,True,0.51735197568303,0.7–0.9
MLDB-002208,SMILES,0.84,True,0.5917674182505371,0.7–0.9
MLDB-002212,SMILES,0.8333333333333334,True,0.4679370704980443,0.7–0.9
MLDB-002214,SMILES,0.84,True,1.0439351801046697,0.7–0.9
MLDB-002229,SMILES,0.928,True,0.1441298802207021,≥0.9
MLDB-002238,SMILES,0.7012987012987013,True,1.0396688895285966,0.7–0.9
MLDB-002243,SMILES,0.7992277992277992,True,0.0406119705439855,0.7–0.9
MLDB-002254,SMILES,0.8714285714285714,True,0.1101157557508259,0.7–0.9
MLDB-002279,SMILES,0.8984375,True,0.2741039833219832,0.7–0.9
MLDB-002292,SMILES,0.6666666666666666,True,0.2207435441948539,0.5–0.7
MLDB-002296,SMILES,0.625,True,0.1713513510613137,0.5–0.7
MLDB-002309,SMILES,0.6818181818181818,True,0.1227883242825403,0.5–0.7
MLDB-002339,SMILES,0.6470588235294118,True,0.8139615148163015,0.5–0.7
MLDB-002362,SMILES,0.7799043062200957,True,0.9140868836559992,0.7–0.9
MLDB-002369,SMILES,0.8674698795180723,True,0.105709619954128,0.7–0.9
MLDB-002372,SMILES,0.8301886792452831,True,0.1179176485816583,0.7–0.9
MLDB-002383,SMILES,0.8378378378378378,True,0.2713586875286615,0.7–0.9
MLDB-002385,SMILES,0.4608695652173913,True,0.7013647878230809,0.3–0.5
MLDB-002405,SMILES,0.6333333333333333,False,0.1750342192785541,0.5–0.7
MLDB-002408,SMILES,0.7464788732394366,True,0.9262452788086828,0.7–0.9
MLDB-002424,SMILES,0.8295454545454546,True,0.2559382755390158,0.7–0.9
MLDB-002425,SMILES,0.42696629213483145,False,1.81606312770528,0.3–0.5
MLDB-002426,SMILES,0.42696629213483145,False,2.642171212107309,0.3–0.5
MLDB-002428,SMILES,0.6701570680628273,True,2.1023296937511633,0.5–0.7
MLDB-002433,SMILES,0.8580645161290322,True,0.0381423384316483,0.7–0.9
MLDB-002444,SMILES,0.744,True,0.0767768746373863,0.7–0.9
MLDB-002462,SMILES,0.5096153846153846,False,2.582542207120718,0.5–0.7
MLDB-002466,SMILES,0.8706896551724138,True,1.2410805293729743,0.7–0.9
MLDB-002468,SMILES,0.64,False,0.0451660610730805,0.5–0.7
MLDB-002471,SMILES,0.8289473684210527,True,0.4394733848667645,0.7–0.9
MLDB-002486,SMILES,0.21818181818181817,False,1.850032361001503,<0.3
MLDB-002495,SMILES,0.7619047619047619,True,0.6461575466019152,0.7–0.9
MLDB-002502,SMILES,0.8295454545454546,True,0.1889399472877848,0.7–0.9
MLDB-002508,SMILES,0.98,True,1.4821072476126078,≥0.9
MLDB-002515,SMILES,0.7361111111111112,True,0.5838695589161871,0.7–0.9
MLDB-002529,SMILES,0.3225806451612903,True,0.9248488627820138,0.3–0.5
MLDB-002534,SMILES,0.5072463768115942,True,0.0471771837859575,0.5–0.7
MLDB-002536,SMILES,0.5887850467289719,True,0.5567523713445703,0.5–0.7
MLDB-002537,SMILES,0.5636363636363636,True,0.4685453029259634,0.5–0.7
MLDB-002544,SMILES,0.6173913043478261,False,0.7179455550544118,0.5–0.7
MLDB-002567,SMILES,0.987012987012987,True,0.4971547689271394,≥0.9
MLDB-002574,SMILES,0.9482758620689655,True,0.0349986395177451,≥0.9
MLDB-002594,SMILES,0.8681318681318682,True,0.7549523622938762,0.7–0.9
MLDB-002618,SMILES,0.9770114942528736,True,0.022383797111296,≥0.9
MLDB-002619,SMILES,0.9761904761904762,True,0.0568464893399354,≥0.9
MLDB-002620,SMILES,0.9090909090909091,True,0.4369769705156474,≥0.9
MLDB-002622,SMILES,0.9402985074626866,True,0.8862788690547359,≥0.9
MLDB-002635,SMILES,0.5211267605633803,True,0.3239158181297259,0.5–0.7
MLDB-002641,SMILES,0.5211267605633803,True,0.2128776882523435,0.5–0.7
MLDB-002643,SMILES,0.875,True,0.2287640694449979,0.7–0.9
MLDB-002644,SMILES,0.7692307692307693,True,0.2307871244924568,0.7–0.9
MLDB-002646,SMILES,0.47651006711409394,True,1.0501143840361389,0.3–0.5
MLDB-002648,SMILES,0.7888888888888889,True,1.5801430299492494,0.7–0.9
MLDB-002649,SMILES,0.7888888888888889,True,2.5967984648913736,0.7–0.9
MLDB-002651,SMILES,0.47651006711409394,True,0.0317831555562325,0.3–0.5
MLDB-002653,SMILES,0.7888888888888889,True,1.2470986276716298,0.7–0.9
MLDB-002654,SMILES,0.7888888888888889,True,4.0637540626137545,0.7–0.9
MLDB-002671,SMILES,0.7464788732394366,True,0.3608143640598729,0.7–0.9
MLDB-002674,SMILES,0.8181818181818182,True,0.5911526709032027,0.7–0.9
MLDB-002689,SMILES,0.8024691358024691,True,0.2669382585285662,0.7–0.9
MLDB-002702,SMILES,0.8539325842696629,True,0.3977293480025106,0.7–0.9
MLDB-002724,SMILES,0.7263157894736842,True,1.1244151561086095,0.7–0.9
MLDB-002727,SMILES,0.8706896551724138,True,0.0779541527306854,0.7–0.9
MLDB-002735,SMILES,0.8604651162790697,True,0.0938905882687195,0.7–0.9
MLDB-002741,SMILES,0.43478260869565216,True,0.7833972714779571,0.3–0.5
MLDB-002795,SMILES,0.9333333333333333,True,0.1242904163664307,≥0.9
MLDB-002799,SMILES,0.6820809248554913,True,0.1209603968458526,0.5–0.7
MLDB-002815,SMILES,0.7122641509433962,True,1.1300581906760687,0.7–0.9
MLDB-002825,SMILES,0.8333333333333334,True,0.4471304931764211,0.7–0.9
MLDB-002827,SMILES,0.865979381443299,True,0.0707149705994136,0.7–0.9
MLDB-002832,SMILES,0.40397350993377484,False,0.0378948240052581,0.3–0.5
MLDB-002833,SMILES,0.75,True,1.092283214123322,0.7–0.9
MLDB-002844,SMILES,0.8421052631578947,True,0.1102911514651545,0.7–0.9
MLDB-002847,SMILES,0.8421052631578947,True,0.2842911514651545,0.7–0.9
MLDB-002858,SMILES,0.9064748201438849,True,0.5833606571644665,≥0.9
MLDB-002870,SMILES,0.28,True,1.4150446111663857,<0.3
MLDB-002874,SMILES,0.9139784946236559,True,0.6654260394566984,≥0.9
MLDB-002878,SMILES,0.7954545454545454,True,1.4760636295196918,0.7–0.9
MLDB-002879,SMILES,0.9883720930232558,True,0.1851645454459437,≥0.9
MLDB-002882,SMILES,0.6181818181818182,True,0.1338250544579659,0.5–0.7
MLDB-002888,SMILES,0.6404494382022472,True,0.9050551063770276,0.5–0.7
MLDB-002923,SMILES,0.6237623762376238,True,0.3840666881423862,0.5–0.7
MLDB-002928,SMILES,0.8070175438596491,True,0.4162692776966292,0.7–0.9
MLDB-002936,SMILES,0.6974789915966386,True,0.4715284702346161,0.5–0.7
MLDB-002945,SMILES,0.6511627906976745,True,0.3614084888172767,0.5–0.7
MLDB-002948,SMILES,0.88,True,0.051193115485363,0.7–0.9
MLDB-002964,SMILES,0.6559139784946236,True,0.3393212380159094,0.5–0.7
MLDB-002967,SMILES,0.9591836734693877,True,0.8408767863147839,≥0.9
MLDB-002969,SMILES,0.226890756302521,False,1.0683744880729795,<0.3
MLDB-002973,SMILES,0.5038759689922481,True,1.6753207090150124,0.5–0.7
MLDB-002983,SMILES,0.9548872180451128,True,0.4465389312533585,≥0.9
MLDB-002991,SMILES,0.5454545454545454,True,1.1233702126335678,0.5–0.7
MLDB-003007,SMILES,0.8043478260869565,True,0.6480349922378699,0.7–0.9
MLDB-003025,SMILES,0.9227053140096618,True,0.0796970578796417,≥0.9
MLDB-003037,SMILES,0.72,True,0.6640199067692119,0.7–0.9
MLDB-003039,SMILES,0.5873015873015873,True,0.565523317449242,0.5–0.7
MLDB-003052,SMILES,0.6923076923076923,True,0.0709629231114135,0.5–0.7
MLDB-003071,SMILES,0.6792452830188679,True,0.5990953944358476,0.5–0.7
MLDB-003080,SMILES,0.5955056179775281,True,0.7659358251738827,0.5–0.7
MLDB-003087,SMILES,0.5294117647058824,True,1.0489470643002838,0.5–0.7
MLDB-003090,SMILES,0.5689655172413793,True,0.6295580885539946,0.5–0.7
MLDB-003112,SMILES,0.8024691358024691,True,0.0016606605820664,0.7–0.9
MLDB-003114,SMILES,1.0,True,0.5212730573046576,≥0.9
MLDB-003122,SMILES,0.788235294117647,True,0.1287714422076837,0.7–0.9
MLDB-003138,SMILES,0.9615384615384616,True,0.1755319232462084,≥0.9
MLDB-003142,SMILES,0.9615384615384616,True,0.0499446448851819,≥0.9
MLDB-003149,SMILES,0.7674418604651163,True,0.2870276446057935,0.7–0.9
MLDB-003190,SMILES,0.8596491228070176,True,0.5238085851895229,0.7–0.9
MLDB-003230,SMILES,0.7603305785123967,True,0.8023799019885165,0.7–0.9
MLDB-003239,SMILES,0.528,True,0.1445350362398063,0.5–0.7
MLDB-003242,SMILES,0.8409090909090909,True,0.1341266853333711,0.7–0.9
MLDB-003257,SMILES,0.8591549295774648,True,0.3174235179539534,0.7–0.9
MLDB-003262,SMILES,0.7945205479452054,True,0.0433945509639718,0.7–0.9
MLDB-003266,SMILES,0.589041095890411,True,1.117613754410212,0.5–0.7
MLDB-003295,SMILES,0.7575757575757576,True,0.2203380029468994,0.7–0.9
MLDB-003302,SMILES,0.9425287356321839,True,0.2178052060304142,≥0.9
MLDB-003303,SMILES,0.9125,True,0.8608509210279043,≥0.9
MLDB-003318,SMILES,0.8181818181818182,True,0.2204176877256093,0.7–0.9
MLDB-003324,SMILES,0.8193548387096774,True,0.2295041413227645,0.7–0.9
MLDB-003336,SMILES,0.8301886792452831,True,0.3381264850465622,0.7–0.9
MLDB-003350,SMILES,0.7441860465116279,True,0.1086812086494657,0.7–0.9
MLDB-003355,SMILES,0.7777777777777778,True,0.1023336789549202,0.7–0.9
MLDB-003370,SMILES,0.6705882352941176,True,0.2312437158106122,0.5–0.7
MLDB-003373,SMILES,0.664179104477612,True,0.0992883774988557,0.5–0.7
MLDB-003386,SMILES,0.7297297297297297,True,0.2248271956771026,0.7–0.9
MLDB-003391,SMILES,0.8131868131868132,True,0.4013954011482233,0.7–0.9
MLDB-003393,SMILES,0.9759036144578314,True,0.8616982407202961,≥0.9
MLDB-003397,SMILES,0.7786885245901639,True,0.4135570784250456,0.7–0.9
MLDB-003400,SMILES,0.9534883720930233,True,0.0516802908483722,≥0.9
MLDB-003402,SMILES,0.46710526315789475,False,0.0529312744418506,0.3–0.5
MLDB-003430,SMILES,0.9746835443037974,True,0.6015295021848164,≥0.9
MLDB-003436,SMILES,0.5909090909090909,True,0.4547504917908433,0.5–0.7
MLDB-003461,SMILES,0.8770491803278688,True,0.615118840323129,0.7–0.9
MLDB-003466,SMILES,0.7920792079207921,True,0.3574870115292687,0.7–0.9
MLDB-003480,SMILES,0.9642857142857143,True,1.2379558017214225,≥0.9
MLDB-003502,SMILES,0.7789473684210526,True,0.6545295960606019,0.7–0.9
MLDB-003507,SMILES,0.5789473684210527,True,0.719770595003455,0.5–0.7
MLDB-003522,SMILES,0.9446153846153846,True,0.090198717499109,≥0.9
MLDB-003543,SMILES,0.900497512437811,True,0.3494574826619199,≥0.9
MLDB-003546,SMILES,0.9117647058823529,True,0.1259311926684646,≥0.9
MLDB-003548,SMILES,0.8706896551724138,True,0.6968229040385807,0.7–0.9
MLDB-003553,SMILES,0.896551724137931,True,0.6850913250715696,0.7–0.9
MLDB-003603,SMILES,0.8469387755102041,True,0.1069504973367658,0.7–0.9
MLDB-003616,SMILES,0.9117647058823529,True,0.2096544156246491,≥0.9
MLDB-003620,SMILES,0.9803921568627451,True,0.4587722957981583,≥0.9
MLDB-003645,SMILES,0.7642276422764228,True,0.6792033218707332,0.7–0.9
MLDB-003651,SMILES,0.7884615384615384,True,0.3564717738167275,0.7–0.9
MLDB-003655,SMILES,0.8243243243243243,True,0.4764373707598748,0.7–0.9
MLDB-003658,SMILES,0.75,True,0.443042384448852,0.7–0.9
MLDB-003668,SMILES,0.8173076923076923,True,0.2881601410089247,0.7–0.9
MLDB-003678,SMILES,0.9090909090909091,True,0.0609607090703721,≥0.9
MLDB-003693,SMILES,0.8411214953271028,True,0.235959824817217,0.7–0.9
MLDB-003714,SMILES,0.8105263157894737,True,0.0416553186774359,0.7–0.9
MLDB-003732,SMILES,0.8,True,0.8183429083911766,0.7–0.9
MLDB-003741,SMILES,0.6710526315789473,True,0.0014412483546292,0.5–0.7
MLDB-003761,SMILES,0.797979797979798,True,0.7326623027986274,0.7–0.9
MLDB-003764,SMILES,0.9867549668874173,True,0.1073294796154472,≥0.9
MLDB-003798,SMILES,0.8016528925619835,True,0.1332915068857232,0.7–0.9
MLDB-003820,SMILES,0.8586956521739131,True,0.1224306783847498,0.7–0.9
MLDB-003824,SMILES,0.8878504672897196,True,0.1577146697785597,0.7–0.9
MLDB-003829,SMILES,0.9144736842105263,True,0.3879839206336382,≥0.9
MLDB-003848,SMILES,0.8756756756756757,True,0.6962138279300272,0.7–0.9
MLDB-003849,SMILES,0.893048128342246,True,1.0262743232767426,0.7–0.9
MLDB-003893,SMILES,0.926829268292683,True,1.322862797852625,≥0.9
MLDB-003897,SMILES,0.734375,True,0.1091197557224225,0.7–0.9
MLDB-003915,SMILES,0.8351648351648352,True,0.4751964331398844,0.7–0.9
MLDB-003920,SMILES,0.8596491228070176,True,0.9199035784649016,0.7–0.9
MLDB-003928,SMILES,0.8620689655172413,True,0.2393270985802051,0.7–0.9
MLDB-003929,SMILES,0.8301886792452831,True,0.2512831860593172,0.7–0.9
MLDB-003931,SMILES,0.768595041322314,True,0.308413384471729,0.7–0.9
MLDB-003936,SMILES,0.8482758620689655,True,0.2534428423544516,0.7–0.9
MLDB-003953,SMILES,0.7888888888888889,True,0.2613344898598821,0.7–0.9
MLDB-003954,SMILES,0.7368421052631579,True,0.2666669723425965,0.7–0.9
MLDB-003961,SMILES,0.6632653061224489,True,0.1207707629886593,0.5–0.7
MLDB-003966,SMILES,0.8705035971223022,True,0.129545678522455,0.7–0.9
MLDB-003970,SMILES,0.8486842105263158,True,0.3274225504196678,0.7–0.9
MLDB-003977,SMILES,0.810126582278481,True,0.2785646858781518,0.7–0.9
MLDB-003982,SMILES,0.815,True,0.2046504943005174,0.7–0.9
MLDB-003986,SMILES,0.6923076923076923,True,1.0667626893250666,0.5–0.7
MLDB-003989,SMILES,0.6923076923076923,True,0.0886886694265591,0.5–0.7
MLDB-003997,SMILES,0.7092511013215859,True,0.3111944523917995,0.7–0.9
MLDB-004032,SMILES,0.8762886597938144,True,0.8594901831591575,0.7–0.9
MLDB-004037,SMILES,0.8762886597938144,True,0.3203661645474993,0.7–0.9
MLDB-004053,SMILES,0.7857142857142857,True,0.4904426746408811,0.7–0.9
MLDB-004066,SMILES,0.8,True,0.0451080069504908,0.7–0.9
MLDB-004068,SMILES,0.7289719626168224,True,0.834835901163414,0.7–0.9
MLDB-004076,SMILES,0.5813953488372093,True,0.091586836140773,0.5–0.7
MLDB-004078,SMILES,0.4192872117400419,True,0.0136264244199888,0.3–0.5
MLDB-004086,SMILES,1.0,True,0.0296643363084877,≥0.9
MLDB-004097,SMILES,0.7692307692307693,True,0.4349616763153788,0.7–0.9
MLDB-004099,SMILES,0.974025974025974,True,0.9126188653781468,≥0.9
MLDB-004106,SMILES,0.8214285714285714,True,0.1813898050375618,0.7–0.9
MLDB-004122,SMILES,0.8475609756097561,True,2.623757617958227,0.7–0.9
MLDB-004123,SMILES,0.8940677966101694,True,1.502921756390374,0.7–0.9
MLDB-004142,SMILES,0.9161073825503355,True,0.3498801774662402,≥0.9
MLDB-004144,SMILES,0.7541899441340782,True,0.2883956030098213,0.7–0.9
MLDB-004159,SMILES,0.9090909090909091,True,0.3634903194391625,≥0.9
MLDB-004181,SMILES,0.8636363636363636,True,0.3114574917694965,0.7–0.9
MLDB-004186,SMILES,0.8775510204081632,True,0.3800749995571484,0.7–0.9
MLDB-004205,SMILES,0.6494845360824743,True,0.0158169371105753,0.5–0.7
MLDB-004208,SMILES,0.4393939393939394,True,0.8919615351310676,0.3–0.5
MLDB-004218,SMILES,0.7142857142857143,True,0.6239889841820946,0.7–0.9
MLDB-004220,SMILES,0.6122448979591837,True,0.2514824393058785,0.5–0.7
MLDB-004221,SMILES,0.6984126984126984,True,0.22178135285875,0.5–0.7
MLDB-004230,SMILES,0.7619047619047619,True,0.3154124775983754,0.7–0.9
MLDB-004251,SMILES,0.9555555555555556,True,0.0881703261197581,≥0.9
MLDB-004253,SMILES,0.9622641509433962,True,0.5306454698103907,≥0.9
MLDB-004279,SMILES,0.849624060150376,True,0.2898250360670946,0.7–0.9
MLDB-004320,SMILES,0.6641221374045801,False,0.5476305305165832,0.5–0.7
MLDB-004324,SMILES,0.8736842105263158,True,0.1997880466880755,0.7–0.9
MLDB-004331,SMILES,0.8,False,0.8686307367234463,0.7–0.9
MLDB-004332,SMILES,0.8,False,0.6344363918286001,0.7–0.9
MLDB-004352,SMILES,0.905511811023622,True,0.2493110070285377,≥0.9
MLDB-004358,SMILES,0.39655172413793105,False,0.4809203538245897,0.3–0.5
MLDB-004361,SMILES,0.7297297297297297,True,0.5697539463263415,0.7–0.9
MLDB-004408,SMILES,0.9209621993127147,True,0.1905784679690683,≥0.9
MLDB-004417,SMILES,0.8666666666666667,True,0.1661598962154624,0.7–0.9
MLDB-004418,SMILES,0.8571428571428571,True,0.0459346440131411,0.7–0.9
MLDB-004438,SMILES,0.7647058823529411,True,0.8110763167806974,0.7–0.9
MLDB-004450,SMILES,0.8,True,0.7403816423417615,0.7–0.9
MLDB-004456,SMILES,0.7682926829268293,True,1.568646439626998,0.7–0.9
MLDB-004459,SMILES,0.7,True,0.3914341241386965,0.7–0.9
MLDB-004470,SMILES,0.8421052631578947,True,0.4991450214855746,0.7–0.9
MLDB-004471,SMILES,0.8421052631578947,True,0.0012821733359951,0.7–0.9
MLDB-004478,SMILES,0.8695652173913043,True,0.8892292571456981,0.7–0.9
MLDB-004479,SMILES,0.8695652173913043,True,0.2494178827034358,0.7–0.9
MLDB-004493,SMILES,0.8823529411764706,True,0.0212942669629436,0.7–0.9
MLDB-004496,SMILES,0.8411214953271028,True,0.3886983150531334,0.7–0.9
MLDB-004498,SMILES,0.7777777777777778,True,0.6871101139782266,0.7–0.9
MLDB-004518,SMILES,0.8920863309352518,True,0.0776672002141458,0.7–0.9
MLDB-004525,SMILES,0.6196319018404908,True,0.2058816127268854,0.5–0.7
MLDB-004532,SMILES,0.7723577235772358,True,0.6134514749573227,0.7–0.9
MLDB-004533,SMILES,0.776,True,0.0470984116099995,0.7–0.9
MLDB-004536,SMILES,0.7723577235772358,True,0.2376152138921381,0.7–0.9
MLDB-004537,SMILES,0.776,True,0.3943194827463263,0.7–0.9
MLDB-004540,SMILES,0.7723577235772358,True,0.0191370677571103,0.7–0.9
MLDB-004541,SMILES,0.776,True,0.8428311672662498,0.7–0.9
MLDB-004589,SMILES,0.8296703296703297,True,0.1285865077864785,0.7–0.9
MLDB-004592,SMILES,0.9315068493150684,True,0.1009798560771788,≥0.9
MLDB-004595,SMILES,0.720164609053498,True,0.1232586754271378,0.7–0.9
MLDB-004597,SMILES,0.8064516129032258,True,0.2043950750757979,0.7–0.9
MLDB-004600,SMILES,0.8333333333333334,True,1.0616471345374665,0.7–0.9
MLDB-004601,SMILES,0.8333333333333334,True,1.1316471345374666,0.7–0.9
MLDB-004602,SMILES,0.8333333333333334,True,1.4449945686177077,0.7–0.9
MLDB-004603,SMILES,0.8333333333333334,True,1.9749945686177075,0.7–0.9
MLDB-004604,SMILES,0.8333333333333334,True,2.0549945686177074,0.7–0.9
MLDB-004605,SMILES,0.8333333333333334,True,2.234994568617708,0.7–0.9
MLDB-004606,SMILES,0.8333333333333334,True,2.2649945686177073,0.7–0.9
MLDB-004630,SMILES,0.956989247311828,True,0.1567248917968531,≥0.9
MLDB-004649,SMILES,0.8523489932885906,True,0.5556439462695216,0.7–0.9
MLDB-004655,SMILES,0.803921568627451,True,0.0754691924341121,0.7–0.9
MLDB-004659,SMILES,0.7948717948717948,True,0.7430716429601697,0.7–0.9
MLDB-004685,SMILES,0.48598130841121495,True,0.7333499793036817,0.3–0.5
MLDB-004697,SMILES,0.9243697478991597,True,0.4616280957424521,≥0.9
MLDB-004713,SMILES,0.7482517482517482,True,0.0415484831462402,0.7–0.9
MLDB-004735,SMILES,0.7706422018348624,True,0.1914081433856355,0.7–0.9
MLDB-004743,SMILES,0.9017094017094017,True,0.1253758137652111,≥0.9
MLDB-004759,SMILES,0.9180327868852459,True,0.2836872339154535,≥0.9
MLDB-004760,SMILES,0.7793103448275862,True,0.7554153699688354,0.7–0.9
MLDB-004766,SMILES,0.5862068965517241,True,1.633737437290738,0.5–0.7
MLDB-004768,SMILES,0.6382978723404256,True,0.5492921022147894,0.5–0.7
MLDB-004775,SMILES,0.7818181818181819,True,0.0929283108792732,0.7–0.9
MLDB-004797,SMILES,0.5031847133757962,True,0.4225401494030856,0.5–0.7
MLDB-004805,SMILES,0.9819819819819819,True,0.0006481213490374,≥0.9
MLDB-004821,SMILES,0.96875,True,0.0548994940265024,≥0.9
MLDB-004833,SMILES,0.8543689320388349,True,0.6720906076711565,0.7–0.9
MLDB-004841,SMILES,1.0,True,0.2331350641790252,≥0.9
MLDB-004848,SMILES,0.52,True,0.1865893809874035,0.5–0.7
MLDB-004849,SMILES,0.52,True,0.1997439324077257,0.5–0.7
MLDB-004860,SMILES,0.7362637362637363,True,1.4867591579877422,0.7–0.9
MLDB-004870,SMILES,0.6231884057971014,True,0.4119839021441608,0.5–0.7
MLDB-004883,SMILES,0.7280701754385965,True,0.4934801583083725,0.7–0.9
MLDB-004931,SMILES,0.5,True,2.018992512850531,0.5–0.7
MLDB-004941,SMILES,0.6938775510204082,True,0.1520725697724168,0.5–0.7
MLDB-004947,SMILES,0.6721311475409836,True,0.1934768587072487,0.5–0.7
MLDB-004953,SMILES,0.9247311827956989,True,0.0904433889971435,≥0.9
MLDB-004968,SMILES,0.9764705882352941,True,0.6095434808009639,≥0.9
MLDB-004995,SMILES,0.8156028368794326,True,0.0842646375684477,0.7–0.9
MLDB-005012,SMILES,0.3333333333333333,True,0.6124714530498256,0.3–0.5
MLDB-005015,SMILES,0.8902439024390244,True,0.5801440105861428,0.7–0.9
MLDB-005021,SMILES,0.8774193548387097,True,0.1894149222000911,0.7–0.9
MLDB-005030,SMILES,0.958904109589041,True,1.2171866727689336,≥0.9
MLDB-005037,SMILES,0.9423076923076923,True,0.6374380305215577,≥0.9
MLDB-005040,SMILES,0.9423076923076923,True,0.4874380305215575,≥0.9
MLDB-005058,SMILES,0.8048780487804879,True,0.889316832873475,0.7–0.9
MLDB-005062,SMILES,0.7428571428571429,True,0.2282939951694731,0.7–0.9
MLDB-005074,SMILES,0.6790123456790124,True,0.0478150571196077,0.5–0.7
MLDB-005075,SMILES,0.8588235294117647,True,1.3819138434620954,0.7–0.9
MLDB-005081,SMILES,0.8142857142857143,True,0.6489304352406126,0.7–0.9
MLDB-005088,SMILES,0.9142857142857143,True,0.5628379976857589,≥0.9
MLDB-005093,SMILES,0.9642857142857143,True,0.4251390604218232,≥0.9
MLDB-005106,SMILES,0.8780487804878049,True,0.3351584213654224,0.7–0.9
MLDB-005111,SMILES,0.975609756097561,True,0.0684297911714109,≥0.9
MLDB-005133,SMILES,0.73125,True,1.398459121798967,0.7–0.9
MLDB-005141,SMILES,0.42857142857142855,False,0.3721115638135506,0.3–0.5
MLDB-000016,SMILES,0.7790697674418605,True,1.3813651122364012,0.7–0.9
MLDB-000026,SMILES,0.6546762589928058,True,0.7805170632936613,0.5–0.7
MLDB-000030,SMILES,0.6415094339622641,True,1.2487710118691715,0.5–0.7
MLDB-000039,SMILES,0.7216494845360825,True,0.6366840987918646,0.7–0.9
MLDB-000042,SMILES,0.797752808988764,True,0.8243012738154041,0.7–0.9
MLDB-000051,SMILES,0.8470588235294118,True,0.841716101312097,0.7–0.9
MLDB-000078,SMILES,0.89,True,0.2958650078571591,0.7–0.9
MLDB-000101,SMILES,0.7604166666666666,True,0.6961959006318675,0.7–0.9
MLDB-000107,SMILES,0.7108433734939759,True,0.3322130632839342,0.7–0.9
MLDB-000109,SMILES,0.5681818181818182,True,0.3352885075910403,0.5–0.7
MLDB-000121,SMILES,0.8470588235294118,True,0.0099997541066758,0.7–0.9
MLDB-000122,SMILES,0.7586206896551724,True,0.1794888290009864,0.7–0.9
MLDB-000134,SMILES,0.8181818181818182,True,0.3477194374039323,0.7–0.9
MLDB-000139,SMILES,0.4959349593495935,True,0.6193248028943281,0.3–0.5
MLDB-000146,SMILES,0.7655172413793103,True,0.0405437395311549,0.7–0.9
MLDB-000149,SMILES,0.8,True,0.7110872876335026,0.7–0.9
MLDB-000160,SMILES,0.9014084507042254,True,1.288740409277316,≥0.9
MLDB-000161,SMILES,0.8,True,1.1545481053371094,0.7–0.9
MLDB-000172,SMILES,0.9014084507042254,True,0.1103839688682686,≥0.9
MLDB-000193,SMILES,0.8,True,0.3809527791451599,0.7–0.9
MLDB-000197,SMILES,0.890625,True,0.4054515031600423,0.7–0.9
MLDB-000199,SMILES,0.75,True,0.8399093087668231,0.7–0.9
MLDB-000206,SMILES,0.9038461538461539,True,0.4620599795698465,≥0.9
MLDB-000214,SMILES,0.6263736263736264,True,1.2876110320088932,0.5–0.7
MLDB-000217,SMILES,0.8412698412698413,True,0.600288308582074,0.7–0.9
MLDB-000239,SMILES,0.7365591397849462,True,0.4083805715482878,0.7–0.9
MLDB-000257,SMILES,0.6964285714285714,True,1.0956141440671223,0.5–0.7
MLDB-000261,SMILES,0.6647398843930635,True,0.0113775908567328,0.5–0.7
MLDB-000285,SMILES,0.7480314960629921,True,0.6103413909221891,0.7–0.9
MLDB-000297,SMILES,0.9421487603305785,True,0.0541243701267218,≥0.9
MLDB-000307,SMILES,0.6257668711656442,True,0.4366082947826606,0.5–0.7
MLDB-000308,SMILES,0.5714285714285714,True,0.2358997760912908,0.5–0.7
MLDB-000310,SMILES,0.6774193548387096,True,0.3053905010774813,0.5–0.7
MLDB-000313,SMILES,0.5862068965517241,True,0.8785148846898397,0.5–0.7
MLDB-000342,SMILES,0.8450704225352113,True,0.4393502703810852,0.7–0.9
MLDB-000344,SMILES,0.901840490797546,True,0.1956005836737551,≥0.9
MLDB-000357,SMILES,0.7723577235772358,True,0.1417860221152692,0.7–0.9
MLDB-000377,SMILES,0.9263803680981595,True,0.3476970015993415,≥0.9
MLDB-000387,SMILES,0.6542056074766355,True,0.1678612821820062,0.5–0.7
MLDB-000392,SMILES,0.7720588235294118,True,0.3717715657006472,0.7–0.9
MLDB-000397,SMILES,0.6464088397790055,True,0.4504408891379148,0.5–0.7
MLDB-000400,SMILES,0.8986486486486487,True,0.038402666650553,0.7–0.9
MLDB-000422,SMILES,0.6650485436893204,True,0.1525746445979318,0.5–0.7
MLDB-000434,SMILES,0.9782608695652174,True,0.5486741867489913,≥0.9
MLDB-000439,SMILES,0.8445945945945946,True,0.3738307211591551,0.7–0.9
MLDB-000447,SMILES,0.6091954022988506,True,0.773009478251078,0.5–0.7
MLDB-000455,SMILES,0.7720588235294118,True,0.2884829634118204,0.7–0.9
MLDB-000463,SMILES,0.6395348837209303,True,0.5883914983145699,0.5–0.7
MLDB-000468,SMILES,0.975609756097561,True,0.613095592045021,≥0.9
MLDB-000475,SMILES,0.8591549295774648,True,0.418556585376888,0.7–0.9
MLDB-000478,SMILES,0.803921568627451,True,0.6937253862234676,0.7–0.9
MLDB-000487,SMILES,0.864406779661017,True,0.0180133852586434,0.7–0.9
MLDB-000499,SMILES,0.8,True,1.1072645038999689,0.7–0.9
MLDB-000501,SMILES,0.7912087912087912,True,0.1741263857611541,0.7–0.9
MLDB-000505,SMILES,0.7816901408450704,True,0.4676106563760954,0.7–0.9
MLDB-000522,SMILES,0.8930041152263375,True,0.4470101146777101,0.7–0.9
MLDB-000530,SMILES,0.8636363636363636,True,0.0582446273681505,0.7–0.9
MLDB-000541,SMILES,0.6951871657754011,True,0.0417355953520965,0.5–0.7
MLDB-000550,SMILES,0.7469879518072289,True,0.0333736919964993,0.7–0.9
MLDB-000552,SMILES,0.8157894736842105,True,0.4677171935601942,0.7–0.9
MLDB-000567,SMILES,0.7604166666666666,True,0.5262455755292592,0.7–0.9
MLDB-000574,SMILES,0.9495798319327731,True,0.0961662644410858,≥0.9
MLDB-000581,SMILES,0.7821229050279329,True,0.1872218259936903,0.7–0.9
MLDB-000582,SMILES,0.7684210526315789,True,0.2561810697973057,0.7–0.9
MLDB-000588,SMILES,0.7045454545454546,True,0.2802571302807598,0.7–0.9
MLDB-000647,SMILES,0.9386503067484663,True,0.095480828873304,≥0.9
MLDB-000659,SMILES,0.9174311926605505,False,0.1499999074408387,≥0.9
MLDB-000666,SMILES,0.8560606060606061,True,0.5294488040313262,0.7–0.9
MLDB-000688,SMILES,0.7209302325581395,True,0.6076996666062647,0.7–0.9
MLDB-000693,SMILES,1.0,True,0.0523388160498914,≥0.9
MLDB-000715,SMILES,0.7808219178082192,True,0.2328749494710537,0.7–0.9
MLDB-000719,SMILES,0.6706586826347305,True,0.707457340178978,0.5–0.7
MLDB-000729,SMILES,0.8736842105263158,True,0.4859419149418915,0.7–0.9
MLDB-000776,SMILES,0.90625,True,1.416510141046862,≥0.9
MLDB-000779,SMILES,0.6779661016949152,True,0.5600579921232842,0.5–0.7
MLDB-000785,SMILES,0.754601226993865,True,0.6887663722034527,0.7–0.9
MLDB-000789,SMILES,0.6647398843930635,True,0.4730883736769087,0.5–0.7
MLDB-000821,SMILES,0.660377358490566,True,0.2245674515440526,0.5–0.7
MLDB-000836,SMILES,0.9565217391304348,True,0.2355188119066538,≥0.9
MLDB-000843,SMILES,0.8888888888888888,True,0.1277691752558162,0.7–0.9
MLDB-000857,SMILES,0.8805970149253731,True,1.0735504562945937,0.7–0.9
MLDB-000873,SMILES,0.7103448275862069,True,1.2853630018299087,0.7–0.9
MLDB-000875,SMILES,0.41509433962264153,True,0.8940187654693763,0.3–0.5
MLDB-000879,SMILES,0.8648648648648649,True,0.2381182696176071,0.7–0.9
MLDB-000883,SMILES,0.5458515283842795,True,0.6676876725086864,0.5–0.7
MLDB-000884,SMILES,0.5060240963855421,True,1.6155264574436503,0.5–0.7
MLDB-000885,SMILES,0.8992805755395683,True,0.3295695185746061,0.7–0.9
MLDB-000908,SMILES,0.8762886597938144,True,0.3727455725863531,0.7–0.9
MLDB-000929,SMILES,0.7077922077922078,True,1.5338777810639113,0.7–0.9
MLDB-000931,SMILES,0.6164383561643836,True,0.065338565243312,0.5–0.7
MLDB-000939,SMILES,0.9333333333333333,True,0.0829820724320953,≥0.9
MLDB-000945,SMILES,0.7397260273972602,True,0.7515552638861871,0.7–0.9
MLDB-000972,SMILES,0.8636363636363636,True,0.7935953701009006,0.7–0.9
MLDB-000984,SMILES,0.8255813953488372,True,0.1492286335183288,0.7–0.9
MLDB-000997,SMILES,0.8878504672897196,True,0.5720018857630486,0.7–0.9
MLDB-001002,SMILES,0.859375,True,0.8988181360559129,0.7–0.9
MLDB-001015,SMILES,0.8450704225352113,True,0.4682266720511878,0.7–0.9
MLDB-001026,SMILES,0.5633802816901409,True,1.6748517305615418,0.5–0.7
MLDB-001032,SMILES,0.288135593220339,True,0.914947788749206,<0.3
MLDB-001034,SMILES,0.8620689655172413,True,0.0639990633590638,0.7–0.9
MLDB-001035,SMILES,0.975609756097561,True,0.0919892637505963,≥0.9
MLDB-001039,SMILES,0.7777777777777778,False,0.6947563196417594,0.7–0.9
MLDB-001040,SMILES,0.7777777777777778,False,0.7427563196417595,0.7–0.9
MLDB-001045,SMILES,0.7463414634146341,True,0.828214147891801,0.7–0.9
MLDB-001046,SMILES,0.6507177033492823,True,1.1516667141813417,0.5–0.7
MLDB-001048,SMILES,0.6764705882352942,True,0.2883518685130399,0.5–0.7
MLDB-001071,SMILES,0.8074074074074075,True,0.1043227502769157,0.7–0.9
MLDB-001072,SMILES,0.7657657657657657,True,1.8287471109305795,0.7–0.9
MLDB-001085,SMILES,0.7530864197530864,True,0.0636880008750719,0.7–0.9
MLDB-001095,SMILES,0.8582677165354331,True,0.1277975595981968,0.7–0.9
MLDB-001108,SMILES,0.7710843373493976,True,0.4381523919193471,0.7–0.9
MLDB-001122,SMILES,0.7752808988764045,True,0.6984030892649489,0.7–0.9
MLDB-001149,SMILES,0.6,True,0.1941619421386373,0.5–0.7
MLDB-001151,SMILES,0.6,True,0.5938098033043145,0.5–0.7
MLDB-001153,SMILES,0.6,True,1.0902284425052031,0.5–0.7
MLDB-001155,SMILES,0.9226190476190477,True,0.1847917358983599,≥0.9
MLDB-001180,SMILES,0.7015706806282722,True,0.3591128331318884,0.7–0.9
MLDB-001188,SMILES,0.8409090909090909,True,0.1371338728392925,0.7–0.9
MLDB-001189,SMILES,0.8432835820895522,True,0.4353765085354237,0.7–0.9
MLDB-001200,SMILES,0.8,True,1.273864683259703,0.7–0.9
MLDB-001203,SMILES,0.8099173553719008,True,0.5129653427671217,0.7–0.9
MLDB-001206,SMILES,0.8,True,0.1485963868506497,0.7–0.9
MLDB-001225,SMILES,0.8689655172413793,True,0.2659430865486815,0.7–0.9
MLDB-001227,SMILES,0.8289473684210527,True,0.2287908816468068,0.7–0.9
MLDB-001241,SMILES,0.5789473684210527,True,0.0877695128728905,0.5–0.7
MLDB-001245,SMILES,0.7829457364341085,True,0.1714822613550246,0.7–0.9
MLDB-001251,SMILES,0.8712871287128713,True,0.224790182898545,0.7–0.9
MLDB-001277,SMILES,0.847457627118644,True,0.0544942238548109,0.7–0.9
MLDB-001278,SMILES,0.8791946308724832,True,0.4734288506826627,0.7–0.9
MLDB-001283,SMILES,0.808695652173913,True,0.3799888179561713,0.7–0.9
MLDB-001287,SMILES,0.88,True,0.0555604420374857,0.7–0.9
MLDB-001295,SMILES,0.5061728395061729,True,0.0056020282316965,0.5–0.7
MLDB-001302,SMILES,0.8086124401913876,True,0.1125573734193094,0.7–0.9
MLDB-001316,SMILES,0.8445945945945946,True,0.7717792029776989,0.7–0.9
MLDB-001319,SMILES,0.9166666666666666,True,0.261956044341866,≥0.9
MLDB-001329,SMILES,0.7045454545454546,True,0.7681343308086387,0.7–0.9
MLDB-001333,SMILES,0.7659574468085106,True,0.7553498481246712,0.7–0.9
MLDB-001347,SMILES,0.8518518518518519,True,0.0176423015547897,0.7–0.9
MLDB-001357,SMILES,0.8034188034188035,True,0.4651495111135596,0.7–0.9
MLDB-001374,SMILES,0.6902654867256637,True,0.1415935683182542,0.5–0.7
MLDB-001395,SMILES,0.8943089430894309,True,0.8172530668616022,0.7–0.9
MLDB-001401,SMILES,0.7647058823529411,True,0.7891355841713669,0.7–0.9
MLDB-001402,SMILES,0.84,True,0.2544903886019427,0.7–0.9
MLDB-001404,SMILES,0.84,True,0.6245996273575041,0.7–0.9
MLDB-001410,SMILES,0.89,True,0.5681042522160595,0.7–0.9
MLDB-001411,SMILES,0.6802721088435374,True,0.1475987604636748,0.5–0.7
MLDB-001418,SMILES,0.7457627118644068,True,0.7468747323417633,0.7–0.9
MLDB-001433,SMILES,0.49122807017543857,True,0.2080962671887627,0.3–0.5
MLDB-001437,SMILES,0.7368421052631579,True,0.0101096455713654,0.7–0.9
MLDB-001454,SMILES,0.7792207792207793,True,1.5513947408300377,0.7–0.9
MLDB-001463,SMILES,1.0,True,0.6411721671106752,≥0.9
MLDB-001468,SMILES,0.6631578947368421,True,1.470703569100283,0.5–0.7
MLDB-001472,SMILES,0.7959183673469388,True,0.0899258947758456,0.7–0.9
MLDB-001484,SMILES,1.0,True,0.3390647057772438,≥0.9
MLDB-001509,SMILES,0.6,True,0.1983617812957099,0.5–0.7
MLDB-001541,SMILES,0.8316326530612245,True,0.9636589343207758,0.7–0.9
MLDB-001550,SMILES,1.0,True,0.0947827564401362,≥0.9
MLDB-001583,SMILES,0.8166666666666667,True,0.3159989013818672,0.7–0.9
MLDB-001586,SMILES,0.6617647058823529,True,0.5564983581629179,0.5–0.7
MLDB-001588,SMILES,0.3076923076923077,True,0.4125246464893428,0.3–0.5
MLDB-001596,SMILES,0.5087719298245614,True,0.6143633434546202,0.5–0.7
MLDB-001605,SMILES,0.5894736842105263,True,0.2026066252855542,0.5–0.7
MLDB-001620,SMILES,0.5808823529411765,True,1.3421337802736584,0.5–0.7
MLDB-001630,SMILES,0.873015873015873,True,0.0629097040227342,0.7–0.9
MLDB-001635,SMILES,0.8909090909090909,True,0.264139882957959,0.7–0.9
MLDB-001648,SMILES,0.38461538461538464,True,0.4532638483526257,0.3–0.5
MLDB-001655,SMILES,0.7912087912087912,True,0.24531419290881,0.7–0.9
MLDB-001656,SMILES,0.7333333333333333,True,0.7684439153884417,0.7–0.9
MLDB-001657,SMILES,0.7142857142857143,True,0.678053429987835,0.7–0.9
MLDB-001659,SMILES,0.76,True,0.5724416722226444,0.7–0.9
MLDB-001661,SMILES,0.7402597402597403,True,0.8531389665351856,0.7–0.9
MLDB-001675,SMILES,0.8883248730964467,True,0.1709341629722871,0.7–0.9
MLDB-001676,SMILES,0.8883248730964467,True,0.8981069042404177,0.7–0.9
MLDB-001685,SMILES,1.0,True,0.328827832889325,≥0.9
MLDB-001686,SMILES,1.0,True,0.7209316345782675,≥0.9
MLDB-001706,SMILES,0.512,True,0.708123458421483,0.5–0.7
MLDB-001707,SMILES,0.9622641509433962,True,0.1593722465225329,≥0.9
MLDB-001716,SMILES,0.8977272727272727,True,0.7971283431724595,0.7–0.9
MLDB-001732,SMILES,0.6881720430107527,True,0.3559509927304929,0.5–0.7
MLDB-001738,SMILES,0.7346938775510204,True,1.534392971009475,0.7–0.9
MLDB-001742,SMILES,0.9818181818181818,True,0.545882307491901,≥0.9
MLDB-001745,SMILES,0.75,True,1.3853292329104905,0.7–0.9
MLDB-001746,SMILES,0.75,True,0.0870177019572941,0.7–0.9
MLDB-001770,SMILES,0.35,False,0.5195341221586338,0.3–0.5
MLDB-001771,SMILES,0.35,False,0.7874658778413662,0.3–0.5
MLDB-001775,SMILES,1.0,True,2.0465106546959424,≥0.9
MLDB-001793,SMILES,0.639344262295082,True,0.5357345016635392,0.5–0.7
MLDB-001799,SMILES,0.8686868686868687,True,0.4783855303872497,0.7–0.9
MLDB-001822,SMILES,0.5833333333333334,True,1.3253312367502377,0.5–0.7
MLDB-001832,SMILES,0.6530612244897959,True,0.2862935394714146,0.5–0.7
MLDB-001867,SMILES,0.6470588235294118,True,0.0152183918815034,0.5–0.7
MLDB-001869,SMILES,0.7120418848167539,True,0.1504600558685105,0.7–0.9
MLDB-001877,SMILES,0.9134615384615384,True,0.0575011529731411,≥0.9
MLDB-001883,SMILES,1.0,True,0.5695881874324733,≥0.9
MLDB-001904,SMILES,0.6333333333333333,True,0.9493571902682124,0.5–0.7
MLDB-001905,SMILES,0.8571428571428571,True,0.0702390916115047,0.7–0.9
MLDB-001950,SMILES,0.5617977528089888,True,0.1954802813326919,0.5–0.7
MLDB-001970,SMILES,0.4096045197740113,True,0.1807012988407844,0.3–0.5
MLDB-001990,SMILES,0.5087719298245614,True,0.9643633434546202,0.5–0.7
MLDB-001993,SMILES,0.42857142857142855,True,0.2151955677653501,0.3–0.5
MLDB-001994,SMILES,0.42857142857142855,True,0.5548044322346499,0.3–0.5
MLDB-002013,SMILES,0.8181818181818182,True,0.7687299371118368,0.7–0.9
MLDB-002015,SMILES,0.5087719298245614,True,0.922542327079498,0.5–0.7
MLDB-002021,SMILES,0.7864077669902912,True,0.9369124262974284,0.7–0.9
MLDB-002027,SMILES,0.8205128205128205,True,0.5205279702713016,0.7–0.9
MLDB-002069,SMILES,0.4370860927152318,True,1.568392126937373,0.3–0.5
MLDB-002075,SMILES,0.8292682926829268,True,0.5095752941336721,0.7–0.9
MLDB-002076,SMILES,0.875,True,0.1933778334213922,0.7–0.9
MLDB-002078,SMILES,0.8888888888888888,True,0.1587311707818905,0.7–0.9
MLDB-002095,SMILES,0.7862595419847328,True,0.2094548961391559,0.7–0.9
MLDB-002107,SMILES,0.7444444444444445,True,0.8960367069297476,0.7–0.9
MLDB-002115,SMILES,0.7727272727272727,True,0.0795236939962308,0.7–0.9
MLDB-002127,SMILES,0.8269230769230769,True,0.8938798618541395,0.7–0.9
MLDB-002138,SMILES,0.7608695652173914,True,0.150952099811479,0.7–0.9
MLDB-002167,SMILES,0.5057471264367817,False,0.9766560456494428,0.5–0.7
MLDB-002178,SMILES,0.5087719298245614,True,0.6622220429109921,0.5–0.7
MLDB-002183,SMILES,0.6226415094339622,True,0.1629024462425185,0.5–0.7
MLDB-002185,SMILES,0.75,True,0.4486564826491935,0.7–0.9
MLDB-002188,SMILES,0.9069767441860465,True,0.1213504673835796,≥0.9
MLDB-002196,SMILES,0.7653061224489796,True,0.0488559374547968,0.7–0.9
MLDB-002205,SMILES,0.975609756097561,True,0.5323787851408165,≥0.9
MLDB-002207,SMILES,0.7796610169491526,True,1.0194783335099744,0.7–0.9
MLDB-002211,SMILES,0.975609756097561,True,0.6073191249574558,≥0.9
MLDB-002213,SMILES,0.7796610169491526,True,0.2437154574956238,0.7–0.9
MLDB-002224,SMILES,0.9831932773109243,True,0.2925876111223323,≥0.9
MLDB-002227,SMILES,0.9830508474576272,True,0.1377564530473357,≥0.9
MLDB-002231,SMILES,0.5087719298245614,True,0.6243633434546202,0.5–0.7
MLDB-002245,SMILES,0.7992277992277992,True,0.3703705110011474,0.7–0.9
MLDB-002248,SMILES,0.8,True,0.156855097234331,0.7–0.9
MLDB-002278,SMILES,0.9044117647058824,True,0.6418340604637082,≥0.9
MLDB-002307,SMILES,0.8,True,0.1906119844668956,0.7–0.9
MLDB-002316,SMILES,0.9052631578947369,True,0.4767866137079301,≥0.9
MLDB-002320,SMILES,0.6530612244897959,True,0.4009563474097251,0.5–0.7
MLDB-002321,SMILES,0.7052631578947368,True,0.489482325654634,0.7–0.9
MLDB-002322,SMILES,0.9381443298969072,True,0.6118520778850856,≥0.9
MLDB-002326,SMILES,0.94,True,0.4159105341856863,≥0.9
MLDB-002356,SMILES,0.5,False,2.134999182626405,0.5–0.7
MLDB-002357,SMILES,0.5,False,0.7792509728812327,0.5–0.7
MLDB-002365,SMILES,0.9384615384615385,True,0.0919039497463087,≥0.9
MLDB-002368,SMILES,0.7719298245614035,True,0.2482055254979266,0.7–0.9
MLDB-002381,SMILES,0.6727272727272727,True,0.3398923733905876,0.5–0.7
MLDB-002406,SMILES,0.7464788732394366,True,0.7868105947413285,0.7–0.9
MLDB-002423,SMILES,0.8026315789473685,True,0.276227412425974,0.7–0.9
MLDB-002446,SMILES,0.744,True,0.0989304573406014,0.7–0.9
MLDB-002474,SMILES,0.8976377952755905,True,0.2673524053953613,0.7–0.9
MLDB-002483,SMILES,1.0,True,0.0794985160857477,≥0.9
MLDB-002493,SMILES,0.6938775510204082,True,0.2284097640123308,0.5–0.7
MLDB-002500,SMILES,0.8026315789473685,True,0.3605633904897218,0.7–0.9
MLDB-002503,SMILES,0.7297297297297297,True,0.4341211158293707,0.7–0.9
MLDB-002514,SMILES,0.9905660377358491,True,0.1337875033725413,≥0.9
MLDB-002545,SMILES,1.0,False,0.2448769451614685,≥0.9
MLDB-002551,SMILES,0.9894736842105263,True,0.0269943567081318,≥0.9
MLDB-002557,SMILES,0.39622641509433965,False,1.5134667992819166,0.3–0.5
MLDB-002558,SMILES,0.39622641509433965,False,2.1931638153765576,0.3–0.5
MLDB-002559,SMILES,0.5283018867924528,False,0.9314562953789096,0.5–0.7
MLDB-002560,SMILES,0.6410256410256411,True,0.4656066196230295,0.5–0.7
MLDB-002568,SMILES,0.8452380952380952,True,0.9279278275089626,0.7–0.9
MLDB-002573,SMILES,0.9454545454545454,True,0.2410909161535314,≥0.9
MLDB-002596,SMILES,0.8681318681318682,True,0.7030938181781158,0.7–0.9
MLDB-002611,SMILES,0.9761904761904762,True,0.0694863009903298,≥0.9
MLDB-002628,SMILES,0.7469879518072289,True,0.192129058339234,0.7–0.9
MLDB-002630,SMILES,0.5833333333333334,True,0.281483220245165,0.5–0.7
MLDB-002645,SMILES,0.8235294117647058,True,0.1356950412077611,0.7–0.9
MLDB-002661,SMILES,0.7114427860696517,True,0.2756414129952753,0.7–0.9
MLDB-002677,SMILES,0.740506329113924,True,0.4371838482823658,0.7–0.9
MLDB-002694,SMILES,0.7297297297297297,True,0.3890387279804793,0.7–0.9
MLDB-002701,SMILES,0.8539325842696629,True,0.1045372468306571,0.7–0.9
MLDB-002705,SMILES,0.8992248062015504,True,0.2246198341339006,0.7–0.9
MLDB-002709,SMILES,0.8992248062015504,True,0.4078980112144658,0.7–0.9
MLDB-002718,SMILES,0.8156028368794326,True,0.2300135670319057,0.7–0.9
MLDB-002719,SMILES,0.7614678899082569,True,0.1962593002781261,0.7–0.9
MLDB-002725,SMILES,0.7263157894736842,True,0.3923287748220492,0.7–0.9
MLDB-002732,SMILES,0.8604651162790697,True,0.0905524178203855,0.7–0.9
MLDB-002758,SMILES,0.7142857142857143,True,0.4932770078046302,0.7–0.9
MLDB-002788,SMILES,0.8541666666666666,True,0.5427936735614058,0.7–0.9
MLDB-002800,SMILES,0.43283582089552236,True,0.4958119668128561,0.3–0.5
MLDB-002809,SMILES,0.7413793103448276,True,0.3773544108141909,0.7–0.9
MLDB-002817,SMILES,0.7122641509433962,True,0.0398066833031931,0.7–0.9
MLDB-002822,SMILES,0.5,True,0.6585065505299069,0.5–0.7
MLDB-002835,SMILES,0.8285714285714286,True,0.056134142406082,0.7–0.9
MLDB-002843,SMILES,0.8421052631578947,True,0.3443468207936002,0.7–0.9
MLDB-002846,SMILES,0.8421052631578947,True,0.0233468207936002,0.7–0.9
MLDB-002884,SMILES,0.6,True,1.690708539520961,0.5–0.7
MLDB-002904,SMILES,0.6555555555555556,True,0.2819827654937579,0.5–0.7
MLDB-002909,SMILES,0.6555555555555556,True,0.2819827654937579,0.5–0.7
MLDB-002914,SMILES,0.6555555555555556,True,0.0819827654937581,0.5–0.7
MLDB-002920,SMILES,0.6237623762376238,True,0.0030529907842192,0.5–0.7
MLDB-002938,SMILES,0.751937984496124,True,0.1573708652091901,0.7–0.9
MLDB-002943,SMILES,0.88,True,0.4068383638370907,0.7–0.9
MLDB-002946,SMILES,0.6511627906976745,True,0.0577288559507773,0.5–0.7
MLDB-002950,SMILES,0.6511627906976745,True,0.2913989895985622,0.5–0.7
MLDB-002959,SMILES,0.7446808510638298,True,1.0666629489211743,0.7–0.9
MLDB-002984,SMILES,0.9548872180451128,True,0.1918570753921493,≥0.9
MLDB-003004,SMILES,0.7126436781609196,True,0.79443623253267,0.7–0.9
MLDB-003006,SMILES,0.8043478260869565,True,0.4278579708703227,0.7–0.9
MLDB-003023,SMILES,0.9651741293532339,True,0.3503665994657133,≥0.9
MLDB-003038,SMILES,0.5445544554455446,True,0.232372217984317,0.5–0.7
MLDB-003041,SMILES,0.8260869565217391,True,0.1574654220000875,0.7–0.9
MLDB-003053,SMILES,0.8064516129032258,True,0.5967620498860314,0.7–0.9
MLDB-003059,SMILES,0.449438202247191,False,0.2738014596689171,0.3–0.5
MLDB-003060,SMILES,1.0,False,1.1564358552545029,≥0.9
MLDB-003070,SMILES,0.6792452830188679,True,0.0951335488690018,0.5–0.7
MLDB-003075,SMILES,0.93,True,0.792694790907112,≥0.9
MLDB-003079,SMILES,0.6703296703296703,True,1.9303736511084129,0.5–0.7
MLDB-003088,SMILES,0.5294117647058824,True,0.0364993825404129,0.5–0.7
MLDB-003098,SMILES,0.8105263157894737,True,0.5369162598115553,0.7–0.9
MLDB-003113,SMILES,0.7611940298507462,True,0.2456033765640837,0.7–0.9
MLDB-003116,SMILES,1.0,True,0.1945727005181941,≥0.9
MLDB-003120,SMILES,0.788235294117647,True,0.5564707283197434,0.7–0.9
MLDB-003127,SMILES,1.0,True,0.0235301596406352,≥0.9
MLDB-003132,SMILES,0.7241379310344828,True,0.9386214826419949,0.7–0.9
MLDB-003135,SMILES,0.7021276595744681,True,0.0755882922297345,0.7–0.9
MLDB-003161,SMILES,0.7227722772277227,True,0.565430152106015,0.7–0.9
MLDB-003200,SMILES,0.8554216867469879,True,0.3085367349164047,0.7–0.9
MLDB-003225,SMILES,0.39603960396039606,False,2.09465390074294,0.3–0.5
MLDB-003226,SMILES,0.39603960396039606,False,1.7612825694647052,0.3–0.5
MLDB-003231,SMILES,0.753968253968254,True,0.0837531474257027,0.7–0.9
MLDB-003246,SMILES,0.8305084745762712,True,0.0749129317974271,0.7–0.9
MLDB-003256,SMILES,0.7439024390243902,True,0.4782264616066825,0.7–0.9
MLDB-003294,SMILES,0.7692307692307693,True,0.563652958374639,0.7–0.9
MLDB-003297,SMILES,0.8235294117647058,True,0.2594258504679428,0.7–0.9
MLDB-003301,SMILES,0.9425287356321839,True,0.1684474359215436,≥0.9
MLDB-003305,SMILES,0.7966101694915254,True,0.3197590258526703,0.7–0.9
MLDB-003309,SMILES,0.7475728155339806,True,0.0398313524438278,0.7–0.9
MLDB-003335,SMILES,0.7383177570093458,True,0.254344256329006,0.7–0.9
MLDB-003337,SMILES,0.9384615384615385,True,0.2413600342986119,≥0.9
MLDB-003389,SMILES,0.8823529411764706,True,0.0477702160603752,0.7–0.9
MLDB-003392,SMILES,0.9759036144578314,True,0.0311748206380857,≥0.9
MLDB-003398,SMILES,0.9,True,0.5737975938175216,≥0.9
MLDB-003404,SMILES,0.9,True,0.1485553919002642,≥0.9
MLDB-003406,SMILES,1.0,True,0.2704508380339195,≥0.9
MLDB-003407,SMILES,0.8571428571428571,True,1.4870178349976015,0.7–0.9
MLDB-003464,SMILES,0.6697247706422018,True,0.6478684369815615,0.5–0.7
MLDB-003470,SMILES,0.7096774193548387,True,0.7822322231481542,0.7–0.9
MLDB-003478,SMILES,0.8289473684210527,True,0.1087780175070018,0.7–0.9
MLDB-003483,SMILES,0.8838174273858921,True,0.617178798729064,0.7–0.9
MLDB-003489,SMILES,0.6440677966101694,True,0.0192498276752355,0.5–0.7
MLDB-003497,SMILES,0.8928571428571429,True,0.27919060850422,0.7–0.9
MLDB-003504,SMILES,0.79,True,0.4069743672842948,0.7–0.9
MLDB-003515,SMILES,0.9299610894941635,True,0.1466964333566396,≥0.9
MLDB-003525,SMILES,0.8734177215189873,True,0.064743710768,0.7–0.9
MLDB-003544,SMILES,0.9108910891089109,True,0.3107569124049653,≥0.9
MLDB-003547,SMILES,0.9033816425120773,True,0.30822753997751,≥0.9
MLDB-003549,SMILES,0.7398373983739838,True,0.4938087245379373,0.7–0.9
MLDB-003554,SMILES,0.8739495798319328,True,0.0715110876319664,0.7–0.9
MLDB-003563,SMILES,0.6880733944954128,True,0.1929454077608616,0.5–0.7
MLDB-003564,SMILES,0.6330275229357798,True,0.1746739453895376,0.5–0.7
MLDB-003574,SMILES,0.4222222222222222,True,0.3122201247877302,0.3–0.5
MLDB-003578,SMILES,0.8387096774193549,True,1.084277018544434,0.7–0.9
MLDB-003584,SMILES,0.8445945945945946,True,0.7802630176183017,0.7–0.9
MLDB-003601,SMILES,0.7959183673469388,True,0.3532325762524224,0.7–0.9
MLDB-003624,SMILES,0.8947368421052632,True,0.0993344832832878,0.7–0.9
MLDB-003635,SMILES,0.975,True,0.2637489126262058,≥0.9
MLDB-003646,SMILES,0.8717948717948718,True,0.5933908073955844,0.7–0.9
MLDB-003657,SMILES,0.8818181818181818,True,0.8106764913371024,0.7–0.9
MLDB-003661,SMILES,0.72,True,0.4934115430058284,0.7–0.9
MLDB-003666,SMILES,0.8214285714285714,True,0.5789229148536306,0.7–0.9
MLDB-003669,SMILES,0.8207547169811321,True,0.2249587852801999,0.7–0.9
MLDB-003680,SMILES,0.9047619047619048,True,0.3291970021986578,≥0.9
MLDB-003682,SMILES,0.9069767441860465,True,0.0420686990217715,≥0.9
MLDB-003691,SMILES,0.8811881188118812,True,0.2035191850862895,0.7–0.9
MLDB-003701,SMILES,0.9183673469387755,True,0.0192440609244679,≥0.9
MLDB-003709,SMILES,0.9120879120879121,True,0.2319646121734564,≥0.9
MLDB-003733,SMILES,0.7605633802816901,True,0.8306481838100612,0.7–0.9
MLDB-003749,SMILES,0.8137254901960784,True,0.6298430461225728,0.7–0.9
MLDB-003763,SMILES,0.9829059829059829,True,0.5799407500476113,≥0.9
MLDB-003769,SMILES,0.8387096774193549,True,0.2572674734658067,0.7–0.9
MLDB-003774,SMILES,0.7659574468085106,True,0.1624798987544218,0.7–0.9
MLDB-003775,SMILES,0.7720588235294118,True,0.2262428718767544,0.7–0.9
MLDB-003776,SMILES,0.7720588235294118,True,0.572086443008359,0.7–0.9
MLDB-003777,SMILES,0.7720588235294118,True,1.0137875872491646,0.7–0.9
MLDB-003787,SMILES,0.5396825396825397,False,0.5350551609817086,0.5–0.7
MLDB-003789,SMILES,0.7720588235294118,True,0.4184015645792714,0.7–0.9
MLDB-003807,SMILES,0.6944444444444444,True,0.9655122262408358,0.5–0.7
MLDB-003808,SMILES,0.5681818181818182,True,1.6501669998074064,0.5–0.7
MLDB-003818,SMILES,0.8488372093023255,True,0.1763517962658121,0.7–0.9
MLDB-003826,SMILES,0.8482142857142857,True,0.6137967824599194,0.7–0.9
MLDB-003839,SMILES,0.7788461538461539,True,0.6928337058167382,0.7–0.9
MLDB-003844,SMILES,0.863905325443787,True,0.2852540321959063,0.7–0.9
MLDB-003857,SMILES,0.7910447761194029,True,0.339047008100273,0.7–0.9
MLDB-003873,SMILES,0.7227722772277227,True,0.0199242359325084,0.7–0.9
MLDB-003876,SMILES,0.6710526315789473,True,1.089472038784664,0.5–0.7
MLDB-003888,SMILES,0.7625,True,0.4927470309990649,0.7–0.9
MLDB-003906,SMILES,0.8513513513513513,True,0.4649440906760748,0.7–0.9
MLDB-003921,SMILES,0.8558558558558559,True,0.3723316580250072,0.7–0.9
MLDB-003932,SMILES,0.768595041322314,True,0.4341619635574376,0.7–0.9
MLDB-003933,SMILES,0.7142857142857143,True,1.258954352088288,0.7–0.9
MLDB-003939,SMILES,0.9438202247191011,True,0.0524148999990232,≥0.9
MLDB-003940,SMILES,0.9438202247191011,True,0.0019303082699727,≥0.9
MLDB-003941,SMILES,0.9438202247191011,True,0.0104021350006442,≥0.9
MLDB-003951,SMILES,0.7888888888888889,True,0.0249129934438103,0.7–0.9
MLDB-003952,SMILES,0.7717391304347826,True,0.6588934182054276,0.7–0.9
MLDB-003957,SMILES,0.6888888888888889,True,0.7426625511111076,0.5–0.7
MLDB-003963,SMILES,1.0,True,0.1731688636683788,≥0.9
MLDB-003973,SMILES,0.746268656716418,True,1.1512517844746306,0.7–0.9
MLDB-003980,SMILES,0.8295454545454546,True,0.6285412009999263,0.7–0.9
MLDB-003985,SMILES,0.6923076923076923,True,0.2366151969537954,0.5–0.7
MLDB-003988,SMILES,0.6923076923076923,True,0.3712523964845613,0.5–0.7
MLDB-003994,SMILES,0.784037558685446,True,0.5672632579415551,0.7–0.9
MLDB-003996,SMILES,0.7092511013215859,True,0.2872226948103231,0.7–0.9
MLDB-004040,SMILES,0.8762886597938144,True,0.5827209295929459,0.7–0.9
MLDB-004051,SMILES,0.7857142857142857,True,0.1959596321861181,0.7–0.9
MLDB-004098,SMILES,0.7602339181286549,True,0.5212697191995112,0.7–0.9
MLDB-004111,SMILES,0.8445945945945946,True,0.0974355080123248,0.7–0.9
MLDB-004114,SMILES,0.9166666666666666,True,0.2284332573723781,≥0.9
MLDB-004128,SMILES,0.7912087912087912,True,0.0738966554375255,0.7–0.9
MLDB-004129,SMILES,0.7333333333333333,True,1.2549970757840712,0.7–0.9
MLDB-004140,SMILES,0.8601398601398601,True,0.2593574499007156,0.7–0.9
MLDB-004148,SMILES,0.6289308176100629,True,0.6228168926805236,0.5–0.7
MLDB-004152,SMILES,0.717741935483871,True,2.5181832428060806,0.7–0.9
MLDB-004160,SMILES,0.888268156424581,True,0.8186600513401788,0.7–0.9
MLDB-004185,SMILES,0.8775510204081632,True,0.0611619181880129,0.7–0.9
MLDB-004189,SMILES,0.8068181818181818,True,0.7062905763096539,0.7–0.9
MLDB-004213,SMILES,0.7142857142857143,True,0.3759950452512486,0.7–0.9
MLDB-004216,SMILES,0.6984126984126984,True,0.4586562686290926,0.5–0.7
MLDB-004223,SMILES,0.6326530612244898,True,0.8226461398938775,0.5–0.7
MLDB-004248,SMILES,0.8787878787878788,True,0.154662438924805,0.7–0.9
MLDB-004262,SMILES,0.64,True,0.6931882414123587,0.5–0.7
MLDB-004263,SMILES,0.3157894736842105,True,1.5783878464174166,0.3–0.5
MLDB-004269,SMILES,0.8382352941176471,True,0.3967422350121337,0.7–0.9
MLDB-004272,SMILES,0.849624060150376,True,0.1140972964306638,0.7–0.9
MLDB-004280,SMILES,0.7938144329896907,True,0.686621571519267,0.7–0.9
MLDB-004292,SMILES,0.5485232067510548,True,1.2493658421247713,0.5–0.7
MLDB-004293,SMILES,0.42628205128205127,True,0.4041727404606413,0.3–0.5
MLDB-004299,SMILES,0.7131147540983607,True,0.1953017486741792,0.7–0.9
MLDB-004325,SMILES,0.8736842105263158,True,0.1305831009609024,0.7–0.9
MLDB-004341,SMILES,0.9805825242718447,True,0.4605602499362137,≥0.9
MLDB-004397,SMILES,0.7720588235294118,True,0.45127085338869,0.7–0.9
MLDB-004405,SMILES,0.8888888888888888,True,0.4392728246212054,0.7–0.9
MLDB-004442,SMILES,0.6375,True,0.8082064826773685,0.5–0.7
MLDB-004443,SMILES,0.824,True,1.2912135440830566,0.7–0.9
MLDB-004444,SMILES,0.824,True,0.9373141426208283,0.7–0.9
MLDB-004445,SMILES,0.824,True,0.3323804866063184,0.7–0.9
MLDB-004446,SMILES,0.824,True,0.5533235440830565,0.7–0.9
MLDB-004448,SMILES,0.7946428571428571,True,0.5606678251052877,0.7–0.9
MLDB-004474,SMILES,0.8695652173913043,True,0.2681415134540832,0.7–0.9
MLDB-004475,SMILES,0.8695652173913043,True,0.2864050327543653,0.7–0.9
MLDB-004484,SMILES,0.8846153846153846,True,0.044010808619519,0.7–0.9
MLDB-004485,SMILES,0.8846153846153846,True,0.7763724403471569,0.7–0.9
MLDB-004488,SMILES,0.8846153846153846,True,0.3452118152297696,0.7–0.9
MLDB-004489,SMILES,0.8846153846153846,True,2.4220029974910076,0.7–0.9
MLDB-004506,SMILES,0.84,True,0.0950921977598899,0.7–0.9
MLDB-004507,SMILES,0.88,True,0.4489588646667681,0.7–0.9
MLDB-004521,SMILES,0.7912087912087912,True,0.7333486827523715,0.7–0.9
MLDB-004524,SMILES,0.8051948051948052,True,0.6420542068171696,0.7–0.9
MLDB-004544,SMILES,0.7945205479452054,True,0.0203621482483582,0.7–0.9
MLDB-004550,SMILES,0.8563218390804598,True,0.6656012739468452,0.7–0.9
MLDB-004552,SMILES,0.7225433526011561,True,0.3201548000895212,0.7–0.9
MLDB-004554,SMILES,0.7225433526011561,True,0.4118539861827731,0.7–0.9
MLDB-004565,SMILES,0.8305084745762712,True,0.5804639235264527,0.7–0.9
MLDB-004573,SMILES,0.8082901554404145,True,0.3405237957865846,0.7–0.9
MLDB-004575,SMILES,0.832579185520362,True,0.2802642769835193,0.7–0.9
MLDB-004587,SMILES,0.6774193548387096,True,1.893006190906315,0.5–0.7
MLDB-004590,SMILES,0.9105263157894737,True,1.1059376374672445,≥0.9
MLDB-004627,SMILES,0.956989247311828,True,0.5389208851442269,≥0.9
MLDB-004633,SMILES,0.8475609756097561,True,0.2564796979309612,0.7–0.9
MLDB-004650,SMILES,0.8904109589041096,True,0.440078437456198,0.7–0.9
MLDB-004652,SMILES,0.8712871287128713,True,0.8889871600720511,0.7–0.9
MLDB-004669,SMILES,0.84,True,0.3145993934100132,0.7–0.9
MLDB-004682,SMILES,0.22319474835886213,False,0.8289078094279877,<0.3
MLDB-004688,SMILES,0.6818181818181818,True,0.7967373930830558,0.5–0.7
MLDB-004709,SMILES,0.7515527950310559,True,0.7960661043964524,0.7–0.9
MLDB-004716,SMILES,0.7727272727272727,True,0.3383500960199697,0.7–0.9
MLDB-004728,SMILES,0.9158415841584159,True,0.1419633950783594,≥0.9
MLDB-004737,SMILES,0.7706422018348624,True,0.536028935370762,0.7–0.9
MLDB-004738,SMILES,0.8826530612244898,True,0.0934431809446874,0.7–0.9
MLDB-004748,SMILES,0.48223350253807107,True,0.3010870253640554,0.3–0.5
MLDB-004749,SMILES,0.712,True,0.9837878535054592,0.7–0.9
MLDB-004762,SMILES,0.8560606060606061,True,0.0883057601158756,0.7–0.9
MLDB-004767,SMILES,0.48,True,0.857798354814922,0.3–0.5
MLDB-004793,SMILES,0.7307692307692307,True,0.1683247085186354,0.7–0.9
MLDB-004799,SMILES,0.9178082191780822,True,0.4638123023989988,≥0.9
MLDB-004804,SMILES,0.9847328244274809,True,1.1785914952806034,≥0.9
MLDB-004835,SMILES,1.0,True,0.0655634231529074,≥0.9
MLDB-004861,SMILES,0.7837837837837838,True,0.0240220972440852,0.7–0.9
MLDB-004879,SMILES,0.8082191780821918,True,0.3402010501295593,0.7–0.9
MLDB-004887,SMILES,0.8715596330275229,True,0.9216517532200296,0.7–0.9
MLDB-004889,SMILES,0.5119047619047619,True,1.1827773022179913,0.5–0.7
MLDB-004903,SMILES,0.39080459770114945,False,3.3611714963472665,0.3–0.5
MLDB-004905,SMILES,0.3673469387755102,True,0.3189272962948923,0.3–0.5
MLDB-004923,SMILES,0.5168539325842697,False,2.5352423771036623,0.5–0.7
MLDB-004926,SMILES,0.9444444444444444,True,0.3937587625689653,≥0.9
MLDB-004933,SMILES,0.9662921348314607,True,1.0601804339085017,≥0.9
MLDB-004945,SMILES,0.7702702702702703,True,0.5954527946875716,0.7–0.9
MLDB-004948,SMILES,0.6721311475409836,True,0.650339458388574,0.5–0.7
MLDB-004984,SMILES,0.7619047619047619,True,0.0067873603645611,0.7–0.9
MLDB-004997,SMILES,0.615819209039548,True,1.2447099943751758,0.5–0.7
MLDB-004998,SMILES,0.3983739837398374,True,1.1338555703984552,0.3–0.5
MLDB-005014,SMILES,0.8993288590604027,True,0.3878599019460562,0.7–0.9
MLDB-005018,SMILES,0.9014084507042254,True,0.4503839688682687,≥0.9
MLDB-005020,SMILES,0.9014084507042254,True,0.1184753662268044,≥0.9
MLDB-005022,SMILES,0.8774193548387097,True,0.7714410259151624,0.7–0.9
MLDB-005033,SMILES,0.9723502304147466,True,0.4192844707982746,≥0.9
MLDB-005036,SMILES,0.9693877551020408,True,0.2008855136332274,≥0.9
MLDB-005039,SMILES,0.9693877551020408,True,0.0008855136332273,≥0.9
MLDB-005041,SMILES,0.8135593220338984,True,0.2136015950838572,0.7–0.9
MLDB-005050,SMILES,0.7747747747747747,True,0.081565808095825,0.7–0.9
MLDB-005061,SMILES,0.7428571428571429,True,0.3017944550380835,0.7–0.9
MLDB-005065,SMILES,0.8767123287671232,True,0.0180695408289988,0.7–0.9
MLDB-005082,SMILES,0.8192771084337349,True,0.6794858781234137,0.7–0.9
MLDB-005086,SMILES,0.5245283018867924,True,0.8241388646578993,0.5–0.7
MLDB-005087,SMILES,0.9142857142857143,True,0.3828292074425188,≥0.9
MLDB-005089,SMILES,0.8165137614678899,True,0.4518551579732164,0.7–0.9
MLDB-005091,SMILES,0.8705882352941177,True,0.0114182819168169,0.7–0.9
MLDB-005097,SMILES,0.9090909090909091,True,0.0949523517122804,≥0.9
MLDB-005108,SMILES,0.69,True,0.541708326686474,0.5–0.7
MLDB-005127,SMILES,0.5609756097560976,False,0.3621743659851173,0.5–0.7
MLDB-005158,SMILES,0.7857142857142857,True,0.7547278012551819,0.7–0.9
MLDB-000047,DOI,0.625,False,0.7562607983150761,0.5–0.7
MLDB-000213,DOI,0.7297297297297297,False,0.1812387707248423,0.7–0.9
MLDB-000214,DOI,0.6129032258064516,False,1.5715322477509897,0.5–0.7
MLDB-000215,DOI,0.5466666666666666,False,2.153184634287216,0.5–0.7
MLDB-000216,DOI,0.7735849056603774,False,1.6872384074876037,0.7–0.9
MLDB-000239,DOI,0.7365591397849462,False,0.4168589116926282,0.7–0.9
MLDB-000240,DOI,0.7438423645320197,False,0.0934478547785795,0.7–0.9
MLDB-000360,DOI,0.7032967032967034,False,0.3636841652401744,0.7–0.9
MLDB-000402,DOI,0.6267942583732058,False,0.0246652698492918,0.5–0.7
MLDB-000403,DOI,0.660377358490566,False,0.025923133201709,0.5–0.7
MLDB-000563,DOI,0.4117647058823529,False,0.3670345886665819,0.3–0.5
MLDB-000564,DOI,0.42424242424242425,False,0.2097560132588349,0.3–0.5
MLDB-000565,DOI,0.3333333333333333,False,2.0610831334371205,0.3–0.5
MLDB-000960,DOI,0.8223350253807107,False,0.0436080821301531,0.7–0.9
MLDB-000961,DOI,0.7574257425742574,False,0.5498557446430345,0.7–0.9
MLDB-001102,DOI,0.49387755102040815,False,1.1127546781967057,0.3–0.5
MLDB-001103,DOI,0.6137931034482759,False,1.866745479011104,0.5–0.7
MLDB-001104,DOI,0.3333333333333333,False,1.847711761908056,0.3–0.5
MLDB-001195,DOI,0.37083333333333335,False,0.1222694007666915,0.3–0.5
MLDB-001250,DOI,0.643979057591623,False,1.3145412933328713,0.5–0.7
MLDB-001251,DOI,0.6238532110091743,False,1.0971361132140824,0.5–0.7
MLDB-001252,DOI,0.63,False,0.9625558706480752,0.5–0.7
MLDB-001253,DOI,0.6067961165048543,False,0.8150124701338076,0.5–0.7
MLDB-001254,DOI,0.6611570247933884,False,0.985800475623884,0.5–0.7
MLDB-001255,DOI,0.3333333333333333,False,1.9110831334371208,0.3–0.5
MLDB-001284,DOI,0.4304635761589404,False,0.2658231337320998,0.3–0.5
MLDB-001285,DOI,0.4397590361445783,False,0.0763417966117659,0.3–0.5
MLDB-001293,DOI,0.5285714285714286,False,0.3080769239919823,0.5–0.7
MLDB-001294,DOI,0.45454545454545453,False,0.518907836383437,0.3–0.5
MLDB-001295,DOI,0.4935064935064935,False,0.3034617773878013,0.3–0.5
MLDB-001296,DOI,0.5,False,1.5884678267225387,0.5–0.7
MLDB-001390,DOI,0.9882352941176471,False,0.2851220743160427,≥0.9
MLDB-001391,DOI,0.875,False,1.630837866160844,0.7–0.9
MLDB-001392,DOI,0.6888888888888889,False,0.7598636553184618,0.5–0.7
MLDB-001458,DOI,0.8228571428571428,False,0.3675241010970553,0.7–0.9
MLDB-001459,DOI,0.8287292817679558,False,0.0540769477546836,0.7–0.9
MLDB-001567,DOI,0.6714285714285714,False,0.4924385952349129,0.5–0.7
MLDB-001568,DOI,0.6714285714285714,False,0.5311444745726572,0.5–0.7
MLDB-001569,DOI,0.3333333333333333,False,2.2707590851936628,0.3–0.5
MLDB-001575,DOI,0.3333333333333333,False,2.1707590851936627,0.3–0.5
MLDB-001576,DOI,0.42857142857142855,False,0.7208674353865605,0.3–0.5
MLDB-001577,DOI,0.415929203539823,False,0.8794570372111792,0.3–0.5
MLDB-001590,DOI,0.26666666666666666,False,0.5244034219925157,<0.3
MLDB-001591,DOI,0.26666666666666666,False,0.3139914303379411,<0.3
MLDB-001592,DOI,0.2857142857142857,False,0.372067718671291,<0.3
MLDB-001593,DOI,0.2808988764044944,False,0.1649636174077697,<0.3
MLDB-001594,DOI,0.2967741935483871,False,0.2540971962602699,<0.3
MLDB-001595,DOI,0.3333333333333333,False,2.1010831334371205,0.3–0.5
MLDB-001596,DOI,0.38571428571428573,False,0.2176683214157319,0.3–0.5
MLDB-001623,DOI,0.6666666666666666,False,0.7283061959460166,0.5–0.7
MLDB-001624,DOI,0.5517241379310345,False,0.836667965266704,0.5–0.7
MLDB-001625,DOI,0.5272727272727272,False,0.0161926438964908,0.5–0.7
MLDB-001626,DOI,0.5,False,0.4507166512113519,0.5–0.7
MLDB-001627,DOI,0.3333333333333333,False,1.5707590851936628,0.3–0.5
MLDB-001628,DOI,0.5057471264367817,False,1.2789026967258947,0.5–0.7
MLDB-001629,DOI,0.5783132530120482,False,1.283609030280536,0.5–0.7
MLDB-001630,DOI,0.5432098765432098,False,0.5575048546990851,0.5–0.7
MLDB-001631,DOI,0.6233766233766234,False,0.9257564449480992,0.5–0.7
MLDB-001632,DOI,0.5362318840579711,False,0.9736853234450236,0.5–0.7
MLDB-001633,DOI,0.5194805194805194,False,1.0230845949354013,0.5–0.7
MLDB-001634,DOI,0.48,False,0.4445930564197793,0.3–0.5
MLDB-001635,DOI,0.5633802816901409,False,0.9566670414622276,0.5–0.7
MLDB-001636,DOI,0.43548387096774194,False,0.9680828808160152,0.3–0.5
MLDB-001637,DOI,0.5232558139534884,False,1.1194422474149346,0.5–0.7
MLDB-001638,DOI,0.5232558139534884,False,1.0093669398856318,0.5–0.7
MLDB-001639,DOI,0.5625,False,0.4048210819224474,0.5–0.7
MLDB-001640,DOI,0.5625,False,0.5720021007866356,0.5–0.7
MLDB-001641,DOI,0.5555555555555556,False,0.98901385087959,0.5–0.7
MLDB-001642,DOI,0.5555555555555556,False,1.1623829679132065,0.5–0.7
MLDB-001643,DOI,0.6060606060606061,False,0.33069140032461,0.5–0.7
MLDB-001644,DOI,0.6060606060606061,False,0.5047607923156614,0.5–0.7
MLDB-001645,DOI,0.7142857142857143,False,0.269731397847139,0.7–0.9
MLDB-001646,DOI,0.6363636363636364,False,0.7134696949020597,0.5–0.7
MLDB-001647,DOI,0.7142857142857143,False,0.1242686021528609,0.7–0.9
MLDB-001723,DOI,0.5684210526315789,False,0.5086496206061258,0.5–0.7
MLDB-001724,DOI,0.5684210526315789,False,0.7794713271853932,0.5–0.7
MLDB-001725,DOI,0.676056338028169,False,1.4504888985493285,0.5–0.7
MLDB-001726,DOI,0.4473684210526316,False,0.281618671480329,0.3–0.5
MLDB-001733,DOI,0.509090909090909,False,1.415110205440877,0.5–0.7
MLDB-001734,DOI,0.4,False,1.6316921802479636,0.3–0.5
MLDB-001735,DOI,0.5287356321839081,False,1.5269563326782716,0.5–0.7
MLDB-001736,DOI,0.7912087912087912,False,0.6543715844936774,0.7–0.9
MLDB-001737,DOI,0.6857142857142857,False,0.7829207147749662,0.5–0.7
MLDB-001738,DOI,0.6857142857142857,False,1.9154289056876943,0.5–0.7
MLDB-001739,DOI,0.6804123711340206,False,1.9186165918057765,0.5–0.7
MLDB-001740,DOI,0.43548387096774194,False,0.7670677847933567,0.3–0.5
MLDB-001790,DOI,0.2153846153846154,False,0.3066470432178565,<0.3
MLDB-001791,DOI,0.2682926829268293,False,0.2090221101728941,<0.3
MLDB-001792,DOI,0.3488372093023256,False,0.1810644832208441,0.3–0.5
MLDB-001793,DOI,0.3188405797101449,False,0.5957285928673333,0.3–0.5
MLDB-001794,DOI,0.3188405797101449,False,0.0774807319811393,0.3–0.5
MLDB-001795,DOI,0.3333333333333333,False,2.2707590851936628,0.3–0.5
MLDB-001796,DOI,0.4105263157894737,False,1.160419138579052,0.3–0.5
MLDB-001806,DOI,0.7142857142857143,False,0.9499372053748796,0.7–0.9
MLDB-001807,DOI,0.42702702702702705,False,0.0647692931940997,0.3–0.5
MLDB-001808,DOI,0.41361256544502617,False,1.051147316526295,0.3–0.5
MLDB-001831,DOI,0.7142857142857143,False,1.0899372053748797,0.7–0.9
MLDB-001832,DOI,0.46938775510204084,False,0.0382669776075754,0.3–0.5
MLDB-001833,DOI,0.45098039215686275,False,0.3281980011472979,0.3–0.5
MLDB-001834,DOI,0.3968253968253968,False,0.7227434042599383,0.3–0.5
MLDB-001835,DOI,0.4107142857142857,False,1.409513434341593,0.3–0.5
MLDB-001836,DOI,0.5333333333333333,False,0.4731569851639937,0.5–0.7
MLDB-001837,DOI,0.3888888888888889,False,0.2247413119221634,0.3–0.5
MLDB-001838,DOI,0.34210526315789475,False,1.17408696494701,0.3–0.5
MLDB-001839,DOI,0.375,False,1.2075397285075664,0.3–0.5
MLDB-001840,DOI,0.5151515151515151,False,0.1215556590734615,0.5–0.7
MLDB-001841,DOI,0.6666666666666666,False,0.1440973517611736,0.5–0.7
MLDB-001842,DOI,0.569620253164557,False,0.3058659132281293,0.5–0.7
MLDB-001843,DOI,0.6956521739130435,False,0.8494371146609558,0.5–0.7
MLDB-001844,DOI,0.5714285714285714,False,0.9483595791673654,0.5–0.7
MLDB-001845,DOI,0.3333333333333333,False,1.9463178927615443,0.3–0.5
MLDB-001846,DOI,0.35714285714285715,False,1.9452486866276435,0.3–0.5
MLDB-001847,DOI,0.3333333333333333,False,0.5164294575597708,0.3–0.5
MLDB-001848,DOI,0.3411764705882353,False,0.3640131295683858,0.3–0.5
MLDB-001849,DOI,0.3404255319148936,False,0.8870077734723333,0.3–0.5
MLDB-001850,DOI,0.3404255319148936,False,1.2550000793111376,0.3–0.5
MLDB-001851,DOI,0.36082474226804123,False,1.951071265681844,0.3–0.5
MLDB-001852,DOI,0.3548387096774194,False,0.2895595503272596,0.3–0.5
MLDB-001853,DOI,0.38461538461538464,False,0.3133819594197943,0.3–0.5
MLDB-001854,DOI,0.2916666666666667,False,1.5268196945323158,<0.3
MLDB-001855,DOI,0.5333333333333333,False,0.5831569851639937,0.5–0.7
MLDB-001856,DOI,0.5151515151515151,False,0.2115556590734615,0.5–0.7
MLDB-001857,DOI,0.5373134328358209,False,0.105515474369292,0.5–0.7
MLDB-001858,DOI,0.4925373134328358,False,0.1757640609158153,0.3–0.5
MLDB-001859,DOI,0.4657534246575342,False,0.7467240505792886,0.3–0.5
MLDB-001860,DOI,0.5373134328358209,False,0.3265551133384547,0.5–0.7
MLDB-001861,DOI,0.5373134328358209,False,0.3810835389619028,0.5–0.7
MLDB-001862,DOI,0.5373134328358209,False,0.7159633246196,0.5–0.7
MLDB-001863,DOI,0.5892857142857143,False,0.2516994618231325,0.5–0.7
MLDB-001864,DOI,0.46774193548387094,False,0.1131715546001157,0.3–0.5
MLDB-001865,DOI,0.8085106382978723,False,0.3239680436902833,0.7–0.9
MLDB-001866,DOI,0.40789473684210525,False,0.2052990516326824,0.3–0.5
MLDB-001867,DOI,0.3787878787878788,False,0.0320747605774635,0.3–0.5
MLDB-001871,DOI,0.49056603773584906,False,0.7952204760079342,0.3–0.5
MLDB-001872,DOI,0.5225225225225225,False,0.8003560544765317,0.5–0.7
MLDB-001873,DOI,0.5378151260504201,False,0.997690229447435,0.5–0.7
MLDB-001874,DOI,0.5241935483870968,False,0.7637909765160698,0.5–0.7
MLDB-001875,DOI,0.5,False,0.9011229680162938,0.5–0.7
MLDB-001876,DOI,0.4636363636363636,False,0.4509370985199719,0.3–0.5
MLDB-001877,DOI,0.4915254237288136,False,0.8084091841282562,0.3–0.5
MLDB-001878,DOI,0.5079365079365079,False,1.0775841223726983,0.5–0.7
MLDB-001879,DOI,0.4961832061068702,False,0.7323317526371564,0.3–0.5
MLDB-001880,DOI,0.4744525547445255,False,0.7322211130587614,0.3–0.5
MLDB-001881,DOI,0.43548387096774194,False,0.4380828808160152,0.3–0.5
MLDB-001882,DOI,0.3333333333333333,False,2.166317892761545,0.3–0.5
MLDB-001883,DOI,0.37373737373737376,False,0.6341663759984182,0.3–0.5
MLDB-001884,DOI,0.37373737373737376,False,0.5041663759984181,0.3–0.5
MLDB-001885,DOI,0.2807017543859649,False,0.271505356940842,<0.3
MLDB-001886,DOI,0.2537313432835821,False,0.2986982213074101,<0.3
MLDB-001887,DOI,0.2537313432835821,False,0.0886982213074101,<0.3
MLDB-001888,DOI,0.2786885245901639,False,0.2752215895936095,<0.3
MLDB-001889,DOI,0.2786885245901639,False,0.2052215895936095,<0.3
MLDB-001890,DOI,0.24615384615384617,False,1.0896135256272468,<0.3
MLDB-001891,DOI,0.24615384615384617,False,0.8796135256272468,<0.3
MLDB-001892,DOI,0.3333333333333333,False,2.161083133437121,0.3–0.5
MLDB-001893,DOI,0.17647058823529413,False,2.9153786460758444,<0.3
MLDB-001894,DOI,0.4,False,2.4378263278792716,0.3–0.5
MLDB-001895,DOI,0.2222222222222222,False,1.1507021225704783,<0.3
MLDB-001896,DOI,0.40654205607476634,False,4.094752538161927,0.3–0.5
MLDB-001897,DOI,0.3936651583710407,False,3.338782391902186,0.3–0.5
MLDB-001898,DOI,0.38839285714285715,False,2.944042650407492,0.3–0.5
MLDB-001899,DOI,0.3815789473684211,False,2.1033551511180586,0.3–0.5
MLDB-001900,DOI,0.38495575221238937,False,1.9226732752827305,0.3–0.5
MLDB-001901,DOI,0.3333333333333333,False,2.0107590851936625,0.3–0.5
MLDB-001902,DOI,0.3333333333333333,False,2.1963178927615448,0.3–0.5
MLDB-001903,DOI,0.59375,False,1.7534433935264584,0.5–0.7
MLDB-001904,DOI,0.48717948717948717,False,1.8443396153628528,0.3–0.5
MLDB-001905,DOI,0.33783783783783783,False,0.7188647558485942,0.3–0.5
MLDB-001906,DOI,0.32954545454545453,False,1.3622728222795966,0.3–0.5
MLDB-001907,DOI,0.32989690721649484,False,2.1182517347997862,0.3–0.5
MLDB-001908,DOI,0.2857142857142857,False,1.616515007324368,<0.3
MLDB-001911,DOI,0.7142857142857143,False,0.9999372053748794,0.7–0.9
MLDB-001912,DOI,0.10909090909090909,False,0.5245891306182007,<0.3
MLDB-001913,DOI,0.12903225806451613,False,0.4963516847769504,<0.3
MLDB-001914,DOI,0.1016949152542373,False,0.8378664293938021,<0.3
MLDB-001915,DOI,0.09848484848484848,False,0.8733862370262482,<0.3
MLDB-001916,DOI,0.14634146341463414,False,0.8082676419069773,<0.3
MLDB-001923,DOI,0.3333333333333333,False,2.1963178927615448,0.3–0.5
MLDB-001924,DOI,0.24242424242424243,False,2.0476859424762814,<0.3
MLDB-001925,DOI,0.26666666666666666,False,1.9411523416770933,<0.3
MLDB-001926,DOI,0.25,False,1.6670368361163106,<0.3
MLDB-001927,DOI,0.5714285714285714,False,1.1483595791673655,0.5–0.7
MLDB-001928,DOI,0.46153846153846156,False,0.5681941699018,0.3–0.5
MLDB-001929,DOI,0.35714285714285715,False,2.635248686627644,0.3–0.5
MLDB-001930,DOI,0.22857142857142856,False,2.57956558056727,<0.3
MLDB-001939,DOI,0.38571428571428573,False,0.0613213259241523,0.3–0.5
MLDB-001940,DOI,0.40350877192982454,False,0.0618927868139519,0.3–0.5
MLDB-001941,DOI,0.44144144144144143,False,0.0501619356886264,0.3–0.5
MLDB-001942,DOI,0.5862068965517241,False,0.2296104044088189,0.5–0.7
MLDB-001943,DOI,0.48936170212765956,False,0.2940836483296419,0.3–0.5
MLDB-001944,DOI,0.42,False,0.475607776471829,0.3–0.5
MLDB-001945,DOI,0.4891304347826087,False,0.7159728268728078,0.3–0.5
MLDB-001946,DOI,0.5517241379310345,False,1.302914149984388,0.5–0.7
MLDB-001947,DOI,0.43548387096774194,False,0.8237989773709746,0.3–0.5
MLDB-001955,DOI,0.9050632911392406,False,0.6630040152707777,≥0.9
MLDB-001956,DOI,0.9050279329608939,False,0.35330118307299,≥0.9
MLDB-001957,DOI,0.9050279329608939,False,0.38857400460711,≥0.9
MLDB-001958,DOI,0.9367088607594937,False,0.7788256757984066,≥0.9
MLDB-001959,DOI,1.0,False,0.1458894873150373,≥0.9
MLDB-001960,DOI,1.0,False,0.2226773663942363,≥0.9
MLDB-001961,DOI,0.3333333333333333,False,2.2310831334371204,0.3–0.5
MLDB-001971,DOI,0.8426966292134831,False,1.970827163274453,0.7–0.9
MLDB-001972,DOI,0.8666666666666667,False,0.0846756086423401,0.7–0.9
MLDB-001973,DOI,0.8849557522123894,False,0.7423696258215751,0.7–0.9
MLDB-001974,DOI,0.3333333333333333,False,1.6763178927615447,0.3–0.5
MLDB-001975,DOI,0.20833333333333334,False,0.4750222919427865,<0.3
MLDB-001976,DOI,0.20833333333333334,False,0.2010631559457563,<0.3
MLDB-001977,DOI,0.20833333333333334,False,0.3577444410350763,<0.3
MLDB-001978,DOI,0.20833333333333334,False,1.1149777080572134,<0.3
MLDB-001979,DOI,0.20833333333333334,False,1.5710631559457564,<0.3
MLDB-001980,DOI,0.20833333333333334,False,1.982255558964924,<0.3
MLDB-001981,DOI,0.3333333333333333,False,2.1310831334371207,0.3–0.5
MLDB-001988,DOI,0.32954545454545453,False,1.4422728222795964,0.3–0.5
MLDB-001989,DOI,0.40625,False,2.1469773144448725,0.3–0.5
MLDB-001990,DOI,0.38571428571428573,False,0.5676683214157319,0.3–0.5
MLDB-001991,DOI,0.28888888888888886,False,0.59673255832919,<0.3
MLDB-001992,DOI,0.28888888888888886,False,1.18326744167081,<0.3
MLDB-001993,DOI,0.3181818181818182,False,0.4639900180339997,0.3–0.5
MLDB-001994,DOI,0.3181818181818182,False,0.3060099819660002,0.3–0.5
MLDB-001995,DOI,0.26785714285714285,False,0.7950485705322765,<0.3
MLDB-001996,DOI,0.26785714285714285,False,0.5850485705322765,<0.3
MLDB-001997,DOI,0.35,False,1.03173275375895,0.3–0.5
MLDB-001998,DOI,0.2037037037037037,False,1.0746892776810335,<0.3
MLDB-001999,DOI,0.3333333333333333,False,1.9663178927615448,0.3–0.5
MLDB-002005,DOI,0.41975308641975306,False,0.7786781519561663,0.3–0.5
MLDB-002006,DOI,0.4111111111111111,False,0.3649133251366671,0.3–0.5
MLDB-002007,DOI,0.41975308641975306,False,0.2474902731710938,0.3–0.5
MLDB-002008,DOI,0.4111111111111111,False,0.3601043177785926,0.3–0.5
MLDB-002009,DOI,0.7142857142857143,False,1.2099372053748794,0.7–0.9
MLDB-002010,DOI,0.5753424657534246,False,0.02498640244732,0.5–0.7
MLDB-002011,DOI,0.49411764705882355,False,0.6076102475445528,0.3–0.5
MLDB-002012,DOI,0.4158415841584158,False,1.6783254320343972,0.3–0.5
MLDB-002013,DOI,0.4172661870503597,False,2.1608637596928473,0.3–0.5
MLDB-002014,DOI,0.3841059602649007,False,2.666316288938454,0.3–0.5
MLDB-002015,DOI,0.38571428571428573,False,0.7121022688285762,0.3–0.5
MLDB-002022,DOI,0.6551724137931034,False,0.6815243844375328,0.5–0.7
MLDB-002023,DOI,0.5671641791044776,False,0.3416022659512503,0.5–0.7
MLDB-002024,DOI,0.5526315789473685,False,0.3354675803484284,0.5–0.7
MLDB-002025,DOI,0.45652173913043476,False,0.0119380106852943,0.3–0.5
MLDB-002026,DOI,0.47191011235955055,False,0.0137949833452796,0.3–0.5
MLDB-002027,DOI,0.45161290322580644,False,0.1070372656202147,0.3–0.5
MLDB-002028,DOI,0.5753424657534246,False,0.999175581096074,0.5–0.7
MLDB-002029,DOI,0.5060240963855421,False,1.369774220404127,0.5–0.7
MLDB-002030,DOI,0.525,False,2.1475708331768244,0.5–0.7
MLDB-002031,DOI,0.4835164835164835,False,1.870601541583365,0.3–0.5
MLDB-002032,DOI,0.3188405797101449,False,0.195310877471139,0.3–0.5
MLDB-002069,DOI,0.4110429447852761,False,1.5696730780757258,0.3–0.5
MLDB-002070,DOI,0.3333333333333333,False,2.2510831334371204,0.3–0.5
MLDB-002071,DOI,0.3188405797101449,False,1.1847295643536089,0.3–0.5
MLDB-002084,DOI,0.676056338028169,False,0.823377235296335,0.5–0.7
MLDB-002085,DOI,0.5851063829787234,False,1.0368818478799031,0.5–0.7
MLDB-002086,DOI,0.5851063829787234,False,0.9257035544591712,0.5–0.7
MLDB-002087,DOI,0.5188679245283019,False,0.7715402908766349,0.5–0.7
MLDB-002088,DOI,0.5188679245283019,False,0.6786978394693217,0.5–0.7
MLDB-002089,DOI,0.3333333333333333,False,2.2110831334371204,0.3–0.5
MLDB-002090,DOI,0.4473684210526316,False,0.367618671480329,0.3–0.5
MLDB-002113,DOI,0.5522388059701493,False,0.3138577851350829,0.5–0.7
MLDB-002114,DOI,0.5285714285714286,False,0.6360617063954364,0.5–0.7
MLDB-002115,DOI,0.5138888888888888,False,0.3296027169350136,0.5–0.7
MLDB-002116,DOI,0.504950495049505,False,1.56730704115408,0.5–0.7
MLDB-002117,DOI,0.5252525252525253,False,1.5713179957183636,0.5–0.7
MLDB-002125,DOI,0.72,False,0.5671210847862795,0.7–0.9
MLDB-002126,DOI,0.72,False,0.9488702532926918,0.7–0.9
MLDB-002127,DOI,0.7884615384615384,False,0.5536356043638542,0.7–0.9
MLDB-002128,DOI,0.6153846153846154,False,0.8909937196049504,0.5–0.7
MLDB-002129,DOI,0.640625,False,0.7101749209840131,0.5–0.7
MLDB-002130,DOI,0.569620253164557,False,0.7511798044651481,0.5–0.7
MLDB-002131,DOI,0.5714285714285714,False,0.2202399849761031,0.5–0.7
MLDB-002132,DOI,0.5942028985507246,False,0.2962223593206068,0.5–0.7
MLDB-002133,DOI,0.5596330275229358,False,0.0370271816862153,0.5–0.7
MLDB-002134,DOI,0.6923076923076923,False,0.5201407657139367,0.5–0.7
MLDB-002135,DOI,0.6206896551724138,False,0.937236388973094,0.5–0.7
MLDB-002136,DOI,0.7142857142857143,False,0.5697313978471391,0.7–0.9
MLDB-002151,DOI,0.3333333333333333,False,1.807711761908056,0.3–0.5
MLDB-002152,DOI,0.8085106382978723,False,0.5163294057015132,0.7–0.9
MLDB-002153,DOI,0.5517241379310345,False,0.7407340845062829,0.5–0.7
MLDB-002154,DOI,0.64,False,1.227024515810234,0.5–0.7
MLDB-002155,DOI,0.3333333333333333,False,1.767096011155615,0.3–0.5
MLDB-002156,DOI,0.5714285714285714,False,0.7030791278048498,0.5–0.7
MLDB-002157,DOI,0.3275862068965517,False,0.5847934618993642,0.3–0.5
MLDB-002158,DOI,0.2891566265060241,False,0.4244620343238632,<0.3
MLDB-002159,DOI,0.3333333333333333,False,2.216317892761545,0.3–0.5
MLDB-002160,DOI,0.3870967741935484,False,1.6894789792757492,0.3–0.5
MLDB-002161,DOI,0.379746835443038,False,0.2248707678535524,0.3–0.5
MLDB-002162,DOI,0.72,False,0.951063809299384,0.7–0.9
MLDB-002163,DOI,0.6323529411764706,False,0.3639194409070134,0.5–0.7
MLDB-002164,DOI,0.494949494949495,False,0.5859812961069781,0.3–0.5
MLDB-002171,DOI,0.3333333333333333,False,2.4463178927615448,0.3–0.5
MLDB-002172,DOI,0.43548387096774194,False,1.5839677847933564,0.3–0.5
MLDB-002173,DOI,0.7142857142857143,False,0.6681382553662357,0.7–0.9
MLDB-002174,DOI,0.7142857142857143,False,0.6081382553662359,0.7–0.9
MLDB-002175,DOI,0.43137254901960786,False,0.9888814994400624,0.3–0.5
MLDB-002176,DOI,0.43137254901960786,False,0.9788814994400624,0.3–0.5
MLDB-002177,DOI,0.43137254901960786,False,0.8388814994400626,0.3–0.5
MLDB-002178,DOI,0.38571428571428573,False,0.3788830175505648,0.3–0.5
MLDB-002191,DOI,0.5875,False,0.756124280942321,0.5–0.7
MLDB-002192,DOI,0.5517241379310345,False,0.9728798231698992,0.5–0.7
MLDB-002193,DOI,0.7142857142857143,False,0.7719249538538309,0.7–0.9
MLDB-002194,DOI,0.6981132075471698,False,0.5341336983648555,0.5–0.7
MLDB-002195,DOI,0.5232558139534884,False,0.5945287506522059,0.5–0.7
MLDB-002196,DOI,0.7008547008547008,False,0.4330977627657341,0.7–0.9
MLDB-002197,DOI,0.5411764705882353,False,1.3762920749866263,0.5–0.7
MLDB-002198,DOI,0.5208333333333334,False,1.6576212468951117,0.5–0.7
MLDB-002199,DOI,0.4954954954954955,False,1.0580443783400209,0.3–0.5
MLDB-002200,DOI,0.5163398692810458,False,0.0598912040337261,0.5–0.7
MLDB-002201,DOI,0.5714285714285714,False,0.8616011638005756,0.5–0.7
MLDB-002202,DOI,0.46,False,0.1536267588212051,0.3–0.5
MLDB-002203,DOI,0.515625,False,1.2087302291055209,0.5–0.7
MLDB-002222,DOI,0.3333333333333333,False,1.7477117619080558,0.3–0.5
MLDB-002223,DOI,0.9818181818181818,False,0.1292780816699444,≥0.9
MLDB-002224,DOI,0.3987341772151899,False,0.105063891847971,0.3–0.5
MLDB-002225,DOI,0.3987341772151899,False,0.5210278348050758,0.3–0.5
MLDB-002226,DOI,0.3987730061349693,False,0.2568338344525339,0.3–0.5
MLDB-002227,DOI,0.3333333333333333,False,0.0617020037923221,0.3–0.5
MLDB-002228,DOI,0.3333333333333333,False,0.373284298036016,0.3–0.5
MLDB-002229,DOI,0.3352941176470588,False,0.25070298063827,0.3–0.5
MLDB-002230,DOI,0.7142857142857143,False,0.7899372053748794,0.7–0.9
MLDB-002231,DOI,0.38571428571428573,False,0.2276683214157319,0.3–0.5
MLDB-002232,DOI,0.3027027027027027,False,0.7923559684298305,0.3–0.5
MLDB-002233,DOI,0.3764705882352941,False,0.6579184708498678,0.3–0.5
MLDB-002234,DOI,0.30726256983240224,False,0.8144542022801331,0.3–0.5
MLDB-002235,DOI,0.29906542056074764,False,0.5460284171670238,<0.3
MLDB-002236,DOI,0.3051948051948052,False,0.4918342063700961,0.3–0.5
MLDB-002237,DOI,0.3333333333333333,False,1.7877117619080558,0.3–0.5
MLDB-002255,DOI,0.38333333333333336,False,0.8277403836569962,0.3–0.5
MLDB-002256,DOI,0.48148148148148145,False,0.1969579387389837,0.3–0.5
MLDB-002257,DOI,0.45161290322580644,False,0.6613698847022171,0.3–0.5
MLDB-002258,DOI,0.5535714285714286,False,0.583712467001826,0.5–0.7
MLDB-002259,DOI,0.5,False,1.099506689583224,0.5–0.7
MLDB-002260,DOI,0.5333333333333333,False,0.3207223095934939,0.5–0.7
MLDB-002261,DOI,0.48333333333333334,False,0.3634202101085531,0.3–0.5
MLDB-002262,DOI,0.5151515151515151,False,0.1817230868732346,0.5–0.7
MLDB-002263,DOI,0.3375,False,0.0358595143118512,0.3–0.5
MLDB-002264,DOI,0.3,False,0.2294099620688482,0.3–0.5
MLDB-002265,DOI,0.3424657534246575,False,0.4405029073901573,0.3–0.5
MLDB-002266,DOI,0.35714285714285715,False,0.4880609618562919,0.3–0.5
MLDB-002267,DOI,0.3333333333333333,False,1.466759085193663,0.3–0.5
MLDB-002275,DOI,0.7142857142857143,False,0.6472947979289733,0.7–0.9
MLDB-002276,DOI,0.6716417910447762,False,0.3914012411124139,0.5–0.7
MLDB-002277,DOI,0.43478260869565216,False,1.9972514705492104,0.3–0.5
MLDB-002278,DOI,0.42073170731707316,False,1.2874758829665638,0.3–0.5
MLDB-002279,DOI,0.45751633986928103,False,0.2844308150056235,0.3–0.5
MLDB-002280,DOI,0.4423076923076923,False,0.1515369217095184,0.3–0.5
MLDB-002287,DOI,0.3333333333333333,False,2.116317892761545,0.3–0.5
MLDB-002288,DOI,0.41496598639455784,False,2.7401418993383047,0.3–0.5
MLDB-002290,DOI,0.39705882352941174,False,0.0101206678922181,0.3–0.5
MLDB-002291,DOI,0.3411764705882353,False,0.3340131295683858,0.3–0.5
MLDB-002292,DOI,0.4953271028037383,False,0.731734243471637,0.3–0.5
MLDB-002293,DOI,0.328,False,0.5839492518820085,0.3–0.5
MLDB-002294,DOI,0.43548387096774194,False,1.0857989773709746,0.3–0.5
MLDB-002295,DOI,0.40594059405940597,False,0.3155666347388927,0.3–0.5
MLDB-002296,DOI,0.3283582089552239,False,0.0781112441948049,0.3–0.5
MLDB-002297,DOI,0.3333333333333333,False,2.0707590851936626,0.3–0.5
MLDB-002298,DOI,0.25,False,0.6569294437415294,<0.3
MLDB-002299,DOI,0.32967032967032966,False,0.1893334250986542,0.3–0.5
MLDB-002300,DOI,0.44036697247706424,False,0.8262142534014867,0.3–0.5
MLDB-002301,DOI,0.49586776859504134,False,1.357403711393947,0.3–0.5
MLDB-002302,DOI,0.2736842105263158,False,0.398667206324961,<0.3
MLDB-002303,DOI,0.3655913978494624,False,0.4829400675728594,0.3–0.5
MLDB-002304,DOI,0.46846846846846846,False,1.1147304085168033,0.3–0.5
MLDB-002305,DOI,0.5203252032520326,False,1.2333320855619274,0.5–0.7
MLDB-002306,DOI,0.3333333333333333,False,1.1207590851936629,0.3–0.5
MLDB-002313,DOI,0.3018867924528302,False,0.5434919515388278,0.3–0.5
MLDB-002314,DOI,0.25877192982456143,False,0.0157401453139576,<0.3
MLDB-002315,DOI,0.48148148148148145,False,0.4897389634305279,0.3–0.5
MLDB-002316,DOI,0.3302752293577982,False,1.1547989945596806,0.3–0.5
MLDB-002317,DOI,0.3284671532846715,False,0.7929783564888799,0.3–0.5
MLDB-002318,DOI,0.3018867924528302,False,0.6812431161894468,0.3–0.5
MLDB-002319,DOI,0.3333333333333333,False,2.0110831334371206,0.3–0.5
MLDB-002342,DOI,0.6,False,0.40781335738533,0.5–0.7
MLDB-002455,DOI,0.30158730158730157,False,0.6508042578236869,0.3–0.5
MLDB-002456,DOI,0.30158730158730157,False,0.4730682059988513,0.3–0.5
MLDB-002545,DOI,1.0,False,0.2942304681623712,≥0.9
MLDB-002557,DOI,0.39622641509433965,False,1.9132610288124592,0.3–0.5
MLDB-002558,DOI,0.39622641509433965,False,2.7020755723198797,0.3–0.5
MLDB-002601,DOI,0.3333333333333333,False,1.8556184256888693,0.3–0.5
MLDB-002602,DOI,0.23484848484848486,False,0.765994628700593,<0.3
MLDB-002603,DOI,0.3284671532846715,False,0.9946888037710055,0.3–0.5
MLDB-002604,DOI,0.2318840579710145,False,0.7344795383077327,<0.3
MLDB-002605,DOI,0.2971014492753623,False,0.5693346819729153,<0.3
MLDB-002606,DOI,0.23357664233576642,False,1.1651089374046035,<0.3
MLDB-002625,DOI,0.9883720930232558,False,0.6782059216712555,≥0.9
MLDB-002626,DOI,0.7019230769230769,False,0.0236402696623656,0.7–0.9
MLDB-002627,DOI,0.4098360655737705,False,0.7940754385300444,0.3–0.5
MLDB-002668,DOI,0.7435897435897436,False,0.4454324654580315,0.7–0.9
MLDB-002669,DOI,0.7435897435897436,False,0.2664399405949509,0.7–0.9
MLDB-002670,DOI,0.3333333333333333,False,2.3510831334371205,0.3–0.5
MLDB-002839,DOI,0.2936170212765957,False,0.7053180906624801,<0.3
MLDB-002840,DOI,0.3333333333333333,False,2.161083133437121,0.3–0.5
MLDB-002877,DOI,0.5487804878048781,False,0.8291226754604488,0.5–0.7
MLDB-002878,DOI,0.40217391304347827,False,2.2332230772117554,0.3–0.5
MLDB-003008,DOI,0.6211180124223602,False,1.035232836648064,0.5–0.7
MLDB-003019,DOI,0.3442622950819672,False,0.872900603953429,0.3–0.5
MLDB-003020,DOI,0.3387096774193548,False,1.5308262375952424,0.3–0.5
MLDB-003081,DOI,0.44285714285714284,False,0.3251763544657028,0.3–0.5
MLDB-003082,DOI,0.7193877551020408,False,0.5389103612278998,0.7–0.9
MLDB-003083,DOI,0.41284403669724773,False,1.377864672862415,0.3–0.5
MLDB-003084,DOI,0.3333333333333333,False,2.2207590851936625,0.3–0.5
MLDB-003261,DOI,0.7032967032967034,False,0.5498324874005263,0.7–0.9
MLDB-003262,DOI,0.7945205479452054,False,0.036985065329474,0.7–0.9
MLDB-003385,DOI,0.3389830508474576,False,0.9284204528108088,0.3–0.5
MLDB-003386,DOI,0.7297297297297297,False,0.499264335558006,0.7–0.9
MLDB-003387,DOI,0.2391304347826087,False,0.3563374925129153,<0.3
MLDB-003388,DOI,0.4583333333333333,False,0.2532330729240187,0.3–0.5
MLDB-003389,DOI,0.8823529411764706,False,0.1568391356993954,0.7–0.9
MLDB-003616,DOI,0.9117647058823529,False,0.5996559177491116,≥0.9
MLDB-003617,DOI,0.6597222222222222,False,0.0539551736920511,0.5–0.7
MLDB-003618,DOI,0.3333333333333333,False,1.3707590851936629,0.3–0.5
MLDB-003647,DOI,0.7735849056603774,False,0.4078109025329907,0.7–0.9
MLDB-003648,DOI,0.6814159292035398,False,0.6570201529950805,0.5–0.7
MLDB-003649,DOI,0.6702127659574468,False,0.5381464386022614,0.5–0.7
MLDB-003650,DOI,0.6702127659574468,False,0.8933307467897444,0.5–0.7
MLDB-003651,DOI,0.6702127659574468,False,0.6674467266973643,0.5–0.7
MLDB-003724,DOI,0.6102941176470589,False,0.5183579569054171,0.5–0.7
MLDB-003725,DOI,0.6418918918918919,False,0.1534814047203503,0.5–0.7
MLDB-003745,DOI,0.3958333333333333,False,0.5969679590185428,0.3–0.5
MLDB-003746,DOI,0.3275862068965517,False,0.8670495548579488,0.3–0.5
MLDB-003747,DOI,0.3333333333333333,False,2.1510831334371208,0.3–0.5
MLDB-003951,DOI,0.7209302325581395,False,0.1134764220441422,0.7–0.9
MLDB-003952,DOI,0.672316384180791,False,0.7890132502954599,0.5–0.7
MLDB-003953,DOI,0.6906077348066298,False,0.4971656353535112,0.5–0.7
MLDB-004023,DOI,0.7804878048780488,False,0.2415665176385166,0.7–0.9
MLDB-004024,DOI,0.5882352941176471,False,0.1510390113304002,0.5–0.7
MLDB-004025,DOI,0.5483870967741935,False,0.0913690235777191,0.5–0.7
MLDB-004026,DOI,0.7472527472527473,False,0.0281991401497037,0.7–0.9
MLDB-004027,DOI,0.7472527472527473,False,0.1241243834654037,0.7–0.9
MLDB-004028,DOI,0.6413043478260869,False,0.412984002206195,0.5–0.7
MLDB-004029,DOI,0.797752808988764,False,0.83626366333748,0.7–0.9
MLDB-004030,DOI,0.5922330097087378,False,0.2608225479225771,0.5–0.7
MLDB-004031,DOI,0.580952380952381,False,0.5877898141297562,0.5–0.7
MLDB-004032,DOI,0.5922330097087378,False,0.7650781425091433,0.5–0.7
MLDB-004033,DOI,0.5754716981132075,False,0.2766565346059254,0.5–0.7
MLDB-004034,DOI,0.5754716981132075,False,0.1292509512157353,0.5–0.7
MLDB-004035,DOI,0.5596330275229358,False,0.2692509512157353,0.5–0.7
MLDB-004036,DOI,0.5689655172413793,False,0.4915705450498455,0.5–0.7
MLDB-004037,DOI,0.5769230769230769,False,0.2603866572067805,0.5–0.7
MLDB-004038,DOI,0.5660377358490566,False,0.1136364784616953,0.5–0.7
MLDB-004039,DOI,0.5769230769230769,False,0.1745156360347955,0.5–0.7
MLDB-004040,DOI,0.5769230769230769,False,0.5462969828448561,0.5–0.7
MLDB-004041,DOI,0.5660377358490566,False,1.0706203137820864,0.5–0.7
MLDB-004042,DOI,0.5769230769230769,False,0.2383456022600472,0.5–0.7
MLDB-004043,DOI,0.5769230769230769,False,0.2372623330109876,0.5–0.7
MLDB-004044,DOI,0.5769230769230769,False,0.6872914802268966,0.5–0.7
MLDB-004045,DOI,0.5769230769230769,False,0.0870116628703208,0.5–0.7
MLDB-004046,DOI,0.5769230769230769,False,0.1031797483094036,0.5–0.7
MLDB-004047,DOI,0.3333333333333333,False,1.6956184256888696,0.3–0.5
MLDB-004176,DOI,0.38095238095238093,False,0.6711381411908411,0.3–0.5
MLDB-004177,DOI,0.3157894736842105,False,0.5673490974633298,0.3–0.5
MLDB-004178,DOI,0.2894736842105263,False,0.1749825595679207,<0.3
MLDB-004179,DOI,0.3333333333333333,False,2.180467382684679,0.3–0.5
MLDB-004359,DOI,0.43548387096774194,False,0.9257989773709748,0.3–0.5
MLDB-004360,DOI,0.5,False,1.3502524041095905,0.5–0.7
MLDB-004361,DOI,0.7297297297297297,False,0.3812387707248422,0.7–0.9
MLDB-004362,DOI,0.39655172413793105,False,0.6700243096988886,0.3–0.5
MLDB-004363,DOI,0.27927927927927926,False,1.2632965682469652,<0.3
MLDB-004364,DOI,0.3220338983050847,False,0.4943748283992304,0.3–0.5
MLDB-004380,DOI,0.6795580110497238,False,0.7802282524193785,0.5–0.7
MLDB-004381,DOI,0.6352941176470588,False,1.2158724863509105,0.5–0.7
MLDB-004441,DOI,0.5319148936170213,False,0.9415734525147832,0.5–0.7
MLDB-004442,DOI,0.5760869565217391,False,0.7642467775348536,0.5–0.7
MLDB-004583,DOI,0.7338129496402878,False,0.2600037003747126,0.7–0.9
MLDB-004584,DOI,0.7375886524822695,False,0.52316831485855,0.7–0.9
MLDB-004585,DOI,0.7430555555555556,False,0.7268698628601038,0.7–0.9
MLDB-004586,DOI,0.3333333333333333,False,2.2910831334371204,0.3–0.5
MLDB-004640,DOI,0.948051948051948,False,0.6478641108257368,≥0.9
MLDB-004641,DOI,0.4954128440366973,False,0.3755253686258883,0.3–0.5
MLDB-004652,DOI,0.6238532110091743,False,1.677485055089424,0.5–0.7
MLDB-004653,DOI,0.43125,False,0.5103209463948436,0.3–0.5
MLDB-004682,DOI,0.22319474835886213,False,0.4355273904968145,<0.3
MLDB-004696,DOI,0.3037974683544304,False,0.1381511781217251,0.3–0.5
MLDB-004697,DOI,0.28823529411764703,False,0.2213963012754062,<0.3
MLDB-004698,DOI,0.29441624365482233,False,0.1263023118913722,<0.3
MLDB-004699,DOI,0.2967741935483871,False,0.6440971962602701,<0.3
MLDB-004700,DOI,0.29608938547486036,False,0.3164549324768666,<0.3
MLDB-004701,DOI,0.3333333333333333,False,2.2610831334371206,0.3–0.5
MLDB-004702,DOI,0.38524590163934425,False,0.6502233546752197,0.3–0.5
MLDB-004703,DOI,0.3333333333333333,False,1.5210831334371206,0.3–0.5
MLDB-004766,DOI,0.5862068965517241,False,2.170837307272246,0.5–0.7
MLDB-004767,DOI,0.48,False,1.65397120420177,0.3–0.5
MLDB-004768,DOI,0.3968253968253968,False,1.0543629539951151,0.3–0.5
MLDB-004769,DOI,0.42857142857142855,False,0.5502175309235104,0.3–0.5
MLDB-004770,DOI,0.52,False,0.1785031429707722,0.5–0.7
MLDB-004771,DOI,0.3333333333333333,False,2.130759085193662,0.3–0.5
MLDB-004808,DOI,0.45454545454545453,False,1.2044983076230449,0.3–0.5
MLDB-004809,DOI,0.640625,False,0.8626998928895964,0.5–0.7
MLDB-004810,DOI,0.5714285714285714,False,1.1496167929405992,0.5–0.7
MLDB-004814,DOI,0.5575757575757576,False,0.3336828427498504,0.5–0.7
MLDB-004815,DOI,0.5575757575757576,False,0.1539255880540965,0.5–0.7
MLDB-004818,DOI,0.4430379746835443,False,1.4243789715908888,0.3–0.5
MLDB-004819,DOI,0.5,False,0.922669774474929,0.5–0.7
MLDB-004935,DOI,0.2653061224489796,False,1.9783070128914588,<0.3
MLDB-004936,DOI,0.33480176211453744,False,0.999936521524622,0.3–0.5
MLDB-005012,DOI,0.3333333333333333,False,1.3203517864271213,0.3–0.5
MLDB-005013,DOI,0.3333333333333333,False,2.226317892761545,0.3–0.5
MLDB-005066,DOI,0.5572519083969466,False,1.5547502429027371,0.5–0.7
MLDB-005067,DOI,0.75,False,0.6809993241793875,0.7–0.9
MLDB-000060,DOI,1.0,False,0.6899328635220684,≥0.9
MLDB-000061,DOI,0.7483870967741936,False,0.8988643168607858,0.7–0.9
MLDB-000062,DOI,0.7560975609756098,False,2.1377713026524434,0.7–0.9
MLDB-000063,DOI,0.7627118644067796,False,1.774719965063536,0.7–0.9
MLDB-000096,DOI,0.75,False,0.5786205518065584,0.7–0.9
MLDB-000097,DOI,0.5617977528089888,False,0.2505046414819531,0.5–0.7
MLDB-000098,DOI,0.6888888888888889,False,0.9463746976896876,0.5–0.7
MLDB-000099,DOI,0.5421686746987951,False,2.1146323582315225,0.5–0.7
MLDB-000100,DOI,0.6242774566473989,False,0.0235048710476195,0.5–0.7
MLDB-000101,DOI,0.55,False,0.4911236112352445,0.5–0.7
MLDB-000144,DOI,0.512396694214876,False,0.1135769335719086,0.5–0.7
MLDB-000145,DOI,0.7662337662337663,False,0.6248432434866538,0.7–0.9
MLDB-000146,DOI,0.7655172413793103,False,0.023877920087596,0.7–0.9
MLDB-000147,DOI,0.7705882352941177,False,0.2023651265100601,0.7–0.9
MLDB-000148,DOI,0.7947368421052632,False,0.3430476746086821,0.7–0.9
MLDB-000149,DOI,0.8,False,0.72555127960268,0.7–0.9
MLDB-000150,DOI,1.0,False,0.7875457192101669,≥0.9
MLDB-000151,DOI,0.5906976744186047,False,0.6923453644881132,0.5–0.7
MLDB-000152,DOI,0.6578947368421053,False,1.9441845266579847,0.5–0.7
MLDB-000153,DOI,0.5474452554744526,False,0.288283337172933,0.5–0.7
MLDB-000154,DOI,0.4222222222222222,False,0.3566033283279768,0.3–0.5
MLDB-000155,DOI,1.0,False,0.4456578608380047,≥0.9
MLDB-000156,DOI,0.7627118644067796,False,0.2211561833431534,0.7–0.9
MLDB-000157,DOI,0.7058823529411765,False,0.8588253977746095,0.7–0.9
MLDB-000158,DOI,0.5582089552238806,False,1.2508971247550518,0.5–0.7
MLDB-000159,DOI,1.0,False,0.5970892537566168,≥0.9
MLDB-000160,DOI,0.6012861736334405,False,2.2400519973105193,0.5–0.7
MLDB-000161,DOI,0.8,False,0.4572334374546574,0.7–0.9
MLDB-000162,DOI,1.0,False,0.7472024237601145,≥0.9
MLDB-000163,DOI,0.5906976744186047,False,0.0998199280916991,0.5–0.7
MLDB-000164,DOI,0.6578947368421053,False,0.340169611530393,0.5–0.7
MLDB-000165,DOI,0.5474452554744526,False,1.5293671670040214,0.5–0.7
MLDB-000166,DOI,0.4222222222222222,False,1.7796649110961855,0.3–0.5
MLDB-000167,DOI,1.0,False,0.6435087535175431,≥0.9
MLDB-000168,DOI,0.7627118644067796,False,1.0024509478763992,0.7–0.9
MLDB-000169,DOI,0.7058823529411765,False,1.9049574439063035,0.7–0.9
MLDB-000170,DOI,0.5582089552238806,False,1.506522980211197,0.5–0.7
MLDB-000171,DOI,1.0,False,0.1912162930440215,≥0.9
MLDB-000172,DOI,0.6012861736334405,False,1.473502207480084,0.5–0.7
MLDB-000235,DOI,0.8333333333333334,False,1.8212557946469723,0.7–0.9
MLDB-000236,DOI,0.8235294117647058,False,0.9809588606816246,0.7–0.9
MLDB-000237,DOI,0.8148148148148148,False,0.4601571290060278,0.7–0.9
MLDB-000238,DOI,0.7162162162162162,False,2.452685165871929,0.7–0.9
MLDB-000246,DOI,0.6394557823129252,False,0.893530346123713,0.5–0.7
MLDB-000247,DOI,0.6229508196721312,False,0.6741294008801572,0.5–0.7
MLDB-000435,DOI,0.875,False,0.7999267012226856,0.7–0.9
MLDB-000436,DOI,0.76,False,0.4967945296299008,0.7–0.9
MLDB-000437,DOI,0.84,False,0.2285076810764134,0.7–0.9
MLDB-000438,DOI,0.8529411764705882,False,0.7474444009634371,0.7–0.9
MLDB-000439,DOI,0.8620689655172413,False,0.6822112310918517,0.7–0.9
MLDB-000440,DOI,0.849624060150376,False,1.243044567608378,0.7–0.9
MLDB-000441,DOI,0.7514450867052023,False,0.013810870433107,0.7–0.9
MLDB-000442,DOI,0.8675496688741722,False,0.0440684209110854,0.7–0.9
MLDB-000443,DOI,0.8783783783783784,False,0.2006889971535177,0.7–0.9
MLDB-000465,DOI,0.6342857142857142,False,0.1652639141660131,0.5–0.7
MLDB-000466,DOI,1.0,False,0.0267520042486093,≥0.9
MLDB-000516,DOI,0.4449760765550239,False,0.2788569881316338,0.3–0.5
MLDB-000543,DOI,0.8770949720670391,False,1.1547203236026276,0.7–0.9
MLDB-000544,DOI,0.8757062146892656,False,0.7818937358803781,0.7–0.9
MLDB-000567,DOI,0.6407766990291263,False,0.7232449741685851,0.5–0.7
MLDB-000568,DOI,0.6509433962264151,False,1.0164530337051487,0.5–0.7
MLDB-000569,DOI,0.6636363636363637,False,0.3827172926990509,0.5–0.7
MLDB-000582,DOI,0.6213592233009708,False,0.0064887433796672,0.5–0.7
MLDB-000583,DOI,0.6705882352941176,False,0.0823517724041049,0.5–0.7
MLDB-000584,DOI,0.5681818181818182,False,0.3058893721072285,0.5–0.7
MLDB-000585,DOI,0.5747126436781609,False,0.7583942566468909,0.5–0.7
MLDB-000586,DOI,0.6746987951807228,False,0.9024422368353257,0.5–0.7
MLDB-000639,DOI,0.8872180451127819,False,1.1738098598049334,0.7–0.9
MLDB-000640,DOI,0.7707006369426752,False,0.6652825398912482,0.7–0.9
MLDB-000641,DOI,0.6865671641791045,False,1.1482563131542478,0.5–0.7
MLDB-000707,DOI,0.6296296296296297,False,0.2980943935922435,0.5–0.7
MLDB-000708,DOI,0.39,False,0.3969680201827648,0.3–0.5
MLDB-000709,DOI,0.4,False,1.0658172079922528,0.3–0.5
MLDB-000740,DOI,1.0,False,0.518195293143199,≥0.9
MLDB-000741,DOI,0.8778280542986425,False,0.3186165343205133,0.7–0.9
MLDB-000742,DOI,0.7100271002710027,False,1.4247136756681351,0.7–0.9
MLDB-000745,DOI,0.7100271002710027,False,2.554752919827625,0.7–0.9
MLDB-000748,DOI,0.7100271002710027,False,2.3445745470967014,0.7–0.9
MLDB-000749,DOI,1.0,False,0.836122615953699,≥0.9
MLDB-000750,DOI,0.8778280542986425,False,1.6570554253367664,0.7–0.9
MLDB-000751,DOI,0.7100271002710027,False,1.6742897680487887,0.7–0.9
MLDB-000752,DOI,1.0,False,0.0912162930440214,≥0.9
MLDB-000753,DOI,1.0,False,0.3842069675856421,≥0.9
MLDB-000754,DOI,1.0,False,0.14644049974106,≥0.9
MLDB-000758,DOI,0.7288135593220338,False,1.302528256199137,0.7–0.9
MLDB-000759,DOI,0.6666666666666666,False,0.0234992315380295,0.5–0.7
MLDB-000760,DOI,0.8333333333333334,False,1.2963593697612703,0.7–0.9
MLDB-000761,DOI,0.7288135593220338,False,1.002528256199137,0.7–0.9
MLDB-000762,DOI,0.6666666666666666,False,0.8334992315380296,0.5–0.7
MLDB-000763,DOI,0.8333333333333334,False,1.4963593697612705,0.7–0.9
MLDB-000764,DOI,0.7288135593220338,False,0.3025282561991371,0.7–0.9
MLDB-000765,DOI,0.6666666666666666,False,0.8865007684619703,0.5–0.7
MLDB-000766,DOI,0.8333333333333334,False,1.3963593697612704,0.7–0.9
MLDB-000788,DOI,0.6802721088435374,False,0.5202195754727525,0.5–0.7
MLDB-000789,DOI,0.47668393782383417,False,0.6058009968721993,0.3–0.5
MLDB-000790,DOI,0.5480225988700564,False,0.2133416794402696,0.5–0.7
MLDB-000791,DOI,0.5480225988700564,False,0.0993416794402695,0.5–0.7
MLDB-000882,DOI,1.0,False,0.7700671364779317,≥0.9
MLDB-000883,DOI,0.5458515283842795,False,1.1071591401183851,0.5–0.7
MLDB-000884,DOI,0.5060240963855421,False,1.9590250141810637,0.5–0.7
MLDB-000891,DOI,0.6632653061224489,False,0.1094668458024838,0.5–0.7
MLDB-000892,DOI,0.67,False,0.3019184952358416,0.5–0.7
MLDB-000893,DOI,0.6796116504854369,False,0.1709853085945707,0.5–0.7
MLDB-000894,DOI,0.6915887850467289,False,0.2729412903534427,0.5–0.7
MLDB-000895,DOI,0.6972477064220184,False,0.2977883760609057,0.5–0.7
MLDB-000896,DOI,0.7053571428571429,False,0.4654728761509163,0.7–0.9
MLDB-000956,DOI,0.8253968253968254,False,0.4364188257783881,0.7–0.9
MLDB-000957,DOI,0.6866666666666666,False,0.0305775086227724,0.5–0.7
MLDB-000958,DOI,0.7688172043010753,False,1.0475751974809993,0.7–0.9
MLDB-000959,DOI,0.6842105263157895,False,0.6362607487203109,0.5–0.7
MLDB-000962,DOI,0.6395348837209303,False,0.5761100654870581,0.5–0.7
MLDB-000963,DOI,0.6179775280898876,False,0.3602052680264513,0.5–0.7
MLDB-000964,DOI,0.5945945945945946,False,0.2792228094837722,0.5–0.7
MLDB-000965,DOI,1.0,False,0.1199328635220684,≥0.9
MLDB-000970,DOI,0.8549618320610687,False,1.0919297587997228,0.7–0.9
MLDB-000971,DOI,0.8872180451127819,False,1.1832924810611345,0.7–0.9
MLDB-000972,DOI,0.8235294117647058,False,1.3165369618781224,0.7–0.9
MLDB-000973,DOI,0.7671232876712328,False,1.164613069074706,0.7–0.9
MLDB-000974,DOI,0.7375,False,1.4914778883925262,0.7–0.9
MLDB-000975,DOI,1.0,False,0.2569267099899088,≥0.9
MLDB-000976,DOI,0.8189655172413793,False,0.041587631942733,0.7–0.9
MLDB-000989,DOI,0.4461538461538462,False,0.0388491827251242,0.3–0.5
MLDB-000990,DOI,0.5714285714285714,False,0.4116958402118047,0.5–0.7
MLDB-000991,DOI,0.5360824742268041,False,0.5554951819940002,0.5–0.7
MLDB-000992,DOI,0.37209302325581395,False,0.8792748707199074,0.3–0.5
MLDB-001011,DOI,0.8144796380090498,False,0.6701154836261258,0.7–0.9
MLDB-001012,DOI,0.8558139534883721,False,1.29853808121917,0.7–0.9
MLDB-001033,DOI,0.78125,False,2.2171655799732295,0.7–0.9
MLDB-001034,DOI,0.78125,False,1.4520852408505582,0.7–0.9
MLDB-001035,DOI,0.78125,False,0.8615890825702671,0.7–0.9
MLDB-001036,DOI,0.7628865979381443,False,0.4642768135702791,0.7–0.9
MLDB-001037,DOI,0.7052631578947368,False,1.694642965630567,0.7–0.9
MLDB-001038,DOI,0.6875,False,2.335430339184988,0.5–0.7
MLDB-001128,DOI,0.6513761467889908,False,1.2229790470888269,0.5–0.7
MLDB-001129,DOI,0.6576576576576577,False,1.359979851598882,0.5–0.7
MLDB-001130,DOI,0.6666666666666666,False,1.2148720725041056,0.5–0.7
MLDB-001131,DOI,0.6779661016949152,False,1.0450089612539133,0.5–0.7
MLDB-001132,DOI,0.6833333333333333,False,1.0011903710075198,0.5–0.7
MLDB-001133,DOI,0.6910569105691057,False,0.6819986377315792,0.5–0.7
MLDB-001140,DOI,0.7851851851851852,False,1.234424132587517,0.7–0.9
MLDB-001141,DOI,0.7851851851851852,False,0.1811021636090783,0.7–0.9
MLDB-001174,DOI,0.4857142857142857,False,1.969783728335034,0.3–0.5
MLDB-001175,DOI,0.46534653465346537,False,1.273635114543231,0.3–0.5
MLDB-001176,DOI,0.46534653465346537,False,1.209058604443695,0.3–0.5
MLDB-001177,DOI,0.46534653465346537,False,1.136163599327974,0.3–0.5
MLDB-001178,DOI,0.46534653465346537,False,1.4695702766235046,0.3–0.5
MLDB-001221,DOI,0.8783783783783784,False,0.5043559417260448,0.7–0.9
MLDB-001222,DOI,0.9178082191780822,False,0.0389340989262776,≥0.9
MLDB-001223,DOI,0.8431372549019608,False,0.1658582947669915,0.7–0.9
MLDB-001224,DOI,0.8758169934640523,False,0.0177971437741248,0.7–0.9
MLDB-001230,DOI,0.8421052631578947,False,0.3241603907660932,0.7–0.9
MLDB-001231,DOI,0.75,False,0.6013907379643921,0.7–0.9
MLDB-001232,DOI,0.8163265306122449,False,0.0899679454403505,0.7–0.9
MLDB-001233,DOI,0.7281553398058253,False,0.1751350723331073,0.7–0.9
MLDB-001277,DOI,0.847457627118644,False,0.0709647898962704,0.7–0.9
MLDB-001278,DOI,0.6711409395973155,False,1.2355969835229228,0.5–0.7
MLDB-001279,DOI,0.6711409395973155,False,1.675049300924493,0.5–0.7
MLDB-001378,DOI,0.8721804511278195,False,0.2923673579823282,0.7–0.9
MLDB-001379,DOI,0.8651685393258427,False,0.3692901784621352,0.7–0.9
MLDB-001380,DOI,0.8721804511278195,False,0.1462551322372074,0.7–0.9
MLDB-001381,DOI,0.8721804511278195,False,0.1154880873822841,0.7–0.9
MLDB-001419,DOI,0.4,False,1.9987058422555275,0.3–0.5
MLDB-001420,DOI,0.43478260869565216,False,0.54320719937788,0.3–0.5
MLDB-001421,DOI,0.5806451612903226,False,0.3446299147209424,0.5–0.7
MLDB-001519,DOI,0.5362318840579711,False,0.9937283811788896,0.5–0.7
MLDB-001520,DOI,0.5362318840579711,False,0.7287311708218853,0.5–0.7
MLDB-001521,DOI,0.5362318840579711,False,0.340242449054487,0.5–0.7
MLDB-001522,DOI,0.5844155844155844,False,0.2402763680161108,0.5–0.7
MLDB-001523,DOI,0.5844155844155844,False,0.4211622916562539,0.5–0.7
MLDB-001524,DOI,0.5844155844155844,False,0.5416567775326325,0.5–0.7
MLDB-001533,DOI,0.8783783783783784,False,1.157028334186225,0.7–0.9
MLDB-001534,DOI,1.0,False,0.0854301070772116,≥0.9
MLDB-001535,DOI,0.6153846153846154,False,0.7123475252301537,0.5–0.7
MLDB-001536,DOI,0.6108374384236454,False,1.635254289997762,0.5–0.7
MLDB-001537,DOI,1.0,False,0.6204056500047311,≥0.9
MLDB-001538,DOI,0.7688172043010753,False,0.3946131600715833,0.7–0.9
MLDB-001539,DOI,0.8701298701298701,False,0.3953386786414106,0.7–0.9
MLDB-001540,DOI,0.8316326530612245,False,1.8762137816590376,0.7–0.9
MLDB-001541,DOI,0.8316326530612245,False,1.581402577175605,0.7–0.9
MLDB-001542,DOI,1.0,False,0.5887837069559783,≥0.9
MLDB-001543,DOI,0.7945205479452054,False,1.301468563889537,0.7–0.9
MLDB-001546,DOI,0.4845360824742268,False,1.0961528406206342,0.3–0.5
MLDB-001547,DOI,0.40425531914893614,False,0.5975873879711004,0.3–0.5
MLDB-001548,DOI,0.3611111111111111,False,1.761212506826341,0.3–0.5
MLDB-001549,DOI,0.3611111111111111,False,1.791212506826341,0.3–0.5
MLDB-001550,DOI,0.3611111111111111,False,1.741212506826341,0.3–0.5
MLDB-001551,DOI,1.0,False,0.7501198637571902,≥0.9
MLDB-001552,DOI,1.0,False,0.5314606260318875,≥0.9
MLDB-001553,DOI,1.0,False,0.0075782902517853,≥0.9
MLDB-001554,DOI,1.0,False,1.552265073791643,≥0.9
MLDB-001555,DOI,0.8888888888888888,False,0.2975695602958748,0.7–0.9
MLDB-001556,DOI,1.0,False,0.0041952931431989,≥0.9
MLDB-001557,DOI,0.9178743961352657,False,1.088600247238496,≥0.9
MLDB-001558,DOI,0.753968253968254,False,0.5236221474823477,0.7–0.9
MLDB-001559,DOI,0.8434782608695652,False,0.127508114134141,0.7–0.9
MLDB-001560,DOI,1.0,False,0.3182031461336132,≥0.9
MLDB-001561,DOI,0.4,False,1.1959283628912682,0.3–0.5
MLDB-001562,DOI,0.4806201550387597,False,0.0172723080444286,0.3–0.5
MLDB-001563,DOI,0.5238095238095238,False,0.5358648498459626,0.5–0.7
MLDB-001564,DOI,0.6705882352941176,False,0.2215996204092956,0.5–0.7
MLDB-001578,DOI,0.5776699029126213,False,1.2690861665998328,0.5–0.7
MLDB-001579,DOI,0.5776699029126213,False,1.2437378065600924,0.5–0.7
MLDB-001580,DOI,0.5669014084507042,False,1.912721393697424,0.5–0.7
MLDB-001581,DOI,0.9473684210526315,False,2.647132957360877,≥0.9
MLDB-001587,DOI,0.5294117647058824,False,0.9836070122768054,0.5–0.7
MLDB-001588,DOI,0.3076923076923077,False,0.6048521446729862,0.3–0.5
MLDB-001589,DOI,0.4756756756756757,False,1.691497218712738,0.3–0.5
MLDB-001617,DOI,0.671875,False,0.6409840990783824,0.5–0.7
MLDB-001618,DOI,0.40540540540540543,False,0.7696302055655214,0.3–0.5
MLDB-001619,DOI,0.42201834862385323,False,0.3386247380164668,0.3–0.5
MLDB-001620,DOI,0.5402298850574713,False,1.458851986378208,0.5–0.7
MLDB-001659,DOI,0.5795454545454546,False,0.536928118419051,0.5–0.7
MLDB-001660,DOI,0.5161290322580645,False,2.6694618779383408,0.5–0.7
MLDB-001661,DOI,0.5666666666666667,False,2.099948320681013,0.5–0.7
MLDB-001662,DOI,0.532608695652174,False,2.0236726424959732,0.5–0.7
MLDB-001694,DOI,0.44047619047619047,False,1.047201511628549,0.3–0.5
MLDB-001695,DOI,0.4791666666666667,False,0.5806069474041788,0.3–0.5
MLDB-001696,DOI,0.5202312138728323,False,0.5248681373679247,0.5–0.7
MLDB-001705,DOI,0.39705882352941174,False,0.9630792169778388,0.3–0.5
MLDB-001706,DOI,0.36923076923076925,False,0.9588605502455338,0.3–0.5
MLDB-001773,DOI,0.72,False,3.262481369011677,0.7–0.9
MLDB-001774,DOI,0.72,False,0.8198552024583659,0.7–0.9
MLDB-001775,DOI,1.0,False,2.2923279140840176,≥0.9
MLDB-001779,DOI,0.3707865168539326,False,0.4360000913295611,0.3–0.5
MLDB-001780,DOI,0.32142857142857145,False,0.5742850114807336,0.3–0.5
MLDB-002081,DOI,0.9819819819819819,False,0.573585448938275,≥0.9
MLDB-002082,DOI,0.9847328244274809,False,0.3156839617482149,≥0.9
MLDB-002083,DOI,0.7764705882352941,False,4.163718228802412,0.7–0.9
MLDB-002246,DOI,0.4742268041237113,False,0.9375289111727648,0.3–0.5
MLDB-002247,DOI,0.49107142857142855,False,0.6658501651112632,0.3–0.5
MLDB-002248,DOI,0.5407407407407407,False,0.8844171723607577,0.5–0.7
MLDB-002249,DOI,0.5064935064935064,False,0.5701978372045375,0.5–0.7
MLDB-002341,DOI,1.0,False,0.2737734304015572,≥0.9
MLDB-002388,DOI,0.38461538461538464,False,0.395167971334637,0.3–0.5
MLDB-002389,DOI,0.39361702127659576,False,0.5432287213464341,0.3–0.5
MLDB-002390,DOI,0.3902439024390244,False,0.0761691145545664,0.3–0.5
MLDB-002391,DOI,0.5154639175257731,False,0.0334354731001071,0.5–0.7
MLDB-002425,DOI,0.42696629213483145,False,1.5187657622238533,0.3–0.5
MLDB-002426,DOI,0.42696629213483145,False,2.1174574030500093,0.3–0.5
MLDB-002436,DOI,0.8130081300813008,False,0.7961902816370101,0.7–0.9
MLDB-002437,DOI,0.8174603174603174,False,1.0759869742361885,0.7–0.9
MLDB-002438,DOI,0.7094594594594594,False,0.7907341490337934,0.7–0.9
MLDB-002439,DOI,0.6861313868613139,False,0.7677464604991124,0.5–0.7
MLDB-002532,DOI,0.6438356164383562,False,0.5408331123119595,0.5–0.7
MLDB-002533,DOI,0.45454545454545453,False,0.0217760170301615,0.3–0.5
MLDB-002534,DOI,0.5,False,0.160788094745772,0.5–0.7
MLDB-002548,DOI,0.3333333333333333,False,1.5622055969290167,0.3–0.5
MLDB-002549,DOI,0.3333333333333333,False,1.1108276639274406,0.3–0.5
MLDB-002588,DOI,0.7435897435897436,False,0.3710979533869708,0.7–0.9
MLDB-002589,DOI,0.6708860759493671,False,0.3189350946200349,0.5–0.7
MLDB-002593,DOI,0.5340909090909091,False,0.2827843978126479,0.5–0.7
MLDB-002594,DOI,0.5225225225225225,False,0.7883743433344629,0.5–0.7
MLDB-002595,DOI,0.5575221238938053,False,0.5348710412258685,0.5–0.7
MLDB-002596,DOI,0.5370370370370371,False,0.361621787675941,0.5–0.7
MLDB-002628,DOI,0.4077669902912621,False,0.4524294635397001,0.3–0.5
MLDB-002629,DOI,0.3516949152542373,False,0.707781455302299,0.3–0.5
MLDB-002720,DOI,0.5913978494623656,False,0.4824731845434025,0.5–0.7
MLDB-002825,DOI,0.7634408602150538,False,0.3978428841352164,0.7–0.9
MLDB-002826,DOI,0.8021978021978022,False,0.1289136365128267,0.7–0.9
MLDB-002827,DOI,0.7604166666666666,False,0.1982792450187689,0.7–0.9
MLDB-002828,DOI,0.6636363636363637,False,0.487957674248116,0.5–0.7
MLDB-002856,DOI,1.0,False,1.1116639410015603,≥0.9
MLDB-002889,DOI,0.29411764705882354,False,1.6372296446358232,<0.3
MLDB-002890,DOI,0.3037974683544304,False,1.198388057426509,0.3–0.5
MLDB-002891,DOI,0.25,False,1.48233489293597,<0.3
MLDB-002892,DOI,0.2988505747126437,False,1.3781679462169258,<0.3
MLDB-002893,DOI,0.30434782608695654,False,0.7905124010509363,0.3–0.5
MLDB-002979,DOI,0.6666666666666666,False,0.5552920640049391,0.5–0.7
MLDB-002980,DOI,0.5964912280701754,False,0.5778756674084343,0.5–0.7
MLDB-002981,DOI,0.5064935064935064,False,1.498070857423473,0.5–0.7
MLDB-002982,DOI,0.5704697986577181,False,1.5313235951912016,0.5–0.7
MLDB-002983,DOI,0.5483870967741935,False,1.5522237564552883,0.5–0.7
MLDB-002984,DOI,0.5632183908045977,False,1.5420932568009085,0.5–0.7
MLDB-003087,DOI,0.46357615894039733,False,1.4261772705157585,0.3–0.5
MLDB-003088,DOI,0.3246753246753247,False,0.4305000366515631,0.3–0.5
MLDB-003102,DOI,0.8571428571428571,False,0.2785569499287081,0.7–0.9
MLDB-003103,DOI,0.8636363636363636,False,0.2320889295425537,0.7–0.9
MLDB-003104,DOI,0.8571428571428571,False,0.1400727680734173,0.7–0.9
MLDB-003105,DOI,0.8571428571428571,False,0.237140096475687,0.7–0.9
MLDB-003106,DOI,0.8636363636363636,False,0.2869750235320656,0.7–0.9
MLDB-003107,DOI,0.8571428571428571,False,0.077831518192066,0.7–0.9
MLDB-003132,DOI,0.7241379310344828,False,1.048074053049469,0.7–0.9
MLDB-003133,DOI,0.735632183908046,False,0.1281404453422204,0.7–0.9
MLDB-003134,DOI,0.7125,False,0.0234404938817597,0.7–0.9
MLDB-003135,DOI,0.6989247311827957,False,0.0939536330012298,0.5–0.7
MLDB-003136,DOI,0.7850467289719626,False,0.3819978547637436,0.7–0.9
MLDB-003170,DOI,0.358974358974359,False,1.5740040532770103,0.3–0.5
MLDB-003171,DOI,0.543859649122807,False,1.5915362935167017,0.5–0.7
MLDB-003172,DOI,0.5424528301886793,False,1.5177965013988506,0.5–0.7
MLDB-003173,DOI,0.43103448275862066,False,0.7895707806410661,0.3–0.5
MLDB-003209,DOI,0.43157894736842106,False,0.3409328067392161,0.3–0.5
MLDB-003210,DOI,0.4536082474226804,False,0.0116319422002103,0.3–0.5
MLDB-003211,DOI,0.5391304347826087,False,0.0358284789851941,0.5–0.7
MLDB-003212,DOI,0.41139240506329117,False,0.2919893669519109,0.3–0.5
MLDB-003311,DOI,0.6496350364963503,False,0.1772100750121527,0.5–0.7
MLDB-003313,DOI,0.5187165775401069,False,0.0070726420982893,0.5–0.7
MLDB-003369,DOI,1.0,False,0.4899328635220683,≥0.9
MLDB-003370,DOI,0.6705882352941176,False,0.2952722227275024,0.5–0.7
MLDB-003371,DOI,0.4560669456066946,False,1.0542846982144949,0.3–0.5
MLDB-003372,DOI,0.7142857142857143,False,0.6068785445134992,0.7–0.9
MLDB-003373,DOI,0.664179104477612,False,0.1463125488254277,0.5–0.7
MLDB-003374,DOI,0.9473684210526315,False,0.3313414896108146,≥0.9
MLDB-003375,DOI,0.5,False,1.068412618807481,0.5–0.7
MLDB-003416,DOI,0.9081081081081082,False,0.4484277718271769,≥0.9
MLDB-003417,DOI,0.8983957219251337,False,0.24412704992304,0.7–0.9
MLDB-003418,DOI,0.89,False,0.5561133746122405,0.7–0.9
MLDB-003419,DOI,0.8615384615384616,False,0.049820335802384,0.7–0.9
MLDB-003420,DOI,0.8379629629629629,False,0.4514810634822261,0.7–0.9
MLDB-003490,DOI,0.2857142857142857,False,0.2765461767907395,<0.3
MLDB-003491,DOI,0.28846153846153844,False,0.3323018305377867,<0.3
MLDB-003492,DOI,0.2911392405063291,False,0.1870110847511026,<0.3
MLDB-003493,DOI,0.2857142857142857,False,0.9662917876172232,<0.3
MLDB-003531,DOI,1.0,False,0.3050812854553788,≥0.9
MLDB-003532,DOI,0.4280936454849498,False,0.0485068361648244,0.3–0.5
MLDB-003558,DOI,0.8504672897196262,False,0.5730178329329455,0.7–0.9
MLDB-003559,DOI,0.8348623853211009,False,0.2437419012885062,0.7–0.9
MLDB-003560,DOI,0.8348623853211009,False,0.7472756424485179,0.7–0.9
MLDB-003584,DOI,1.0,False,0.7711998318950214,≥0.9
MLDB-003585,DOI,0.8588957055214724,False,0.1831975440232948,0.7–0.9
MLDB-003586,DOI,0.8816568047337278,False,0.1812115889896994,0.7–0.9
MLDB-003587,DOI,0.8994082840236687,False,0.2731938263526644,0.7–0.9
MLDB-003612,DOI,0.2537313432835821,False,2.320065135370527,<0.3
MLDB-003613,DOI,0.16176470588235295,False,0.01749002721287,<0.3
MLDB-003614,DOI,0.3375,False,2.7188907030079705,0.3–0.5
MLDB-003615,DOI,0.19318181818181818,False,0.3693602167360955,<0.3
MLDB-003619,DOI,0.6126126126126126,False,2.2000317340144813,0.5–0.7
MLDB-003620,DOI,0.5982142857142857,False,1.6921798571120306,0.5–0.7
MLDB-003621,DOI,0.5982142857142857,False,1.8146232963012665,0.5–0.7
MLDB-003626,DOI,0.8588957055214724,False,1.5869110027267597,0.7–0.9
MLDB-003627,DOI,0.8465909090909091,False,0.2491780352557056,0.7–0.9
MLDB-003628,DOI,0.7632850241545893,False,0.0137375024958814,0.7–0.9
MLDB-003629,DOI,0.6820276497695853,False,0.2398109627966935,0.5–0.7
MLDB-003668,DOI,0.41935483870967744,False,0.4408876679265765,0.3–0.5
MLDB-003669,DOI,0.40298507462686567,False,0.3542640634948639,0.3–0.5
MLDB-003670,DOI,0.40540540540540543,False,0.3092145181575183,0.3–0.5
MLDB-003671,DOI,0.4195804195804196,False,0.0742275246867594,0.3–0.5
MLDB-003726,DOI,0.6573426573426573,False,0.2138811105865273,0.5–0.7
MLDB-003727,DOI,0.6462585034013606,False,1.3456674815657188,0.5–0.7
MLDB-003728,DOI,0.6375838926174496,False,1.2532368334270263,0.5–0.7
MLDB-003729,DOI,0.5673758865248227,False,1.1209107937048135,0.5–0.7
MLDB-003730,DOI,0.6514285714285715,False,0.6748273657319366,0.5–0.7
MLDB-003769,DOI,0.44370860927152317,False,0.8298876634324404,0.3–0.5
MLDB-003770,DOI,0.46496815286624205,False,0.1697723353032154,0.3–0.5
MLDB-003771,DOI,0.4909090909090909,False,0.5328970842411072,0.3–0.5
MLDB-003772,DOI,0.5333333333333333,False,0.3520276351903058,0.5–0.7
MLDB-003773,DOI,0.5304878048780488,False,0.2660162752349864,0.5–0.7
MLDB-003774,DOI,0.6582278481012658,False,0.2202496726732943,0.5–0.7
MLDB-003806,DOI,1.0,False,0.5841824441395085,≥0.9
MLDB-003807,DOI,0.4579831932773109,False,0.7319683333718479,0.3–0.5
MLDB-003808,DOI,0.3715277777777778,False,1.900557656696092,0.3–0.5
MLDB-003809,DOI,0.4641350210970464,False,0.8320184697749035,0.3–0.5
MLDB-003810,DOI,0.4086687306501548,False,0.2346449946712994,0.3–0.5
MLDB-003811,DOI,0.42038216560509556,False,0.5618660568518655,0.3–0.5
MLDB-003817,DOI,0.6443298969072165,False,0.7017161029566432,0.5–0.7
MLDB-003818,DOI,0.6386138613861386,False,0.197643016267452,0.5–0.7
MLDB-003819,DOI,0.6255924170616114,False,0.8795788307654057,0.5–0.7
MLDB-003820,DOI,0.6210045662100456,False,0.2506852655701075,0.5–0.7
MLDB-003821,DOI,1.0,False,0.6200252486189417,≥0.9
MLDB-003877,DOI,1.0,False,1.0600671364779315,≥0.9
MLDB-003878,DOI,0.7674418604651163,False,0.5688695860649233,0.7–0.9
MLDB-003879,DOI,0.7164179104477612,False,0.8858981988068928,0.7–0.9
MLDB-003880,DOI,0.8888888888888888,False,0.5255695602958749,0.7–0.9
MLDB-003881,DOI,0.8829268292682927,False,0.2982774228320119,0.7–0.9
MLDB-003882,DOI,1.0,False,0.5717968538663869,≥0.9
MLDB-003883,DOI,0.7674418604651163,False,1.2978184731056026,0.7–0.9
MLDB-003884,DOI,0.7164179104477612,False,1.2691720431892988,0.7–0.9
MLDB-003885,DOI,0.8888888888888888,False,0.1624592790134015,0.7–0.9
MLDB-003886,DOI,0.8829268292682927,False,0.4914004208056912,0.7–0.9
MLDB-003900,DOI,0.8203592814371258,False,0.252551988273395,0.7–0.9
MLDB-003901,DOI,0.8106508875739645,False,0.159015302163364,0.7–0.9
MLDB-003903,DOI,0.7849462365591398,False,1.1610958782138212,0.7–0.9
MLDB-003904,DOI,0.776595744680851,False,0.1701119998586225,0.7–0.9
MLDB-003972,DOI,0.5096153846153846,False,0.5406226484664017,0.5–0.7
MLDB-004109,DOI,0.6347826086956522,False,0.3366461879594507,0.5–0.7
MLDB-004110,DOI,1.0,False,0.20655950025894,≥0.9
MLDB-004111,DOI,1.0,False,0.2284481768011503,≥0.9
MLDB-004112,DOI,1.0,False,0.131034698288664,≥0.9
MLDB-004113,DOI,1.0,False,0.0289782705576398,≥0.9
MLDB-004114,DOI,1.0,False,0.0898860150032395,≥0.9
MLDB-004128,DOI,1.0,False,0.2312906755582657,≥0.9
MLDB-004129,DOI,1.0,False,1.242164125786516,≥0.9
MLDB-004130,DOI,1.0,False,0.620051214308386,≥0.9
MLDB-004131,DOI,1.0,False,0.8443156482644448,≥0.9
MLDB-004132,DOI,0.7142857142857143,False,0.2642248404726542,0.7–0.9
MLDB-004133,DOI,0.7319587628865979,False,0.1285008223902921,0.7–0.9
MLDB-004188,DOI,0.715,False,0.9761177795697236,0.7–0.9
MLDB-004189,DOI,0.6941747572815534,False,1.0808081050988112,0.5–0.7
MLDB-004190,DOI,0.6486486486486487,False,0.7327759878970131,0.5–0.7
MLDB-004259,DOI,0.48148148148148145,False,0.5061277718523985,0.3–0.5
MLDB-004260,DOI,0.3411764705882353,False,0.8982572431185065,0.3–0.5
MLDB-004261,DOI,0.2698412698412698,False,0.0302708357721367,<0.3
MLDB-004262,DOI,0.64,False,0.5250261964432489,0.5–0.7
MLDB-004263,DOI,0.3157894736842105,False,1.454295579900752,0.3–0.5
MLDB-004374,DOI,0.7297297297297297,False,0.3264583570746039,0.7–0.9
MLDB-004375,DOI,0.38461538461538464,False,0.5283771391070893,0.3–0.5
MLDB-004384,DOI,0.7510548523206751,False,0.6495111488579031,0.7–0.9
MLDB-004385,DOI,0.7807017543859649,False,0.5300594446596444,0.7–0.9
MLDB-004386,DOI,0.8829268292682927,False,0.4417225771679881,0.7–0.9
MLDB-004399,DOI,0.7202797202797203,False,0.4075777326940522,0.7–0.9
MLDB-004400,DOI,0.746268656716418,False,0.2270063463234393,0.7–0.9
MLDB-004401,DOI,1.0,False,0.511244403282807,≥0.9
MLDB-004402,DOI,0.74,False,0.1171515243229639,0.7–0.9
MLDB-004403,DOI,0.5902439024390244,False,0.3116276357800558,0.5–0.7
MLDB-004404,DOI,0.5961538461538461,False,0.3609311971880584,0.5–0.7
MLDB-004405,DOI,0.5333333333333333,False,0.6023492115538799,0.5–0.7
MLDB-004406,DOI,0.68561872909699,False,0.2156376830758387,0.5–0.7
MLDB-004407,DOI,0.6788079470198676,False,0.4875487385948891,0.5–0.7
MLDB-004408,DOI,0.6507936507936508,False,0.0671311456527055,0.5–0.7
MLDB-004461,DOI,0.740506329113924,False,1.9194856183713784,0.7–0.9
MLDB-004506,DOI,0.674074074074074,False,0.0077326065301173,0.5–0.7
MLDB-004507,DOI,0.6857142857142857,False,0.6168126862673073,0.5–0.7
MLDB-004508,DOI,0.6788321167883211,False,0.5817976786518775,0.5–0.7
MLDB-004552,DOI,0.7352941176470589,False,0.5748274984740287,0.7–0.9
MLDB-004553,DOI,1.0,False,0.813508753517543,≥0.9
MLDB-004554,DOI,0.7352941176470589,False,0.4210635621877197,0.7–0.9
MLDB-004555,DOI,1.0,False,0.3127755746670299,≥0.9
MLDB-004594,DOI,0.6907630522088354,False,0.4606900142272132,0.5–0.7
MLDB-004595,DOI,0.6515837104072398,False,0.7408988060833508,0.5–0.7
MLDB-004596,DOI,0.6936936936936937,False,1.8514234053836005,0.5–0.7
MLDB-004636,DOI,0.8829268292682927,False,0.1072888700830756,0.7–0.9
MLDB-004637,DOI,0.822429906542056,False,0.0829818396388941,0.7–0.9
MLDB-004638,DOI,0.7884615384615384,False,0.4570839798337059,0.7–0.9
MLDB-004639,DOI,0.7289719626168224,False,0.1516738935116799,0.7–0.9
MLDB-004657,DOI,1.0,False,0.7650812854553788,≥0.9
MLDB-004658,DOI,0.7471264367816092,False,0.3146739893421368,0.7–0.9
MLDB-004659,DOI,0.72,False,0.8160567165065397,0.7–0.9
MLDB-004684,DOI,0.32432432432432434,False,0.8826268819588312,0.3–0.5
MLDB-004685,DOI,0.4830508474576271,False,0.8845311978874442,0.3–0.5
MLDB-004686,DOI,0.5106382978723404,False,0.3129125017426738,0.5–0.7
MLDB-004687,DOI,0.4358974358974359,False,1.148112888319193,0.3–0.5
MLDB-004688,DOI,0.5982905982905983,False,1.0001557087698374,0.5–0.7
MLDB-004709,DOI,0.5174418604651163,False,1.2587152189220987,0.5–0.7
MLDB-004710,DOI,0.45604395604395603,False,1.14715777642944,0.3–0.5
MLDB-004711,DOI,0.4388888888888889,False,0.661030413326254,0.3–0.5
MLDB-004717,DOI,0.6176470588235294,False,0.3521972228585537,0.5–0.7
MLDB-004718,DOI,0.6042402826855123,False,0.471020330574152,0.5–0.7
MLDB-004719,DOI,0.5872340425531914,False,0.2331191831928554,0.5–0.7
MLDB-004720,DOI,0.4896142433234421,False,0.4292753557753572,0.3–0.5
MLDB-004721,DOI,0.4975124378109453,False,1.1460462583818307,0.3–0.5
MLDB-004722,DOI,0.4975124378109453,False,0.9067328195266005,0.3–0.5
MLDB-004723,DOI,0.4873096446700508,False,0.9817517440062368,0.3–0.5
MLDB-004724,DOI,0.4830917874396135,False,0.9091943168630424,0.3–0.5
MLDB-004725,DOI,0.4830917874396135,False,0.679880878007812,0.3–0.5
MLDB-004726,DOI,0.4729064039408867,False,1.0738853470801506,0.3–0.5
MLDB-004753,DOI,0.782608695652174,False,0.205699499141555,0.7–0.9
MLDB-004754,DOI,0.6206896551724138,False,0.3705658132837811,0.5–0.7
MLDB-004779,DOI,0.6699029126213593,False,0.5213815374628026,0.5–0.7
MLDB-004780,DOI,0.660377358490566,False,0.5598107691347831,0.5–0.7
MLDB-004781,DOI,0.625,False,0.4778069728879183,0.5–0.7
MLDB-004801,DOI,0.47297297297297297,False,1.4762806275061569,0.3–0.5
MLDB-004802,DOI,0.47297297297297297,False,1.1880941228303583,0.3–0.5
MLDB-004803,DOI,0.47297297297297297,False,1.1910326433116718,0.3–0.5
MLDB-004816,DOI,0.40425531914893614,False,0.2208421872806777,0.3–0.5
MLDB-004817,DOI,0.40425531914893614,False,1.2691578127193224,0.3–0.5
MLDB-004876,DOI,0.4461538461538462,False,1.4875133167009384,0.3–0.5
MLDB-004908,DOI,0.5714285714285714,False,0.1926895016110735,0.5–0.7
MLDB-004937,DOI,0.8275862068965517,False,0.3560873330492958,0.7–0.9
MLDB-004938,DOI,0.5722543352601156,False,0.447851077619286,0.5–0.7
MLDB-004988,DOI,0.7058823529411765,False,0.2139824934512768,0.7–0.9
MLDB-004989,DOI,0.5285714285714286,False,0.0147582005574927,0.5–0.7
MLDB-004990,DOI,0.4666666666666667,False,0.7236607666104928,0.3–0.5
MLDB-004999,DOI,1.0,False,0.793508753517543,≥0.9
MLDB-005000,DOI,0.7456647398843931,False,1.071777061064669,0.7–0.9
MLDB-005008,DOI,0.2857142857142857,False,0.8930154318886535,<0.3
MLDB-005009,DOI,0.2802547770700637,False,1.3116667890126823,<0.3
MLDB-005010,DOI,0.275,False,1.253490973320618,<0.3
MLDB-005011,DOI,0.29651162790697677,False,1.6161709479996795,<0.3
MLDB-005018,DOI,0.6012861736334405,False,1.133502207480084,0.5–0.7
MLDB-005019,DOI,0.6716417910447762,False,1.3868877630239655,0.5–0.7
MLDB-005020,DOI,0.6012861736334405,False,0.9827094687748166,0.5–0.7
MLDB-005023,DOI,1.0,False,1.9700671364779312,≥0.9
MLDB-005024,DOI,1.0,False,1.195081285455379,≥0.9
MLDB-005025,DOI,0.8783783783783784,False,0.9356440582739548,0.7–0.9
MLDB-005026,DOI,0.8783783783783784,False,0.7566821899651734,0.7–0.9
MLDB-005027,DOI,1.0,False,2.243508753517543,≥0.9
MLDB-005028,DOI,1.0,False,1.1190873167163753,≥0.9
MLDB-005029,DOI,0.8872180451127819,False,1.2638098598049332,0.7–0.9
MLDB-005030,DOI,0.49642857142857144,False,2.6525518666321988,0.3–0.5
MLDB-005031,DOI,0.4777777777777778,False,1.6914434095434954,0.3–0.5
MLDB-005032,DOI,0.3873239436619718,False,1.1357677239523207,0.3–0.5
MLDB-005033,DOI,0.3793103448275862,False,0.563854267340065,0.3–0.5
MLDB-005034,DOI,0.36423841059602646,False,0.3638542673400651,0.3–0.5
MLDB-005035,DOI,0.3183098591549296,False,1.3517814787262483,0.3–0.5
MLDB-005036,DOI,0.31043956043956045,False,1.251781478726249,0.3–0.5
MLDB-005037,DOI,0.29581151832460734,False,0.5821084442007274,<0.3
MLDB-005038,DOI,0.3183098591549296,False,1.5517814787262485,0.3–0.5
MLDB-005039,DOI,0.31043956043956045,False,1.0517814787262485,0.3–0.5
MLDB-005040,DOI,0.29581151832460734,False,0.7321084442007275,<0.3
MLDB-005044,DOI,0.8333333333333334,False,0.7212557946469722,0.7–0.9
MLDB-005045,DOI,0.56,False,1.5638849455794597,0.5–0.7
MLDB-005046,DOI,1.0,False,1.1472024237601146,≥0.9
MLDB-005049,DOI,0.8333333333333334,False,0.291255794646972,0.7–0.9
MLDB-005050,DOI,0.7747747747747747,False,0.1662979852647683,0.7–0.9
MLDB-005051,DOI,0.8717948717948718,False,0.4676764399378671,0.7–0.9
MLDB-005052,DOI,0.3308931185944363,False,1.823694935338504,0.3–0.5
MLDB-005053,DOI,0.3308931185944363,False,1.5236949353385043,0.3–0.5
MLDB-005081,DOI,0.7887323943661971,False,1.2547802890850948,0.7–0.9
MLDB-005082,DOI,0.8192771084337349,False,1.579280016169431,0.7–0.9
MLDB-005083,DOI,0.6917293233082706,False,0.0716309301494692,0.5–0.7
MLDB-005091,DOI,0.4396551724137931,False,0.2194682148376157,0.3–0.5
MLDB-005092,DOI,0.43859649122807015,False,0.3468045401299471,0.3–0.5
MLDB-005093,DOI,0.452991452991453,False,0.6226743071355214,0.3–0.5
MLDB-005094,DOI,0.453781512605042,False,0.3333134912924111,0.3–0.5
MLDB-005095,DOI,0.46808510638297873,False,0.4932486690222866,0.3–0.5
MLDB-005127,DOI,0.5609756097560976,False,0.290666685751261,0.5–0.7
MLDB-000025,DOI,0.6717557251908397,False,0.7391651604348735,0.5–0.7
MLDB-000026,DOI,0.6546762589928058,False,0.7650538507336859,0.5–0.7
MLDB-000027,DOI,0.6857142857142857,False,0.709220590878051,0.5–0.7
MLDB-000028,DOI,0.78125,False,1.308884357183998,0.7–0.9
MLDB-000106,DOI,0.4017857142857143,False,2.2900886696783687,0.3–0.5
MLDB-000107,DOI,0.4700854700854701,False,1.130497840177228,0.3–0.5
MLDB-000108,DOI,0.6081081081081081,False,2.030445405006134,0.5–0.7
MLDB-000109,DOI,0.4269005847953216,False,1.0922296305625576,0.3–0.5
MLDB-000270,DOI,0.6055045871559633,False,0.7036441460738648,0.5–0.7
MLDB-000271,DOI,0.5675675675675675,False,0.9000759495647849,0.5–0.7
MLDB-000272,DOI,0.5986394557823129,False,0.8977172936845881,0.5–0.7
MLDB-000273,DOI,0.704,False,0.4858188571595996,0.7–0.9
MLDB-000274,DOI,1.0,False,0.041800141524771,≥0.9
MLDB-000275,DOI,0.7391304347826086,False,0.1141463097879058,0.7–0.9
MLDB-000276,DOI,0.648854961832061,False,0.2970294652131633,0.5–0.7
MLDB-000277,DOI,0.7636363636363637,False,0.1487654596740363,0.7–0.9
MLDB-000285,DOI,0.6716417910447762,False,0.5586533535699203,0.5–0.7
MLDB-000286,DOI,0.581081081081081,False,0.1390125797927434,0.5–0.7
MLDB-000287,DOI,0.5733333333333334,False,0.3906415229072663,0.5–0.7
MLDB-000288,DOI,0.5733333333333334,False,0.1557900900188885,0.5–0.7
MLDB-000367,DOI,0.926530612244898,False,0.3745260533497858,≥0.9
MLDB-000368,DOI,0.9259259259259259,False,0.8157182688489097,≥0.9
MLDB-000391,DOI,0.69,False,0.9585791356002596,0.5–0.7
MLDB-000392,DOI,0.7720588235294118,False,0.0738129458902999,0.7–0.9
MLDB-000393,DOI,0.6702127659574468,False,0.8239390412262085,0.5–0.7
MLDB-000394,DOI,0.5154639175257731,False,0.4628138892454403,0.5–0.7
MLDB-000395,DOI,0.5631067961165048,False,0.4356245471266938,0.5–0.7
MLDB-000396,DOI,0.45454545454545453,False,0.8345921356370505,0.3–0.5
MLDB-000397,DOI,0.5329949238578681,False,0.7520792619232588,0.5–0.7
MLDB-000398,DOI,0.5563380281690141,False,0.4359251739442121,0.5–0.7
MLDB-000399,DOI,0.40625,False,0.4366016028927878,0.3–0.5
MLDB-000412,DOI,0.4946236559139785,False,2.662400115096739,0.3–0.5
MLDB-000413,DOI,0.49137931034482757,False,1.578551636467222,0.3–0.5
MLDB-000414,DOI,0.8210526315789474,False,0.6087121233420357,0.7–0.9
MLDB-000415,DOI,0.6363636363636364,False,3.038640102394692,0.5–0.7
MLDB-000416,DOI,0.6106194690265486,False,0.1368851048966106,0.5–0.7
MLDB-000444,DOI,0.6702127659574468,False,1.2765177185637988,0.5–0.7
MLDB-000445,DOI,0.5705882352941176,False,0.3563951484974651,0.5–0.7
MLDB-000446,DOI,0.7129629629629629,False,1.0548338790703586,0.7–0.9
MLDB-000447,DOI,0.5263157894736842,False,1.5237432283388317,0.5–0.7
MLDB-000448,DOI,0.4919786096256685,False,0.4270060916201872,0.3–0.5
MLDB-000449,DOI,0.47,False,0.9142836264447842,0.3–0.5
MLDB-000450,DOI,0.5857142857142857,False,1.5771297517553935,0.5–0.7
MLDB-000451,DOI,0.5988023952095808,False,0.411541820465794,0.5–0.7
MLDB-000452,DOI,0.56,False,1.539878253967023,0.5–0.7
MLDB-000453,DOI,0.5251396648044693,False,0.1543062357007381,0.5–0.7
MLDB-000454,DOI,0.69,False,1.598100498617555,0.5–0.7
MLDB-000455,DOI,0.7720588235294118,False,0.1961641944288794,0.7–0.9
MLDB-000456,DOI,0.7019230769230769,False,1.1840712698874278,0.7–0.9
MLDB-000457,DOI,0.6296296296296297,False,1.5550048457103247,0.5–0.7
MLDB-000458,DOI,0.6987951807228916,False,1.729063334777109,0.5–0.7
MLDB-000459,DOI,0.6451612903225806,False,0.2550831810196244,0.5–0.7
MLDB-000460,DOI,0.8018867924528302,False,0.4919438898350783,0.7–0.9
MLDB-000461,DOI,0.55,False,1.980537163476818,0.5–0.7
MLDB-000462,DOI,0.7130434782608696,False,0.2509121281702279,0.7–0.9
MLDB-000463,DOI,0.5476190476190477,False,1.7913415628900833,0.5–0.7
MLDB-000464,DOI,0.6703296703296703,False,0.1770206079464427,0.5–0.7
MLDB-000483,DOI,0.7709251101321586,False,0.0072560027511648,0.7–0.9
MLDB-000484,DOI,0.8181818181818182,False,0.0684045511827534,0.7–0.9
MLDB-000485,DOI,0.8048780487804879,False,0.5297223042543667,0.7–0.9
MLDB-000486,DOI,0.6157407407407407,False,0.2056211847375676,0.5–0.7
MLDB-000487,DOI,0.864406779661017,False,0.2393321591509776,0.7–0.9
MLDB-000488,DOI,0.5868055555555556,False,0.2222262810108866,0.5–0.7
MLDB-000517,DOI,0.7842465753424658,False,1.0002090419195393,0.7–0.9
MLDB-000560,DOI,0.7913669064748201,False,0.2362472848539309,0.7–0.9
MLDB-000561,DOI,0.7716049382716049,False,0.7199798183615583,0.7–0.9
MLDB-000562,DOI,0.7671232876712328,False,0.3746473111957215,0.7–0.9
MLDB-000604,DOI,0.632183908045977,False,0.5048176487256258,0.5–0.7
MLDB-000605,DOI,0.6404494382022472,False,0.727668200463948,0.5–0.7
MLDB-000606,DOI,0.5368421052631579,False,0.785380362825781,0.5–0.7
MLDB-000607,DOI,0.6521739130434783,False,0.0492866820921535,0.5–0.7
MLDB-000608,DOI,0.6666666666666666,False,0.1956268747295104,0.5–0.7
MLDB-000609,DOI,0.673469387755102,False,0.1431016366733,0.5–0.7
MLDB-000610,DOI,0.5769230769230769,False,0.2178492387535868,0.5–0.7
MLDB-000611,DOI,0.6831683168316832,False,0.0543916089732845,0.5–0.7
MLDB-000652,DOI,0.7849462365591398,False,0.1826281328466875,0.7–0.9
MLDB-000654,DOI,0.7534246575342466,False,1.5191502517512354,0.7–0.9
MLDB-000655,DOI,0.7870370370370371,False,1.0216195119530376,0.7–0.9
MLDB-000656,DOI,0.7023809523809523,False,0.4047453540381074,0.7–0.9
MLDB-000657,DOI,0.8125,False,0.5351275439723303,0.7–0.9
MLDB-000658,DOI,0.7323943661971831,False,0.1373012436608235,0.7–0.9
MLDB-000677,DOI,1.0,False,1.346217744832455,≥0.9
MLDB-000678,DOI,0.8648648648648649,False,0.2934362556267831,0.7–0.9
MLDB-000679,DOI,0.8773006134969326,False,0.1567933285025283,0.7–0.9
MLDB-000680,DOI,0.8876404494382022,False,0.2148354117348496,0.7–0.9
MLDB-000681,DOI,0.7365269461077845,False,0.3314189774956753,0.7–0.9
MLDB-000682,DOI,0.8717948717948718,False,0.3016887766786266,0.7–0.9
MLDB-000683,DOI,0.8830409356725146,False,0.0635937026322924,0.7–0.9
MLDB-000684,DOI,0.8924731182795699,False,0.2028657346856248,0.7–0.9
MLDB-000685,DOI,0.900497512437811,False,0.0627530933782947,≥0.9
MLDB-000695,DOI,0.6417112299465241,False,0.8466766287959687,0.5–0.7
MLDB-000696,DOI,0.5959595959595959,False,0.7530218234853432,0.5–0.7
MLDB-000697,DOI,0.5410628019323671,False,0.6648760664120199,0.5–0.7
MLDB-000724,DOI,0.5283018867924528,False,0.6877300937595494,0.5–0.7
MLDB-000725,DOI,0.4900662251655629,False,1.099647265612728,0.3–0.5
MLDB-000726,DOI,0.5221238938053098,False,1.2517547783164518,0.5–0.7
MLDB-000727,DOI,0.509090909090909,False,0.2563011731365399,0.5–0.7
MLDB-000728,DOI,0.4482758620689655,False,0.1846977261441436,0.3–0.5
MLDB-000729,DOI,0.4551282051282051,False,1.217438880749742,0.3–0.5
MLDB-000730,DOI,0.5988372093023255,False,0.5251748270396606,0.5–0.7
MLDB-000731,DOI,0.5738636363636364,False,1.348216090368565,0.5–0.7
MLDB-000732,DOI,0.5642458100558659,False,1.4800007050367434,0.5–0.7
MLDB-000733,DOI,0.5738636363636364,False,0.477130200315099,0.5–0.7
MLDB-000734,DOI,0.55,False,0.5031030581654132,0.5–0.7
MLDB-000735,DOI,0.55,False,1.6836874085716032,0.5–0.7
MLDB-000767,DOI,0.8333333333333334,False,1.6578020066202854,0.7–0.9
MLDB-000768,DOI,0.8412698412698413,False,1.5489270817741323,0.7–0.9
MLDB-000769,DOI,0.7606382978723404,False,1.3651856659844248,0.7–0.9
MLDB-000824,DOI,0.42424242424242425,False,0.1429661919014,0.3–0.5
MLDB-000825,DOI,0.4146341463414634,False,0.0486135670781714,0.3–0.5
MLDB-000826,DOI,0.45614035087719296,False,0.4002175163405335,0.3–0.5
MLDB-000827,DOI,0.34408602150537637,False,0.2710104949140057,0.3–0.5
MLDB-000828,DOI,0.3644859813084112,False,0.1537817689493489,0.3–0.5
MLDB-000829,DOI,0.4262295081967213,False,0.6858885329130415,0.3–0.5
MLDB-000830,DOI,0.3974358974358974,False,0.6412133233581364,0.3–0.5
MLDB-000831,DOI,0.3333333333333333,False,0.399651607461241,0.3–0.5
MLDB-000832,DOI,0.36551724137931035,False,0.8613572384981203,0.3–0.5
MLDB-000833,DOI,0.48091603053435117,False,0.9028734349052956,0.3–0.5
MLDB-000834,DOI,0.6296296296296297,False,0.4812398878098911,0.5–0.7
MLDB-000835,DOI,0.4748201438848921,False,0.3793986506137018,0.3–0.5
MLDB-000836,DOI,0.4666666666666667,False,0.2620742970096554,0.3–0.5
MLDB-000837,DOI,0.5620437956204379,False,2.3160755092197145,0.5–0.7
MLDB-000838,DOI,0.5953757225433526,False,1.263143072354483,0.5–0.7
MLDB-000841,DOI,0.7522123893805309,False,0.2284726709002859,0.7–0.9
MLDB-000842,DOI,0.7543859649122807,False,0.0027216476146014,0.7–0.9
MLDB-000843,DOI,0.7350427350427351,False,0.0204453303610261,0.7–0.9
MLDB-000844,DOI,0.7391304347826086,False,0.3345254262667618,0.7–0.9
MLDB-000845,DOI,0.7391304347826086,False,0.0937108103595952,0.7–0.9
MLDB-000846,DOI,0.7264957264957265,False,0.3115961138804653,0.7–0.9
MLDB-000847,DOI,0.648854961832061,False,0.5457516934320267,0.5–0.7
MLDB-000848,DOI,0.5862068965517241,False,0.2913553722843566,0.5–0.7
MLDB-000849,DOI,0.5977653631284916,False,0.2035385808586161,0.5–0.7
MLDB-000850,DOI,0.5073891625615764,False,0.6640006813517338,0.5–0.7
MLDB-000876,DOI,0.7793103448275862,False,0.2247623345869653,0.7–0.9
MLDB-000877,DOI,0.7557251908396947,False,0.4179114871168874,0.7–0.9
MLDB-000878,DOI,0.7810650887573964,False,0.4232872558371501,0.7–0.9
MLDB-000879,DOI,0.7239263803680982,False,0.1440097611641428,0.7–0.9
MLDB-000880,DOI,0.7445652173913043,False,0.6195758078165832,0.7–0.9
MLDB-000881,DOI,0.7235294117647059,False,0.27002884272016,0.7–0.9
MLDB-000945,DOI,0.7397260273972602,False,0.3261695398504333,0.7–0.9
MLDB-000946,DOI,0.7625,False,0.7534944812084036,0.7–0.9
MLDB-001024,DOI,0.6705882352941176,False,0.85013309464413,0.5–0.7
MLDB-001025,DOI,0.6746987951807228,False,0.1660510318030649,0.5–0.7
MLDB-001026,DOI,0.422680412371134,False,1.658877031355128,0.3–0.5
MLDB-001027,DOI,0.5425531914893617,False,1.2308218877354131,0.5–0.7
MLDB-001028,DOI,0.2391304347826087,False,1.963382308677847,<0.3
MLDB-001029,DOI,0.37209302325581395,False,1.7898998234448782,0.3–0.5
MLDB-001030,DOI,0.3533834586466165,False,1.2251450607296683,0.3–0.5
MLDB-001031,DOI,0.5869565217391305,False,0.6452921413414083,0.5–0.7
MLDB-001032,DOI,0.25196850393700787,False,0.2282982665523305,<0.3
MLDB-001070,DOI,0.5369127516778524,False,0.6202018834007136,0.5–0.7
MLDB-001071,DOI,0.7597402597402597,False,0.3482290697054094,0.7–0.9
MLDB-001072,DOI,0.5575221238938053,False,2.029293190605182,0.5–0.7
MLDB-001073,DOI,0.6459627329192547,False,1.3517432592940395,0.5–0.7
MLDB-001090,DOI,0.6647398843930635,False,0.3891787504523114,0.5–0.7
MLDB-001091,DOI,0.7192982456140351,False,0.014193710479708,0.7–0.9
MLDB-001092,DOI,0.875,False,0.1448582458161473,0.7–0.9
MLDB-001093,DOI,0.8256880733944955,False,0.0835130924976212,0.7–0.9
MLDB-001094,DOI,0.8333333333333334,False,0.2758066088682211,0.7–0.9
MLDB-001095,DOI,0.7894736842105263,False,0.1055419326968137,0.7–0.9
MLDB-001111,DOI,0.8256880733944955,False,0.3151435958802948,0.7–0.9
MLDB-001112,DOI,0.6035502958579881,False,0.5577803361348472,0.5–0.7
MLDB-001113,DOI,0.6787878787878788,False,1.1438674294553093,0.5–0.7
MLDB-001114,DOI,0.8141025641025641,False,1.4358010313677922,0.7–0.9
MLDB-001122,DOI,0.5555555555555556,False,1.5630158828707574,0.5–0.7
MLDB-001123,DOI,0.5643564356435643,False,1.4490954148615018,0.5–0.7
MLDB-001124,DOI,0.5769230769230769,False,1.3356146163862053,0.5–0.7
MLDB-001125,DOI,0.5925925925925926,False,1.1257199929066048,0.5–0.7
MLDB-001126,DOI,0.6,False,1.1609319736676182,0.5–0.7
MLDB-001127,DOI,0.6106194690265486,False,0.781557549578777,0.5–0.7
MLDB-001159,DOI,0.6879432624113475,False,0.0783880164905398,0.5–0.7
MLDB-001160,DOI,0.647887323943662,False,0.2010648163054172,0.5–0.7
MLDB-001161,DOI,0.6848484848484848,False,0.4261999868959691,0.5–0.7
MLDB-001162,DOI,0.6687116564417178,False,0.603284918529896,0.5–0.7
MLDB-001171,DOI,0.7,False,0.8882833530533665,0.7–0.9
MLDB-001172,DOI,0.7096774193548387,False,0.030781959772458,0.7–0.9
MLDB-001173,DOI,0.7107438016528925,False,0.8446038165379178,0.7–0.9
MLDB-001187,DOI,0.8384615384615385,False,0.1372494733804225,0.7–0.9
MLDB-001188,DOI,0.8409090909090909,False,0.0579333171549379,0.7–0.9
MLDB-001189,DOI,0.8432835820895522,False,0.213367013933904,0.7–0.9
MLDB-001190,DOI,0.8455882352941176,False,0.0270412278349257,0.7–0.9
MLDB-001245,DOI,0.50920245398773,False,0.3642024757612284,0.5–0.7
MLDB-001246,DOI,0.5357142857142857,False,1.0424579803632763,0.5–0.7
MLDB-001247,DOI,0.6643356643356644,False,0.8552365505844839,0.5–0.7
MLDB-001286,DOI,0.7542372881355932,False,0.1208819290605987,0.7–0.9
MLDB-001287,DOI,0.7272727272727273,False,0.119978055301937,0.7–0.9
MLDB-001288,DOI,0.752,False,0.4733506613682856,0.7–0.9
MLDB-001289,DOI,0.6614173228346457,False,0.1423208262161146,0.5–0.7
MLDB-001290,DOI,0.6875,False,0.8746188523080289,0.5–0.7
MLDB-001291,DOI,0.7272727272727273,False,0.6025758198457796,0.7–0.9
MLDB-001292,DOI,0.6614173228346457,False,0.2213253560553685,0.5–0.7
MLDB-001399,DOI,0.5851063829787234,False,0.1838339248921459,0.5–0.7
MLDB-001400,DOI,0.49523809523809526,False,0.9901886492534828,0.3–0.5
MLDB-001401,DOI,0.5268817204301075,False,1.0253574736641895,0.5–0.7
MLDB-001406,DOI,0.7559055118110236,False,0.143641945056777,0.7–0.9
MLDB-001407,DOI,0.6595744680851063,False,0.5266075491138853,0.5–0.7
MLDB-001414,DOI,0.8354430379746836,False,1.5067853709367205,0.7–0.9
MLDB-001415,DOI,0.8690476190476191,False,0.8593840803580854,0.7–0.9
MLDB-001460,DOI,0.7625,False,0.5957251639661924,0.7–0.9
MLDB-001461,DOI,0.6153846153846154,False,0.3333966562933399,0.5–0.7
MLDB-001462,DOI,0.6262626262626263,False,0.571515400310603,0.5–0.7
MLDB-001491,DOI,0.5631067961165048,False,2.1589689866071,0.5–0.7
MLDB-001492,DOI,0.7129629629629629,False,0.943433313556391,0.7–0.9
MLDB-001493,DOI,0.6979166666666666,False,0.3948874230752471,0.5–0.7
MLDB-001494,DOI,0.7789473684210526,False,0.4936163436348141,0.7–0.9
MLDB-001495,DOI,0.5904761904761905,False,2.384130939130404,0.5–0.7
MLDB-001496,DOI,0.5037037037037037,False,0.6840799397647883,0.5–0.7
MLDB-001497,DOI,0.524822695035461,False,0.4936939869526663,0.5–0.7
MLDB-001621,DOI,0.47297297297297297,False,0.2249867251283311,0.3–0.5
MLDB-001622,DOI,0.5584415584415584,False,1.03428553045733,0.5–0.7
MLDB-001711,DOI,1.0,False,0.1915993213399867,≥0.9
MLDB-001712,DOI,0.6458333333333334,False,0.0800956650210668,0.5–0.7
MLDB-001713,DOI,1.0,False,0.4385771636669232,≥0.9
MLDB-001714,DOI,0.6909090909090909,False,0.1195416491293577,0.5–0.7
MLDB-001715,DOI,0.7213114754098361,False,0.199028642857187,0.7–0.9
MLDB-001784,DOI,0.4880952380952381,False,0.6687417816594597,0.3–0.5
MLDB-001785,DOI,0.4691358024691358,False,0.4828389628373999,0.3–0.5
MLDB-001917,DOI,0.8426966292134831,False,0.0463331142485824,0.7–0.9
MLDB-001918,DOI,0.8666666666666667,False,0.8687567639622211,0.7–0.9
MLDB-001919,DOI,0.8803418803418803,False,0.929812394528318,0.7–0.9
MLDB-001920,DOI,0.7741935483870968,False,0.4468489550676531,0.7–0.9
MLDB-001921,DOI,0.8,False,1.1581724500624155,0.7–0.9
MLDB-001922,DOI,0.8264462809917356,False,1.1991203848963004,0.7–0.9
MLDB-001965,DOI,0.4620253164556962,False,1.545305704018195,0.3–0.5
MLDB-002041,DOI,0.18421052631578946,False,0.3566609139644338,<0.3
MLDB-002042,DOI,0.18421052631578946,False,0.5666609139644337,<0.3
MLDB-002043,DOI,0.175,False,0.5154742574841735,<0.3
MLDB-002044,DOI,0.175,False,0.3554742574841736,<0.3
MLDB-002045,DOI,0.26744186046511625,False,0.3543346731028672,<0.3
MLDB-002046,DOI,0.26744186046511625,False,0.0956653268971327,<0.3
MLDB-002047,DOI,0.37254901960784315,False,0.8752697695265004,0.3–0.5
MLDB-002048,DOI,0.37254901960784315,False,0.2052697695265004,0.3–0.5
MLDB-002073,DOI,0.8285714285714286,False,0.185609945493469,0.7–0.9
MLDB-002074,DOI,0.8207547169811321,False,0.3758870133337538,0.7–0.9
MLDB-002123,DOI,0.21951219512195122,False,0.43999116778373,<0.3
MLDB-002124,DOI,0.24096385542168675,False,0.4002602731217111,<0.3
MLDB-002268,DOI,0.7012987012987013,False,0.4042181316993302,0.7–0.9
MLDB-002269,DOI,0.7,False,1.1186864242482897,0.7–0.9
MLDB-002337,DOI,0.53125,False,1.5017220562874696,0.5–0.7
MLDB-002528,DOI,0.3058823529411765,False,1.29653294903573,0.3–0.5
MLDB-002529,DOI,0.2875,False,1.0254509181504914,<0.3
MLDB-002530,DOI,0.5666666666666667,False,0.2674863883807334,0.5–0.7
MLDB-002539,DOI,1.0,False,0.5436714306019217,≥0.9
MLDB-002540,DOI,1.0,False,0.6242210080893207,≥0.9
MLDB-002541,DOI,1.0,False,0.5584755118399757,≥0.9
MLDB-002542,DOI,1.0,False,0.5857596825806525,≥0.9
MLDB-002569,DOI,0.4418604651162791,False,0.004867795647792,0.3–0.5
MLDB-002584,DOI,0.7681159420289855,False,0.3587234651147812,0.7–0.9
MLDB-002585,DOI,0.7361111111111112,False,0.2367924034376203,0.7–0.9
MLDB-002586,DOI,0.7571428571428571,False,0.512268050515446,0.7–0.9
MLDB-002587,DOI,0.726027397260274,False,0.3914051344109845,0.7–0.9
MLDB-002607,DOI,0.4,False,0.1168017812828969,0.3–0.5
MLDB-002608,DOI,0.39669421487603307,False,0.7229773911375872,0.3–0.5
MLDB-002609,DOI,0.4098360655737705,False,0.5034638777655995,0.3–0.5
MLDB-002610,DOI,0.4661016949152542,False,0.732557703122792,0.3–0.5
MLDB-002611,DOI,0.4083333333333333,False,0.7180733200543636,0.3–0.5
MLDB-002612,DOI,0.4375,False,0.019331878086504,0.3–0.5
MLDB-002613,DOI,0.43636363636363634,False,0.6020511497500456,0.3–0.5
MLDB-002614,DOI,0.4375,False,0.5021126484001608,0.3–0.5
MLDB-002615,DOI,0.47413793103448276,False,0.8253832782907782,0.3–0.5
MLDB-002616,DOI,0.44954128440366975,False,0.8117354834472867,0.3–0.5
MLDB-002617,DOI,0.4,False,0.1072704469694045,0.3–0.5
MLDB-002618,DOI,0.4051724137931034,False,0.4528535925048068,0.3–0.5
MLDB-002619,DOI,0.415929203539823,False,0.6681983736929747,0.3–0.5
MLDB-002732,DOI,0.5913978494623656,False,0.6030439519073474,0.5–0.7
MLDB-002733,DOI,0.5913978494623656,False,0.5554264312308357,0.5–0.7
MLDB-002734,DOI,0.5913978494623656,False,0.4461968574930584,0.5–0.7
MLDB-002735,DOI,0.5913978494623656,False,0.6122320046146807,0.5–0.7
MLDB-002736,DOI,0.3333333333333333,False,0.2654160446323679,0.3–0.5
MLDB-002737,DOI,0.24087591240875914,False,0.1433362828792954,<0.3
MLDB-002738,DOI,0.19375,False,0.9930300790707856,<0.3
MLDB-002739,DOI,0.48333333333333334,False,2.0947445579417003,0.3–0.5
MLDB-002740,DOI,0.4423076923076923,False,1.1756254952448013,0.3–0.5
MLDB-002741,DOI,0.43478260869565216,False,1.7475344317431192,0.3–0.5
MLDB-002814,DOI,0.632768361581921,False,0.8440843820818408,0.5–0.7
MLDB-002815,DOI,0.2581967213114754,False,1.204246958413664,<0.3
MLDB-002816,DOI,0.6009389671361502,False,0.1645519752232296,0.5–0.7
MLDB-002817,DOI,0.3003412969283277,False,0.3763874924471166,0.3–0.5
MLDB-002873,DOI,0.5,False,1.097914497912784,0.5–0.7
MLDB-002874,DOI,0.5454545454545454,False,1.0193906659226324,0.5–0.7
MLDB-002875,DOI,0.5454545454545454,False,0.8926455886792648,0.5–0.7
MLDB-002876,DOI,0.5,False,0.952344563321298,0.5–0.7
MLDB-002894,DOI,0.275,False,0.1636110981643517,<0.3
MLDB-002955,DOI,0.5932203389830508,False,1.174665076485813,0.5–0.7
MLDB-002956,DOI,0.4418604651162791,False,1.3971440916884372,0.3–0.5
MLDB-002957,DOI,0.5555555555555556,False,1.4354392208016875,0.5–0.7
MLDB-002958,DOI,0.37142857142857144,False,1.5608850361808275,0.3–0.5
MLDB-002965,DOI,0.28846153846153844,False,0.9497944515338316,<0.3
MLDB-002966,DOI,0.3114754098360656,False,1.0878463901224402,0.3–0.5
MLDB-002967,DOI,0.3220338983050847,False,1.272505424022979,0.3–0.5
MLDB-002968,DOI,0.3,False,0.1083654729587475,0.3–0.5
MLDB-003085,DOI,0.9791666666666666,False,1.423588594537185,≥0.9
MLDB-003086,DOI,0.22549019607843138,False,0.6161020922751896,<0.3
MLDB-003165,DOI,1.0,False,1.1072895210153313,≥0.9
MLDB-003166,DOI,1.0,False,0.8052666801359564,≥0.9
MLDB-003167,DOI,1.0,False,0.2744589233231651,≥0.9
MLDB-003168,DOI,1.0,False,1.0974341156228338,≥0.9
MLDB-003169,DOI,0.75,False,0.9295311983315204,0.7–0.9
MLDB-003207,DOI,0.3520408163265306,False,0.7838366917507807,0.3–0.5
MLDB-003208,DOI,0.3520408163265306,False,1.4199117748951275,0.3–0.5
MLDB-003225,DOI,0.39603960396039606,False,1.9835084006482264,0.3–0.5
MLDB-003226,DOI,0.39603960396039606,False,1.7899984847407384,0.3–0.5
MLDB-003228,DOI,0.6410256410256411,False,0.378973245850569,0.5–0.7
MLDB-003229,DOI,0.7321428571428571,False,0.6745333399195554,0.7–0.9
MLDB-003230,DOI,0.626984126984127,False,0.9080466787508612,0.5–0.7
MLDB-003231,DOI,0.7272727272727273,False,0.4449141556721224,0.7–0.9
MLDB-003232,DOI,0.719626168224299,False,0.4456501991282471,0.7–0.9
MLDB-003233,DOI,0.6907216494845361,False,0.1849867626262196,0.5–0.7
MLDB-003234,DOI,0.7674418604651163,False,0.1378107487702273,0.7–0.9
MLDB-003235,DOI,0.7333333333333333,False,0.0733943798016541,0.7–0.9
MLDB-003236,DOI,0.7333333333333333,False,0.3669208035107809,0.7–0.9
MLDB-003237,DOI,0.7297297297297297,False,0.376759404921164,0.7–0.9
MLDB-003239,DOI,0.5238095238095238,False,0.1890548955400306,0.5–0.7
MLDB-003252,DOI,1.0,False,0.0852545631283683,≥0.9
MLDB-003253,DOI,0.8301886792452831,False,0.1684921321630906,0.7–0.9
MLDB-003254,DOI,0.8783783783783784,False,0.3606006259453328,0.7–0.9
MLDB-003255,DOI,1.0,False,0.0848777802754413,≥0.9
MLDB-003256,DOI,0.7439024390243902,False,0.6525754630042342,0.7–0.9
MLDB-003257,DOI,0.8591549295774648,False,0.3535308090925629,0.7–0.9
MLDB-003258,DOI,0.7922077922077922,False,0.0374392791766747,0.7–0.9
MLDB-003259,DOI,0.7920792079207921,False,0.7257375619818361,0.7–0.9
MLDB-003260,DOI,0.6831683168316832,False,0.3623920324205887,0.5–0.7
MLDB-003284,DOI,0.7291666666666666,False,0.0484819514821283,0.7–0.9
MLDB-003285,DOI,0.7070707070707071,False,0.228158549891464,0.7–0.9
MLDB-003286,DOI,0.780952380952381,False,0.0441933121996938,0.7–0.9
MLDB-003287,DOI,0.7142857142857143,False,0.5163691614365189,0.7–0.9
MLDB-003288,DOI,0.723404255319149,False,0.2249696408834908,0.7–0.9
MLDB-003289,DOI,0.7674418604651163,False,0.0392529907849533,0.7–0.9
MLDB-003290,DOI,0.7154471544715447,False,0.0357720840599493,0.7–0.9
MLDB-003292,DOI,0.6078431372549019,False,0.1247728571931455,0.5–0.7
MLDB-003345,DOI,0.6,False,0.2800468023441468,0.5–0.7
MLDB-003346,DOI,0.4083333333333333,False,0.4038358848365543,0.3–0.5
MLDB-003347,DOI,0.41025641025641024,False,0.0504183958105244,0.3–0.5
MLDB-003352,DOI,0.47297297297297297,False,1.0116973007060035,0.3–0.5
MLDB-003421,DOI,0.6631578947368421,False,0.8708098438155372,0.5–0.7
MLDB-003422,DOI,0.6260869565217392,False,1.838144325237162,0.5–0.7
MLDB-003423,DOI,0.5206611570247934,False,0.0111729336641184,0.5–0.7
MLDB-003424,DOI,0.5396825396825397,False,0.2517624886044001,0.5–0.7
MLDB-003425,DOI,0.5639097744360902,False,0.78098899215219,0.5–0.7
MLDB-003426,DOI,0.5955882352941176,False,1.852394387873161,0.5–0.7
MLDB-003430,DOI,0.7912087912087912,False,0.0509467689251098,0.7–0.9
MLDB-003431,DOI,0.7717391304347826,False,0.2316864845200353,0.7–0.9
MLDB-003432,DOI,0.6705882352941176,False,0.6895044474943294,0.5–0.7
MLDB-003433,DOI,0.6511627906976745,False,1.2356807395955145,0.5–0.7
MLDB-003462,DOI,0.5254237288135594,False,0.984526578773516,0.5–0.7
MLDB-003463,DOI,0.5487804878048781,False,1.3237201199730573,0.5–0.7
MLDB-003476,DOI,0.89171974522293,False,0.3607165472255717,0.7–0.9
MLDB-003477,DOI,0.8535031847133758,False,0.4429697062416096,0.7–0.9
MLDB-003478,DOI,0.8633540372670807,False,0.1667890265500969,0.7–0.9
MLDB-003533,DOI,0.7236842105263158,False,0.4227743395599069,0.7–0.9
MLDB-003534,DOI,0.8930817610062893,False,0.5606406560253442,0.7–0.9
MLDB-003535,DOI,0.6337448559670782,False,0.3100776813883258,0.5–0.7
MLDB-003536,DOI,0.815028901734104,False,0.3406118498466181,0.7–0.9
MLDB-003537,DOI,0.6184738955823293,False,0.5254837782122129,0.5–0.7
MLDB-003538,DOI,0.6931216931216931,False,0.0654661261650314,0.5–0.7
MLDB-003539,DOI,0.5976095617529881,False,0.2982986740224482,0.5–0.7
MLDB-003540,DOI,0.7849462365591398,False,0.1143431331932901,0.7–0.9
MLDB-003541,DOI,0.6363636363636364,False,0.5595573078648102,0.5–0.7
MLDB-003542,DOI,0.7974683544303798,False,0.4727776771418727,0.7–0.9
MLDB-003636,DOI,0.7804878048780488,False,0.3097957480750238,0.7–0.9
MLDB-003637,DOI,0.7547169811320755,False,0.1018687848401165,0.7–0.9
MLDB-003638,DOI,0.7718446601941747,False,0.5369142253419387,0.7–0.9
MLDB-003639,DOI,0.84,False,0.3864678296099804,0.7–0.9
MLDB-003640,DOI,0.7488789237668162,False,0.3773459110091746,0.7–0.9
MLDB-003731,DOI,0.847457627118644,False,0.4994938482669452,0.7–0.9
MLDB-003732,DOI,0.8,False,1.0380678438201472,0.7–0.9
MLDB-003733,DOI,0.7605633802816901,False,1.1190038471620596,0.7–0.9
MLDB-003775,DOI,0.7720588235294118,False,0.6308948545235606,0.7–0.9
MLDB-003776,DOI,0.7720588235294118,False,1.101987635784933,0.7–0.9
MLDB-003777,DOI,0.7720588235294118,False,1.5723882048251512,0.7–0.9
MLDB-003778,DOI,0.6722689075630253,False,0.30000945550606,0.5–0.7
MLDB-003779,DOI,0.6722689075630253,False,0.7914634061664926,0.5–0.7
MLDB-003780,DOI,0.6722689075630253,False,1.1498064276666524,0.5–0.7
MLDB-003781,DOI,0.5862068965517241,False,0.8784441061377188,0.5–0.7
MLDB-003782,DOI,0.5862068965517241,False,0.3269901554772861,0.5–0.7
MLDB-003783,DOI,0.5862068965517241,False,0.0491921360546999,0.5–0.7
MLDB-003784,DOI,0.5555555555555556,False,1.0591826655545165,0.5–0.7
MLDB-003785,DOI,0.5555555555555556,False,0.6577287148940838,0.5–0.7
MLDB-003786,DOI,0.5555555555555556,False,0.4950501706942475,0.5–0.7
MLDB-003788,DOI,0.7559055118110236,False,0.2490167980047217,0.7–0.9
MLDB-003789,DOI,0.7720588235294118,False,0.0799738048562628,0.7–0.9
MLDB-003790,DOI,0.7777777777777778,False,0.0859376123222775,0.7–0.9
MLDB-003791,DOI,0.528169014084507,False,0.6168377483868794,0.5–0.7
MLDB-003792,DOI,0.45,False,0.0618532392123202,0.3–0.5
MLDB-003793,DOI,0.5543478260869565,False,1.2422810936533988,0.5–0.7
MLDB-003794,DOI,0.6885245901639344,False,0.3111487085224574,0.5–0.7
MLDB-003795,DOI,0.5543478260869565,False,0.688842316503347,0.5–0.7
MLDB-003796,DOI,0.6885245901639344,False,0.2589812001775185,0.5–0.7
MLDB-003797,DOI,0.6045197740112994,False,0.8500914306321578,0.5–0.7
MLDB-003798,DOI,0.8016528925619835,False,0.3006910624571713,0.7–0.9
MLDB-003799,DOI,0.5175438596491229,False,0.6402561497112682,0.5–0.7
MLDB-003800,DOI,0.5175438596491229,False,0.8512557814106105,0.5–0.7
MLDB-003801,DOI,0.6161616161616161,False,1.1017067894417747,0.5–0.7
MLDB-003802,DOI,0.5545454545454546,False,1.5386780376815516,0.5–0.7
MLDB-003803,DOI,0.5333333333333333,False,1.1636216332241367,0.5–0.7
MLDB-003804,DOI,0.504424778761062,False,1.2761701825045968,0.5–0.7
MLDB-003805,DOI,0.5277777777777778,False,1.5104153710836066,0.5–0.7
MLDB-003969,DOI,0.7733333333333333,False,0.655238949540474,0.7–0.9
MLDB-003970,DOI,0.738255033557047,False,0.4773631881517742,0.7–0.9
MLDB-003971,DOI,0.7142857142857143,False,0.9523156550925064,0.7–0.9
MLDB-004063,DOI,0.6171171171171171,False,0.5506311904463295,0.5–0.7
MLDB-004064,DOI,0.4947916666666667,False,0.6895494550828558,0.3–0.5
MLDB-004065,DOI,0.5619834710743802,False,0.2493888268709888,0.5–0.7
MLDB-004066,DOI,0.5689655172413793,False,0.5276422308435177,0.5–0.7
MLDB-004067,DOI,0.5531914893617021,False,0.5406964087773241,0.5–0.7
MLDB-004068,DOI,0.5291479820627802,False,1.191608436433477,0.5–0.7
MLDB-004077,DOI,0.6438356164383562,False,0.0368451376273082,0.5–0.7
MLDB-004078,DOI,0.4192872117400419,False,0.0533346610476781,0.3–0.5
MLDB-004106,DOI,0.8214285714285714,False,0.0937505517005451,0.7–0.9
MLDB-004107,DOI,0.8648648648648649,False,0.2355823387433451,0.7–0.9
MLDB-004108,DOI,0.7419354838709677,False,0.5634060022444589,0.7–0.9
MLDB-004154,DOI,0.8863636363636364,False,0.806932775959877,0.7–0.9
MLDB-004155,DOI,0.797979797979798,False,1.0937527189620575,0.7–0.9
MLDB-004156,DOI,0.7523809523809524,False,0.108136882022596,0.7–0.9
MLDB-004235,DOI,0.6825396825396826,False,0.1940475961204149,0.5–0.7
MLDB-004237,DOI,1.0,False,1.176432301515149,≥0.9
MLDB-004238,DOI,0.6271186440677966,False,2.3858059172918575,0.5–0.7
MLDB-004239,DOI,0.2815533980582524,False,1.8424412681050255,<0.3
MLDB-004240,DOI,0.27358490566037735,False,2.029344285295351,<0.3
MLDB-004241,DOI,0.26605504587155965,False,0.6149570860327471,<0.3
MLDB-004242,DOI,0.3684210526315789,False,0.979311000636784,0.3–0.5
MLDB-004256,DOI,0.75,False,1.1255121672330992,0.7–0.9
MLDB-004257,DOI,0.6567164179104478,False,0.1696271490221601,0.5–0.7
MLDB-004258,DOI,0.5324675324675324,False,0.9065905218962352,0.5–0.7
MLDB-004319,DOI,0.4411764705882353,False,0.586829007038494,0.3–0.5
MLDB-004331,DOI,0.8,False,0.8507777540036491,0.7–0.9
MLDB-004332,DOI,0.8,False,0.8662543145991743,0.7–0.9
MLDB-004343,DOI,0.890625,False,0.7614636699950974,0.7–0.9
MLDB-004344,DOI,0.6477272727272727,False,1.6753224535663551,0.5–0.7
MLDB-004345,DOI,1.0,False,0.0517494678642946,≥0.9
MLDB-004346,DOI,0.7078651685393258,False,0.2996597382660312,0.7–0.9
MLDB-004357,DOI,0.3284671532846715,False,1.446323639290261,0.3–0.5
MLDB-004390,DOI,0.5194805194805194,False,0.7019689162711061,0.5–0.7
MLDB-004391,DOI,0.5063291139240507,False,0.6091007338586161,0.5–0.7
MLDB-004392,DOI,0.5168539325842697,False,1.1169745113268716,0.5–0.7
MLDB-004393,DOI,0.48148148148148145,False,0.942563756590479,0.3–0.5
MLDB-004394,DOI,0.69,False,0.5630608444795211,0.5–0.7
MLDB-004395,DOI,0.5258620689655172,False,0.1343653311399207,0.5–0.7
MLDB-004396,DOI,0.5333333333333333,False,0.6989633507330918,0.5–0.7
MLDB-004397,DOI,0.7720588235294118,False,0.7609848442628695,0.7–0.9
MLDB-004398,DOI,0.7583333333333333,False,0.6021933161229771,0.7–0.9
MLDB-004454,DOI,0.8012820512820513,False,0.3494154149661264,0.7–0.9
MLDB-004455,DOI,0.8012820512820513,False,0.154315165567034,0.7–0.9
MLDB-004456,DOI,0.6702127659574468,False,1.3868732322572954,0.5–0.7
MLDB-004457,DOI,0.75,False,1.126930946116275,0.7–0.9
MLDB-004458,DOI,0.6276595744680851,False,0.4906065001892963,0.5–0.7
MLDB-004459,DOI,0.6153846153846154,False,0.4681287260299841,0.5–0.7
MLDB-004460,DOI,0.5631067961165048,False,0.0367839949859563,0.5–0.7
MLDB-004466,DOI,0.5462184873949579,False,1.026653512499509,0.5–0.7
MLDB-004467,DOI,0.44886363636363635,False,0.7534022289374329,0.3–0.5
MLDB-004516,DOI,0.7338129496402878,False,0.288609047854292,0.7–0.9
MLDB-004517,DOI,0.7430555555555556,False,1.0316258270389682,0.7–0.9
MLDB-004518,DOI,0.7375886524822695,False,0.5606145161136136,0.7–0.9
MLDB-004522,DOI,0.6666666666666666,False,0.86788939241138,0.5–0.7
MLDB-004523,DOI,0.75,False,0.6498988411385105,0.7–0.9
MLDB-004524,DOI,0.7241379310344828,False,0.7249604088563427,0.7–0.9
MLDB-004525,DOI,0.445859872611465,False,0.2412821039066361,0.3–0.5
MLDB-004531,DOI,0.40458015267175573,False,0.7878324889478124,0.3–0.5
MLDB-004532,DOI,0.4074074074074074,False,0.5100432667800274,0.3–0.5
MLDB-004533,DOI,0.4720496894409938,False,0.8006708207832907,0.3–0.5
MLDB-004534,DOI,0.48872180451127817,False,1.280441791413636,0.3–0.5
MLDB-004535,DOI,0.40458015267175573,False,1.3341677100386005,0.3–0.5
MLDB-004536,DOI,0.4074074074074074,False,1.0763784878708154,0.3–0.5
MLDB-004537,DOI,0.4720496894409938,False,1.3470060418740786,0.3–0.5
MLDB-004538,DOI,0.48872180451127817,False,1.7767770125044238,0.3–0.5
MLDB-004539,DOI,0.40458015267175573,False,1.769296099474284,0.3–0.5
MLDB-004540,DOI,0.4074074074074074,False,1.3131108278361805,0.3–0.5
MLDB-004541,DOI,0.4720496894409938,False,1.7761290610425644,0.3–0.5
MLDB-004542,DOI,0.48872180451127817,False,2.125211568261422,0.3–0.5
MLDB-004556,DOI,0.5,False,0.1134999263462747,0.5–0.7
MLDB-004557,DOI,0.4340659340659341,False,0.2932133568396308,0.3–0.5
MLDB-004558,DOI,0.47297297297297297,False,0.7228056991040184,0.3–0.5
MLDB-004559,DOI,0.37349397590361444,False,0.3681612660706702,0.3–0.5
MLDB-004560,DOI,0.44594594594594594,False,0.2684418842142927,0.3–0.5
MLDB-004561,DOI,0.44594594594594594,False,0.5364170274827117,0.3–0.5
MLDB-004577,DOI,0.8888888888888888,False,0.218422413813799,0.7–0.9
MLDB-004578,DOI,0.9029850746268657,False,0.2586034116670461,≥0.9
MLDB-004622,DOI,0.7471264367816092,False,0.0370333106109456,0.7–0.9
MLDB-004623,DOI,0.6106194690265486,False,0.945026323648522,0.5–0.7
MLDB-004624,DOI,0.5943396226415094,False,0.585504909766452,0.5–0.7
MLDB-004625,DOI,0.7471264367816092,False,0.1557987795512602,0.7–0.9
MLDB-004626,DOI,0.7019867549668874,False,0.7481559934672426,0.7–0.9
MLDB-004683,DOI,0.5517241379310345,False,0.1548574333560514,0.5–0.7
MLDB-004712,DOI,0.49101796407185627,False,0.4214136935394776,0.3–0.5
MLDB-004713,DOI,0.6381578947368421,False,0.0939352158343624,0.5–0.7
MLDB-004714,DOI,0.7307692307692307,False,0.703694077100749,0.7–0.9
MLDB-004715,DOI,0.6875,False,0.2283221888087812,0.5–0.7
MLDB-004716,DOI,0.6914285714285714,False,0.5707234341794254,0.5–0.7
MLDB-004727,DOI,0.7056277056277056,False,0.1144843916978833,0.7–0.9
MLDB-004728,DOI,0.6569037656903766,False,0.3865097045018881,0.5–0.7
MLDB-004729,DOI,0.6382113821138211,False,0.4730741159880016,0.5–0.7
MLDB-004730,DOI,0.7008196721311475,False,1.0100879635615456,0.7–0.9
MLDB-004811,DOI,0.41509433962264153,False,0.1818787341161151,0.3–0.5
MLDB-004812,DOI,0.5704697986577181,False,1.0684979258934033,0.5–0.7
MLDB-004813,DOI,0.5704697986577181,False,1.2476041418319344,0.5–0.7
MLDB-004866,DOI,0.9767441860465116,False,0.2135893207480936,≥0.9
MLDB-004867,DOI,0.3880597014925373,False,0.1235173409029718,0.3–0.5
MLDB-004868,DOI,0.47058823529411764,False,0.1087837621047531,0.3–0.5
MLDB-004869,DOI,0.5333333333333333,False,0.0312117605046732,0.5–0.7
MLDB-004870,DOI,0.6,False,0.3812723797381517,0.5–0.7
MLDB-004923,DOI,0.5168539325842697,False,2.6911437997647676,0.5–0.7
MLDB-004939,DOI,0.7558139534883721,False,1.6754606929215274,0.7–0.9
MLDB-004940,DOI,0.7419354838709677,False,0.8282610758184564,0.7–0.9
MLDB-004941,DOI,0.6116504854368932,False,0.4921804688131242,0.5–0.7
MLDB-004969,DOI,0.7614213197969543,False,1.4201359920779235,0.7–0.9
MLDB-004970,DOI,0.4358974358974359,False,0.7033580014771321,0.3–0.5
MLDB-004976,DOI,0.7797619047619048,False,1.3540600312160014,0.7–0.9
MLDB-004996,DOI,0.6576576576576577,False,0.7215552225681283,0.5–0.7
MLDB-004997,DOI,0.615819209039548,False,1.417912227328061,0.5–0.7
MLDB-004998,DOI,0.3983739837398374,False,1.4910592422356372,0.3–0.5
MLDB-005047,DOI,0.5704697986577181,False,1.6744311590846794,0.5–0.7
MLDB-005048,DOI,0.632,False,1.6605102272503425,0.5–0.7
MLDB-000009,DOI,0.856,False,1.0300940584001117,0.7–0.9
MLDB-000010,DOI,0.8888888888888888,False,0.1031507174771216,0.7–0.9
MLDB-000011,DOI,0.8130081300813008,False,0.8268380733810585,0.7–0.9
MLDB-000012,DOI,0.51931330472103,False,0.6394341263642425,0.5–0.7
MLDB-000013,DOI,0.6116207951070336,False,0.624333110271691,0.5–0.7
MLDB-000014,DOI,0.4811715481171548,False,0.2151228738002979,0.3–0.5
MLDB-000015,DOI,0.875,False,1.4759118109920344,0.7–0.9
MLDB-000016,DOI,0.7191011235955056,False,1.7413665328655483,0.7–0.9
MLDB-000017,DOI,0.6111111111111112,False,1.0121066543197288,0.5–0.7
MLDB-000018,DOI,0.6647398843930635,False,0.4064403406853741,0.5–0.7
MLDB-000019,DOI,0.5929203539823009,False,0.3916495858968187,0.5–0.7
MLDB-000020,DOI,0.763265306122449,False,0.9942857061491605,0.7–0.9
MLDB-000021,DOI,0.8181818181818182,False,0.3750207613971538,0.7–0.9
MLDB-000102,DOI,0.7040816326530612,False,1.6075466910078458,0.7–0.9
MLDB-000103,DOI,0.7835820895522388,False,1.485014298255251,0.7–0.9
MLDB-000104,DOI,0.6363636363636364,False,0.3509972375141572,0.5–0.7
MLDB-000105,DOI,0.7288135593220338,False,2.0377135404123035,0.7–0.9
MLDB-000134,DOI,0.7083333333333334,False,0.4396432121970082,0.7–0.9
MLDB-000135,DOI,0.6530612244897959,False,0.4084155708350441,0.5–0.7
MLDB-000136,DOI,0.7878787878787878,False,0.1490668772854333,0.7–0.9
MLDB-000137,DOI,0.746268656716418,False,0.2872470208484547,0.7–0.9
MLDB-000138,DOI,0.44370860927152317,False,0.1322842468475762,0.3–0.5
MLDB-000139,DOI,0.36538461538461536,False,1.2663498822371593,0.3–0.5
MLDB-000140,DOI,0.5185185185185185,False,1.4146031702038933,0.5–0.7
MLDB-000181,DOI,0.9324324324324325,False,0.4463099152687874,≥0.9
MLDB-000182,DOI,0.8902439024390244,False,0.7847738311270473,0.7–0.9
MLDB-000183,DOI,0.7176470588235294,False,0.0472884854058127,0.7–0.9
MLDB-000201,DOI,0.6352941176470588,False,1.6843617057192306,0.5–0.7
MLDB-000223,DOI,0.5747126436781609,False,0.2786481594806204,0.5–0.7
MLDB-000224,DOI,0.5254237288135594,False,1.8559031195499072,0.5–0.7
MLDB-000225,DOI,0.5254237288135594,False,0.1405246697312352,0.5–0.7
MLDB-000241,DOI,0.8549618320610687,False,2.777446116064519,0.7–0.9
MLDB-000242,DOI,0.7368421052631579,False,2.6889640951570923,0.7–0.9
MLDB-000258,DOI,0.9090909090909091,False,0.2808122907181103,≥0.9
MLDB-000259,DOI,0.6526946107784432,False,0.296044493458069,0.5–0.7
MLDB-000260,DOI,0.9230769230769231,False,0.0314244265273688,≥0.9
MLDB-000261,DOI,0.6647398843930635,False,0.118434577482664,0.5–0.7
MLDB-000262,DOI,0.6375,False,0.2839876757961215,0.5–0.7
MLDB-000263,DOI,0.7674418604651163,False,0.2241745721190807,0.7–0.9
MLDB-000264,DOI,0.7518248175182481,False,0.0373921275952442,0.7–0.9
MLDB-000265,DOI,0.7379310344827587,False,0.6148795874706658,0.7–0.9
MLDB-000289,DOI,0.5918367346938775,False,1.2805616962323476,0.5–0.7
MLDB-000290,DOI,1.0,False,0.3954362877604865,≥0.9
MLDB-000291,DOI,1.0,False,0.7066878678739824,≥0.9
MLDB-000292,DOI,0.7391304347826086,False,0.9563342921404444,0.7–0.9
MLDB-000294,DOI,0.7204301075268817,False,0.1584597004330218,0.7–0.9
MLDB-000303,DOI,0.7175572519083969,False,0.1914294162077529,0.7–0.9
MLDB-000304,DOI,0.7123287671232876,False,0.310466907505714,0.7–0.9
MLDB-000305,DOI,0.697986577181208,False,0.3448953587006886,0.5–0.7
MLDB-000326,DOI,0.9064327485380117,False,0.2699776423179663,≥0.9
MLDB-000327,DOI,0.901840490797546,False,0.1046198409733339,≥0.9
MLDB-000328,DOI,0.89937106918239,False,0.1300397248097988,0.7–0.9
MLDB-000329,DOI,0.75,False,0.8163264878913892,0.7–0.9
MLDB-000334,DOI,0.6299212598425197,False,1.000192758289262,0.5–0.7
MLDB-000335,DOI,0.6666666666666666,False,1.1503687388321215,0.5–0.7
MLDB-000336,DOI,0.704,False,0.5127387993836038,0.7–0.9
MLDB-000337,DOI,0.6864406779661016,False,1.4778716595623584,0.5–0.7
MLDB-000338,DOI,0.5899280575539568,False,2.0080712671568204,0.5–0.7
MLDB-000339,DOI,0.5419354838709678,False,2.5351150934033235,0.5–0.7
MLDB-000340,DOI,0.6785714285714286,False,2.2208870648158525,0.5–0.7
MLDB-000341,DOI,0.5223880597014925,False,1.8349411354332517,0.5–0.7
MLDB-000342,DOI,0.5512820512820513,False,1.7924417340366707,0.5–0.7
MLDB-000350,DOI,0.41935483870967744,False,1.134550341588877,0.3–0.5
MLDB-000351,DOI,0.3979591836734694,False,1.002566293259637,0.3–0.5
MLDB-000352,DOI,0.36893203883495146,False,0.5318182661895707,0.3–0.5
MLDB-000353,DOI,0.37333333333333335,False,0.6695135045990181,0.3–0.5
MLDB-000354,DOI,0.5803571428571429,False,0.9437824728145568,0.5–0.7
MLDB-000355,DOI,0.38405797101449274,False,0.5423219955110437,0.3–0.5
MLDB-000369,DOI,0.8067632850241546,False,2.2623880162761516,0.7–0.9
MLDB-000370,DOI,0.7268292682926829,False,2.139556447942392,0.7–0.9
MLDB-000411,DOI,0.7230769230769231,False,0.1174301897950451,0.7–0.9
MLDB-000429,DOI,0.8790322580645161,False,0.4811230567010053,0.7–0.9
MLDB-000430,DOI,0.8728813559322034,False,0.1872517780816678,0.7–0.9
MLDB-000492,DOI,0.8741721854304636,False,0.1557049861185485,0.7–0.9
MLDB-000493,DOI,0.8125,False,0.0902852051887921,0.7–0.9
MLDB-000587,DOI,0.5106382978723404,False,0.70956589256318,0.5–0.7
MLDB-000588,DOI,0.6111111111111112,False,0.2654653885421284,0.5–0.7
MLDB-000589,DOI,0.5277777777777778,False,0.2911887242606973,0.5–0.7
MLDB-000590,DOI,0.5445544554455446,False,0.3953796378504346,0.5–0.7
MLDB-000591,DOI,0.5445544554455446,False,0.382854911380301,0.5–0.7
MLDB-000612,DOI,0.7397260273972602,False,0.1899317845609835,0.7–0.9
MLDB-000613,DOI,0.7162162162162162,False,0.4027395619911185,0.7–0.9
MLDB-000614,DOI,0.7162162162162162,False,2.1282943008242334,0.7–0.9
MLDB-000615,DOI,0.5353535353535354,False,0.6316117199026217,0.5–0.7
MLDB-000616,DOI,0.5128205128205128,False,0.5114626879758256,0.5–0.7
MLDB-000617,DOI,0.6633663366336634,False,0.3872263521633574,0.5–0.7
MLDB-000618,DOI,0.7397260273972602,False,0.6899647594377751,0.7–0.9
MLDB-000619,DOI,0.7162162162162162,False,0.3680447380679121,0.7–0.9
MLDB-000620,DOI,0.7162162162162162,False,1.7727581484082755,0.7–0.9
MLDB-000621,DOI,0.5353535353535354,False,2.2863896785149778,0.5–0.7
MLDB-000622,DOI,0.5128205128205128,False,1.7829042417621142,0.5–0.7
MLDB-000623,DOI,0.6633663366336634,False,1.188211749166933,0.5–0.7
MLDB-000659,DOI,0.9174311926605505,False,0.1369492352597554,≥0.9
MLDB-000811,DOI,0.6108374384236454,False,0.0929576904738294,0.5–0.7
MLDB-000812,DOI,0.5686274509803921,False,0.8170576551915203,0.5–0.7
MLDB-000874,DOI,0.423728813559322,False,3.913464681490175,0.3–0.5
MLDB-000875,DOI,0.3225806451612903,False,2.1902114989633024,0.3–0.5
MLDB-000904,DOI,0.38461538461538464,False,1.456726087468121,0.3–0.5
MLDB-000905,DOI,0.4108527131782946,False,0.6588249918617322,0.3–0.5
MLDB-000906,DOI,0.36936936936936937,False,1.233425011974445,0.3–0.5
MLDB-000907,DOI,0.3880597014925373,False,0.6102041520503964,0.3–0.5
MLDB-000908,DOI,0.4198473282442748,False,0.2926793058332433,0.3–0.5
MLDB-000909,DOI,0.39166666666666666,False,0.4605830178769792,0.3–0.5
MLDB-000910,DOI,0.4098360655737705,False,0.9065487514565403,0.3–0.5
MLDB-000927,DOI,0.7897727272727273,False,0.1405811884084988,0.7–0.9
MLDB-000928,DOI,0.7916666666666666,False,2.270114211993034,0.7–0.9
MLDB-000929,DOI,0.5757575757575758,False,2.388159110201456,0.5–0.7
MLDB-000947,DOI,0.6122448979591837,False,0.2582815868412499,0.5–0.7
MLDB-000948,DOI,0.5142857142857142,False,0.4728375278892808,0.5–0.7
MLDB-000949,DOI,0.7164179104477612,False,0.4749155884567075,0.7–0.9
MLDB-000950,DOI,0.44545454545454544,False,1.0784714731271543,0.3–0.5
MLDB-001004,DOI,0.567741935483871,False,1.509966650560545,0.5–0.7
MLDB-001005,DOI,0.41935483870967744,False,1.5120618307176628,0.3–0.5
MLDB-001006,DOI,0.41621621621621624,False,1.3616890733024272,0.3–0.5
MLDB-001007,DOI,0.5328947368421053,False,0.8977073472287294,0.5–0.7
MLDB-001008,DOI,0.49673202614379086,False,0.7217502807048577,0.3–0.5
MLDB-001009,DOI,0.6290322580645161,False,1.024456585965606,0.5–0.7
MLDB-001010,DOI,0.6030150753768844,False,0.8913455928919667,0.5–0.7
MLDB-001136,DOI,0.8790322580645161,False,0.7611230567010053,0.7–0.9
MLDB-001137,DOI,0.8062015503875969,False,0.0184226661416302,0.7–0.9
MLDB-001138,DOI,0.8863636363636364,False,0.2949945179213009,0.7–0.9
MLDB-001139,DOI,0.8175182481751825,False,0.5361372397890067,0.7–0.9
MLDB-001154,DOI,0.6506024096385542,False,0.1137071925537256,0.5–0.7
MLDB-001155,DOI,0.6625766871165644,False,0.0143316578775463,0.5–0.7
MLDB-001156,DOI,0.6779661016949152,False,0.1051332925173458,0.5–0.7
MLDB-001181,DOI,0.5522388059701493,False,0.4165353817260723,0.5–0.7
MLDB-001182,DOI,0.5876288659793815,False,0.527000070456024,0.5–0.7
MLDB-001191,DOI,0.5492957746478874,False,0.3335470149653726,0.5–0.7
MLDB-001192,DOI,0.5793103448275863,False,0.1744608003817921,0.5–0.7
MLDB-001193,DOI,0.6791044776119403,False,0.0509634306621273,0.5–0.7
MLDB-001194,DOI,0.708029197080292,False,0.4614668485087076,0.7–0.9
MLDB-001199,DOI,0.5359712230215827,False,1.180395672964468,0.5–0.7
MLDB-001200,DOI,0.8,False,1.5027432631036697,0.7–0.9
MLDB-001201,DOI,0.7466666666666667,False,1.640798481985191,0.7–0.9
MLDB-001202,DOI,0.6588235294117647,False,1.986671064164928,0.5–0.7
MLDB-001203,DOI,0.5087108013937283,False,1.1744853312470764,0.5–0.7
MLDB-001204,DOI,0.6666666666666666,False,1.5021590286215276,0.5–0.7
MLDB-001205,DOI,0.7567567567567568,False,1.1023540521929422,0.7–0.9
MLDB-001242,DOI,0.7474747474747475,False,1.5254919964325695,0.7–0.9
MLDB-001243,DOI,0.7474747474747475,False,1.583639330383061,0.7–0.9
MLDB-001244,DOI,0.7474747474747475,False,1.3331948203621171,0.7–0.9
MLDB-001280,DOI,0.7226277372262774,False,0.0268102687260598,0.7–0.9
MLDB-001281,DOI,0.7796610169491526,False,0.6624206003281706,0.7–0.9
MLDB-001282,DOI,0.8141592920353983,False,0.0189448571321152,0.7–0.9
MLDB-001283,DOI,0.808695652173913,False,0.5042987919651699,0.7–0.9
MLDB-001331,DOI,0.6030150753768844,False,1.4713455928919668,0.5–0.7
MLDB-001332,DOI,0.6443298969072165,False,1.8264624592220715,0.5–0.7
MLDB-001333,DOI,0.648936170212766,False,2.147685303123189,0.5–0.7
MLDB-001334,DOI,0.6086956521739131,False,1.3026487034795915,0.5–0.7
MLDB-001335,DOI,0.6086956521739131,False,0.5131794336675476,0.5–0.7
MLDB-001336,DOI,0.6086956521739131,False,2.176300322010499,0.5–0.7
MLDB-001337,DOI,0.5,False,2.103142404669821,0.5–0.7
MLDB-001338,DOI,0.6030150753768844,False,1.7863725180991872,0.5–0.7
MLDB-001383,DOI,0.8278145695364238,False,0.6903928949970911,0.7–0.9
MLDB-001384,DOI,0.8278145695364238,False,0.961759129600658,0.7–0.9
MLDB-001385,DOI,0.8278145695364238,False,0.9759996966408888,0.7–0.9
MLDB-001386,DOI,0.8278145695364238,False,1.1316445972665563,0.7–0.9
MLDB-001387,DOI,0.8278145695364238,False,1.2290378296965958,0.7–0.9
MLDB-001388,DOI,0.8278145695364238,False,1.3650986464485646,0.7–0.9
MLDB-001422,DOI,0.9090909090909091,False,0.5508122907181103,≥0.9
MLDB-001423,DOI,0.9230769230769231,False,0.0514244265273688,≥0.9
MLDB-001424,DOI,0.6375,False,0.3239876757961213,0.5–0.7
MLDB-001425,DOI,0.8526315789473684,False,0.253275288657496,0.7–0.9
MLDB-001426,DOI,0.7479674796747967,False,0.2219828736239115,0.7–0.9
MLDB-001508,DOI,0.72,False,1.1391320591996694,0.7–0.9
MLDB-001509,DOI,0.509090909090909,False,0.5259171726608856,0.5–0.7
MLDB-001525,DOI,0.7005347593582888,False,0.5146730050011312,0.7–0.9
MLDB-001526,DOI,0.6774193548387096,False,0.7681162442448033,0.5–0.7
MLDB-001527,DOI,0.634020618556701,False,0.24938452090114,0.5–0.7
MLDB-001528,DOI,0.6410256410256411,False,0.1501826868760074,0.5–0.7
MLDB-001574,DOI,0.3069306930693069,False,0.6494047202970712,0.3–0.5
MLDB-001698,DOI,0.3194444444444444,False,3.205826979756511,0.3–0.5
MLDB-001727,DOI,0.7471264367816092,False,0.2650276532975302,0.7–0.9
MLDB-001728,DOI,0.7634408602150538,False,0.5524826272475952,0.7–0.9
MLDB-001729,DOI,0.7037037037037037,False,0.9227885883034068,0.7–0.9
MLDB-001730,DOI,0.7333333333333333,False,0.1501560483331646,0.7–0.9
MLDB-001731,DOI,0.7407407407407407,False,0.6929400186419103,0.7–0.9
MLDB-001732,DOI,0.7586206896551724,False,0.2911699174440419,0.7–0.9
MLDB-001797,DOI,0.4178082191780822,False,2.4509951350044945,0.3–0.5
MLDB-001798,DOI,0.5342465753424658,False,0.7740510191962373,0.5–0.7
MLDB-001964,DOI,0.3563218390804598,False,0.8599965105742221,0.3–0.5
MLDB-001966,DOI,0.46835443037974683,False,2.2557032217291018,0.3–0.5
MLDB-001967,DOI,0.47107438016528924,False,1.2843378808826136,0.3–0.5
MLDB-001968,DOI,0.5263157894736842,False,0.8299898225493232,0.5–0.7
MLDB-001969,DOI,0.6470588235294118,False,0.4835231072376993,0.5–0.7
MLDB-001970,DOI,0.4096045197740113,False,0.0319684246046376,0.3–0.5
MLDB-002055,DOI,0.4246575342465753,False,0.3312983817698144,0.3–0.5
MLDB-002056,DOI,0.4246575342465753,False,0.1856025836192835,0.3–0.5
MLDB-002057,DOI,0.9636363636363636,False,0.6114813395589701,≥0.9
MLDB-002058,DOI,0.6417910447761194,False,0.3360221393168956,0.5–0.7
MLDB-002059,DOI,0.48863636363636365,False,0.2481319351747157,0.3–0.5
MLDB-002060,DOI,0.4732142857142857,False,0.4274652452157781,0.3–0.5
MLDB-002061,DOI,0.9636363636363636,False,0.1410419168361865,≥0.9
MLDB-002062,DOI,0.6417910447761194,False,0.4861952972931143,0.5–0.7
MLDB-002063,DOI,0.48863636363636365,False,0.0445600795078533,0.3–0.5
MLDB-002064,DOI,0.4732142857142857,False,0.153243993350461,0.3–0.5
MLDB-002065,DOI,0.6216216216216216,False,0.6319504481467374,0.5–0.7
MLDB-002066,DOI,0.46987951807228917,False,0.2794401018314104,0.3–0.5
MLDB-002067,DOI,0.6216216216216216,False,0.4383588607394659,0.5–0.7
MLDB-002068,DOI,0.46987951807228917,False,0.4684420898593519,0.3–0.5
MLDB-002181,DOI,0.36585365853658536,False,0.9755759175562152,0.3–0.5
MLDB-002187,DOI,0.5490196078431373,False,0.6288300498402615,0.5–0.7
MLDB-002188,DOI,0.5490196078431373,False,0.1711965145867438,0.5–0.7
MLDB-002189,DOI,0.44776119402985076,False,0.3243861753260146,0.3–0.5
MLDB-002190,DOI,0.42424242424242425,False,0.3755610439519821,0.3–0.5
MLDB-002250,DOI,0.6119402985074627,False,1.0537713656315029,0.5–0.7
MLDB-002251,DOI,0.7216494845360825,False,0.4946657858697109,0.7–0.9
MLDB-002252,DOI,0.6931818181818182,False,0.1041145345797849,0.5–0.7
MLDB-002253,DOI,0.6746987951807228,False,0.7835943626747808,0.5–0.7
MLDB-002254,DOI,0.6233766233766234,False,0.2197317209076548,0.5–0.7
MLDB-002281,DOI,0.4437869822485207,False,0.2036242215809747,0.3–0.5
MLDB-002282,DOI,0.5714285714285714,False,1.5733071217573555,0.5–0.7
MLDB-002330,DOI,0.4375,False,0.1220929370386708,0.3–0.5
MLDB-002331,DOI,0.4642857142857143,False,0.5299819332282515,0.3–0.5
MLDB-002332,DOI,0.41346153846153844,False,0.4110849741106297,0.3–0.5
MLDB-002333,DOI,0.40186915887850466,False,0.0937607110814522,0.3–0.5
MLDB-002334,DOI,0.41509433962264153,False,1.495644963975042,0.3–0.5
MLDB-002335,DOI,0.4036697247706422,False,1.178270042836746,0.3–0.5
MLDB-002338,DOI,0.43243243243243246,False,0.3756884879248772,0.3–0.5
MLDB-002339,DOI,0.43670886075949367,False,0.2505756563366511,0.3–0.5
MLDB-002340,DOI,0.35,False,1.5386161810327883,0.3–0.5
MLDB-002346,DOI,0.3888888888888889,False,0.3495918936090558,0.3–0.5
MLDB-002347,DOI,0.47692307692307695,False,0.7278220075886018,0.3–0.5
MLDB-002348,DOI,0.49230769230769234,False,0.6234178988247465,0.3–0.5
MLDB-002349,DOI,0.45,False,0.3070054211809051,0.3–0.5
MLDB-002350,DOI,0.4778761061946903,False,0.4964713013119406,0.3–0.5
MLDB-002427,DOI,0.3829787234042553,False,3.4423133874462666,0.3–0.5
MLDB-002428,DOI,0.4131455399061033,False,3.494665229470568,0.3–0.5
MLDB-002429,DOI,0.43564356435643564,False,3.346257703123536,0.3–0.5
MLDB-002465,DOI,1.0,False,1.4698476947224297,≥0.9
MLDB-002466,DOI,1.0,False,1.423233708407556,≥0.9
MLDB-002467,DOI,0.7751937984496124,False,0.430266122364087,0.7–0.9
MLDB-002487,DOI,0.993103448275862,False,0.1423122027956169,≥0.9
MLDB-002488,DOI,0.9942196531791907,False,0.1455090008400195,≥0.9
MLDB-002489,DOI,0.9894736842105263,False,0.1518011599035398,≥0.9
MLDB-002490,DOI,0.9908256880733946,False,0.3125514353574072,≥0.9
MLDB-002521,DOI,0.6,False,0.6206490314387724,0.5–0.7
MLDB-002522,DOI,0.575,False,0.3915959822894413,0.5–0.7
MLDB-002523,DOI,0.7090909090909091,False,0.4404417138056806,0.7–0.9
MLDB-002524,DOI,0.639344262295082,False,0.2527998435954146,0.5–0.7
MLDB-002590,DOI,0.2810810810810811,False,0.5504571281228404,<0.3
MLDB-002591,DOI,0.4117647058823529,False,1.3821332271744635,0.3–0.5
MLDB-002692,DOI,0.7297297297297297,False,0.5884397455096417,0.7–0.9
MLDB-002693,DOI,0.6161616161616161,False,1.0660271189924997,0.5–0.7
MLDB-002694,DOI,1.0,False,0.4970386289350543,≥0.9
MLDB-002800,DOI,0.43283582089552236,False,0.5182043886185093,0.3–0.5
MLDB-002801,DOI,0.7801418439716312,False,0.6785019148794456,0.7–0.9
MLDB-002802,DOI,0.4344262295081967,False,0.512726618662821,0.3–0.5
MLDB-002803,DOI,0.5391304347826087,False,0.0915360212289209,0.5–0.7
MLDB-002804,DOI,0.4140625,False,0.2268092934484638,0.3–0.5
MLDB-002805,DOI,0.512396694214876,False,0.0229707186160093,0.5–0.7
MLDB-002806,DOI,0.362962962962963,False,0.1777865856029468,0.3–0.5
MLDB-002807,DOI,0.453125,False,0.0535944612537526,0.3–0.5
MLDB-002822,DOI,0.5,False,0.4993664912716496,0.5–0.7
MLDB-002823,DOI,0.4387755102040816,False,0.800603740233365,0.3–0.5
MLDB-002824,DOI,0.34,False,1.1035967988629436,0.3–0.5
MLDB-002864,DOI,0.45098039215686275,False,1.277910085446554,0.3–0.5
MLDB-002865,DOI,0.96875,False,2.1367073619264225,≥0.9
MLDB-002866,DOI,0.5897435897435898,False,0.7271651431984181,0.5–0.7
MLDB-002882,DOI,0.6181818181818182,False,0.6064615615260491,0.5–0.7
MLDB-002883,DOI,0.5755395683453237,False,1.627825411355804,0.5–0.7
MLDB-002884,DOI,0.6,False,2.6634850969630115,0.5–0.7
MLDB-002887,DOI,0.5795454545454546,False,0.4418962224684821,0.5–0.7
MLDB-002888,DOI,0.5568181818181818,False,1.0700431559976,0.5–0.7
MLDB-002925,DOI,0.7525773195876289,False,0.8511904339658758,0.7–0.9
MLDB-002926,DOI,0.6634615384615384,False,0.80506013820054,0.5–0.7
MLDB-002927,DOI,0.5753424657534246,False,0.4990840190222099,0.5–0.7
MLDB-002928,DOI,0.5733333333333334,False,0.1055254665861903,0.5–0.7
MLDB-003177,DOI,0.36809815950920244,False,0.6583048458024525,0.3–0.5
MLDB-003180,DOI,0.355,False,0.1840001031594108,0.3–0.5
MLDB-003217,DOI,0.8229166666666666,False,0.5713353948931548,0.7–0.9
MLDB-003218,DOI,0.826530612244898,False,1.4038905922238345,0.7–0.9
MLDB-003219,DOI,0.8229166666666666,False,0.4413353948931547,0.7–0.9
MLDB-003220,DOI,0.826530612244898,False,0.4348432556683231,0.7–0.9
MLDB-003221,DOI,0.8229166666666666,False,0.4934520600530618,0.7–0.9
MLDB-003222,DOI,0.826530612244898,False,0.1385625420947824,0.7–0.9
MLDB-003223,DOI,0.8229166666666666,False,0.5765134128348185,0.7–0.9
MLDB-003224,DOI,0.826530612244898,False,0.2101670352456847,0.7–0.9
MLDB-003303,DOI,0.6483516483516484,False,0.9822072288416496,0.5–0.7
MLDB-003304,DOI,0.6808510638297872,False,0.0528739330488691,0.5–0.7
MLDB-003305,DOI,0.6551724137931034,False,0.6898174320431026,0.5–0.7
MLDB-003306,DOI,0.6262626262626263,False,0.0836654157960517,0.5–0.7
MLDB-003307,DOI,0.675,False,0.7228748157397346,0.5–0.7
MLDB-003308,DOI,0.64,False,0.0372840078928658,0.5–0.7
MLDB-003309,DOI,0.6583333333333333,False,0.1139001706172953,0.5–0.7
MLDB-003310,DOI,0.59,False,0.1242536462879284,0.5–0.7
MLDB-003336,DOI,1.0,False,0.1354076774628617,≥0.9
MLDB-003337,DOI,1.0,False,0.4048184415306771,≥0.9
MLDB-003338,DOI,1.0,False,0.205374180678392,≥0.9
MLDB-003339,DOI,0.8961038961038961,False,0.0907918958749858,0.7–0.9
MLDB-003340,DOI,1.0,False,0.6590368185071762,≥0.9
MLDB-003341,DOI,1.0,False,0.4811548431325445,≥0.9
MLDB-003392,DOI,0.5841584158415841,False,0.1332472694845399,0.5–0.7
MLDB-003393,DOI,0.5841584158415841,False,0.4689752742668066,0.5–0.7
MLDB-003394,DOI,0.5728155339805825,False,1.2207214067109242,0.5–0.7
MLDB-003395,DOI,0.5283018867924528,False,0.4386901620841638,0.5–0.7
MLDB-003396,DOI,0.7912087912087912,False,1.039983732357718,0.7–0.9
MLDB-003456,DOI,0.5271317829457365,False,1.9196262116783345,0.5–0.7
MLDB-003457,DOI,0.4632352941176471,False,2.671424020013627,0.3–0.5
MLDB-003458,DOI,0.5413533834586466,False,2.599778603214207,0.5–0.7
MLDB-003459,DOI,0.5579710144927537,False,1.6178243862727992,0.5–0.7
MLDB-003460,DOI,0.5,False,2.688626929699157,0.5–0.7
MLDB-003461,DOI,0.5704225352112676,False,2.583821857713932,0.5–0.7
MLDB-003472,DOI,0.7584905660377359,False,1.116149322010744,0.7–0.9
MLDB-003473,DOI,0.6518987341772152,False,1.9486551800567455,0.5–0.7
MLDB-003474,DOI,0.7924528301886793,False,1.430070867610442,0.7–0.9
MLDB-003475,DOI,0.6518987341772152,False,1.776819207130634,0.5–0.7
MLDB-003501,DOI,0.7731958762886598,False,0.912252260350225,0.7–0.9
MLDB-003502,DOI,0.6907216494845361,False,0.9114557154114212,0.5–0.7
MLDB-003503,DOI,0.6857142857142857,False,0.2916704975571964,0.5–0.7
MLDB-003504,DOI,0.7058823529411765,False,0.6763268024380764,0.7–0.9
MLDB-003567,DOI,0.26666666666666666,False,0.039741458236135,<0.3
MLDB-003568,DOI,0.3125,False,0.238075576335166,0.3–0.5
MLDB-003569,DOI,0.38461538461538464,False,0.0520598513477923,0.3–0.5
MLDB-003570,DOI,0.27692307692307694,False,0.0178995780523207,<0.3
MLDB-003571,DOI,0.27692307692307694,False,0.1021004219476793,<0.3
MLDB-003572,DOI,0.32558139534883723,False,0.0537049334424788,0.3–0.5
MLDB-003573,DOI,0.2558139534883721,False,0.7849735959175994,<0.3
MLDB-003574,DOI,0.4050632911392405,False,0.3503041887532205,0.3–0.5
MLDB-003575,DOI,0.3125,False,0.0810658152413439,0.3–0.5
MLDB-003576,DOI,0.38461538461538464,False,0.2127308778258385,0.3–0.5
MLDB-003630,DOI,0.7727272727272727,False,0.8416083095810654,0.7–0.9
MLDB-003631,DOI,0.7802197802197802,False,0.7249347408015343,0.7–0.9
MLDB-003632,DOI,0.7802197802197802,False,0.85865708409292,0.7–0.9
MLDB-003633,DOI,0.7647058823529411,False,0.0426897165682891,0.7–0.9
MLDB-003634,DOI,0.7727272727272727,False,0.2941405737434243,0.7–0.9
MLDB-003635,DOI,0.7727272727272727,False,0.2144493903539541,0.7–0.9
MLDB-003643,DOI,0.7747747747747747,False,1.2622969802061883,0.7–0.9
MLDB-003644,DOI,0.7398373983739838,False,1.0690460167715732,0.7–0.9
MLDB-003645,DOI,0.7642276422764228,False,0.780661319649776,0.7–0.9
MLDB-003646,DOI,0.8717948717948718,False,0.2200735304771546,0.7–0.9
MLDB-003652,DOI,0.5317919075144508,False,1.5188792099958304,0.5–0.7
MLDB-003653,DOI,0.5508982035928144,False,1.9598857080342889,0.5–0.7
MLDB-003665,DOI,0.9473684210526315,False,1.251524462792946,≥0.9
MLDB-003666,DOI,0.8214285714285714,False,0.3773017644643257,0.7–0.9
MLDB-003667,DOI,0.7872340425531915,False,0.4831533887936847,0.7–0.9
MLDB-003672,DOI,0.6333333333333333,False,0.6935519167765141,0.5–0.7
MLDB-003673,DOI,0.5360824742268041,False,0.4633071733193171,0.5–0.7
MLDB-003674,DOI,0.5360824742268041,False,0.4309429988981891,0.5–0.7
MLDB-003675,DOI,0.5,False,0.1490032895157786,0.5–0.7
MLDB-003676,DOI,0.5,False,0.0009583222025566,0.5–0.7
MLDB-003677,DOI,0.5,False,0.1513117595921298,0.5–0.7
MLDB-003678,DOI,0.5,False,0.1846814788791717,0.5–0.7
MLDB-003679,DOI,0.5137614678899083,False,0.8009017350080238,0.5–0.7
MLDB-003680,DOI,0.5277777777777778,False,0.8597024473819234,0.5–0.7
MLDB-003681,DOI,0.5378151260504201,False,0.2753108054899262,0.5–0.7
MLDB-003682,DOI,0.5378151260504201,False,0.2755155443103569,0.5–0.7
MLDB-003683,DOI,0.5979381443298969,False,0.1106122487725623,0.5–0.7
MLDB-003684,DOI,0.5175438596491229,False,0.1227535336857057,0.5–0.7
MLDB-003685,DOI,0.591304347826087,False,0.0612429087263868,0.5–0.7
MLDB-003686,DOI,0.559322033898305,False,0.0190349237395571,0.5–0.7
MLDB-003687,DOI,0.55,False,0.0516404210344347,0.5–0.7
MLDB-003688,DOI,0.6153846153846154,False,0.1789973118669237,0.5–0.7
MLDB-003689,DOI,0.515625,False,0.1506625995001926,0.5–0.7
MLDB-003690,DOI,0.5076923076923077,False,0.0550447714144328,0.5–0.7
MLDB-003691,DOI,0.528,False,0.2086279232179939,0.5–0.7
MLDB-003692,DOI,0.528,False,0.1591657014711902,0.5–0.7
MLDB-003693,DOI,0.5238095238095238,False,0.2905513303744378,0.5–0.7
MLDB-003694,DOI,0.5691056910569106,False,0.1679352501665583,0.5–0.7
MLDB-003695,DOI,0.5590551181102362,False,0.0826057625378557,0.5–0.7
MLDB-003696,DOI,0.5590551181102362,False,0.1005891524949802,0.5–0.7
MLDB-003697,DOI,0.7474747474747475,False,0.4312505398360599,0.7–0.9
MLDB-003698,DOI,0.6355140186915887,False,0.0746522662942288,0.5–0.7
MLDB-003699,DOI,0.6355140186915887,False,0.0767319910085868,0.5–0.7
MLDB-003700,DOI,0.5964912280701754,False,0.1572885572531777,0.5–0.7
MLDB-003701,DOI,0.5964912280701754,False,0.2268906831224084,0.5–0.7
MLDB-003702,DOI,0.6238532110091743,False,0.2553478137267164,0.5–0.7
MLDB-003703,DOI,0.6238532110091743,False,0.4341485261006164,0.5–0.7
MLDB-003704,DOI,0.6071428571428571,False,0.5135313687046472,0.5–0.7
MLDB-003705,DOI,0.6071428571428571,False,0.5624278528005132,0.5–0.7
MLDB-003706,DOI,0.6355140186915887,False,0.1084887252743488,0.5–0.7
MLDB-003707,DOI,0.6036036036036037,False,0.3155845584099095,0.5–0.7
MLDB-003708,DOI,0.6036036036036037,False,0.5088853140278256,0.5–0.7
MLDB-003709,DOI,0.6355140186915887,False,0.1379024548487597,0.5–0.7
MLDB-003710,DOI,0.6355140186915887,False,0.1866418492084016,0.5–0.7
MLDB-003711,DOI,0.6355140186915887,False,0.406934594087472,0.5–0.7
MLDB-003712,DOI,0.6355140186915887,False,0.4384443231776702,0.5–0.7
MLDB-003713,DOI,0.7474747474747475,False,0.3068229124466385,0.7–0.9
MLDB-003714,DOI,0.6355140186915887,False,0.0461420784382877,0.5–0.7
MLDB-003748,DOI,0.718475073313783,False,0.1221314081527122,0.7–0.9
MLDB-003749,DOI,0.39622641509433965,False,0.0699457041189031,0.3–0.5
MLDB-003750,DOI,0.42342342342342343,False,0.4832448211888261,0.3–0.5
MLDB-003751,DOI,0.39823008849557523,False,0.8637673210141087,0.3–0.5
MLDB-003752,DOI,0.39316239316239315,False,0.0629482894350292,0.3–0.5
MLDB-003753,DOI,0.39473684210526316,False,0.662241515544923,0.3–0.5
MLDB-003754,DOI,0.4155844155844156,False,0.3908388681857178,0.3–0.5
MLDB-003755,DOI,0.5036496350364964,False,3.3091454351765694,0.5–0.7
MLDB-003756,DOI,0.3772455089820359,False,0.8323411987206901,0.3–0.5
MLDB-003757,DOI,0.36363636363636365,False,0.1334009321577041,0.3–0.5
MLDB-003758,DOI,0.3910891089108911,False,3.416006691502833,0.3–0.5
MLDB-003759,DOI,0.392,False,0.5614537355479206,0.3–0.5
MLDB-003760,DOI,0.8790322580645161,False,0.7811230567010053,0.7–0.9
MLDB-003761,DOI,0.7378640776699029,False,0.8074957360400097,0.7–0.9
MLDB-003762,DOI,0.6846846846846847,False,0.1042859127048672,0.5–0.7
MLDB-003829,DOI,0.782051282051282,False,0.7076074046229965,0.7–0.9
MLDB-003830,DOI,0.7973856209150327,False,0.537840732995829,0.7–0.9
MLDB-003831,DOI,0.6481481481481481,False,0.4590078328154865,0.5–0.7
MLDB-003832,DOI,0.660377358490566,False,0.2907819044700717,0.5–0.7
MLDB-003919,DOI,0.8350515463917526,False,1.029345573860582,0.7–0.9
MLDB-003920,DOI,0.8596491228070176,False,0.9247136818575972,0.7–0.9
MLDB-003921,DOI,0.8558558558558559,False,0.5072144310834272,0.7–0.9
MLDB-003963,DOI,0.6060606060606061,False,0.0676339740564693,0.5–0.7
MLDB-003964,DOI,0.6060606060606061,False,0.3076339740564693,0.5–0.7
MLDB-003965,DOI,0.6060606060606061,False,0.1676339740564693,0.5–0.7
MLDB-003966,DOI,0.5292096219931272,False,0.4179411839599076,0.5–0.7
MLDB-003967,DOI,0.5272108843537415,False,0.4975080699892548,0.5–0.7
MLDB-003968,DOI,0.6571428571428571,False,0.0745400796609733,0.5–0.7
MLDB-003975,DOI,0.6144578313253012,False,0.2885080077176984,0.5–0.7
MLDB-003976,DOI,0.6235294117647059,False,0.4390447787317957,0.5–0.7
MLDB-003977,DOI,0.6363636363636364,False,0.6995981090820964,0.5–0.7
MLDB-003978,DOI,0.6521739130434783,False,0.2446040420765736,0.5–0.7
MLDB-003979,DOI,0.6595744680851063,False,0.8457829795502323,0.5–0.7
MLDB-003980,DOI,0.6701030927835051,False,0.896639377240495,0.5–0.7
MLDB-004005,DOI,0.7379310344827587,False,0.6583052214156564,0.7–0.9
MLDB-004006,DOI,0.5072463768115942,False,1.559507861423158,0.5–0.7
MLDB-004019,DOI,0.8837209302325582,False,0.194237609408619,0.7–0.9
MLDB-004020,DOI,0.6123348017621145,False,0.290894155160057,0.5–0.7
MLDB-004021,DOI,0.5402298850574713,False,0.1553687287895322,0.5–0.7
MLDB-004022,DOI,0.5802469135802469,False,0.596289295984298,0.5–0.7
MLDB-004048,DOI,0.6947368421052632,False,0.0197622891327375,0.5–0.7
MLDB-004049,DOI,0.6810344827586207,False,0.4910405067135104,0.5–0.7
MLDB-004090,DOI,0.5544041450777202,False,1.0745683589196209,0.5–0.7
MLDB-004091,DOI,0.5977011494252874,False,0.8808646815591689,0.5–0.7
MLDB-004092,DOI,0.5829145728643216,False,0.5906739811299075,0.5–0.7
MLDB-004093,DOI,0.5219512195121951,False,0.4342300638629205,0.5–0.7
MLDB-004094,DOI,0.6206896551724138,False,0.2583257844329326,0.5–0.7
MLDB-004095,DOI,0.7007299270072993,False,0.0842904767982842,0.7–0.9
MLDB-004096,DOI,0.6125,False,0.112575629435168,0.5–0.7
MLDB-004097,DOI,0.5833333333333334,False,0.6604201886656823,0.5–0.7
MLDB-004098,DOI,0.5942857142857143,False,0.6950609049733966,0.5–0.7
MLDB-004099,DOI,0.5979381443298969,False,1.3346526427886534,0.5–0.7
MLDB-004100,DOI,0.5813953488372093,False,0.0136898900003369,0.5–0.7
MLDB-004101,DOI,0.5816326530612245,False,0.6006595428932615,0.5–0.7
MLDB-004102,DOI,0.5632183908045977,False,0.0467718982359988,0.5–0.7
MLDB-004149,DOI,0.8994082840236687,False,1.0539144333452442,0.7–0.9
MLDB-004150,DOI,0.825,False,1.5744948465815778,0.7–0.9
MLDB-004151,DOI,0.7941176470588235,False,1.024514551213429,0.7–0.9
MLDB-004280,DOI,0.6551724137931034,False,0.8944599103081345,0.5–0.7
MLDB-004281,DOI,0.5169491525423728,False,0.3873962528857084,0.5–0.7
MLDB-004282,DOI,0.7247706422018348,False,0.4365546546615393,0.7–0.9
MLDB-004283,DOI,0.6404494382022472,False,0.4219047920854721,0.5–0.7
MLDB-004284,DOI,0.49586776859504134,False,0.3436139113161405,0.3–0.5
MLDB-004285,DOI,0.5301204819277109,False,1.3649271702970047,0.5–0.7
MLDB-004286,DOI,0.47305389221556887,False,0.020086608993129,0.3–0.5
MLDB-004287,DOI,0.5976331360946746,False,0.0680350028161373,0.5–0.7
MLDB-004288,DOI,0.5348837209302325,False,0.2969996016139218,0.5–0.7
MLDB-004289,DOI,0.46745562130177515,False,0.2842151806942048,0.3–0.5
MLDB-004290,DOI,0.48905109489051096,False,0.2142158966242535,0.3–0.5
MLDB-004302,DOI,0.4647887323943662,False,1.307502322807598,0.3–0.5
MLDB-004303,DOI,0.45,False,1.230182090649274,0.3–0.5
MLDB-004304,DOI,0.45,False,1.0865980630999228,0.3–0.5
MLDB-004305,DOI,0.5980392156862745,False,1.0665414965181843,0.5–0.7
MLDB-004306,DOI,0.391304347826087,False,0.9757174470682792,0.3–0.5
MLDB-004307,DOI,0.391304347826087,False,0.8869943599658529,0.3–0.5
MLDB-004308,DOI,0.3493975903614458,False,1.2327001178642485,0.3–0.5
MLDB-004309,DOI,0.26,False,0.2304122487776413,<0.3
MLDB-004310,DOI,0.26,False,0.4551163421532538,<0.3
MLDB-004311,DOI,0.26,False,0.4850038688534102,<0.3
MLDB-004312,DOI,0.6880733944954128,False,1.5427732525680349,0.5–0.7
MLDB-004313,DOI,0.6138613861386139,False,0.7963539899883119,0.5–0.7
MLDB-004314,DOI,0.6138613861386139,False,1.3297572471004164,0.5–0.7
MLDB-004432,DOI,0.48299319727891155,False,0.7283206891356956,0.3–0.5
MLDB-004433,DOI,0.48299319727891155,False,0.7044619441748697,0.3–0.5
MLDB-004434,DOI,0.46405228758169936,False,0.9260322922160562,0.3–0.5
MLDB-004435,DOI,0.39285714285714285,False,1.0633523831732457,0.3–0.5
MLDB-004436,DOI,0.39759036144578314,False,1.039717348859297,0.3–0.5
MLDB-004437,DOI,0.5487804878048781,False,0.6461905142706756,0.5–0.7
MLDB-004438,DOI,0.47928994082840237,False,1.354704715612832,0.3–0.5
MLDB-004439,DOI,0.5263157894736842,False,0.485935492133013,0.5–0.7
MLDB-004440,DOI,0.432258064516129,False,1.061962336451073,0.3–0.5
MLDB-004519,DOI,0.6984126984126984,False,0.5112604483687195,0.5–0.7
MLDB-004520,DOI,0.7164179104477612,False,1.2777639768864393,0.7–0.9
MLDB-004521,DOI,0.7912087912087912,False,0.957499881184489,0.7–0.9
MLDB-004550,DOI,0.8563218390804598,False,0.4473735910139133,0.7–0.9
MLDB-004551,DOI,0.8983739837398373,False,0.0641614188689381,0.7–0.9
MLDB-004597,DOI,0.8064516129032258,False,0.2898984971766484,0.7–0.9
MLDB-004598,DOI,0.8235294117647058,False,0.1564217188612469,0.7–0.9
MLDB-004599,DOI,0.7619047619047619,False,0.8584738479040402,0.7–0.9
MLDB-004744,DOI,0.5660377358490566,False,0.1023728510739625,0.5–0.7
MLDB-004745,DOI,0.46153846153846156,False,0.3827540675151357,0.3–0.5
MLDB-004749,DOI,0.5934065934065934,False,1.3656234798627436,0.5–0.7
MLDB-004750,DOI,0.5760869565217391,False,1.934403758820879,0.5–0.7
MLDB-004751,DOI,0.7142857142857143,False,1.7975580404000089,0.7–0.9
MLDB-004752,DOI,0.6059113300492611,False,1.3202794388756105,0.5–0.7
MLDB-004871,DOI,0.4550898203592814,False,0.2682442743729551,0.3–0.5
MLDB-004884,DOI,0.46808510638297873,False,0.2316994699511034,0.3–0.5
MLDB-004899,DOI,0.5142857142857142,False,2.588176729286593,0.5–0.7
MLDB-004900,DOI,0.5142857142857142,False,2.7166903398845603,0.5–0.7
MLDB-004901,DOI,0.48588709677419356,False,1.5460583385176387,0.3–0.5
MLDB-004902,DOI,0.48588709677419356,False,1.5059339934205531,0.3–0.5
MLDB-004910,DOI,0.43915343915343913,False,0.5285846853941625,0.3–0.5
MLDB-004911,DOI,0.43859649122807015,False,0.1267825510866391,0.3–0.5
MLDB-004951,DOI,0.42105263157894735,False,0.4404787185583994,0.3–0.5
MLDB-004952,DOI,0.4897959183673469,False,0.0449396720756586,0.3–0.5
MLDB-004953,DOI,0.44660194174757284,False,0.2705838906103735,0.3–0.5
MLDB-004954,DOI,0.3973509933774834,False,0.1704414578812265,0.3–0.5
MLDB-004955,DOI,0.3973509933774834,False,0.067455802942239,0.3–0.5
MLDB-004961,DOI,0.5408163265306123,False,1.1696409444405125,0.5–0.7
MLDB-004962,DOI,0.5742574257425742,False,0.1779878600764221,0.5–0.7
MLDB-004963,DOI,0.6055045871559633,False,1.857074275415887,0.5–0.7
MLDB-004964,DOI,0.7448979591836735,False,0.9028755008138968,0.7–0.9
MLDB-004974,DOI,0.4720496894409938,False,0.2325197336209504,0.3–0.5
MLDB-004975,DOI,0.44,False,0.3221364142927036,0.3–0.5
MLDB-005017,DOI,0.5371900826446281,False,0.1985807394071763,0.5–0.7
MLDB-005021,DOI,0.7277777777777777,False,1.1832192278556626,0.7–0.9
MLDB-005022,DOI,0.68,False,0.5674929517620608,0.5–0.7
MLDB-005136,DOI,0.29896907216494845,False,1.3414281420530043,<0.3
MLDB-005137,DOI,0.41818181818181815,False,0.1992157045500617,0.3–0.5
MLDB-005138,DOI,0.3739130434782609,False,1.3870524261652155,0.3–0.5
MLDB-005139,DOI,0.5217391304347826,False,0.4606960884736678,0.5–0.7
MLDB-005140,DOI,0.4791666666666667,False,0.4878534920817847,0.3–0.5
MLDB-000051,DOI,0.7727272727272727,False,0.8340843628007466,0.7–0.9
MLDB-000052,DOI,0.7802197802197802,False,1.0187973222554414,0.7–0.9
MLDB-000053,DOI,0.7802197802197802,False,0.559924199120265,0.7–0.9
MLDB-000054,DOI,0.7647058823529411,False,0.6991044556812098,0.7–0.9
MLDB-000055,DOI,0.7727272727272727,False,0.3939928141836316,0.7–0.9
MLDB-000056,DOI,0.7727272727272727,False,0.1407699497199411,0.7–0.9
MLDB-000057,DOI,0.6907216494845361,False,0.0073990796279765,0.5–0.7
MLDB-000058,DOI,0.5964912280701754,False,0.4860743521262403,0.5–0.7
MLDB-000059,DOI,0.7058823529411765,False,0.2167663857487556,0.7–0.9
MLDB-000064,DOI,0.5714285714285714,False,1.4764729890034125,0.5–0.7
MLDB-000065,DOI,0.5068493150684932,False,0.9151350014828435,0.5–0.7
MLDB-000066,DOI,0.746268656716418,False,0.0521459315723192,0.7–0.9
MLDB-000067,DOI,0.6530612244897959,False,0.2606673143132603,0.5–0.7
MLDB-000093,DOI,0.7204968944099379,False,3.1479752832852963,0.7–0.9
MLDB-000094,DOI,0.6923076923076923,False,1.1065579214225418,0.5–0.7
MLDB-000095,DOI,0.6,False,1.5960794029539056,0.5–0.7
MLDB-000193,DOI,0.7,False,0.2418158109305721,0.7–0.9
MLDB-000194,DOI,0.7096774193548387,False,0.0718876037280558,0.7–0.9
MLDB-000195,DOI,0.6515151515151515,False,0.2672441545942015,0.5–0.7
MLDB-000196,DOI,0.6231884057971014,False,0.3513786967302692,0.5–0.7
MLDB-000197,DOI,0.6193548387096774,False,0.5182446734501729,0.5–0.7
MLDB-000251,DOI,0.776595744680851,False,0.5532034252193253,0.7–0.9
MLDB-000252,DOI,0.8888888888888888,False,0.7627488915365219,0.7–0.9
MLDB-000253,DOI,0.9176470588235294,False,0.832811575235054,≥0.9
MLDB-000254,DOI,0.5607476635514018,False,0.8106249987777441,0.5–0.7
MLDB-000255,DOI,0.5365853658536586,False,0.4676848905050422,0.5–0.7
MLDB-000256,DOI,0.514018691588785,False,0.0012155123675079,0.5–0.7
MLDB-000257,DOI,0.5380116959064327,False,0.6189681867401866,0.5–0.7
MLDB-000379,DOI,0.7647058823529411,False,0.7369887662858248,0.7–0.9
MLDB-000380,DOI,0.7764705882352941,False,0.7789476631912711,0.7–0.9
MLDB-000381,DOI,0.7558139534883721,False,0.5526908474336675,0.7–0.9
MLDB-000382,DOI,0.8153846153846154,False,0.0876593847339315,0.7–0.9
MLDB-000407,DOI,0.559322033898305,False,1.0323225803107674,0.5–0.7
MLDB-000408,DOI,0.5294117647058824,False,1.4862263455714655,0.5–0.7
MLDB-000409,DOI,0.4426229508196721,False,0.7359283061697109,0.3–0.5
MLDB-000410,DOI,0.5443037974683544,False,1.2844058670287408,0.5–0.7
MLDB-000427,DOI,0.8975903614457831,False,1.1271752844384804,0.7–0.9
MLDB-000428,DOI,0.8975903614457831,False,1.4062088650800288,0.7–0.9
MLDB-000497,DOI,0.7288135593220338,False,0.6573569308874567,0.7–0.9
MLDB-000498,DOI,0.7614678899082569,False,0.2079220339167762,0.7–0.9
MLDB-000499,DOI,0.7,False,1.3339311966931664,0.7–0.9
MLDB-000500,DOI,0.6470588235294118,False,0.9727791043719076,0.5–0.7
MLDB-000501,DOI,1.0,False,0.1119233304477916,≥0.9
MLDB-000525,DOI,0.8536585365853658,False,0.1861502917941337,0.7–0.9
MLDB-000526,DOI,0.8387096774193549,False,0.2354382668504648,0.7–0.9
MLDB-000527,DOI,0.8174603174603174,False,0.5609954400647914,0.7–0.9
MLDB-000528,DOI,0.8174603174603174,False,0.5274531757588423,0.7–0.9
MLDB-000529,DOI,0.6319444444444444,False,0.0003543023784292,0.5–0.7
MLDB-000530,DOI,0.6319444444444444,False,0.0280931674199808,0.5–0.7
MLDB-000531,DOI,0.40213523131672596,False,0.2258012906178578,0.3–0.5
MLDB-000532,DOI,0.7692307692307693,False,0.5535104831070781,0.7–0.9
MLDB-000533,DOI,0.45871559633027525,False,0.3634468465077543,0.3–0.5
MLDB-000557,DOI,0.6636363636363637,False,0.0607429870899969,0.5–0.7
MLDB-000558,DOI,0.6407766990291263,False,0.058523558427073,0.5–0.7
MLDB-000559,DOI,0.6509433962264151,False,0.0256977589441604,0.5–0.7
MLDB-000736,DOI,0.4375,False,0.1548414556034414,0.3–0.5
MLDB-000737,DOI,0.4429223744292237,False,0.2277605462958485,0.3–0.5
MLDB-000738,DOI,0.3898305084745763,False,0.0359889963171193,0.3–0.5
MLDB-000739,DOI,0.38839285714285715,False,0.5598122214184598,0.3–0.5
MLDB-000817,DOI,1.0,False,0.5300277860170897,≥0.9
MLDB-000819,DOI,1.0,False,0.4778393746090571,≥0.9
MLDB-000820,DOI,1.0,False,0.2659750671765686,≥0.9
MLDB-000821,DOI,0.660377358490566,False,0.0304244911973599,0.5–0.7
MLDB-000861,DOI,0.5901639344262295,False,0.8775641643035798,0.5–0.7
MLDB-000862,DOI,0.631578947368421,False,0.8358059662762007,0.5–0.7
MLDB-000863,DOI,0.6100917431192661,False,0.0530160712607588,0.5–0.7
MLDB-000864,DOI,0.5533333333333333,False,0.6484167288165229,0.5–0.7
MLDB-000865,DOI,0.5954198473282443,False,0.6290974386835653,0.5–0.7
MLDB-000866,DOI,0.5487804878048781,False,0.86569800116123,0.5–0.7
MLDB-001013,DOI,0.676829268292683,False,0.3937562569898651,0.5–0.7
MLDB-001082,DOI,0.7230769230769231,False,0.0438695605269683,0.7–0.9
MLDB-001083,DOI,0.41379310344827586,False,0.2764481879810576,0.3–0.5
MLDB-001084,DOI,0.6,False,0.0249032876293911,0.5–0.7
MLDB-001085,DOI,0.33695652173913043,False,0.324280242761244,0.3–0.5
MLDB-001086,DOI,0.5405405405405406,False,0.5816849416678211,0.5–0.7
MLDB-001087,DOI,0.3431372549019608,False,0.0605810566756029,0.3–0.5
MLDB-001088,DOI,0.45,False,0.0236258069621736,0.3–0.5
MLDB-001089,DOI,0.3557692307692308,False,0.0014833243765625,0.3–0.5
MLDB-001163,DOI,0.8,False,1.6522580791627428,0.7–0.9
MLDB-001164,DOI,0.6330935251798561,False,1.4170687307541492,0.5–0.7
MLDB-001165,DOI,0.6721311475409836,False,1.793228923209431,0.5–0.7
MLDB-001166,DOI,0.5521472392638037,False,1.334019083309375,0.5–0.7
MLDB-001167,DOI,0.6906474820143885,False,0.8043455475961407,0.5–0.7
MLDB-001168,DOI,0.7028985507246377,False,1.173417463735619,0.7–0.9
MLDB-001169,DOI,0.6206896551724138,False,0.6271721914426026,0.5–0.7
MLDB-001170,DOI,0.6206896551724138,False,0.5770119005685402,0.5–0.7
MLDB-001206,DOI,0.7,False,0.1588574222261325,0.7–0.9
MLDB-001207,DOI,0.8050847457627118,False,0.2154498339490898,0.7–0.9
MLDB-001258,DOI,0.6074766355140186,False,0.2474982466129521,0.5–0.7
MLDB-001259,DOI,0.826530612244898,False,0.1977466410213331,0.7–0.9
MLDB-001260,DOI,0.8229166666666666,False,0.158567956674191,0.7–0.9
MLDB-001261,DOI,0.6074766355140186,False,0.3331922870636501,0.5–0.7
MLDB-001262,DOI,0.826530612244898,False,0.1665593185279686,0.7–0.9
MLDB-001263,DOI,0.8229166666666666,False,0.1478794494041682,0.7–0.9
MLDB-001264,DOI,0.6074766355140186,False,0.2824733196968119,0.5–0.7
MLDB-001265,DOI,0.826530612244898,False,0.410336876863608,0.7–0.9
MLDB-001266,DOI,0.8229166666666666,False,0.2808220984144792,0.7–0.9
MLDB-001339,DOI,0.41025641025641024,False,0.2793657340426283,0.3–0.5
MLDB-001340,DOI,0.41025641025641024,False,0.2971974218150132,0.3–0.5
MLDB-001341,DOI,0.4,False,0.1324777574596471,0.3–0.5
MLDB-001347,DOI,0.8518518518518519,False,0.0449040859528542,0.7–0.9
MLDB-001348,DOI,0.9029850746268657,False,0.0754789202980713,≥0.9
MLDB-001349,DOI,0.6521739130434783,False,0.2337439906574661,0.5–0.7
MLDB-001416,DOI,0.8395061728395061,False,1.4767960097386004,0.7–0.9
MLDB-001417,DOI,0.75,False,1.5963742305008848,0.7–0.9
MLDB-001418,DOI,0.7472527472527473,False,1.4596383419225456,0.7–0.9
MLDB-001451,DOI,0.6708860759493671,False,2.5570951653429534,0.5–0.7
MLDB-001452,DOI,0.6226415094339622,False,3.4617038048436313,0.5–0.7
MLDB-001453,DOI,0.46,False,2.239996424913628,0.3–0.5
MLDB-001454,DOI,0.41935483870967744,False,2.9071725789802585,0.3–0.5
MLDB-001463,DOI,0.8731707317073171,False,0.801029756879132,0.7–0.9
MLDB-001464,DOI,0.8693467336683417,False,0.494917880148334,0.7–0.9
MLDB-001465,DOI,0.6983240223463687,False,0.5861691969414797,0.5–0.7
MLDB-001466,DOI,0.8693467336683417,False,0.5249178801483338,0.7–0.9
MLDB-001467,DOI,0.6627906976744186,False,0.3421227157525445,0.5–0.7
MLDB-001468,DOI,0.625,False,1.194037769701564,0.5–0.7
MLDB-001469,DOI,0.8883248730964467,False,0.8920729662451972,0.7–0.9
MLDB-001470,DOI,0.65,False,0.2113358281884967,0.5–0.7
MLDB-001471,DOI,0.8871794871794871,False,1.1836357675768967,0.7–0.9
MLDB-001472,DOI,0.42857142857142855,False,0.745261337394022,0.3–0.5
MLDB-001473,DOI,0.868020304568528,False,0.1691397212589878,0.7–0.9
MLDB-001474,DOI,0.868020304568528,False,0.1691397212589878,0.7–0.9
MLDB-001475,DOI,0.6949152542372882,False,0.4669466854877395,0.5–0.7
MLDB-001476,DOI,0.8719211822660099,False,0.6620331217114215,0.7–0.9
MLDB-001477,DOI,0.43243243243243246,False,1.176600209430139,0.3–0.5
MLDB-001478,DOI,0.44642857142857145,False,0.935602450398424,0.3–0.5
MLDB-001479,DOI,0.44642857142857145,False,0.8056024503984238,0.3–0.5
MLDB-001480,DOI,0.4672897196261682,False,1.259524426112529,0.3–0.5
MLDB-001481,DOI,0.5317919075144508,False,1.7886940985162076,0.5–0.7
MLDB-001482,DOI,0.651685393258427,False,1.4301073675984428,0.5–0.7
MLDB-001483,DOI,0.8693467336683417,False,1.2890794966322274,0.7–0.9
MLDB-001484,DOI,0.8693467336683417,False,0.8390794966322277,0.7–0.9
MLDB-001485,DOI,0.6983240223463687,False,0.8012608951353026,0.5–0.7
MLDB-001486,DOI,0.8731707317073171,False,0.190491649486626,0.7–0.9
MLDB-001487,DOI,0.868020304568528,False,0.074702431655536,0.7–0.9
MLDB-001488,DOI,0.868020304568528,False,0.1147024316555358,0.7–0.9
MLDB-001489,DOI,0.6949152542372882,False,0.552414815123812,0.5–0.7
MLDB-001490,DOI,0.8719211822660099,False,0.1931744147118663,0.7–0.9
MLDB-001502,DOI,0.8706896551724138,False,0.333021037537563,0.7–0.9
MLDB-001503,DOI,0.696551724137931,False,0.8197153859237258,0.5–0.7
MLDB-001504,DOI,0.608433734939759,False,0.818418093302749,0.5–0.7
MLDB-001505,DOI,0.5872093023255814,False,0.4849799806567958,0.5–0.7
MLDB-001506,DOI,0.608433734939759,False,0.2733786785519161,0.5–0.7
MLDB-001507,DOI,0.5872093023255814,False,0.2063857050271842,0.5–0.7
MLDB-001513,DOI,0.5930232558139535,False,0.2779356074271562,0.5–0.7
MLDB-001514,DOI,0.6136363636363636,False,0.2443695873646613,0.5–0.7
MLDB-001529,DOI,1.0,False,0.1389350368603576,≥0.9
MLDB-001530,DOI,0.6919191919191919,False,0.4185720481156481,0.5–0.7
MLDB-001531,DOI,0.4,False,1.1638370684590875,0.3–0.5
MLDB-001532,DOI,0.4,False,1.7842730482547648,0.3–0.5
MLDB-001655,DOI,1.0,False,0.1702981824001223,≥0.9
MLDB-001656,DOI,1.0,False,0.5787913542674089,≥0.9
MLDB-001657,DOI,0.7142857142857143,False,0.7046401790930199,0.7–0.9
MLDB-001658,DOI,0.7391304347826086,False,0.1116812695369915,0.7–0.9
MLDB-001679,DOI,0.654320987654321,False,2.709442694851073,0.5–0.7
MLDB-001680,DOI,0.5317919075144508,False,2.2486940985162076,0.5–0.7
MLDB-001681,DOI,0.5674157303370787,False,2.0524423845522195,0.5–0.7
MLDB-001682,DOI,0.5828571428571429,False,1.743115821869481,0.5–0.7
MLDB-001683,DOI,0.6373626373626373,False,0.9676285456911536,0.5–0.7
MLDB-001684,DOI,0.651685393258427,False,1.8801073675984423,0.5–0.7
MLDB-001685,DOI,0.8731707317073171,False,0.1689702431208681,0.7–0.9
MLDB-001686,DOI,0.8731707317073171,False,0.4695083505133741,0.7–0.9
MLDB-001687,DOI,0.8719211822660099,False,0.1720331217114217,0.7–0.9
MLDB-001688,DOI,0.8719211822660099,False,0.1331744147118663,0.7–0.9
MLDB-001689,DOI,1.0,False,0.5354600706613348,≥0.9
MLDB-001690,DOI,1.0,False,0.9071055672241836,≥0.9
MLDB-001691,DOI,1.0,False,0.0908260503723612,≥0.9
MLDB-001692,DOI,1.0,False,0.2169128808741982,≥0.9
MLDB-001693,DOI,1.0,False,0.5738420965724151,≥0.9
MLDB-001776,DOI,0.948051948051948,False,0.2049330298382324,≥0.9
MLDB-001777,DOI,0.9240506329113924,False,0.3053122967614159,≥0.9
MLDB-001778,DOI,0.9072164948453608,False,0.5327940483513901,≥0.9
MLDB-001909,DOI,0.5658914728682171,False,1.0092301701773678,0.5–0.7
MLDB-001910,DOI,0.5,False,0.739360202409665,0.5–0.7
MLDB-001962,DOI,0.5308641975308642,False,0.9918183639478042,0.5–0.7
MLDB-001963,DOI,0.5119047619047619,False,0.332805733100081,0.5–0.7
MLDB-001986,DOI,0.4657534246575342,False,1.4962473115401007,0.3–0.5
MLDB-001987,DOI,0.640625,False,2.607962919882193,0.5–0.7
MLDB-002002,DOI,0.9213483146067416,False,0.1408542469110679,≥0.9
MLDB-002003,DOI,0.9213483146067416,False,0.2918727971530067,≥0.9
MLDB-002004,DOI,0.9367088607594937,False,0.1198550001357051,≥0.9
MLDB-002018,DOI,0.7391304347826086,False,0.5122101936635908,0.7–0.9
MLDB-002019,DOI,0.7662337662337663,False,0.3799527516489378,0.7–0.9
MLDB-002020,DOI,0.5544554455445545,False,0.7786757972525538,0.5–0.7
MLDB-002021,DOI,0.5137614678899083,False,1.1150356827455057,0.5–0.7
MLDB-002053,DOI,0.7532467532467533,False,0.8095296488797905,0.7–0.9
MLDB-002054,DOI,0.421875,False,1.0707138986346836,0.3–0.5
MLDB-002075,DOI,0.8292682926829268,False,0.4226660566853514,0.7–0.9
MLDB-002076,DOI,0.851063829787234,False,0.3143638361590755,0.7–0.9
MLDB-002077,DOI,0.8679245283018868,False,0.4205281153269846,0.7–0.9
MLDB-002078,DOI,0.8813559322033898,False,0.3221418492752519,0.7–0.9
MLDB-002096,DOI,0.7049180327868853,False,0.8726685076026999,0.7–0.9
MLDB-002097,DOI,0.5818181818181818,False,0.580954953631385,0.5–0.7
MLDB-002098,DOI,0.46938775510204084,False,1.4450938965602511,0.3–0.5
MLDB-002099,DOI,0.6666666666666666,False,1.6512909471107906,0.5–0.7
MLDB-002100,DOI,0.6,False,1.5202506603674228,0.5–0.7
MLDB-002101,DOI,0.5875,False,0.1920381690922811,0.5–0.7
MLDB-002102,DOI,0.5507246376811594,False,0.0318461368147342,0.5–0.7
MLDB-002118,DOI,0.5431034482758621,False,0.2393043215062682,0.5–0.7
MLDB-002119,DOI,0.5431034482758621,False,0.1567983205803536,0.5–0.7
MLDB-002120,DOI,0.8690476190476191,False,0.2397474885131154,0.7–0.9
MLDB-002121,DOI,0.7254901960784313,False,0.603868471357956,0.7–0.9
MLDB-002122,DOI,0.6754385964912281,False,1.1280562411262842,0.5–0.7
MLDB-002147,DOI,0.8085106382978723,False,0.0580297841419757,0.7–0.9
MLDB-002148,DOI,0.7216494845360825,False,0.1708315369748047,0.7–0.9
MLDB-002149,DOI,0.6956521739130435,False,0.1027663829703912,0.5–0.7
MLDB-002150,DOI,0.7049180327868853,False,0.3251059220006002,0.7–0.9
MLDB-002165,DOI,0.7216494845360825,False,1.0649989712213337,0.7–0.9
MLDB-002166,DOI,0.7068965517241379,False,0.470868402315742,0.7–0.9
MLDB-002168,DOI,0.8690476190476191,False,0.1484689869660445,0.7–0.9
MLDB-002169,DOI,0.6947368421052632,False,0.1044479005378282,0.5–0.7
MLDB-002170,DOI,0.5961538461538461,False,0.1751285592454334,0.5–0.7
MLDB-002343,DOI,0.3614457831325301,False,0.0749460060595732,0.3–0.5
MLDB-002344,DOI,0.37254901960784315,False,0.9143346529481232,0.3–0.5
MLDB-002345,DOI,0.3185840707964602,False,0.0138082389348518,0.3–0.5
MLDB-002351,DOI,0.691358024691358,False,0.8145170881369579,0.5–0.7
MLDB-002352,DOI,0.6477272727272727,False,0.6908142197961766,0.5–0.7
MLDB-002353,DOI,0.6779661016949152,False,0.3918087618970793,0.5–0.7
MLDB-002354,DOI,0.8070175438596491,False,0.7115691691453235,0.7–0.9
MLDB-002355,DOI,0.7289719626168224,False,1.1027662855774032,0.7–0.9
MLDB-002401,DOI,0.5280898876404494,False,0.0611733322960932,0.5–0.7
MLDB-002402,DOI,0.4387755102040816,False,1.1007816779216917,0.3–0.5
MLDB-002403,DOI,0.3798449612403101,False,0.9427009774283538,0.3–0.5
MLDB-002404,DOI,0.4019607843137255,False,0.5409369012355603,0.3–0.5
MLDB-002440,DOI,0.6333333333333333,False,0.6713026778065136,0.5–0.7
MLDB-002441,DOI,0.7341772151898734,False,0.287193863795398,0.7–0.9
MLDB-002442,DOI,0.5294117647058824,False,0.0613137169966939,0.5–0.7
MLDB-002443,DOI,0.7288135593220338,False,0.0927763087291135,0.7–0.9
MLDB-002444,DOI,0.5748987854251012,False,0.0515717344561974,0.5–0.7
MLDB-002445,DOI,0.7616580310880829,False,0.3878234948296952,0.7–0.9
MLDB-002446,DOI,0.6133828996282528,False,0.0168601659527007,0.5–0.7
MLDB-002462,DOI,0.5096153846153846,False,2.282307663783954,0.5–0.7
MLDB-002475,DOI,0.4550898203592814,False,0.627686855052142,0.3–0.5
MLDB-002476,DOI,0.4550898203592814,False,0.4406962283773718,0.3–0.5
MLDB-002477,DOI,0.4550898203592814,False,0.8252760447576181,0.3–0.5
MLDB-002478,DOI,0.4550898203592814,False,0.0893185846229216,0.3–0.5
MLDB-002479,DOI,0.5774647887323944,False,0.4335850836857149,0.5–0.7
MLDB-002550,DOI,0.3458646616541353,False,0.2134431124272024,0.3–0.5
MLDB-002551,DOI,0.3484848484848485,False,0.2398521715669345,0.3–0.5
MLDB-002552,DOI,0.3458646616541353,False,0.1830813098911569,0.3–0.5
MLDB-002665,DOI,0.8823529411764706,False,0.1128792690075956,0.7–0.9
MLDB-002666,DOI,0.8823529411764706,False,0.9590235774672766,0.7–0.9
MLDB-002667,DOI,0.8823529411764706,False,0.7666056589515486,0.7–0.9
MLDB-002714,DOI,0.8529411764705882,False,0.2163071486668714,0.7–0.9
MLDB-002715,DOI,0.8484848484848485,False,1.1675962863406315,0.7–0.9
MLDB-002716,DOI,0.8,False,2.1458766773438884,0.7–0.9
MLDB-002717,DOI,0.8206896551724138,False,0.1440335553931521,0.7–0.9
MLDB-002718,DOI,0.8156028368794326,False,0.1102962725407473,0.7–0.9
MLDB-002719,DOI,0.7614678899082569,False,0.9261332823247248,0.7–0.9
MLDB-002751,DOI,0.5333333333333333,False,0.79284349477994,0.5–0.7
MLDB-002752,DOI,0.3888888888888889,False,1.0512096386212677,0.3–0.5
MLDB-002753,DOI,0.5454545454545454,False,1.4464578211222627,0.5–0.7
MLDB-002754,DOI,0.5454545454545454,False,1.5647804881209573,0.5–0.7
MLDB-002755,DOI,0.5454545454545454,False,1.8159846132065256,0.5–0.7
MLDB-002756,DOI,0.5454545454545454,False,1.1132370581564115,0.5–0.7
MLDB-002757,DOI,0.6694214876033058,False,0.4583443958930047,0.5–0.7
MLDB-002758,DOI,0.4430379746835443,False,1.7633007796874562,0.3–0.5
MLDB-002759,DOI,0.4430379746835443,False,1.617891642066016,0.3–0.5
MLDB-002760,DOI,0.4430379746835443,False,1.8416819769768191,0.3–0.5
MLDB-002761,DOI,0.4161490683229814,False,1.7337433535409854,0.3–0.5
MLDB-002762,DOI,0.6694214876033058,False,0.2328678226932156,0.5–0.7
MLDB-002763,DOI,0.449438202247191,False,1.8575879578936765,0.3–0.5
MLDB-002764,DOI,0.42424242424242425,False,0.350081423250187,0.3–0.5
MLDB-002765,DOI,0.47761194029850745,False,2.378165396715494,0.3–0.5
MLDB-002766,DOI,0.5333333333333333,False,0.4157262206837135,0.5–0.7
MLDB-002767,DOI,0.6,False,1.2125872854415305,0.5–0.7
MLDB-002768,DOI,0.5333333333333333,False,0.8249213314328946,0.5–0.7
MLDB-002769,DOI,0.5045045045045045,False,0.1630395780722232,0.5–0.7
MLDB-002796,DOI,0.5625,False,0.4859284017982855,0.5–0.7
MLDB-002797,DOI,0.5182481751824818,False,0.4402286037222343,0.5–0.7
MLDB-002798,DOI,0.6058394160583942,False,0.7158014939421787,0.5–0.7
MLDB-002799,DOI,0.5909090909090909,False,0.0529156376996848,0.5–0.7
MLDB-002860,DOI,0.22772277227722773,False,0.8841337264342108,<0.3
MLDB-002861,DOI,0.23039215686274508,False,0.9256538463231964,<0.3
MLDB-002862,DOI,0.35436893203883496,False,1.1929296496364286,0.3–0.5
MLDB-002863,DOI,0.2066115702479339,False,0.4754824192929416,<0.3
MLDB-002885,DOI,1.0,False,0.4613707269219836,≥0.9
MLDB-002886,DOI,0.7100271002710027,False,0.7548072807537491,0.7–0.9
MLDB-002898,DOI,0.782608695652174,False,0.6597546611916036,0.7–0.9
MLDB-002899,DOI,0.5625,False,1.1065930618175157,0.5–0.7
MLDB-002900,DOI,0.48514851485148514,False,0.9096321147281232,0.3–0.5
MLDB-002901,DOI,0.47115384615384615,False,0.579747629092989,0.3–0.5
MLDB-002902,DOI,0.4083333333333333,False,1.0212317074069257,0.3–0.5
MLDB-003004,DOI,0.5753424657534246,False,1.056804477280154,0.5–0.7
MLDB-003005,DOI,0.5176470588235295,False,0.4488634211974233,0.5–0.7
MLDB-003006,DOI,0.4673913043478261,False,0.7362659123395605,0.3–0.5
MLDB-003007,DOI,0.4574468085106383,False,0.8243900281920875,0.3–0.5
MLDB-003021,DOI,1.0,False,0.4575976545519091,≥0.9
MLDB-003022,DOI,1.0,False,0.4416320694910157,≥0.9
MLDB-003023,DOI,0.8805970149253731,False,0.3820933860156992,0.7–0.9
MLDB-003024,DOI,0.8676470588235294,False,0.2103240591656305,0.7–0.9
MLDB-003025,DOI,0.855072463768116,False,0.176508624932357,0.7–0.9
MLDB-003182,DOI,1.0,False,0.5224184144646757,≥0.9
MLDB-003183,DOI,0.6666666666666666,False,1.5230491906066934,0.5–0.7
MLDB-003184,DOI,0.5,False,2.0081765359088015,0.5–0.7
MLDB-003359,DOI,0.8375,False,0.2852015866831174,0.7–0.9
MLDB-003360,DOI,0.7586206896551724,False,0.4866567265976556,0.7–0.9
MLDB-003361,DOI,0.7586206896551724,False,0.3267730908035616,0.7–0.9
MLDB-003362,DOI,0.780952380952381,False,0.7147527844561417,0.7–0.9
MLDB-003363,DOI,0.6448598130841121,False,0.3041422005376041,0.5–0.7
MLDB-003402,DOI,0.46710526315789475,False,0.1985050842940213,0.3–0.5
MLDB-003403,DOI,0.8350515463917526,False,0.3230610371642612,0.7–0.9
MLDB-003404,DOI,0.8256410256410256,False,0.2671559724373256,0.7–0.9
MLDB-003405,DOI,0.8526315789473684,False,0.1842495010163265,0.7–0.9
MLDB-003406,DOI,1.0,False,0.418105980463074,≥0.9
MLDB-003407,DOI,0.8571428571428571,False,1.435038209034555,0.7–0.9
MLDB-003408,DOI,0.6292134831460674,False,0.0016362735101496,0.5–0.7
MLDB-003409,DOI,0.6111111111111112,False,0.0193149873309106,0.5–0.7
MLDB-003410,DOI,0.5978260869565217,False,0.494521414263684,0.5–0.7
MLDB-003411,DOI,0.5806451612903226,False,0.4440471667143774,0.5–0.7
MLDB-003412,DOI,0.6333333333333333,False,0.7199261970633621,0.5–0.7
MLDB-003413,DOI,0.6153846153846154,False,0.8896484251353058,0.5–0.7
MLDB-003414,DOI,0.5978260869565217,False,1.1012138465900063,0.5–0.7
MLDB-003415,DOI,0.5806451612903226,False,1.7538586281749775,0.5–0.7
MLDB-003479,DOI,0.7680608365019012,False,0.6395371157312597,0.7–0.9
MLDB-003480,DOI,0.7426470588235294,False,0.6632792690619467,0.7–0.9
MLDB-003481,DOI,0.4186991869918699,False,1.0401458314257448,0.3–0.5
MLDB-003482,DOI,0.3890784982935154,False,0.865200258533232,0.3–0.5
MLDB-003483,DOI,0.3957597173144876,False,1.141753575621593,0.3–0.5
MLDB-003484,DOI,0.6435643564356436,False,0.168590435546203,0.5–0.7
MLDB-003485,DOI,0.7894736842105263,False,0.1767243259843862,0.7–0.9
MLDB-003486,DOI,0.6442307692307693,False,0.7197525467351821,0.5–0.7
MLDB-003487,DOI,0.6486486486486487,False,0.4775006157585603,0.5–0.7
MLDB-003488,DOI,0.8275862068965517,False,0.3645346469814914,0.7–0.9
MLDB-003489,DOI,0.6434108527131783,False,0.2065181461447343,0.5–0.7
MLDB-003496,DOI,0.5120772946859904,False,0.0315841756238708,0.5–0.7
MLDB-003497,DOI,0.5238095238095238,False,0.111619562436098,0.5–0.7
MLDB-003498,DOI,0.5531914893617021,False,0.0131745257585633,0.5–0.7
MLDB-003499,DOI,0.5638297872340425,False,0.3668453314386293,0.5–0.7
MLDB-003500,DOI,0.48863636363636365,False,0.6487528220269815,0.3–0.5
MLDB-003505,DOI,0.6745562130177515,False,0.368011436351076,0.5–0.7
MLDB-003506,DOI,0.8444444444444444,False,0.2894430332858694,0.7–0.9
MLDB-003551,DOI,0.8333333333333334,False,0.5377701569024916,0.7–0.9
MLDB-003552,DOI,0.8108108108108109,False,0.5465320059522495,0.7–0.9
MLDB-003553,DOI,0.8108108108108109,False,0.0228871083041088,0.7–0.9
MLDB-003554,DOI,0.7894736842105263,False,0.1844203011936034,0.7–0.9
MLDB-003555,DOI,0.7758620689655172,False,0.6561599166945111,0.7–0.9
MLDB-003556,DOI,0.7563025210084033,False,0.2874274339917577,0.7–0.9
MLDB-003557,DOI,0.7758620689655172,False,0.2754870708638727,0.7–0.9
MLDB-003561,DOI,0.674074074074074,False,1.200545877913428,0.5–0.7
MLDB-003562,DOI,0.8321678321678322,False,1.0170761116398748,0.7–0.9
MLDB-003563,DOI,0.6880733944954128,False,0.1172061412475271,0.5–0.7
MLDB-003564,DOI,0.6330275229357798,False,0.0774039526633452,0.5–0.7
MLDB-003565,DOI,0.5423728813559322,False,0.3166235150433327,0.5–0.7
MLDB-003566,DOI,0.5245901639344263,False,0.3277764578973137,0.5–0.7
MLDB-003579,DOI,0.49038461538461536,False,1.082838316765053,0.3–0.5
MLDB-003580,DOI,0.5174418604651163,False,1.1715738541149108,0.5–0.7
MLDB-003739,DOI,0.7288135593220338,False,0.3664221354185184,0.7–0.9
MLDB-003740,DOI,0.5897435897435898,False,0.5894559313126473,0.5–0.7
MLDB-003741,DOI,0.6710526315789473,False,0.0888823620883254,0.5–0.7
MLDB-003742,DOI,0.8018867924528302,False,0.2476055708197105,0.7–0.9
MLDB-003743,DOI,0.7711864406779662,False,0.7376084114876533,0.7–0.9
MLDB-003744,DOI,0.6691176470588235,False,0.7129568331140228,0.5–0.7
MLDB-003835,DOI,0.6728971962616822,False,0.1216333690645923,0.5–0.7
MLDB-003836,DOI,0.7378640776699029,False,0.7027554824392523,0.7–0.9
MLDB-003837,DOI,0.564,False,0.0125671159367182,0.5–0.7
MLDB-003838,DOI,0.5531914893617021,False,0.6053351959173987,0.5–0.7
MLDB-003839,DOI,0.5605381165919282,False,0.898282459815049,0.5–0.7
MLDB-003840,DOI,0.589041095890411,False,1.2191678968348985,0.5–0.7
MLDB-003887,DOI,0.6824324324324325,False,1.4959526275167758,0.5–0.7
MLDB-003888,DOI,0.6666666666666666,False,0.6875248482333458,0.5–0.7
MLDB-003925,DOI,0.7959183673469388,False,0.424653658681377,0.7–0.9
MLDB-003926,DOI,0.7894736842105263,False,0.7967243259843863,0.7–0.9
MLDB-003927,DOI,0.7894736842105263,False,0.8112269147870077,0.7–0.9
MLDB-003928,DOI,0.7894736842105263,False,0.6817420171255851,0.7–0.9
MLDB-003929,DOI,0.7549019607843137,False,0.3207623141501297,0.7–0.9
MLDB-003930,DOI,0.6818181818181818,False,0.2168355997509967,0.5–0.7
MLDB-003939,DOI,0.7326732673267327,False,0.3838060746045945,0.7–0.9
MLDB-003940,DOI,0.7326732673267327,False,0.3863240462381145,0.7–0.9
MLDB-003941,DOI,0.7326732673267327,False,0.3458463215824943,0.7–0.9
MLDB-003942,DOI,0.6952380952380952,False,0.819297673010356,0.5–0.7
MLDB-003943,DOI,0.6952380952380952,False,0.8018156446438762,0.5–0.7
MLDB-003944,DOI,0.6952380952380952,False,0.7047484501558658,0.5–0.7
MLDB-003945,DOI,0.7378640776699029,False,0.4813410390944192,0.7–0.9
MLDB-003946,DOI,0.7378640776699029,False,0.5474293182645316,0.7–0.9
MLDB-003947,DOI,0.7378640776699029,False,0.6302982684830924,0.7–0.9
MLDB-003948,DOI,0.7009345794392523,False,0.8131116614118297,0.7–0.9
MLDB-003949,DOI,0.7009345794392523,False,0.8991999405819421,0.7–0.9
MLDB-003950,DOI,0.7009345794392523,False,0.8554794209681126,0.7–0.9
MLDB-003981,DOI,0.8395061728395061,False,0.0526556879014128,0.7–0.9
MLDB-003982,DOI,0.8,False,0.1756005544293883,0.7–0.9
MLDB-003983,DOI,0.9297297297297298,False,0.5579158838503415,≥0.9
MLDB-003984,DOI,0.91005291005291,False,0.1049351319071261,≥0.9
MLDB-003985,DOI,0.6270270270270271,False,0.0588664175727468,0.5–0.7
MLDB-003986,DOI,0.6571428571428571,False,0.7837368598395553,0.5–0.7
MLDB-003987,DOI,0.6088560885608856,False,1.5785648696799015,0.5–0.7
MLDB-003988,DOI,0.6270270270270271,False,0.2122776710216281,0.5–0.7
MLDB-003989,DOI,0.6571428571428571,False,0.176891550332522,0.5–0.7
MLDB-003990,DOI,0.6088560885608856,False,0.3062560780732655,0.5–0.7
MLDB-003996,DOI,0.3693379790940767,False,0.4648628786663076,0.3–0.5
MLDB-003997,DOI,0.3470031545741325,False,0.6912378288638059,0.3–0.5
MLDB-004059,DOI,0.7857142857142857,False,0.3013830310066578,0.7–0.9
MLDB-004060,DOI,0.6176470588235294,False,0.995341354772109,0.5–0.7
MLDB-004061,DOI,0.7741935483870968,False,0.2959027810007214,0.7–0.9
MLDB-004062,DOI,0.60431654676259,False,0.5701886994030908,0.5–0.7
MLDB-004103,DOI,0.7481481481481481,False,0.8156507371252489,0.7–0.9
MLDB-004104,DOI,0.7443609022556391,False,0.7215153616486368,0.7–0.9
MLDB-004105,DOI,0.6170212765957447,False,0.8918985648415807,0.5–0.7
MLDB-004152,DOI,0.7142857142857143,False,2.743454964709577,0.7–0.9
MLDB-004153,DOI,0.5966386554621849,False,0.1287506072691333,0.5–0.7
MLDB-004162,DOI,0.8141592920353983,False,0.9265902808524996,0.7–0.9
MLDB-004163,DOI,0.6751269035532995,False,1.234570205143627,0.5–0.7
MLDB-004164,DOI,0.6805970149253732,False,0.356010435747581,0.5–0.7
MLDB-004165,DOI,0.5681341719077568,False,0.7503418762611584,0.5–0.7
MLDB-004166,DOI,0.8141592920353983,False,1.348056476834078,0.7–0.9
MLDB-004167,DOI,0.6751269035532995,False,1.7114624559964855,0.5–0.7
MLDB-004168,DOI,0.6805970149253732,False,2.052754216964414,0.5–0.7
MLDB-004169,DOI,0.5681341719077568,False,2.560745891445085,0.5–0.7
MLDB-004192,DOI,0.9636363636363636,False,0.700216590537825,≥0.9
MLDB-004193,DOI,0.5888888888888889,False,2.0706557380976447,0.5–0.7
MLDB-004194,DOI,0.5943396226415094,False,2.0142675977203517,0.5–0.7
MLDB-004195,DOI,0.6018518518518519,False,2.3390201338857,0.5–0.7
MLDB-004196,DOI,0.53,False,2.8647931682550674,0.5–0.7
MLDB-004197,DOI,0.52,False,2.9463241383093868,0.5–0.7
MLDB-004198,DOI,0.5615384615384615,False,2.11032147729273,0.5–0.7
MLDB-004236,DOI,0.26436781609195403,False,1.9743340698892384,<0.3
MLDB-004265,DOI,0.5319148936170213,False,0.7875237996710093,0.5–0.7
MLDB-004266,DOI,0.6,False,1.0572471541190822,0.5–0.7
MLDB-004267,DOI,0.6339285714285714,False,0.8317447466074416,0.5–0.7
MLDB-004268,DOI,0.4434782608695652,False,1.4081909029357194,0.3–0.5
MLDB-004269,DOI,0.7045454545454546,False,0.2331996956355115,0.7–0.9
MLDB-004270,DOI,0.6739130434782609,False,0.733529117840036,0.5–0.7
MLDB-004271,DOI,0.5579710144927537,False,1.4300917709977272,0.5–0.7
MLDB-004272,DOI,0.5664335664335665,False,1.0308570487046995,0.5–0.7
MLDB-004273,DOI,0.5915492957746479,False,0.4882699090740255,0.5–0.7
MLDB-004274,DOI,0.4921875,False,0.7342287867962565,0.3–0.5
MLDB-004275,DOI,0.6589147286821705,False,0.8667031377684762,0.5–0.7
MLDB-004276,DOI,0.6666666666666666,False,0.6663351572317381,0.5–0.7
MLDB-004277,DOI,0.5428571428571428,False,1.2570213996516408,0.5–0.7
MLDB-004278,DOI,0.6616541353383458,False,0.0381179831180245,0.5–0.7
MLDB-004279,DOI,0.49645390070921985,False,0.5080793352059381,0.3–0.5
MLDB-004320,DOI,0.6641221374045801,False,0.3372367275246589,0.5–0.7
MLDB-004387,DOI,0.6129032258064516,False,1.7029571148965186,0.5–0.7
MLDB-004388,DOI,0.7379310344827587,False,0.2342303922769308,0.7–0.9
MLDB-004389,DOI,0.7310344827586207,False,1.4761297785323395,0.7–0.9
MLDB-004497,DOI,1.0,False,0.5675844121619853,≥0.9
MLDB-004498,DOI,1.0,False,0.5882859650006301,≥0.9
MLDB-004500,DOI,0.8714285714285714,False,1.053048282192357,0.7–0.9
MLDB-004501,DOI,0.8714285714285714,False,0.8527883611669275,0.7–0.9
MLDB-004543,DOI,0.6951219512195121,False,1.23503128901377,0.5–0.7
MLDB-004544,DOI,0.7058823529411765,False,0.3290681792844724,0.7–0.9
MLDB-004545,DOI,0.5795454545454546,False,0.3966844236724904,0.5–0.7
MLDB-004548,DOI,0.5217391304347826,False,0.0714016376479478,0.5–0.7
MLDB-004549,DOI,0.5819672131147541,False,0.6226356206172688,0.5–0.7
MLDB-004662,DOI,0.494475138121547,False,0.6631803221025794,0.3–0.5
MLDB-004669,DOI,0.5655737704918032,False,1.5605660834051385,0.5–0.7
MLDB-004670,DOI,0.6782608695652174,False,1.5614864978092275,0.5–0.7
MLDB-004671,DOI,0.8018018018018018,False,1.019200755415481,0.7–0.9
MLDB-004672,DOI,0.5619834710743802,False,1.9204010877366524,0.5–0.7
MLDB-004673,DOI,0.6637931034482759,False,1.7732186375104768,0.5–0.7
MLDB-004674,DOI,0.8035714285714286,False,1.2066034366266591,0.7–0.9
MLDB-004678,DOI,0.44571428571428573,False,0.0882053161745158,0.3–0.5
MLDB-004679,DOI,0.44571428571428573,False,1.095451182977929,0.3–0.5
MLDB-004731,DOI,0.9176470588235294,False,1.753687566467636,≥0.9
MLDB-004732,DOI,0.65625,False,1.638637957452443,0.5–0.7
MLDB-004733,DOI,0.5111111111111111,False,2.209314180959611,0.5–0.7
MLDB-004756,DOI,0.8648648648648649,False,0.1980135941346956,0.7–0.9
MLDB-004757,DOI,0.8773006134969326,False,0.2710994566330802,0.7–0.9
MLDB-004758,DOI,0.8876404494382022,False,0.1358614414810039,0.7–0.9
MLDB-004759,DOI,0.8186528497409327,False,0.2603168502210151,0.7–0.9
MLDB-004772,DOI,0.5689655172413793,False,0.467593517025295,0.5–0.7
MLDB-004773,DOI,0.48,False,0.4377889016437558,0.3–0.5
MLDB-004774,DOI,0.45454545454545453,False,0.2262136580582512,0.3–0.5
MLDB-004775,DOI,0.48,False,0.0086987153480017,0.3–0.5
MLDB-004776,DOI,0.48,False,0.0906045082077141,0.3–0.5
MLDB-004777,DOI,0.7169811320754716,False,0.6525453783218532,0.7–0.9
MLDB-004778,DOI,0.5689655172413793,False,0.5667623309372866,0.5–0.7
MLDB-004795,DOI,0.38461538461538464,False,0.0536875376940528,0.3–0.5
MLDB-004796,DOI,0.3819444444444444,False,0.6943389878569188,0.3–0.5
MLDB-004804,DOI,0.9847328244274809,False,0.9235302445873956,≥0.9
MLDB-004805,DOI,0.9819819819819819,False,0.1600978539325657,≥0.9
MLDB-004806,DOI,1.0,False,0.2585982808978035,≥0.9
MLDB-004807,DOI,0.8333333333333334,False,0.9527422224909272,0.7–0.9
MLDB-004860,DOI,0.3894736842105263,False,2.264288576288011,0.3–0.5
MLDB-004861,DOI,0.46218487394957986,False,1.4843055784688566,0.3–0.5
MLDB-004862,DOI,0.39568345323741005,False,2.295977928299912,0.3–0.5
MLDB-004865,DOI,0.5185185185185185,False,1.852056836067576,0.5–0.7
MLDB-004878,DOI,0.3050847457627119,False,0.2571064729404017,0.3–0.5
MLDB-004879,DOI,0.4470588235294118,False,1.3875609415568655,0.3–0.5
MLDB-004880,DOI,0.44623655913978494,False,1.8246249276827815,0.3–0.5
MLDB-004881,DOI,0.34673366834170855,False,0.8959813290945136,0.3–0.5
MLDB-004882,DOI,0.36923076923076925,False,1.121742416236453,0.3–0.5
MLDB-004883,DOI,0.2948717948717949,False,1.006143207456221,<0.3
MLDB-004904,DOI,0.3055555555555556,False,0.3667514009196584,0.3–0.5
MLDB-004905,DOI,0.24193548387096775,False,0.6335114211364825,<0.3
MLDB-004909,DOI,0.4251968503937008,False,0.2376287370644994,0.3–0.5
MLDB-004926,DOI,0.4953271028037383,False,0.3503402931921029,0.3–0.5
MLDB-004927,DOI,0.46846846846846846,False,0.7363814519446112,0.3–0.5
MLDB-004928,DOI,0.43859649122807015,False,1.4299412767429212,0.3–0.5
MLDB-004933,DOI,0.33544303797468356,False,1.8474033873559497,0.3–0.5
MLDB-004934,DOI,0.35443037974683544,False,1.2290270198311453,0.3–0.5
MLDB-004991,DOI,0.856,False,0.5317460619576082,0.7–0.9
MLDB-004992,DOI,0.4806201550387597,False,1.595697286636129,0.3–0.5
MLDB-004993,DOI,0.8686131386861314,False,0.8465774984201159,0.7–0.9
MLDB-004994,DOI,0.9138755980861244,False,0.0438775410521727,≥0.9
MLDB-004995,DOI,0.7464788732394366,False,0.3491070119730827,0.7–0.9
MLDB-005003,DOI,0.6649214659685864,False,1.1076319945280817,0.5–0.7
MLDB-005004,DOI,0.6416184971098265,False,0.0436407629916373,0.5–0.7
MLDB-005005,DOI,0.7938931297709924,False,0.4519302627431663,0.7–0.9
MLDB-005014,DOI,0.8993288590604027,False,0.4018581533105075,0.7–0.9
MLDB-005015,DOI,0.8902439024390244,False,0.5795081670237655,0.7–0.9
MLDB-005016,DOI,0.2647058823529412,False,0.1910948564992716,<0.3
MLDB-005100,DOI,0.5609756097560976,False,0.9873597775593546,0.5–0.7
MLDB-005101,DOI,0.47058823529411764,False,0.2078170979912228,0.3–0.5
MLDB-005102,DOI,0.3978494623655914,False,0.0296114944216987,0.3–0.5
MLDB-005142,DOI,0.417910447761194,False,0.1939717173448916,0.3–0.5
MLDB-005143,DOI,0.4217687074829932,False,0.2727312373745714,0.3–0.5
MLDB-005153,DOI,0.48214285714285715,False,0.3123322024120258,0.3–0.5
MLDB-005154,DOI,0.4393939393939394,False,0.4320511149460453,0.3–0.5
MLDB-005155,DOI,0.575,False,0.3483606668285699,0.5–0.7
MLDB-005156,DOI,0.4961832061068702,False,0.8067611326473245,0.3–0.5
MLDB-000004,DOI,0.4632352941176471,False,0.5394178131544807,0.3–0.5
MLDB-000005,DOI,0.4632352941176471,False,0.5294178131544807,0.3–0.5
MLDB-000006,DOI,0.4632352941176471,False,0.8609855252712866,0.3–0.5
MLDB-000007,DOI,0.4632352941176471,False,0.8709855252712866,0.3–0.5
MLDB-000008,DOI,0.4772727272727273,False,0.463482513491261,0.3–0.5
MLDB-000022,DOI,0.5238095238095238,False,0.862520267813607,0.5–0.7
MLDB-000023,DOI,0.4897959183673469,False,0.4568167286119904,0.3–0.5
MLDB-000024,DOI,0.5627376425855514,False,1.0015300127719835,0.5–0.7
MLDB-000073,DOI,0.6987951807228916,False,0.6790498954155983,0.5–0.7
MLDB-000074,DOI,0.6260869565217392,False,0.7972809652667067,0.5–0.7
MLDB-000075,DOI,0.577922077922078,False,1.5908499860727487,0.5–0.7
MLDB-000120,DOI,0.8103448275862069,False,0.0200329044333342,0.7–0.9
MLDB-000121,DOI,0.8392857142857143,False,0.0951520227313248,0.7–0.9
MLDB-000122,DOI,0.7586206896551724,False,0.8161998991047974,0.7–0.9
MLDB-000123,DOI,0.7018633540372671,False,1.347887396866042,0.7–0.9
MLDB-000124,DOI,0.7112676056338029,False,1.092237503198242,0.7–0.9
MLDB-000125,DOI,0.9166666666666666,False,0.0146543824854937,≥0.9
MLDB-000126,DOI,0.8863636363636364,False,0.2146215962284954,0.7–0.9
MLDB-000127,DOI,0.8728813559322034,False,0.1583508882817432,0.7–0.9
MLDB-000128,DOI,0.6666666666666666,False,0.2467127100706859,0.5–0.7
MLDB-000129,DOI,0.6764705882352942,False,0.3888692698095305,0.5–0.7
MLDB-000130,DOI,0.6811594202898551,False,0.739770439000249,0.5–0.7
MLDB-000131,DOI,0.7471264367816092,False,1.6198799127388632,0.7–0.9
MLDB-000173,DOI,0.37383177570093457,False,0.5777029627645938,0.3–0.5
MLDB-000174,DOI,0.40707964601769914,False,0.0469268829616214,0.3–0.5
MLDB-000175,DOI,0.37383177570093457,False,1.0530739464521428,0.3–0.5
MLDB-000176,DOI,0.40707964601769914,False,0.3936535337044793,0.3–0.5
MLDB-000184,DOI,0.6323529411764706,False,0.3013119720916372,0.5–0.7
MLDB-000185,DOI,0.6404494382022472,False,0.3883168170409748,0.5–0.7
MLDB-000186,DOI,0.6323529411764706,False,0.4375542569759468,0.5–0.7
MLDB-000187,DOI,0.6774193548387096,False,0.4530706762492132,0.5–0.7
MLDB-000188,DOI,0.6893203883495146,False,0.4534879586645019,0.5–0.7
MLDB-000189,DOI,0.6111111111111112,False,0.3194842826093056,0.5–0.7
MLDB-000190,DOI,0.6236559139784946,False,0.2226497111640293,0.5–0.7
MLDB-000191,DOI,0.6111111111111112,False,0.0338339175665838,0.5–0.7
MLDB-000192,DOI,0.6029411764705882,False,0.1202175571808966,0.5–0.7
MLDB-000202,DOI,1.0,False,0.5368074145701512,≥0.9
MLDB-000203,DOI,0.7142857142857143,False,0.5397823370914105,0.7–0.9
MLDB-000204,DOI,0.7407407407407407,False,0.0891991163634131,0.7–0.9
MLDB-000205,DOI,0.6363636363636364,False,0.7831553918520228,0.5–0.7
MLDB-000206,DOI,0.9038461538461539,False,0.4594141901563,≥0.9
MLDB-000207,DOI,0.746268656716418,False,0.738219561425622,0.7–0.9
MLDB-000208,DOI,0.6764705882352942,False,0.6503249294762232,0.5–0.7
MLDB-000209,DOI,0.5774647887323944,False,0.4443080909153108,0.5–0.7
MLDB-000210,DOI,0.8252427184466019,False,0.2043218839160894,0.7–0.9
MLDB-000211,DOI,0.7777777777777778,False,0.9211945098366134,0.7–0.9
MLDB-000212,DOI,0.8,False,0.9402856678318452,0.7–0.9
MLDB-000299,DOI,0.6258503401360545,False,1.519668533563754,0.5–0.7
MLDB-000300,DOI,0.5986842105263158,False,1.138542390251635,0.5–0.7
MLDB-000301,DOI,0.5833333333333334,False,0.8167146417259312,0.5–0.7
MLDB-000302,DOI,0.5928571428571429,False,1.061314638115478,0.5–0.7
MLDB-000308,DOI,0.3157894736842105,False,0.0410037058034289,0.3–0.5
MLDB-000309,DOI,0.3125,False,0.952092781136906,0.3–0.5
MLDB-000310,DOI,0.38461538461538464,False,0.1856360613990385,0.3–0.5
MLDB-000311,DOI,0.4461538461538462,False,0.3037151006998746,0.3–0.5
MLDB-000312,DOI,0.2553191489361702,False,0.5536429312411841,<0.3
MLDB-000313,DOI,0.5862068965517241,False,0.4289725778112051,0.5–0.7
MLDB-000314,DOI,0.75,False,0.2412679775451262,0.7–0.9
MLDB-000315,DOI,0.37662337662337664,False,0.9294585783293228,0.3–0.5
MLDB-000316,DOI,0.5087719298245614,False,0.8092734475745946,0.5–0.7
MLDB-000322,DOI,0.5,False,0.4578850417101017,0.5–0.7
MLDB-000323,DOI,0.64,False,0.119582201824424,0.5–0.7
MLDB-000324,DOI,0.5061728395061729,False,0.1277629160801257,0.5–0.7
MLDB-000325,DOI,0.44047619047619047,False,1.1125368591845262,0.3–0.5
MLDB-000343,DOI,0.9064327485380117,False,0.4502952561095606,≥0.9
MLDB-000344,DOI,0.901840490797546,False,0.1720198274414048,≥0.9
MLDB-000345,DOI,0.89937106918239,False,0.178823807023559,0.7–0.9
MLDB-000346,DOI,0.8444444444444444,False,0.3027697039996371,0.7–0.9
MLDB-000347,DOI,0.8129496402877698,False,0.3879450037588204,0.7–0.9
MLDB-000348,DOI,0.7952755905511811,False,0.54906476076102,0.7–0.9
MLDB-000349,DOI,0.8129496402877698,False,0.7275513037153944,0.7–0.9
MLDB-000371,DOI,0.8607594936708861,False,1.102795808072652,0.7–0.9
MLDB-000372,DOI,0.8074534161490683,False,1.819762229484944,0.7–0.9
MLDB-000373,DOI,0.8975903614457831,False,2.2088463934059064,0.7–0.9
MLDB-000377,DOI,0.9263803680981595,False,0.3397912163107168,≥0.9
MLDB-000378,DOI,0.8354430379746836,False,0.8770976459662719,0.7–0.9
MLDB-000383,DOI,0.45569620253164556,False,0.2911016268981893,0.3–0.5
MLDB-000417,DOI,0.75,False,0.520518579751968,0.7–0.9
MLDB-000418,DOI,0.680672268907563,False,0.7004765475938146,0.5–0.7
MLDB-000419,DOI,0.8652482269503546,False,0.2812160905509141,0.7–0.9
MLDB-000420,DOI,0.6380368098159509,False,0.2752016922398362,0.5–0.7
MLDB-000421,DOI,0.7094594594594594,False,0.4024773227690282,0.7–0.9
MLDB-000422,DOI,0.6650485436893204,False,0.5423583236077902,0.5–0.7
MLDB-000431,DOI,0.7265625,False,1.3063204887255964,0.7–0.9
MLDB-000432,DOI,0.5953757225433526,False,1.7051066888400923,0.5–0.7
MLDB-000467,DOI,0.5979381443298969,False,1.847637643670031,0.5–0.7
MLDB-000468,DOI,0.58,False,0.5662220061724418,0.5–0.7
MLDB-000469,DOI,0.58,False,2.1581111868038887,0.5–0.7
MLDB-000470,DOI,0.78125,False,1.5077319154319349,0.7–0.9
MLDB-000471,DOI,0.5315315315315315,False,2.338027228405949,0.5–0.7
MLDB-000472,DOI,0.5175438596491229,False,2.57877180174615,0.5–0.7
MLDB-000473,DOI,0.4915254237288136,False,1.571948540440489,0.3–0.5
MLDB-000502,DOI,0.7912087912087912,False,0.0006880231034838,0.7–0.9
MLDB-000503,DOI,0.7272727272727273,False,0.0714263503315477,0.7–0.9
MLDB-000520,DOI,0.926530612244898,False,1.4355263395635998,≥0.9
MLDB-000521,DOI,0.8916666666666667,False,0.9450644364373258,0.7–0.9
MLDB-000522,DOI,0.8461538461538461,False,0.8298441057161124,0.7–0.9
MLDB-000636,DOI,1.0,False,0.3481778723735709,≥0.9
MLDB-000637,DOI,0.9523809523809523,False,0.1167406051566013,≥0.9
MLDB-000638,DOI,0.9523809523809523,False,0.3984848627201738,≥0.9
MLDB-000665,DOI,0.647887323943662,False,0.6255645773640466,0.5–0.7
MLDB-000666,DOI,0.6013071895424836,False,0.5992782733007478,0.5–0.7
MLDB-000667,DOI,0.5679012345679012,False,0.5238177531582293,0.5–0.7
MLDB-000668,DOI,0.5602409638554217,False,0.6297642537042969,0.5–0.7
MLDB-000669,DOI,0.44505494505494503,False,0.1942116862703519,0.3–0.5
MLDB-000686,DOI,0.7714285714285715,False,0.2549192175976021,0.7–0.9
MLDB-000687,DOI,0.7731958762886598,False,0.4170953195715859,0.7–0.9
MLDB-000688,DOI,0.5904761904761905,False,1.0641874878071322,0.5–0.7
MLDB-000689,DOI,0.6666666666666666,False,1.7432898542302833,0.5–0.7
MLDB-000690,DOI,0.8421052631578947,False,0.1502652491950029,0.7–0.9
MLDB-000691,DOI,0.5704225352112676,False,0.3855417108001157,0.5–0.7
MLDB-000692,DOI,0.5704225352112676,False,0.1555417108001157,0.5–0.7
MLDB-000693,DOI,0.5704225352112676,False,0.2355417108001157,0.5–0.7
MLDB-000694,DOI,0.46285714285714286,False,0.2388782317159023,0.3–0.5
MLDB-000809,DOI,0.6035502958579881,False,0.6723381544256515,0.5–0.7
MLDB-000810,DOI,0.708029197080292,False,0.1009422162882107,0.7–0.9
MLDB-000917,DOI,0.7866666666666666,False,0.491703958941197,0.7–0.9
MLDB-000918,DOI,0.6702127659574468,False,0.8198237472234273,0.5–0.7
MLDB-000919,DOI,0.6702127659574468,False,0.7284457221028439,0.5–0.7
MLDB-000920,DOI,0.57,False,0.6111616724332919,0.5–0.7
MLDB-000921,DOI,0.6702127659574468,False,1.257663306782869,0.5–0.7
MLDB-000977,DOI,0.6987951807228916,False,0.3543962209587695,0.5–0.7
MLDB-000978,DOI,0.6764705882352942,False,0.8963579682685094,0.5–0.7
MLDB-000979,DOI,0.6260869565217392,False,0.9069252657432324,0.5–0.7
MLDB-000997,DOI,0.5140845070422535,False,0.08275470432956,0.5–0.7
MLDB-000998,DOI,0.5045045045045045,False,0.9230277166669528,0.5–0.7
MLDB-000999,DOI,0.44680851063829785,False,0.7092466320888489,0.3–0.5
MLDB-001000,DOI,0.4632352941176471,False,1.1810644449585397,0.3–0.5
MLDB-001001,DOI,0.5038167938931297,False,0.8094996519579871,0.5–0.7
MLDB-001002,DOI,0.4782608695652174,False,0.5782804738056664,0.3–0.5
MLDB-001003,DOI,0.4774193548387097,False,0.8191203398764164,0.3–0.5
MLDB-001014,DOI,0.762589928057554,False,1.2723783947959098,0.7–0.9
MLDB-001015,DOI,0.7552447552447552,False,0.4647465751572136,0.7–0.9
MLDB-001016,DOI,0.7482993197278912,False,0.1627019349550329,0.7–0.9
MLDB-001017,DOI,0.71875,False,0.1269676480237658,0.7–0.9
MLDB-001018,DOI,0.689873417721519,False,1.1632424541064492,0.5–0.7
MLDB-001019,DOI,0.7414965986394558,False,1.2049193496506925,0.7–0.9
MLDB-001020,DOI,0.7012987012987013,False,0.3084608786078513,0.7–0.9
MLDB-001021,DOI,0.7666666666666667,False,0.3269916445750545,0.7–0.9
MLDB-001022,DOI,0.7741935483870968,False,0.3616650293664403,0.7–0.9
MLDB-001023,DOI,0.7083333333333334,False,1.2496224378672125,0.7–0.9
MLDB-001041,DOI,0.525,False,0.0045168991325499,0.5–0.7
MLDB-001042,DOI,0.4046242774566474,False,0.2483203955233135,0.3–0.5
MLDB-001043,DOI,0.32947976878612717,False,0.2008815140715829,0.3–0.5
MLDB-001044,DOI,0.37272727272727274,False,0.4259760996468099,0.3–0.5
MLDB-001045,DOI,0.32727272727272727,False,1.0426184511072123,0.3–0.5
MLDB-001046,DOI,0.35436893203883496,False,1.2903824329348297,0.3–0.5
MLDB-001052,DOI,0.5853658536585366,False,0.9194264035993482,0.5–0.7
MLDB-001053,DOI,0.6987951807228916,False,0.6828187249685391,0.5–0.7
MLDB-001058,DOI,0.8509316770186336,False,0.1206374227105022,0.7–0.9
MLDB-001059,DOI,0.8509316770186336,False,0.2139736363090079,0.7–0.9
MLDB-001060,DOI,0.8343949044585988,False,0.1955552786497734,0.7–0.9
MLDB-001061,DOI,0.8607594936708861,False,0.3671142423889952,0.7–0.9
MLDB-001062,DOI,0.8930817610062893,False,0.2974366379860371,0.7–0.9
MLDB-001063,DOI,0.8176100628930818,False,0.1760277497178028,0.7–0.9
MLDB-001064,DOI,0.7078651685393258,False,0.1643620139595425,0.7–0.9
MLDB-001065,DOI,0.81875,False,0.5647863091688679,0.7–0.9
MLDB-001066,DOI,0.896551724137931,False,0.2342047681985715,0.7–0.9
MLDB-001067,DOI,0.8171428571428572,False,0.083301589401652,0.7–0.9
MLDB-001077,DOI,0.6880733944954128,False,0.2448951424912681,0.5–0.7
MLDB-001078,DOI,0.55,False,0.1015518983725826,0.5–0.7
MLDB-001079,DOI,0.5454545454545454,False,0.3089345975829463,0.5–0.7
MLDB-001080,DOI,0.44776119402985076,False,0.7761642758145257,0.3–0.5
MLDB-001081,DOI,0.47619047619047616,False,1.0676131007143472,0.3–0.5
MLDB-001098,DOI,0.7368421052631579,False,0.1852620919903176,0.7–0.9
MLDB-001099,DOI,0.7468354430379747,False,0.1803814513367121,0.7–0.9
MLDB-001100,DOI,0.6753246753246753,False,0.2589887435836076,0.5–0.7
MLDB-001101,DOI,0.6781609195402298,False,0.46723757138421,0.5–0.7
MLDB-001105,DOI,0.7056277056277056,False,0.6035135482816588,0.7–0.9
MLDB-001106,DOI,0.6163265306122448,False,0.4776360185915939,0.5–0.7
MLDB-001107,DOI,0.5789473684210527,False,0.1065303053885996,0.5–0.7
MLDB-001142,DOI,0.7866666666666666,False,0.0337986646072728,0.7–0.9
MLDB-001143,DOI,0.5252525252525253,False,1.6867871458461594,0.5–0.7
MLDB-001144,DOI,0.7866666666666666,False,0.520422361524834,0.7–0.9
MLDB-001145,DOI,0.5252525252525253,False,2.1063135407139546,0.5–0.7
MLDB-001146,DOI,0.7866666666666666,False,0.8974772075042399,0.7–0.9
MLDB-001147,DOI,0.5252525252525253,False,2.2940479826671236,0.5–0.7
MLDB-001148,DOI,0.5921052631578947,False,0.0641066371554436,0.5–0.7
MLDB-001149,DOI,0.49107142857142855,False,1.348029655618198,0.3–0.5
MLDB-001150,DOI,0.5921052631578947,False,0.21422265746529,0.5–0.7
MLDB-001151,DOI,0.49107142857142855,False,1.7188798274732846,0.3–0.5
MLDB-001152,DOI,0.5921052631578947,False,1.521762690526098,0.5–0.7
MLDB-001153,DOI,0.49107142857142855,False,2.328396610230901,0.3–0.5
MLDB-001208,DOI,0.5821428571428572,False,0.7270760157773772,0.5–0.7
MLDB-001209,DOI,0.5030864197530864,False,0.7397773540977213,0.5–0.7
MLDB-001256,DOI,0.6363636363636364,False,0.8137638571799661,0.5–0.7
MLDB-001257,DOI,0.7292576419213974,False,0.3442392051381127,0.7–0.9
MLDB-001297,DOI,0.6832298136645962,False,0.1872253309351037,0.5–0.7
MLDB-001298,DOI,0.6705882352941176,False,0.0332300744933051,0.5–0.7
MLDB-001299,DOI,0.6164383561643836,False,0.3284669088351878,0.5–0.7
MLDB-001300,DOI,0.7918367346938775,False,0.5534265026427038,0.7–0.9
MLDB-001301,DOI,0.7162162162162162,False,0.5419172808153246,0.7–0.9
MLDB-001302,DOI,0.8086124401913876,False,0.5055412983799661,0.7–0.9
MLDB-001303,DOI,0.7302325581395349,False,1.023058418314611,0.7–0.9
MLDB-001304,DOI,0.6855895196506551,False,0.8637722243052117,0.5–0.7
MLDB-001305,DOI,0.9166666666666666,False,0.0781716503976868,≥0.9
MLDB-001306,DOI,0.8728813559322034,False,0.2663772459025331,0.7–0.9
MLDB-001307,DOI,0.8863636363636364,False,0.0831839943226486,0.7–0.9
MLDB-001402,DOI,0.7348484848484849,False,0.5587501771624362,0.7–0.9
MLDB-001403,DOI,0.7021276595744681,False,0.6556957413039673,0.7–0.9
MLDB-001404,DOI,0.7348484848484849,False,0.9893270439478136,0.7–0.9
MLDB-001405,DOI,0.7021276595744681,False,0.7428607973715515,0.7–0.9
MLDB-001582,DOI,0.527027027027027,False,0.4521638101629871,0.5–0.7
MLDB-001583,DOI,0.5492957746478874,False,0.7252372872877818,0.5–0.7
MLDB-001584,DOI,0.5942028985507246,False,0.6005750026466605,0.5–0.7
MLDB-001585,DOI,0.6666666666666666,False,0.7037461600677233,0.5–0.7
MLDB-001586,DOI,0.52,False,0.9695293432149812,0.5–0.7
MLDB-001697,DOI,0.3263598326359833,False,0.3530195916048417,0.3–0.5
MLDB-001703,DOI,0.4880952380952381,False,0.593755558722048,0.3–0.5
MLDB-001704,DOI,0.4691358024691358,False,0.8636976828126133,0.3–0.5
MLDB-001716,DOI,0.44594594594594594,False,1.6813620040898996,0.3–0.5
MLDB-001717,DOI,0.43506493506493504,False,1.2969925290202888,0.3–0.5
MLDB-001718,DOI,0.3941176470588235,False,1.8012640994918518,0.3–0.5
MLDB-001719,DOI,0.8166666666666667,False,1.0487466526805471,0.7–0.9
MLDB-001720,DOI,0.6,False,0.6103519854577399,0.5–0.7
MLDB-001743,DOI,0.7058823529411765,False,1.0589368102713377,0.7–0.9
MLDB-001744,DOI,0.7058823529411765,False,0.1036275750956536,0.7–0.9
MLDB-001745,DOI,0.7027027027027027,False,1.7603775903608967,0.7–0.9
MLDB-001746,DOI,0.7027027027027027,False,0.2572093839550826,0.7–0.9
MLDB-001747,DOI,0.6528497409326425,False,0.6462891182170318,0.5–0.7
MLDB-001748,DOI,0.6528497409326425,False,1.1975707799000357,0.5–0.7
MLDB-001749,DOI,0.65,False,0.9205055781488912,0.5–0.7
MLDB-001750,DOI,0.7076923076923077,False,0.6895060449196344,0.7–0.9
MLDB-001751,DOI,0.7076923076923077,False,0.2385158475817062,0.7–0.9
MLDB-001752,DOI,0.7046632124352331,False,0.5969696741084138,0.7–0.9
MLDB-001753,DOI,0.7046632124352331,False,0.3928144997913254,0.7–0.9
MLDB-001754,DOI,0.6733668341708543,False,0.4278327959702281,0.5–0.7
MLDB-001755,DOI,0.6733668341708543,False,0.5698109034688874,0.5–0.7
MLDB-001756,DOI,0.6700507614213198,False,0.4221049457953092,0.5–0.7
MLDB-001757,DOI,0.6700507614213198,False,0.0979497714782207,0.5–0.7
MLDB-001758,DOI,0.6733668341708543,False,0.0266682157871318,0.5–0.7
MLDB-001759,DOI,0.6733668341708543,False,0.2212810051471594,0.5–0.7
MLDB-001760,DOI,0.6700507614213198,False,0.3728654273255101,0.5–0.7
MLDB-001761,DOI,0.6700507614213198,False,0.2061539814712565,0.5–0.7
MLDB-001762,DOI,0.6567164179104478,False,0.3604775537780227,0.5–0.7
MLDB-001763,DOI,0.6567164179104478,False,0.2858647644179948,0.5–0.7
MLDB-001764,DOI,0.6532663316582915,False,0.0838398729641081,0.5–0.7
MLDB-001765,DOI,0.6532663316582915,False,0.2405513188183632,0.5–0.7
MLDB-001766,DOI,0.7,False,0.1030717863939441,0.7–0.9
MLDB-001767,DOI,0.7,False,0.0352300862592076,0.7–0.9
MLDB-001768,DOI,0.6971153846153846,False,0.6026958728016494,0.5–0.7
MLDB-001769,DOI,0.6971153846153846,False,0.2912329429394538,0.5–0.7
MLDB-001772,DOI,0.9072164948453608,False,0.841310082318544,≥0.9
MLDB-001781,DOI,0.37662337662337664,False,1.675365918081051,0.3–0.5
MLDB-001782,DOI,0.3445378151260504,False,0.8129581490699958,0.3–0.5
MLDB-001783,DOI,0.38524590163934425,False,2.0307158298693126,0.3–0.5
MLDB-001786,DOI,0.38461538461538464,False,0.0389420739553685,0.3–0.5
MLDB-001787,DOI,0.3157894736842105,False,0.4230701659115243,0.3–0.5
MLDB-001788,DOI,0.38095238095238093,False,0.8179899326251462,0.3–0.5
MLDB-001789,DOI,0.34782608695652173,False,1.235519981605621,0.3–0.5
MLDB-001948,DOI,0.5102040816326531,False,1.1186103650276158,0.5–0.7
MLDB-001949,DOI,0.6190476190476191,False,1.875789451301455,0.5–0.7
MLDB-001950,DOI,0.5617977528089888,False,0.5988694062921729,0.5–0.7
MLDB-001951,DOI,0.46938775510204084,False,0.2965527649356514,0.3–0.5
MLDB-001952,DOI,0.543859649122807,False,1.128918167179635,0.5–0.7
MLDB-001953,DOI,0.48,False,0.8338503700251818,0.3–0.5
MLDB-001954,DOI,0.48936170212765956,False,0.921420326578126,0.3–0.5
MLDB-002072,DOI,0.6336633663366337,False,0.2971221484334876,0.5–0.7
MLDB-002111,DOI,0.7532467532467533,False,1.0915408204178216,0.7–0.9
MLDB-002112,DOI,0.33663366336633666,False,0.686098652768798,0.3–0.5
MLDB-002328,DOI,0.4444444444444444,False,0.1073052688453646,0.3–0.5
MLDB-002329,DOI,0.4444444444444444,False,0.1226947311546351,0.3–0.5
MLDB-002336,DOI,0.5018867924528302,False,0.8385294590557311,0.5–0.7
MLDB-002395,DOI,0.5371900826446281,False,1.842953077320882,0.5–0.7
MLDB-002396,DOI,0.9019607843137255,False,2.344512477256924,≥0.9
MLDB-002397,DOI,0.7751937984496124,False,1.8544535883748896,0.7–0.9
MLDB-002398,DOI,0.6330935251798561,False,1.8305218560180931,0.5–0.7
MLDB-002399,DOI,0.7378640776699029,False,1.7453728100969372,0.7–0.9
MLDB-002406,DOI,0.35555555555555557,False,1.5746778926490264,0.3–0.5
MLDB-002407,DOI,0.2713178294573643,False,1.3841640610821004,<0.3
MLDB-002408,DOI,0.367816091954023,False,1.6362381941598856,0.3–0.5
MLDB-002409,DOI,0.28205128205128205,False,2.1295936209265944,<0.3
MLDB-002415,DOI,0.6714285714285714,False,0.1757535453493276,0.5–0.7
MLDB-002419,DOI,0.8706896551724138,False,0.5020346735875331,0.7–0.9
MLDB-002420,DOI,0.8243243243243243,False,0.7350303778606742,0.7–0.9
MLDB-002421,DOI,0.875,False,0.6152272813155361,0.7–0.9
MLDB-002422,DOI,0.7692307692307693,False,0.6387415501741629,0.7–0.9
MLDB-002423,DOI,0.7423312883435583,False,0.7658074599840586,0.7–0.9
MLDB-002424,DOI,0.8235294117647058,False,0.5529156556432813,0.7–0.9
MLDB-002486,DOI,0.21818181818181817,False,1.743197296663162,<0.3
MLDB-002497,DOI,0.8706896551724138,False,0.4322802034267611,0.7–0.9
MLDB-002498,DOI,0.7692307692307693,False,0.4577112260105904,0.7–0.9
MLDB-002499,DOI,0.8243243243243243,False,0.7658614134345896,0.7–0.9
MLDB-002500,DOI,0.7423312883435583,False,0.5803467433088991,0.7–0.9
MLDB-002501,DOI,0.875,False,0.6463551298688788,0.7–0.9
MLDB-002502,DOI,0.8235294117647058,False,0.5140126057538927,0.7–0.9
MLDB-002514,DOI,0.9905660377358491,False,0.1478239860867776,≥0.9
MLDB-002515,DOI,0.5168539325842697,False,0.5621541265331804,0.5–0.7
MLDB-002516,DOI,0.2785714285714286,False,0.6667717575352503,<0.3
MLDB-002517,DOI,0.5887850467289719,False,0.0623761984772794,0.5–0.7
MLDB-002518,DOI,0.5066666666666667,False,0.6367486609722631,0.5–0.7
MLDB-002519,DOI,0.5581395348837209,False,0.8539086077345646,0.5–0.7
MLDB-002520,DOI,0.9791666666666666,False,0.212254349690133,≥0.9
MLDB-002559,DOI,0.5283018867924528,False,1.1262217335450917,0.5–0.7
MLDB-002560,DOI,0.3474178403755869,False,0.5322266725330946,0.3–0.5
MLDB-002561,DOI,0.27956989247311825,False,0.491360937297173,<0.3
MLDB-002562,DOI,0.3157894736842105,False,0.4963364868538664,0.3–0.5
MLDB-002563,DOI,0.392,False,0.4940912843005924,0.3–0.5
MLDB-002573,DOI,0.6811594202898551,False,0.2440978015687929,0.5–0.7
MLDB-002574,DOI,0.7246376811594203,False,0.3374325091480441,0.7–0.9
MLDB-002575,DOI,0.7681159420289855,False,0.2755513281152313,0.7–0.9
MLDB-002576,DOI,0.7246376811594203,False,0.2308128493696525,0.7–0.9
MLDB-002577,DOI,0.7681159420289855,False,0.3632841585792719,0.7–0.9
MLDB-002578,DOI,0.7428571428571429,False,0.1466644988008796,0.7–0.9
MLDB-002622,DOI,0.3684210526315789,False,1.9625444273701385,0.3–0.5
MLDB-002623,DOI,0.32142857142857145,False,1.1679802483919894,0.3–0.5
MLDB-002624,DOI,0.3888888888888889,False,1.7919434542224844,0.3–0.5
MLDB-002656,DOI,0.5289256198347108,False,0.7159111320543217,0.5–0.7
MLDB-002657,DOI,0.34375,False,0.1124461307614284,0.3–0.5
MLDB-002711,DOI,0.6785714285714286,False,0.1526988167793761,0.5–0.7
MLDB-002712,DOI,0.6031746031746031,False,0.2439108100049033,0.5–0.7
MLDB-002713,DOI,0.4367816091954023,False,0.4197286177785857,0.3–0.5
MLDB-002727,DOI,1.0,False,0.1663259991120143,≥0.9
MLDB-002728,DOI,1.0,False,0.5981079137496075,≥0.9
MLDB-002848,DOI,0.2857142857142857,False,0.9570283235779652,<0.3
MLDB-002849,DOI,0.26,False,0.9377540688662958,<0.3
MLDB-002850,DOI,0.2857142857142857,False,1.0157833702779642,<0.3
MLDB-002851,DOI,0.26,False,1.0927063532923456,<0.3
MLDB-002852,DOI,0.3181818181818182,False,0.86536304751011,0.3–0.5
MLDB-002853,DOI,0.28888888888888886,False,0.7123683336234687,<0.3
MLDB-002854,DOI,0.3181818181818182,False,0.7464963573269923,0.3–0.5
MLDB-002855,DOI,0.28888888888888886,False,0.6355846607972631,<0.3
MLDB-002857,DOI,0.4413793103448276,False,1.888887767814183,0.3–0.5
MLDB-002858,DOI,0.43243243243243246,False,2.089101521652892,0.3–0.5
MLDB-002859,DOI,0.4266666666666667,False,2.465251658168471,0.3–0.5
MLDB-002867,DOI,1.0,False,0.621251993535076,≥0.9
MLDB-002868,DOI,0.7368421052631579,False,0.1955604912887667,0.7–0.9
MLDB-002869,DOI,0.25757575757575757,False,0.1469817683001664,<0.3
MLDB-002870,DOI,0.28,False,1.401879788992349,<0.3
MLDB-002871,DOI,0.25888324873096447,False,0.917263019751233,<0.3
MLDB-002872,DOI,0.6078431372549019,False,0.5517435216457719,0.5–0.7
MLDB-002940,DOI,0.5588235294117647,False,1.3609596364633414,0.5–0.7
MLDB-002941,DOI,0.5774647887323944,False,0.968319487949843,0.5–0.7
MLDB-002942,DOI,0.6551724137931034,False,0.5002252269653202,0.5–0.7
MLDB-003059,DOI,0.449438202247191,False,0.0991985261451569,0.3–0.5
MLDB-003060,DOI,1.0,False,1.232479445483765,≥0.9
MLDB-003078,DOI,0.4095238095238095,False,0.5787639459231599,0.3–0.5
MLDB-003079,DOI,0.3181818181818182,False,2.1135872480839515,0.3–0.5
MLDB-003080,DOI,0.48205128205128206,False,0.0105090632195401,0.3–0.5
MLDB-003318,DOI,0.8181818181818182,False,0.4053324198792444,0.7–0.9
MLDB-003319,DOI,0.7721518987341772,False,0.562132466412048,0.7–0.9
MLDB-003320,DOI,0.8461538461538461,False,0.3294146179109041,0.7–0.9
MLDB-003321,DOI,0.75,False,0.1990249746907307,0.7–0.9
MLDB-003322,DOI,0.494949494949495,False,0.2346002224221313,0.3–0.5
MLDB-003323,DOI,0.564935064935065,False,0.3885722560534292,0.5–0.7
MLDB-003324,DOI,0.5408805031446541,False,0.0753836281632287,0.5–0.7
MLDB-003325,DOI,0.5089820359281437,False,0.0271431983057619,0.5–0.7
MLDB-003326,DOI,0.7777777777777778,False,0.3103390607058996,0.7–0.9
MLDB-003328,DOI,0.6666666666666666,False,0.5803826805950552,0.5–0.7
MLDB-003329,DOI,0.6886792452830188,False,0.164905538730095,0.5–0.7
MLDB-003330,DOI,0.7155172413793104,False,0.666385134676736,0.7–0.9
MLDB-003331,DOI,0.7850467289719626,False,0.7282625044173824,0.7–0.9
MLDB-003332,DOI,0.776595744680851,False,0.5980507067435299,0.7–0.9
MLDB-003333,DOI,0.8484848484848485,False,0.037656024204254,0.7–0.9
MLDB-003334,DOI,0.8378378378378378,False,0.1741896041642666,0.7–0.9
MLDB-003335,DOI,0.7247706422018348,False,0.0198075282154015,0.7–0.9
MLDB-003354,DOI,1.0,False,0.1208992528638067,≥0.9
MLDB-003355,DOI,1.0,False,0.3346674936735488,≥0.9
MLDB-003356,DOI,0.7777777777777778,False,0.3498689485774777,0.7–0.9
MLDB-003357,DOI,0.7368421052631579,False,0.173689383136473,0.7–0.9
MLDB-003358,DOI,0.7368421052631579,False,0.0317829901058479,0.7–0.9
MLDB-003376,DOI,1.0,False,0.0305498772137975,≥0.9
MLDB-003377,DOI,0.8675496688741722,False,0.0107060023110766,0.7–0.9
MLDB-003378,DOI,0.8529411764705882,False,0.3142528784337786,0.7–0.9
MLDB-003379,DOI,0.8701298701298701,False,0.025922477921633,0.7–0.9
MLDB-003380,DOI,0.849624060150376,False,0.2669934212161354,0.7–0.9
MLDB-003381,DOI,0.8431372549019608,False,0.3471524483459408,0.7–0.9
MLDB-003382,DOI,0.8260869565217391,False,0.1262515991384155,0.7–0.9
MLDB-003383,DOI,0.8701298701298701,False,0.1822863386424562,0.7–0.9
MLDB-003445,DOI,0.8881987577639752,False,1.38220264893136,0.7–0.9
MLDB-003446,DOI,0.8461538461538461,False,0.2519477475675664,0.7–0.9
MLDB-003447,DOI,0.7307692307692307,False,1.0802613089223867,0.7–0.9
MLDB-003507,DOI,0.5106382978723404,False,1.3961729272371253,0.5–0.7
MLDB-003508,DOI,0.47674418604651164,False,2.2656503856884895,0.3–0.5
MLDB-003577,DOI,0.7674418604651163,False,0.7543220633051612,0.7–0.9
MLDB-003578,DOI,0.8387096774193549,False,0.9249881967710432,0.7–0.9
MLDB-003581,DOI,0.5142857142857142,False,3.21381657376171,0.5–0.7
MLDB-003582,DOI,0.4090909090909091,False,3.0113371674190765,0.3–0.5
MLDB-003583,DOI,0.29411764705882354,False,2.104953931111764,<0.3
MLDB-003601,DOI,0.6632653061224489,False,0.1541970962189529,0.5–0.7
MLDB-003602,DOI,0.6796116504854369,False,0.3853335009601017,0.5–0.7
MLDB-003603,DOI,0.67,False,0.2115961639061006,0.5–0.7
MLDB-003604,DOI,0.6915887850467289,False,0.0600032897780442,0.5–0.7
MLDB-003605,DOI,0.7053571428571429,False,0.7555502173100679,0.7–0.9
MLDB-003606,DOI,0.6972477064220184,False,0.5479196131570361,0.5–0.7
MLDB-003641,DOI,0.7378048780487805,False,2.3713569511249224,0.7–0.9
MLDB-003642,DOI,0.6758241758241759,False,2.548030198178425,0.5–0.7
MLDB-003734,DOI,0.8172043010752689,False,0.2542700065843568,0.7–0.9
MLDB-003735,DOI,0.7865168539325843,False,0.2134647848235178,0.7–0.9
MLDB-003736,DOI,0.8303030303030303,False,0.1591811518169666,0.7–0.9
MLDB-003896,DOI,0.5384615384615384,False,0.2284388588787664,0.5–0.7
MLDB-003897,DOI,0.5303030303030303,False,0.3969546424769785,0.5–0.7
MLDB-003898,DOI,0.44805194805194803,False,1.1869144632341275,0.3–0.5
MLDB-003931,DOI,0.4846153846153846,False,0.7492127504516858,0.3–0.5
MLDB-003932,DOI,0.4807692307692308,False,0.0381916300749536,0.3–0.5
MLDB-003933,DOI,0.5393258426966292,False,0.7516552223284994,0.5–0.7
MLDB-003934,DOI,0.45255474452554745,False,1.3640747773134654,0.3–0.5
MLDB-003935,DOI,0.44571428571428573,False,0.9197208652670974,0.3–0.5
MLDB-003936,DOI,0.4444444444444444,False,0.6204506040533623,0.3–0.5
MLDB-003961,DOI,0.5444444444444444,False,0.0625364099093198,0.5–0.7
MLDB-003962,DOI,0.5157894736842106,False,0.3718787715205272,0.5–0.7
MLDB-003994,DOI,0.42628205128205127,False,0.3063319421666475,0.3–0.5
MLDB-003995,DOI,0.4738562091503268,False,0.5021685203093577,0.3–0.5
MLDB-004086,DOI,0.5856573705179283,False,0.5850939866815582,0.5–0.7
MLDB-004087,DOI,0.5856573705179283,False,0.5550939866815582,0.5–0.7
MLDB-004088,DOI,0.5856573705179283,False,0.5250939866815582,0.5–0.7
MLDB-004089,DOI,0.5856573705179283,False,0.6550939866815582,0.5–0.7
MLDB-004134,DOI,0.6690647482014388,False,2.7883720860538013,0.5–0.7
MLDB-004135,DOI,0.762589928057554,False,1.3423783947959098,0.7–0.9
MLDB-004136,DOI,0.7414965986394558,False,1.2649193496506923,0.7–0.9
MLDB-004137,DOI,0.7160493827160493,False,0.6942614881141538,0.7–0.9
MLDB-004138,DOI,0.5619834710743802,False,0.2582925147187935,0.5–0.7
MLDB-004170,DOI,0.5559006211180124,False,0.8276258881840826,0.5–0.7
MLDB-004171,DOI,0.5524691358024691,False,0.7674027621120686,0.5–0.7
MLDB-004172,DOI,0.5474006116207951,False,0.5247225706070096,0.5–0.7
MLDB-004173,DOI,0.5524691358024691,False,1.4129426148752546,0.5–0.7
MLDB-004209,DOI,0.4788732394366197,False,0.0600017314986209,0.3–0.5
MLDB-004210,DOI,0.5178571428571429,False,0.9000851989489995,0.5–0.7
MLDB-004211,DOI,0.5066666666666667,False,0.529467211178754,0.5–0.7
MLDB-004212,DOI,0.5473684210526316,False,0.5182621136511338,0.5–0.7
MLDB-004213,DOI,0.39473684210526316,False,0.7766140407050559,0.3–0.5
MLDB-004214,DOI,0.5932203389830508,False,0.2117496137007652,0.5–0.7
MLDB-004215,DOI,0.8043478260869565,False,0.7249379052349914,0.7–0.9
MLDB-004216,DOI,0.6724137931034483,False,0.7671973913268632,0.5–0.7
MLDB-004217,DOI,0.5425531914893617,False,0.6527014914328281,0.5–0.7
MLDB-004218,DOI,0.5757575757575758,False,0.872091595921425,0.5–0.7
MLDB-004219,DOI,0.5,False,0.4409499656710716,0.5–0.7
MLDB-004220,DOI,0.5087719298245614,False,0.1702826322822441,0.5–0.7
MLDB-004221,DOI,0.6285714285714286,False,0.3183777722699925,0.5–0.7
MLDB-004222,DOI,0.5257731958762887,False,1.0438893736270538,0.5–0.7
MLDB-004321,DOI,0.375,False,0.2394944796806998,0.3–0.5
MLDB-004323,DOI,0.411214953271028,False,0.7940313203094719,0.3–0.5
MLDB-004324,DOI,0.4230769230769231,False,0.9966156259633316,0.3–0.5
MLDB-004325,DOI,0.4230769230769231,False,0.9005394620304364,0.3–0.5
MLDB-004326,DOI,0.4230769230769231,False,0.7789910163559466,0.3–0.5
MLDB-004327,DOI,0.4263565891472868,False,0.9182055766944366,0.3–0.5
MLDB-004328,DOI,0.4230769230769231,False,0.86662780785286,0.3–0.5
MLDB-004329,DOI,0.4897959183673469,False,0.842786204130532,0.3–0.5
MLDB-004330,DOI,0.4606741573033708,False,1.204012274394618,0.3–0.5
MLDB-004337,DOI,0.4700854700854701,False,1.133027403852947,0.3–0.5
MLDB-004338,DOI,0.46153846153846156,False,1.2879728389247382,0.3–0.5
MLDB-004339,DOI,0.46153846153846156,False,1.304691332464642,0.3–0.5
MLDB-004340,DOI,0.35802469135802467,False,1.630991506437653,0.3–0.5
MLDB-004341,DOI,0.35106382978723405,False,1.500510808281748,0.3–0.5
MLDB-004443,DOI,0.6290322580645161,False,0.0978333798480942,0.5–0.7
MLDB-004444,DOI,0.6290322580645161,False,0.1914106673007091,0.5–0.7
MLDB-004445,DOI,0.6290322580645161,False,0.7591384311346118,0.5–0.7
MLDB-004446,DOI,0.6290322580645161,False,0.6400566201519058,0.5–0.7
MLDB-004447,DOI,0.5702479338842975,False,0.8793931011399323,0.5–0.7
MLDB-004448,DOI,0.5583333333333333,False,1.6677367645981191,0.5–0.7
MLDB-004449,DOI,0.580952380952381,False,1.1190777913109176,0.5–0.7
MLDB-004450,DOI,0.6198347107438017,False,1.6570871125374549,0.5–0.7
MLDB-004451,DOI,0.5483870967741935,False,2.053379252760544,0.5–0.7
MLDB-004452,DOI,0.6290322580645161,False,0.2419042127234229,0.5–0.7
MLDB-004453,DOI,0.5954198473282443,False,0.0939623041443362,0.5–0.7
MLDB-004502,DOI,0.7583333333333333,False,0.9549489005920324,0.7–0.9
MLDB-004503,DOI,0.7542372881355932,False,0.0945185954751757,0.7–0.9
MLDB-004504,DOI,0.7542372881355932,False,1.7233553677041358,0.7–0.9
MLDB-004505,DOI,0.6842105263157895,False,0.1738951899031611,0.5–0.7
MLDB-004526,DOI,0.7834394904458599,False,1.1655348666314629,0.7–0.9
MLDB-004546,DOI,1.0,False,2.4514000160182534,≥0.9
MLDB-004547,DOI,0.828125,False,1.0971303902396543,0.7–0.9
MLDB-004562,DOI,0.674074074074074,False,0.0324072105759161,0.5–0.7
MLDB-004563,DOI,0.6788321167883211,False,0.3690425689572274,0.5–0.7
MLDB-004564,DOI,0.6857142857142857,False,0.6406064275851711,0.5–0.7
MLDB-004568,DOI,0.5263157894736842,False,0.5504367976229803,0.5–0.7
MLDB-004569,DOI,0.5,False,0.1951806871626804,0.5–0.7
MLDB-004570,DOI,0.5,False,0.4332998990617178,0.5–0.7
MLDB-004571,DOI,0.5064935064935064,False,0.9265994976969482,0.5–0.7
MLDB-004632,DOI,0.8082901554404145,False,0.4308382526194002,0.7–0.9
MLDB-004633,DOI,0.8,False,0.040654735192584,0.7–0.9
MLDB-004634,DOI,0.8195121951219512,False,0.379717359068347,0.7–0.9
MLDB-004635,DOI,0.832579185520362,False,0.6298038064901528,0.7–0.9
MLDB-004689,DOI,0.2698412698412698,False,0.5549233796424486,<0.3
MLDB-004690,DOI,0.2698412698412698,False,0.1613298001941732,<0.3
MLDB-004691,DOI,0.2698412698412698,False,0.4460354301984317,<0.3
MLDB-004692,DOI,0.3081081081081081,False,1.7864133676685188,0.3–0.5
MLDB-004693,DOI,0.3081081081081081,False,1.538803175341506,0.3–0.5
MLDB-004694,DOI,0.3081081081081081,False,2.292294806926022,0.3–0.5
MLDB-004782,DOI,0.6666666666666666,False,1.288627428401531,0.5–0.7
MLDB-004783,DOI,0.6666666666666666,False,1.1312332426143792,0.5–0.7
MLDB-004784,DOI,0.6666666666666666,False,1.1798707156607011,0.5–0.7
MLDB-004797,DOI,0.5031847133757962,False,0.7282306377814021,0.5–0.7
MLDB-004798,DOI,0.6623376623376623,False,0.056610403463043,0.5–0.7
MLDB-004799,DOI,0.6144578313253012,False,0.7097526945073118,0.5–0.7
MLDB-004800,DOI,0.5730337078651685,False,0.875802172594033,0.5–0.7
MLDB-004894,DOI,0.8545454545454545,False,0.8466926029387769,0.7–0.9
MLDB-004895,DOI,0.6640625,False,1.146439401639043,0.5–0.7
MLDB-004903,DOI,0.3333333333333333,False,3.667285054475213,0.3–0.5
MLDB-004919,DOI,0.703125,False,0.7650668906067433,0.7–0.9
MLDB-004920,DOI,0.7777777777777778,False,0.167786708383282,0.7–0.9
MLDB-004921,DOI,0.8548387096774194,False,0.4010692829775182,0.7–0.9
MLDB-004922,DOI,0.9032258064516129,False,0.912331946455567,≥0.9
MLDB-004931,DOI,0.29591836734693877,False,0.9028079299686916,<0.3
MLDB-004932,DOI,0.3229166666666667,False,0.6667777917319755,0.3–0.5
MLDB-004942,DOI,0.6854838709677419,False,0.602586196348199,0.5–0.7
MLDB-004943,DOI,0.6201550387596899,False,1.2849418961308352,0.5–0.7
MLDB-004944,DOI,0.4840764331210191,False,0.6283306963905833,0.3–0.5
MLDB-004945,DOI,0.41711229946524064,False,1.1597966027171758,0.3–0.5
MLDB-004946,DOI,0.4756756756756757,False,1.6836828167721003,0.3–0.5
MLDB-004965,DOI,0.7051282051282052,False,0.7002739385475467,0.7–0.9
MLDB-004966,DOI,0.6835443037974683,False,0.3017659838542397,0.5–0.7
MLDB-004967,DOI,0.6470588235294118,False,0.3769175635802687,0.5–0.7
MLDB-004968,DOI,0.627906976744186,False,0.3164552684905202,0.5–0.7
MLDB-005054,DOI,0.6372549019607843,False,1.4469860995290926,0.5–0.7
MLDB-005055,DOI,0.7277777777777777,False,0.3490754413853115,0.7–0.9
MLDB-005056,DOI,0.8701298701298701,False,0.5337798143343211,0.7–0.9
MLDB-005134,DOI,0.5066666666666667,False,0.1019355610883854,0.5–0.7
MLDB-005135,DOI,0.5245283018867924,False,0.4033575019563336,0.5–0.7
MLDB-000001,DOI,0.7840909090909091,False,2.5554496303657865,0.7–0.9
MLDB-000002,DOI,0.7723214285714286,False,1.300064938540546,0.7–0.9
MLDB-000003,DOI,0.8735177865612648,False,1.9500723600372576,0.7–0.9
MLDB-000076,DOI,0.9050279329608939,False,0.2235442930939947,≥0.9
MLDB-000077,DOI,0.8950276243093923,False,0.2051531638453089,0.7–0.9
MLDB-000078,DOI,0.89,False,0.2095423250859653,0.7–0.9
MLDB-000079,DOI,0.8481675392670157,False,0.1297297791962001,0.7–0.9
MLDB-000080,DOI,0.8181818181818182,False,0.4783625587837217,0.7–0.9
MLDB-000081,DOI,0.8393782383419689,False,0.6152108154549488,0.7–0.9
MLDB-000082,DOI,0.8674698795180723,False,0.7017537599946432,0.7–0.9
MLDB-000083,DOI,0.6526946107784432,False,1.0188032212465328,0.5–0.7
MLDB-000084,DOI,0.6879432624113475,False,0.360573593432505,0.5–0.7
MLDB-000085,DOI,0.8108108108108109,False,1.180801951431424,0.7–0.9
MLDB-000086,DOI,0.6647398843930635,False,0.89196177888724,0.5–0.7
MLDB-000177,DOI,0.3211009174311927,False,0.5813982795844889,0.3–0.5
MLDB-000178,DOI,0.5202312138728323,False,1.775754238716055,0.5–0.7
MLDB-000179,DOI,0.3211009174311927,False,0.7058851458866094,0.3–0.5
MLDB-000180,DOI,0.5202312138728323,False,1.8679101051455111,0.5–0.7
MLDB-000217,DOI,0.8412698412698413,False,0.8744600505525892,0.7–0.9
MLDB-000218,DOI,0.6893203883495146,False,1.243909548731102,0.5–0.7
MLDB-000226,DOI,0.609375,False,0.8294492827656015,0.5–0.7
MLDB-000227,DOI,0.8085106382978723,False,0.8881958574612385,0.7–0.9
MLDB-000228,DOI,0.5808823529411765,False,1.1041891631365226,0.5–0.7
MLDB-000229,DOI,0.7878787878787878,False,1.1421545525644012,0.7–0.9
MLDB-000230,DOI,0.6153846153846154,False,1.1527759690731765,0.5–0.7
MLDB-000231,DOI,0.8767123287671232,False,1.1638502158799031,0.7–0.9
MLDB-000232,DOI,0.8350515463917526,False,0.1230289574010438,0.7–0.9
MLDB-000233,DOI,0.8596491228070176,False,0.2350039972389622,0.7–0.9
MLDB-000234,DOI,0.8558558558558559,False,0.6649805760968313,0.7–0.9
MLDB-000295,DOI,0.5802469135802469,False,2.5644297691132056,0.5–0.7
MLDB-000296,DOI,0.6091954022988506,False,2.011333382080793,0.5–0.7
MLDB-000317,DOI,0.5660377358490566,False,0.3734070064614222,0.5–0.7
MLDB-000318,DOI,0.6226415094339622,False,0.4390880019683342,0.5–0.7
MLDB-000319,DOI,0.6330275229357798,False,0.4784299644030954,0.5–0.7
MLDB-000320,DOI,0.4881889763779528,False,0.5996083101261226,0.3–0.5
MLDB-000321,DOI,0.4881889763779528,False,0.8268476900879294,0.3–0.5
MLDB-000356,DOI,0.3979591836734694,False,0.758778102943208,0.3–0.5
MLDB-000357,DOI,0.7723577235772358,False,0.1828501801235163,0.7–0.9
MLDB-000358,DOI,0.7925925925925926,False,0.6333053304396115,0.7–0.9
MLDB-000359,DOI,0.821256038647343,False,0.1952578681074197,0.7–0.9
MLDB-000384,DOI,0.9263803680981595,False,1.1877653126437129,≥0.9
MLDB-000385,DOI,0.8690476190476191,False,0.5750410986878355,0.7–0.9
MLDB-000404,DOI,0.7419354838709677,False,1.1752334229067154,0.7–0.9
MLDB-000405,DOI,0.76,False,0.6454578808660283,0.7–0.9
MLDB-000406,DOI,0.8333333333333334,False,0.492534514518325,0.7–0.9
MLDB-000433,DOI,0.6074766355140186,False,0.2404567957904941,0.5–0.7
MLDB-000434,DOI,0.6226415094339622,False,0.2388150909693349,0.5–0.7
MLDB-000536,DOI,0.4878048780487805,False,0.2342343969642151,0.3–0.5
MLDB-000537,DOI,0.6347826086956522,False,0.0129907014623924,0.5–0.7
MLDB-000538,DOI,0.31794871794871793,False,0.6572328862415824,0.3–0.5
MLDB-000539,DOI,0.39361702127659576,False,0.5924183840497257,0.3–0.5
MLDB-000642,DOI,0.7532467532467533,False,3.885572722636921,0.7–0.9
MLDB-000643,DOI,0.6806083650190115,False,2.971745064455283,0.5–0.7
MLDB-000644,DOI,0.6049382716049383,False,1.32769900713301,0.5–0.7
MLDB-000674,DOI,0.7344632768361582,False,0.981460077958676,0.7–0.9
MLDB-000675,DOI,0.7388888888888889,False,0.7281193875371205,0.7–0.9
MLDB-000676,DOI,0.7445652173913043,False,0.5594080929070074,0.7–0.9
MLDB-000721,DOI,0.7349397590361446,False,0.8910362442581907,0.7–0.9
MLDB-000722,DOI,0.59375,False,0.1550795728938305,0.5–0.7
MLDB-000723,DOI,0.6236559139784946,False,0.5038650352104352,0.5–0.7
MLDB-000779,DOI,0.4187192118226601,False,0.5740090523106256,0.3–0.5
MLDB-000780,DOI,0.37623762376237624,False,0.449673281724726,0.3–0.5
MLDB-000781,DOI,0.37751004016064255,False,0.2427592383732626,0.3–0.5
MLDB-000782,DOI,0.38349514563106796,False,0.1421013997119438,0.3–0.5
MLDB-000783,DOI,0.43956043956043955,False,0.7512675803310502,0.3–0.5
MLDB-000784,DOI,0.41496598639455784,False,0.2784029697119794,0.3–0.5
MLDB-000785,DOI,0.4069264069264069,False,0.1215056062544237,0.3–0.5
MLDB-000786,DOI,0.4076086956521739,False,0.5839903876785062,0.3–0.5
MLDB-000787,DOI,1.0,False,3.822307817114628,≥0.9
MLDB-000792,DOI,0.8333333333333334,False,2.453134174827025,0.7–0.9
MLDB-000793,DOI,0.8235294117647058,False,2.5299512025629785,0.7–0.9
MLDB-000794,DOI,0.8192771084337349,False,1.8148542004369568,0.7–0.9
MLDB-000795,DOI,0.7014925373134329,False,2.4291178586546085,0.7–0.9
MLDB-000813,DOI,0.8717948717948718,False,0.747232562377438,0.7–0.9
MLDB-000814,DOI,0.8830409356725146,False,1.0498136353811016,0.7–0.9
MLDB-000815,DOI,0.8924731182795699,False,1.3966827846304526,0.7–0.9
MLDB-000816,DOI,0.900497512437811,False,1.6911416071797785,≥0.9
MLDB-000951,DOI,0.5752212389380531,False,0.1588157573231423,0.5–0.7
MLDB-000952,DOI,0.6880733944954128,False,0.1130327928232888,0.5–0.7
MLDB-000953,DOI,0.5289256198347108,False,0.5382148732070962,0.5–0.7
MLDB-000954,DOI,0.5289256198347108,False,0.4242945300583156,0.5–0.7
MLDB-000955,DOI,0.8,False,0.6072080360036683,0.7–0.9
MLDB-000993,DOI,0.6521739130434783,False,0.424143298952195,0.5–0.7
MLDB-001074,DOI,0.7052631578947368,False,0.0630023724609228,0.7–0.9
MLDB-001075,DOI,0.5979381443298969,False,1.692147176423193,0.5–0.7
MLDB-001076,DOI,0.5979381443298969,False,1.4728800245785822,0.5–0.7
MLDB-001320,DOI,0.7947368421052632,False,0.8006558854088117,0.7–0.9
MLDB-001321,DOI,0.7597402597402597,False,0.3422834417955686,0.7–0.9
MLDB-001322,DOI,0.6802325581395349,False,0.9318146985043112,0.5–0.7
MLDB-001353,DOI,0.42424242424242425,False,0.5676576948130374,0.3–0.5
MLDB-001354,DOI,0.5939849624060151,False,0.4357281596978096,0.5–0.7
MLDB-001355,DOI,0.5098039215686274,False,0.2657968621078997,0.5–0.7
MLDB-001356,DOI,0.6105263157894737,False,0.1304445169188169,0.5–0.7
MLDB-001370,DOI,0.6885245901639344,False,0.7803806221505917,0.5–0.7
MLDB-001371,DOI,0.6503067484662577,False,1.066486274128235,0.5–0.7
MLDB-001372,DOI,0.6459627329192547,False,0.0758732111751468,0.5–0.7
MLDB-001373,DOI,0.6586826347305389,False,0.5506805119965644,0.5–0.7
MLDB-001374,DOI,0.6705882352941176,False,0.3029497532963138,0.5–0.7
MLDB-001375,DOI,0.6153846153846154,False,0.4356408290361782,0.5–0.7
MLDB-001376,DOI,0.6524390243902439,False,0.2421600841570496,0.5–0.7
MLDB-001377,DOI,0.6298701298701299,False,0.5304236515532168,0.5–0.7
MLDB-001397,DOI,0.7875,False,0.1711843612986946,0.7–0.9
MLDB-001398,DOI,0.7875,False,0.1120891000331729,0.7–0.9
MLDB-001408,DOI,0.9050279329608939,False,0.9614705935907998,≥0.9
MLDB-001409,DOI,0.8950276243093923,False,0.5661917138481902,0.7–0.9
MLDB-001410,DOI,0.89,False,0.7466622696365508,0.7–0.9
MLDB-001432,DOI,0.3283582089552239,False,2.2106415169208287,0.3–0.5
MLDB-001433,DOI,0.5476190476190477,False,0.1250572001619298,0.5–0.7
MLDB-001455,DOI,0.8445945945945946,False,0.6870305814656321,0.7–0.9
MLDB-001456,DOI,0.7961783439490446,False,0.1332418512656174,0.7–0.9
MLDB-001457,DOI,0.78125,False,0.1995806717890403,0.7–0.9
MLDB-001603,DOI,0.8043478260869565,False,0.232666506978711,0.7–0.9
MLDB-001604,DOI,0.6974789915966386,False,0.4405911452350712,0.5–0.7
MLDB-001605,DOI,0.5894736842105263,False,0.4013468083344339,0.5–0.7
MLDB-001606,DOI,0.5766423357664233,False,0.8526498074311747,0.5–0.7
MLDB-001607,DOI,0.47191011235955055,False,0.9207959756361872,0.3–0.5
MLDB-001608,DOI,0.576,False,0.6374379754117906,0.5–0.7
MLDB-001609,DOI,0.5666666666666667,False,0.5962436182091384,0.5–0.7
MLDB-001610,DOI,0.4930555555555556,False,0.452463951306129,0.3–0.5
MLDB-001611,DOI,0.47674418604651164,False,0.4501917880523765,0.3–0.5
MLDB-001648,DOI,0.38461538461538464,False,1.0013621568737443,0.3–0.5
MLDB-001649,DOI,0.5252525252525253,False,1.0095209868087047,0.5–0.7
MLDB-001650,DOI,0.46226415094339623,False,1.3758384793816638,0.3–0.5
MLDB-001651,DOI,0.4077669902912621,False,0.9139845156593492,0.3–0.5
MLDB-001652,DOI,0.359375,False,0.7264729564982486,0.3–0.5
MLDB-001653,DOI,0.34782608695652173,False,1.1035311423723493,0.3–0.5
MLDB-001654,DOI,0.3,False,1.0664460480390594,0.3–0.5
MLDB-001699,DOI,0.46616541353383456,False,2.967455068998208,0.3–0.5
MLDB-001700,DOI,0.4276729559748428,False,2.860899433555007,0.3–0.5
MLDB-001707,DOI,0.45,False,0.4533919650821006,0.3–0.5
MLDB-001708,DOI,0.45,False,0.6530381264655439,0.3–0.5
MLDB-001709,DOI,0.45,False,0.8316133440356183,0.3–0.5
MLDB-001710,DOI,0.4897959183673469,False,0.9539893232297326,0.3–0.5
MLDB-001721,DOI,0.4625,False,2.3364639790206496,0.3–0.5
MLDB-001722,DOI,0.3835616438356164,False,2.0971197540331543,0.3–0.5
MLDB-001868,DOI,0.7120418848167539,False,0.5041421710561469,0.7–0.9
MLDB-001869,DOI,0.7120418848167539,False,0.2032182512105851,0.7–0.9
MLDB-001870,DOI,0.4233128834355828,False,0.2878604360874283,0.3–0.5
MLDB-002016,DOI,0.5238095238095238,False,0.0284715757278164,0.5–0.7
MLDB-002017,DOI,0.5103448275862069,False,0.0122190503815602,0.5–0.7
MLDB-002109,DOI,0.34782608695652173,False,0.822476478313412,0.3–0.5
MLDB-002110,DOI,0.38,False,1.4101045080628052,0.3–0.5
MLDB-002204,DOI,0.8690476190476191,False,1.1169718029679183,0.7–0.9
MLDB-002205,DOI,0.8488372093023255,False,0.3968999508468157,0.7–0.9
MLDB-002206,DOI,0.7474747474747475,False,0.4569954647442986,0.7–0.9
MLDB-002207,DOI,0.6186440677966102,False,0.841321575145382,0.5–0.7
MLDB-002208,DOI,0.5759493670886076,False,0.8431545556784124,0.5–0.7
MLDB-002209,DOI,0.5759493670886076,False,0.8332296647369495,0.5–0.7
MLDB-002210,DOI,0.8690476190476191,False,0.4735651439762216,0.7–0.9
MLDB-002211,DOI,0.8488372093023255,False,0.326510557655038,0.7–0.9
MLDB-002212,DOI,0.7474747474747475,False,0.2824707957049631,0.7–0.9
MLDB-002213,DOI,0.6186440677966102,False,0.6729856156219282,0.5–0.7
MLDB-002214,DOI,0.5759493670886076,False,1.2962223122570435,0.5–0.7
MLDB-002215,DOI,0.5759493670886076,False,0.8551379946388384,0.5–0.7
MLDB-002356,DOI,0.5,False,1.9957707495378685,0.5–0.7
MLDB-002357,DOI,0.5,False,0.4731720154103563,0.5–0.7
MLDB-002358,DOI,0.6682464454976303,False,0.0464088245382225,0.5–0.7
MLDB-002359,DOI,0.5692307692307692,False,0.2433398649005312,0.5–0.7
MLDB-002360,DOI,0.5606060606060606,False,0.2549294347038358,0.5–0.7
MLDB-002361,DOI,0.5707317073170731,False,0.1950705652961641,0.5–0.7
MLDB-002362,DOI,0.5506607929515418,False,0.6170521560265851,0.5–0.7
MLDB-002430,DOI,0.7121212121212122,False,0.8150025752909862,0.7–0.9
MLDB-002431,DOI,0.7121212121212122,False,0.6733858829054333,0.7–0.9
MLDB-002432,DOI,0.7121212121212122,False,0.6289617005032403,0.7–0.9
MLDB-002433,DOI,0.7974683544303798,False,0.7800601283827571,0.7–0.9
MLDB-002434,DOI,0.7974683544303798,False,0.6078521716816218,0.7–0.9
MLDB-002435,DOI,0.7974683544303798,False,0.6725108973668712,0.7–0.9
MLDB-002468,DOI,0.64,False,0.1354687712849639,0.5–0.7
MLDB-002491,DOI,0.6097560975609756,False,0.1305168255095021,0.5–0.7
MLDB-002492,DOI,0.5531914893617021,False,0.0868983804286724,0.5–0.7
MLDB-002493,DOI,0.5434782608695652,False,0.755923578257216,0.5–0.7
MLDB-002494,DOI,0.4716981132075472,False,0.1534679113114513,0.3–0.5
MLDB-002495,DOI,0.6507936507936508,False,1.1476382920126535,0.5–0.7
MLDB-002496,DOI,0.5857142857142857,False,1.7154107839180854,0.5–0.7
MLDB-002511,DOI,0.6666666666666666,False,1.3800779072931104,0.5–0.7
MLDB-002512,DOI,0.6615384615384615,False,0.8539401621290585,0.5–0.7
MLDB-002513,DOI,0.6615384615384615,False,0.7946921853698656,0.5–0.7
MLDB-002538,DOI,0.5020746887966805,False,0.9293252890184482,0.5–0.7
MLDB-002546,DOI,0.5408163265306123,False,0.3446805513858858,0.5–0.7
MLDB-002547,DOI,0.5655737704918032,False,1.6824969286941038,0.5–0.7
MLDB-002564,DOI,0.4423076923076923,False,1.4425001996821494,0.3–0.5
MLDB-002565,DOI,0.39631336405529954,False,1.9944644811480057,0.3–0.5
MLDB-002566,DOI,0.3942307692307692,False,1.5254259388190152,0.3–0.5
MLDB-002567,DOI,0.39805825242718446,False,1.6301244966181134,0.3–0.5
MLDB-002568,DOI,0.4,False,0.7625653369279622,0.3–0.5
MLDB-002570,DOI,0.7166666666666667,False,0.8383114330692527,0.7–0.9
MLDB-002571,DOI,0.6509433962264151,False,0.879397459816902,0.5–0.7
MLDB-002572,DOI,0.71900826446281,False,0.3908847930373665,0.7–0.9
MLDB-002695,DOI,0.5828571428571429,False,0.6352124824352299,0.5–0.7
MLDB-002696,DOI,0.5282051282051282,False,0.4516043360506799,0.5–0.7
MLDB-002697,DOI,0.5204081632653061,False,0.7965820170029272,0.5–0.7
MLDB-002698,DOI,0.47685185185185186,False,0.0794010659217715,0.3–0.5
MLDB-002780,DOI,0.275,False,0.7605740529022368,<0.3
MLDB-002781,DOI,0.2845528455284553,False,0.2457966400235257,<0.3
MLDB-002782,DOI,0.34831460674157305,False,1.1628897907270204,0.3–0.5
MLDB-002783,DOI,0.38636363636363635,False,0.2446091888704594,0.3–0.5
MLDB-002784,DOI,0.5357142857142857,False,0.2485029317231799,0.5–0.7
MLDB-002785,DOI,0.2786885245901639,False,0.8609319104143449,<0.3
MLDB-002791,DOI,0.7425149700598802,False,0.1746555260595271,0.7–0.9
MLDB-002792,DOI,0.6927374301675978,False,0.0314569174979184,0.5–0.7
MLDB-002793,DOI,0.6822429906542056,False,0.1558253108681822,0.5–0.7
MLDB-002794,DOI,0.645933014354067,False,1.121746852704095,0.5–0.7
MLDB-002795,DOI,0.6367924528301887,False,0.5068764481301447,0.5–0.7
MLDB-002829,DOI,0.9008264462809917,False,1.0178474196086822,≥0.9
MLDB-002841,DOI,0.42424242424242425,False,1.0521168902493212,0.3–0.5
MLDB-002842,DOI,0.24817518248175183,False,0.5300395731238248,<0.3
MLDB-002843,DOI,0.2611111111111111,False,0.4387822674174684,<0.3
MLDB-002844,DOI,0.3055555555555556,False,0.2335455053052721,0.3–0.5
MLDB-002845,DOI,0.24817518248175183,False,0.2020395731238247,<0.3
MLDB-002846,DOI,0.2611111111111111,False,0.1177822674174684,<0.3
MLDB-002847,DOI,0.3055555555555556,False,0.0595455053052722,0.3–0.5
MLDB-002918,DOI,0.7196969696969697,False,1.17555918216996,0.7–0.9
MLDB-002929,DOI,0.5871559633027523,False,1.5907885362498826,0.5–0.7
MLDB-002930,DOI,0.6470588235294118,False,1.7316385176172204,0.5–0.7
MLDB-002931,DOI,0.5517241379310345,False,1.34517751706183,0.5–0.7
MLDB-002932,DOI,0.5727272727272728,False,1.9068907708006504,0.5–0.7
MLDB-002933,DOI,0.5384615384615384,False,2.250158317977637,0.5–0.7
MLDB-002934,DOI,0.7051282051282052,False,1.5438437615433722,0.7–0.9
MLDB-002953,DOI,0.25,False,0.0992951139015162,<0.3
MLDB-002954,DOI,0.208,False,1.0683723985746814,<0.3
MLDB-002959,DOI,0.7358490566037735,False,1.1116338664028196,0.7–0.9
MLDB-002960,DOI,0.7049180327868853,False,0.2341907593431673,0.7–0.9
MLDB-002961,DOI,0.7098445595854922,False,0.1337503692572953,0.7–0.9
MLDB-002962,DOI,0.5841584158415841,False,0.9460060766730296,0.5–0.7
MLDB-002963,DOI,0.568,False,0.3896402704424892,0.5–0.7
MLDB-002964,DOI,0.6442307692307693,False,0.6638376315420046,0.5–0.7
MLDB-002970,DOI,0.4246575342465753,False,1.1689808414651015,0.3–0.5
MLDB-002971,DOI,0.4383561643835616,False,0.4082124512833017,0.3–0.5
MLDB-002972,DOI,0.4050632911392405,False,0.8181968343250399,0.3–0.5
MLDB-002973,DOI,0.5038759689922481,False,2.4625585928711575,0.5–0.7
MLDB-002985,DOI,0.8021978021978022,False,1.1417789241669922,0.7–0.9
MLDB-002986,DOI,0.58,False,1.616589146231085,0.5–0.7
MLDB-002987,DOI,0.6274509803921569,False,1.2078843750532806,0.5–0.7
MLDB-002988,DOI,0.7288135593220338,False,1.7855106503989178,0.7–0.9
MLDB-002989,DOI,0.5168539325842697,False,0.2589755903950139,0.5–0.7
MLDB-002990,DOI,0.4444444444444444,False,0.2506316983612168,0.3–0.5
MLDB-002991,DOI,0.4050632911392405,False,1.0428594689271098,0.3–0.5
MLDB-002992,DOI,1.0,False,0.5775630432244444,≥0.9
MLDB-002993,DOI,0.5185185185185185,False,0.4100683630896998,0.5–0.7
MLDB-002994,DOI,0.5841584158415841,False,0.814727343563376,0.5–0.7
MLDB-002995,DOI,0.55,False,1.1076046272087368,0.5–0.7
MLDB-002996,DOI,0.5,False,0.7894675134019846,0.5–0.7
MLDB-002997,DOI,0.5393258426966292,False,0.6625074761571891,0.5–0.7
MLDB-002998,DOI,0.5411764705882353,False,0.6861574537235162,0.5–0.7
MLDB-002999,DOI,0.6024096385542169,False,0.3975024085304067,0.5–0.7
MLDB-003000,DOI,0.5084745762711864,False,0.2543008822446742,0.5–0.7
MLDB-003001,DOI,0.7027027027027027,False,0.2940901283186929,0.7–0.9
MLDB-003002,DOI,0.5,False,0.9061823854574226,0.5–0.7
MLDB-003003,DOI,0.4691358024691358,False,0.4672869710012888,0.3–0.5
MLDB-003044,DOI,0.421875,False,0.4678585426820433,0.3–0.5
MLDB-003052,DOI,0.5079365079365079,False,0.1607536788285649,0.5–0.7
MLDB-003053,DOI,0.34444444444444444,False,0.928342293009752,0.3–0.5
MLDB-003054,DOI,0.3835616438356164,False,0.5302760857167637,0.3–0.5
MLDB-003055,DOI,0.34444444444444444,False,0.2971787997668321,0.3–0.5
MLDB-003056,DOI,0.3835616438356164,False,0.3397992022422302,0.3–0.5
MLDB-003057,DOI,0.3977272727272727,False,0.474458850612188,0.3–0.5
MLDB-003058,DOI,0.43023255813953487,False,0.0350346965486262,0.3–0.5
MLDB-003093,DOI,1.0,False,0.007142428781641,≥0.9
MLDB-003094,DOI,1.0,False,0.1189055183399914,≥0.9
MLDB-003095,DOI,1.0,False,0.3355369343132198,≥0.9
MLDB-003124,DOI,0.532608695652174,False,0.6073075712865194,0.5–0.7
MLDB-003125,DOI,0.42857142857142855,False,0.0948816557769903,0.3–0.5
MLDB-003126,DOI,0.5,False,0.0832647121524894,0.5–0.7
MLDB-003127,DOI,0.42857142857142855,False,0.0251183442230096,0.3–0.5
MLDB-003128,DOI,0.45871559633027525,False,0.2422842530749486,0.3–0.5
MLDB-003129,DOI,0.5538461538461539,False,0.0420513524167928,0.5–0.7
MLDB-003130,DOI,0.78125,False,0.0226344074909109,0.7–0.9
MLDB-003131,DOI,0.8470588235294118,False,0.3194904218363615,0.7–0.9
MLDB-003185,DOI,0.6611570247933884,False,0.1508037710909393,0.5–0.7
MLDB-003186,DOI,0.7894736842105263,False,0.3325916605896608,0.7–0.9
MLDB-003187,DOI,0.6888888888888889,False,0.6316836323791077,0.5–0.7
MLDB-003188,DOI,0.6451612903225806,False,0.5946554864302757,0.5–0.7
MLDB-003189,DOI,0.6888888888888889,False,0.1511492665197856,0.5–0.7
MLDB-003190,DOI,0.6206896551724138,False,0.5425648534628892,0.5–0.7
MLDB-003191,DOI,0.5147058823529411,False,0.6291196504249459,0.5–0.7
MLDB-003192,DOI,0.5147058823529411,False,0.1723706761571719,0.5–0.7
MLDB-003193,DOI,0.5227272727272727,False,0.116368666214205,0.5–0.7
MLDB-003194,DOI,0.3355263157894737,False,0.4271953765781149,0.3–0.5
MLDB-003195,DOI,0.3310810810810811,False,1.016358710714394,0.3–0.5
MLDB-003196,DOI,0.3,False,0.0207505218114811,0.3–0.5
MLDB-003197,DOI,0.30057803468208094,False,0.04914055621029,0.3–0.5
MLDB-003198,DOI,0.6741573033707865,False,0.606460638413064,0.5–0.7
MLDB-003199,DOI,0.686046511627907,False,0.3813376759347503,0.5–0.7
MLDB-003200,DOI,0.6931818181818182,False,0.3943772184669704,0.5–0.7
MLDB-003201,DOI,0.6931818181818182,False,0.6526325727932212,0.5–0.7
MLDB-003202,DOI,0.6268656716417911,False,0.4870940987675674,0.5–0.7
MLDB-003203,DOI,0.7096774193548387,False,0.093171368360695,0.7–0.9
MLDB-003246,DOI,0.8305084745762712,False,0.2636348832256321,0.7–0.9
MLDB-003247,DOI,0.8461538461538461,False,0.1708435773872222,0.7–0.9
MLDB-003248,DOI,0.8387096774193549,False,0.1288299791915853,0.7–0.9
MLDB-003249,DOI,0.8529411764705882,False,0.4090565757707156,0.7–0.9
MLDB-003250,DOI,0.8461538461538461,False,0.1593031632150517,0.7–0.9
MLDB-003251,DOI,0.8529411764705882,False,1.2503908957213152,0.7–0.9
MLDB-003264,DOI,0.8484848484848485,False,0.0499897952236709,0.7–0.9
MLDB-003265,DOI,0.7386363636363636,False,0.1502481676942585,0.7–0.9
MLDB-003266,DOI,0.589041095890411,False,1.1321566635813685,0.5–0.7
MLDB-003267,DOI,0.7052631578947368,False,0.5016851639000559,0.7–0.9
MLDB-003268,DOI,0.7241379310344828,False,0.0989295224852118,0.7–0.9
MLDB-003269,DOI,0.6526315789473685,False,0.6036680392378878,0.5–0.7
MLDB-003293,DOI,0.7796610169491526,False,0.0325331944680602,0.7–0.9
MLDB-003294,DOI,0.7692307692307693,False,0.3026650452333797,0.7–0.9
MLDB-003295,DOI,0.7575757575757576,False,0.071589740441025,0.7–0.9
MLDB-003296,DOI,0.8354430379746836,False,0.0696551786033363,0.7–0.9
MLDB-003297,DOI,0.8235294117647058,False,0.3051617602374135,0.7–0.9
MLDB-003298,DOI,0.813953488372093,False,0.0053049068509661,0.7–0.9
MLDB-003299,DOI,0.8780487804878049,False,0.3278668867015656,0.7–0.9
MLDB-003300,DOI,0.8470588235294118,False,0.1174641553247198,0.7–0.9
MLDB-003301,DOI,0.8181818181818182,False,0.2956509242239269,0.7–0.9
MLDB-003302,DOI,0.7912087912087912,False,0.3381492858534195,0.7–0.9
MLDB-003434,DOI,0.5631067961165048,False,1.149335665189203,0.5–0.7
MLDB-003435,DOI,0.6222222222222222,False,0.3473921795085172,0.5–0.7
MLDB-003436,DOI,0.5535714285714286,False,0.7977174358612067,0.5–0.7
MLDB-003437,DOI,1.0,False,0.2600115743224225,≥0.9
MLDB-003438,DOI,0.5057471264367817,False,1.0106257755615764,0.5–0.7
MLDB-003448,DOI,0.46558704453441296,False,0.0036698100747267,0.3–0.5
MLDB-003449,DOI,0.44256756756756754,False,0.0466468179253649,0.3–0.5
MLDB-003450,DOI,0.43543543543543545,False,0.343634904770222,0.3–0.5
MLDB-003523,DOI,0.7228915662650602,False,0.9115850730903552,0.7–0.9
MLDB-003524,DOI,0.8048780487804879,False,0.4251351132472805,0.7–0.9
MLDB-003525,DOI,0.7209302325581395,False,0.6907859030662447,0.7–0.9
MLDB-003526,DOI,0.7209302325581395,False,0.2157124208590297,0.7–0.9
MLDB-003527,DOI,0.8067226890756303,False,0.6749936964419112,0.7–0.9
MLDB-003528,DOI,0.864406779661017,False,0.6359737369566204,0.7–0.9
MLDB-003529,DOI,0.8032786885245902,False,0.9153423414114202,0.7–0.9
MLDB-003530,DOI,0.8032786885245902,False,0.3132940508270773,0.7–0.9
MLDB-003588,DOI,0.796875,False,0.1605898243928392,0.7–0.9
MLDB-003589,DOI,0.8571428571428571,False,0.6950887720147813,0.7–0.9
MLDB-003590,DOI,0.8760330578512396,False,0.0538453511259144,0.7–0.9
MLDB-003591,DOI,0.8872180451127819,False,0.6870695594641482,0.7–0.9
MLDB-003592,DOI,0.8086124401913876,False,0.7437922340331266,0.7–0.9
MLDB-003593,DOI,0.6455696202531646,False,1.340456087929442,0.5–0.7
MLDB-003594,DOI,0.563573883161512,False,0.0772250357802207,0.5–0.7
MLDB-003595,DOI,0.47959183673469385,False,0.5722857193322699,0.3–0.5
MLDB-003596,DOI,0.926829268292683,False,0.0430064669313461,≥0.9
MLDB-003597,DOI,0.8598130841121495,False,0.2620122968363825,0.7–0.9
MLDB-003598,DOI,0.7133105802047781,False,0.7414666409122921,0.7–0.9
MLDB-003599,DOI,0.5819672131147541,False,1.51290134766632,0.5–0.7
MLDB-003600,DOI,0.8767772511848341,False,0.1851154971628371,0.7–0.9
MLDB-003610,DOI,0.7090909090909091,False,0.4851086357028639,0.7–0.9
MLDB-003611,DOI,0.6323529411764706,False,1.189997765780748,0.5–0.7
MLDB-003622,DOI,0.6513157894736842,False,0.6558411724610875,0.5–0.7
MLDB-003623,DOI,0.6012658227848101,False,0.8418404058341461,0.5–0.7
MLDB-003624,DOI,0.6114649681528662,False,0.0240691644824799,0.5–0.7
MLDB-003625,DOI,0.6428571428571429,False,0.365271293385083,0.5–0.7
MLDB-003662,DOI,0.6036036036036037,False,0.5451079079747086,0.5–0.7
MLDB-003663,DOI,0.6706586826347305,False,0.3384118534223984,0.5–0.7
MLDB-003664,DOI,0.6046511627906976,False,0.4609134584096678,0.5–0.7
MLDB-003815,DOI,0.8757062146892656,False,0.9733131345048032,0.7–0.9
MLDB-003816,DOI,0.8770949720670391,False,0.5107904687231377,0.7–0.9
MLDB-003844,DOI,0.7810650887573964,False,0.8019750623081825,0.7–0.9
MLDB-003845,DOI,0.7287234042553191,False,1.7115033891171052,0.7–0.9
MLDB-003846,DOI,0.7365591397849462,False,0.4982490031987308,0.7–0.9
MLDB-003847,DOI,0.7287234042553191,False,0.0813490512753247,0.7–0.9
MLDB-003848,DOI,0.6748768472906403,False,1.3220258909064635,0.5–0.7
MLDB-003849,DOI,0.6682692307692307,False,2.11533982223096,0.5–0.7
MLDB-003850,DOI,0.7424242424242424,False,0.7674645858217148,0.7–0.9
MLDB-003851,DOI,0.6682692307692307,False,0.4370023007927985,0.5–0.7
MLDB-003852,DOI,0.8369565217391305,False,1.2789971603327204,0.7–0.9
MLDB-003853,DOI,0.796875,False,1.9351961595133536,0.7–0.9
MLDB-003854,DOI,0.8052631578947368,False,0.7716754281501277,0.7–0.9
MLDB-003855,DOI,0.796875,False,0.3584719440149835,0.7–0.9
MLDB-003871,DOI,0.7228915662650602,False,0.8415850730903551,0.7–0.9
MLDB-003872,DOI,0.5847457627118644,False,1.0472658941377062,0.5–0.7
MLDB-003873,DOI,0.6842105263157895,False,0.3264130583577731,0.5–0.7
MLDB-003874,DOI,0.7346938775510204,False,0.5935378379885057,0.7–0.9
MLDB-003875,DOI,0.6323529411764706,False,0.1070043151562052,0.5–0.7
MLDB-003876,DOI,0.6710526315789473,False,0.9640467896816728,0.5–0.7
MLDB-003911,DOI,0.6363636363636364,False,0.798786138594049,0.5–0.7
MLDB-003912,DOI,0.5242290748898678,False,1.7417271650787107,0.5–0.7
MLDB-003913,DOI,0.519650655021834,False,1.977419754247531,0.5–0.7
MLDB-003914,DOI,0.5764192139737991,False,2.3611158743963605,0.5–0.7
MLDB-003915,DOI,0.5294117647058824,False,0.6673425282630387,0.5–0.7
MLDB-003916,DOI,0.5707762557077626,False,0.9126935667925096,0.5–0.7
MLDB-003917,DOI,0.5441860465116279,False,2.152028124734267,0.5–0.7
MLDB-003918,DOI,0.5,False,1.542450919471734,0.5–0.7
MLDB-003993,DOI,0.8395061728395061,False,0.0260185402632873,0.7–0.9
MLDB-003998,DOI,0.625,False,0.1882208106249199,0.5–0.7
MLDB-004007,DOI,0.896551724137931,False,0.2925433924521772,0.7–0.9
MLDB-004008,DOI,0.8486486486486486,False,0.1266861264894331,0.7–0.9
MLDB-004009,DOI,0.8219895287958116,False,0.5788683903843657,0.7–0.9
MLDB-004010,DOI,0.6707317073170732,False,0.2632156829398527,0.5–0.7
MLDB-004011,DOI,0.5172413793103449,False,0.3375585341151659,0.5–0.7
MLDB-004012,DOI,0.5632183908045977,False,0.8521098995200704,0.5–0.7
MLDB-004013,DOI,0.5030674846625767,False,0.0871530452020776,0.5–0.7
MLDB-004014,DOI,0.49333333333333335,False,0.6677860625945478,0.3–0.5
MLDB-004015,DOI,0.47398843930635837,False,0.1907337116367311,0.3–0.5
MLDB-004050,DOI,0.6707317073170732,False,0.3532156829398528,0.5–0.7
MLDB-004051,DOI,0.5604395604395604,False,0.3385934661522018,0.5–0.7
MLDB-004052,DOI,0.5368421052631579,False,0.09785098946988,0.5–0.7
MLDB-004053,DOI,0.5604395604395604,False,0.620634006561559,0.5–0.7
MLDB-004057,DOI,0.5872340425531914,False,0.3403559472542827,0.5–0.7
MLDB-004058,DOI,0.715,False,0.2512110033966148,0.7–0.9
MLDB-004143,DOI,0.7515923566878981,False,0.1329594305161025,0.7–0.9
MLDB-004144,DOI,0.5875706214689266,False,0.5299352482208346,0.5–0.7
MLDB-004145,DOI,0.5608465608465608,False,0.3154565625999073,0.5–0.7
MLDB-004146,DOI,0.615819209039548,False,0.4758835280872162,0.5–0.7
MLDB-004157,DOI,0.7591623036649214,False,1.188315460142272,0.7–0.9
MLDB-004158,DOI,0.75,False,1.4434172298359744,0.7–0.9
MLDB-004159,DOI,0.7684210526315789,False,1.3773948566467291,0.7–0.9
MLDB-004160,DOI,0.7070707070707071,False,1.7850330464993758,0.7–0.9
MLDB-004161,DOI,0.825136612021858,False,1.1222093649380152,0.7–0.9
MLDB-004207,DOI,0.41911764705882354,False,0.2903197931309718,0.3–0.5
MLDB-004208,DOI,0.4393939393939394,False,0.5793545137782833,0.3–0.5
MLDB-004294,DOI,0.45255474452554745,False,0.5170506623853344,0.3–0.5
MLDB-004295,DOI,0.46564885496183206,False,0.2528157305447263,0.3–0.5
MLDB-004296,DOI,0.47305389221556887,False,0.0559375606552079,0.3–0.5
MLDB-004297,DOI,0.44021739130434784,False,0.494444834064055,0.3–0.5
MLDB-004298,DOI,0.4460431654676259,False,0.2447489903159396,0.3–0.5
MLDB-004299,DOI,0.5169491525423728,False,0.4102137929677616,0.5–0.7
MLDB-004300,DOI,0.3705179282868526,False,0.7304894796600199,0.3–0.5
MLDB-004301,DOI,0.398989898989899,False,0.2566966722030288,0.3–0.5
MLDB-004315,DOI,0.4588235294117647,False,0.2277823060689026,0.3–0.5
MLDB-004316,DOI,0.3560606060606061,False,0.6841827847740644,0.3–0.5
MLDB-004317,DOI,0.41025641025641024,False,0.8236259282588174,0.3–0.5
MLDB-004318,DOI,0.4727272727272727,False,0.0983246279490715,0.3–0.5
MLDB-004322,DOI,0.6714285714285714,False,0.4120671732535655,0.5–0.7
MLDB-004368,DOI,0.5098039215686274,False,0.5756391841304651,0.5–0.7
MLDB-004369,DOI,0.48427672955974843,False,0.0919864599857021,0.3–0.5
MLDB-004370,DOI,0.4948453608247423,False,0.9220919940400032,0.3–0.5
MLDB-004371,DOI,0.4824120603015075,False,0.6864436838945807,0.3–0.5
MLDB-004372,DOI,0.45454545454545453,False,1.07122714587383,0.3–0.5
MLDB-004490,DOI,0.8016528925619835,False,1.3161951306045914,0.7–0.9
MLDB-004491,DOI,0.6097560975609756,False,2.7130556266569874,0.5–0.7
MLDB-004527,DOI,0.38666666666666666,False,0.0537970958720501,0.3–0.5
MLDB-004528,DOI,0.38666666666666666,False,0.0559030064321779,0.3–0.5
MLDB-004529,DOI,0.38666666666666666,False,0.2358735763913557,0.3–0.5
MLDB-004530,DOI,0.38666666666666666,False,0.2804095346846051,0.3–0.5
MLDB-004565,DOI,0.8305084745762712,False,0.7848875348106711,0.7–0.9
MLDB-004566,DOI,0.8837209302325582,False,0.16742672185742,0.7–0.9
MLDB-004567,DOI,0.7272727272727273,False,0.7203043504270373,0.7–0.9
MLDB-004600,DOI,0.8333333333333334,False,1.7918282836433197,0.7–0.9
MLDB-004601,DOI,0.8333333333333334,False,1.8618282836433195,0.7–0.9
MLDB-004602,DOI,0.8333333333333334,False,2.263134174827025,0.7–0.9
MLDB-004603,DOI,0.8333333333333334,False,2.793134174827025,0.7–0.9
MLDB-004604,DOI,0.8333333333333334,False,2.8731341748270247,0.7–0.9
MLDB-004605,DOI,0.8333333333333334,False,3.053134174827025,0.7–0.9
MLDB-004606,DOI,0.8333333333333334,False,3.0831341748270247,0.7–0.9
MLDB-004607,DOI,0.8235294117647058,False,1.2705850577097009,0.7–0.9
MLDB-004608,DOI,0.8235294117647058,False,1.7805850577097009,0.7–0.9
MLDB-004609,DOI,0.8235294117647058,False,2.3299512025629783,0.7–0.9
MLDB-004610,DOI,0.8235294117647058,False,2.0299512025629785,0.7–0.9
MLDB-004611,DOI,0.8235294117647058,False,2.429951202562978,0.7–0.9
MLDB-004612,DOI,0.8235294117647058,False,2.5299512025629785,0.7–0.9
MLDB-004613,DOI,0.8235294117647058,False,2.6599512025629783,0.7–0.9
MLDB-004614,DOI,0.8235294117647058,False,2.729951202562978,0.7–0.9
MLDB-004615,DOI,0.8192771084337349,False,1.4821139360014066,0.7–0.9
MLDB-004616,DOI,0.8192771084337349,False,1.9821139360014068,0.7–0.9
MLDB-004617,DOI,0.8192771084337349,False,2.022113936001407,0.7–0.9
MLDB-004618,DOI,0.8192771084337349,False,2.0648542004369563,0.7–0.9
MLDB-004619,DOI,0.8192771084337349,False,2.2348542004369567,0.7–0.9
MLDB-004620,DOI,0.8192771084337349,False,2.4248542004369567,0.7–0.9
MLDB-004621,DOI,0.8192771084337349,False,2.7148542004369567,0.7–0.9
MLDB-004627,DOI,0.8021978021978022,False,0.6772655349856374,0.7–0.9
MLDB-004628,DOI,0.7422680412371134,False,0.1776132905149653,0.7–0.9
MLDB-004629,DOI,0.7659574468085106,False,0.9785474033099396,0.7–0.9
MLDB-004630,DOI,0.8021978021978022,False,0.1917281139773388,0.7–0.9
MLDB-004631,DOI,0.7659574468085106,False,0.2703733615792791,0.7–0.9
MLDB-004654,DOI,0.746606334841629,False,0.3433022727594117,0.7–0.9
MLDB-004655,DOI,0.803921568627451,False,0.0665037953731266,0.7–0.9
MLDB-004656,DOI,0.7320574162679426,False,0.1230198014037662,0.7–0.9
MLDB-004668,DOI,0.7422680412371134,False,1.9051534907742111,0.7–0.9
MLDB-004704,DOI,0.296875,False,1.5039175584326046,<0.3
MLDB-004746,DOI,0.43137254901960786,False,1.229641819843233,0.3–0.5
MLDB-004747,DOI,0.4175824175824176,False,0.4351796994109774,0.3–0.5
MLDB-004748,DOI,0.34444444444444444,False,0.0026157201997184,0.3–0.5
MLDB-004792,DOI,0.3225806451612903,False,0.1081543988028173,0.3–0.5
MLDB-004793,DOI,0.40625,False,0.1238195145406262,0.3–0.5
MLDB-004794,DOI,0.45454545454545453,False,0.424440770094185,0.3–0.5
MLDB-004896,DOI,0.34408602150537637,False,1.6096938448627334,0.3–0.5
MLDB-004897,DOI,0.3473684210526316,False,1.2680415024647118,0.3–0.5
MLDB-004898,DOI,0.336734693877551,False,0.7679285707877664,0.3–0.5
MLDB-004947,DOI,0.29931972789115646,False,0.4565074575858676,<0.3
MLDB-004948,DOI,0.31724137931034485,False,0.6872465517246406,0.3–0.5
MLDB-004949,DOI,0.38666666666666666,False,0.3549497440344413,0.3–0.5
MLDB-004950,DOI,0.38666666666666666,False,0.36382847608338,0.3–0.5
MLDB-004956,DOI,0.6707317073170732,False,0.1797481889172829,0.5–0.7
MLDB-004957,DOI,0.7037037037037037,False,0.0261651039600899,0.7–0.9
MLDB-004958,DOI,0.7659574468085106,False,0.5465354782819818,0.7–0.9
MLDB-004959,DOI,0.7659574468085106,False,0.8703702903898703,0.7–0.9
MLDB-004960,DOI,0.6785714285714286,False,0.0080702947129897,0.5–0.7
MLDB-005006,DOI,0.6631578947368421,False,0.1532842149931346,0.5–0.7
MLDB-005007,DOI,0.8617886178861789,False,0.3200320632255728,0.7–0.9
MLDB-005087,DOI,0.5405405405405406,False,1.9563602937740097,0.5–0.7
MLDB-005088,DOI,0.5,False,2.0668160272708196,0.5–0.7
MLDB-005089,DOI,0.4195804195804196,False,1.4105311639915177,0.3–0.5
MLDB-005090,DOI,0.3443708609271523,False,1.260740394444425,0.3–0.5
MLDB-005109,DOI,0.24890829694323144,False,3.058689641854061,<0.3
MLDB-005110,DOI,0.2675438596491228,False,3.05128089380551,<0.3
MLDB-005111,DOI,0.28634361233480177,False,3.131960634064835,<0.3
MLDB-005112,DOI,0.29385964912280704,False,3.1039636491471363,<0.3
MLDB-005113,DOI,0.2781456953642384,False,1.5954619251328572,<0.3
MLDB-005114,DOI,0.25,False,0.7363719520119771,<0.3
MLDB-005115,DOI,0.2638888888888889,False,0.7138550370770151,<0.3
MLDB-005116,DOI,0.35135135135135137,False,0.2302885481884098,0.3–0.5
MLDB-005117,DOI,0.5944700460829493,False,1.1312319909276696,0.5–0.7
MLDB-005118,DOI,0.23863636363636365,False,1.6548851416481667,<0.3
MLDB-005119,DOI,0.28,False,1.68905094003859,<0.3
MLDB-005120,DOI,0.6190476190476191,False,1.8396570881725989,0.5–0.7
MLDB-005121,DOI,0.5986842105263158,False,1.2505083063303877,0.5–0.7
MLDB-005122,DOI,0.6428571428571429,False,1.109587836427012,0.5–0.7
MLDB-005123,DOI,0.4577114427860697,False,0.3022025287772588,0.3–0.5
MLDB-005124,DOI,0.5098814229249012,False,1.3753844615395916,0.5–0.7
MLDB-005125,DOI,0.2549019607843137,False,0.161925516601197,<0.3
MLDB-005126,DOI,0.610738255033557,False,0.8577981492045881,0.5–0.7
MLDB-005132,DOI,0.35443037974683544,False,0.733560391181548,0.3–0.5
MLDB-005133,DOI,0.33480176211453744,False,1.905630894681161,0.3–0.5
MLDB-005141,DOI,0.42857142857142855,False,0.6351465608842879,0.3–0.5
MLDB-005144,DOI,0.410958904109589,False,0.7761068475780158,0.3–0.5
MLDB-005145,DOI,0.410958904109589,False,1.1961068475780157,0.3–0.5
MLDB-005146,DOI,0.40298507462686567,False,0.4591085195867278,0.3–0.5
MLDB-005147,DOI,0.40298507462686567,False,0.7191085195867278,0.3–0.5
MLDB-000029,DOI,0.801980198019802,False,0.2446891016054998,0.7–0.9
MLDB-000030,DOI,0.6415094339622641,False,1.406067098885916,0.5–0.7
MLDB-000031,DOI,0.5828571428571429,False,0.2574258660392536,0.5–0.7
MLDB-000032,DOI,0.5185185185185185,False,0.2113032944259693,0.5–0.7
MLDB-000033,DOI,0.6906077348066298,False,0.5283133351129408,0.5–0.7
MLDB-000034,DOI,0.6135265700483091,False,0.7423722986250515,0.5–0.7
MLDB-000048,DOI,0.4946236559139785,False,1.7439154965355386,0.3–0.5
MLDB-000049,DOI,0.48,False,1.7632516849021045,0.3–0.5
MLDB-000050,DOI,0.6716417910447762,False,1.74765720980315,0.5–0.7
MLDB-000068,DOI,0.8558139534883721,False,1.8114629540235463,0.7–0.9
MLDB-000069,DOI,0.59375,False,1.4121280032201429,0.5–0.7
MLDB-000070,DOI,0.59375,False,1.96193670020976,0.5–0.7
MLDB-000071,DOI,0.59375,False,2.4192788699319143,0.5–0.7
MLDB-000072,DOI,0.59375,False,2.551448761773486,0.5–0.7
MLDB-000087,DOI,0.9178082191780822,False,0.3400283834488438,≥0.9
MLDB-000088,DOI,0.8993288590604027,False,0.3909166049237634,0.7–0.9
MLDB-000089,DOI,0.8701298701298701,False,0.1789737488146378,0.7–0.9
MLDB-000090,DOI,0.9178082191780822,False,0.3674998285594418,≥0.9
MLDB-000091,DOI,0.9324324324324325,False,0.2938790374258583,≥0.9
MLDB-000092,DOI,0.9324324324324325,False,0.4713913562260463,≥0.9
MLDB-000132,DOI,0.5169491525423728,False,0.8405171361118879,0.5–0.7
MLDB-000133,DOI,0.5403225806451613,False,0.2941946245221148,0.5–0.7
MLDB-000219,DOI,0.8866666666666667,False,0.8496470665991556,0.7–0.9
MLDB-000220,DOI,0.8986486486486487,False,0.0062506070558316,0.7–0.9
MLDB-000248,DOI,0.7378048780487805,False,1.6208402639949333,0.7–0.9
MLDB-000249,DOI,0.78125,False,1.835043854323384,0.7–0.9
MLDB-000250,DOI,0.7012987012987013,False,2.157502536067078,0.7–0.9
MLDB-000297,DOI,0.6357615894039735,False,0.3480624895921116,0.5–0.7
MLDB-000298,DOI,0.6153846153846154,False,0.8481465720168304,0.5–0.7
MLDB-000330,DOI,0.43448275862068964,False,0.6791050595525222,0.3–0.5
MLDB-000331,DOI,0.5061728395061729,False,0.4122312525005822,0.5–0.7
MLDB-000332,DOI,0.47668393782383417,False,0.2394739433018927,0.3–0.5
MLDB-000333,DOI,0.3791469194312796,False,0.0633081350421842,0.3–0.5
MLDB-000374,DOI,0.7710843373493976,False,0.575441656036813,0.7–0.9
MLDB-000375,DOI,0.7865168539325843,False,0.8836374928095563,0.7–0.9
MLDB-000376,DOI,0.8,False,1.4175655185185188,0.7–0.9
MLDB-000386,DOI,0.5752212389380531,False,0.2493621509098481,0.5–0.7
MLDB-000387,DOI,0.6415094339622641,False,0.2133323133758162,0.5–0.7
MLDB-000494,DOI,0.672316384180791,False,2.208807430740917,0.5–0.7
MLDB-000495,DOI,0.7175141242937854,False,2.2969605831629463,0.7–0.9
MLDB-000496,DOI,0.7683397683397684,False,0.9386827796038948,0.7–0.9
MLDB-000504,DOI,0.7615384615384615,False,0.1269336079176164,0.7–0.9
MLDB-000505,DOI,0.7816901408450704,False,0.0081182021584368,0.7–0.9
MLDB-000518,DOI,0.7719298245614035,False,0.0565936015207433,0.7–0.9
MLDB-000519,DOI,0.6590909090909091,False,1.278398736179664,0.5–0.7
MLDB-000545,DOI,0.41237113402061853,False,0.8089075093495126,0.3–0.5
MLDB-000546,DOI,0.6470588235294118,False,0.1612156339946164,0.5–0.7
MLDB-000547,DOI,0.44,False,0.1714099549940439,0.3–0.5
MLDB-000548,DOI,0.46,False,0.4632622197129847,0.3–0.5
MLDB-000549,DOI,0.4642857142857143,False,0.9943775453826792,0.3–0.5
MLDB-000550,DOI,0.5288461538461539,False,0.5425015885845945,0.5–0.7
MLDB-000551,DOI,0.41566265060240964,False,0.2254403584674379,0.3–0.5
MLDB-000552,DOI,0.44242424242424244,False,0.6835205179679888,0.3–0.5
MLDB-000553,DOI,0.47058823529411764,False,0.9949954416993814,0.3–0.5
MLDB-000554,DOI,0.47794117647058826,False,1.6023474396973367,0.3–0.5
MLDB-000555,DOI,0.4473684210526316,False,0.4209416457612177,0.3–0.5
MLDB-000556,DOI,0.46710526315789475,False,0.3856877171904158,0.3–0.5
MLDB-000592,DOI,0.6164383561643836,False,1.2127170128349292,0.5–0.7
MLDB-000593,DOI,0.5,False,1.7204522154528044,0.5–0.7
MLDB-000594,DOI,0.5714285714285714,False,1.2369908665914018,0.5–0.7
MLDB-000595,DOI,0.5921052631578947,False,0.5710176484199555,0.5–0.7
MLDB-000596,DOI,0.6164383561643836,False,0.6139078771308779,0.5–0.7
MLDB-000597,DOI,0.5,False,1.4722837372518942,0.5–0.7
MLDB-000598,DOI,0.5714285714285714,False,0.6591000815660112,0.5–0.7
MLDB-000599,DOI,0.5921052631578947,False,0.115759432509889,0.5–0.7
MLDB-000600,DOI,0.6164383561643836,False,0.5461275510161693,0.5–0.7
MLDB-000601,DOI,0.5,False,1.294635375708561,0.5–0.7
MLDB-000602,DOI,0.5714285714285714,False,0.3407462930001975,0.5–0.7
MLDB-000603,DOI,0.5921052631578947,False,0.0178377303940911,0.5–0.7
MLDB-000625,DOI,0.890625,False,0.7161898024654024,0.7–0.9
MLDB-000626,DOI,0.5431034482758621,False,1.5508022895794884,0.5–0.7
MLDB-000627,DOI,0.5431034482758621,False,1.5009053709526006,0.5–0.7
MLDB-000628,DOI,0.6049382716049383,False,0.4616078632476242,0.5–0.7
MLDB-000629,DOI,0.672,False,0.6318111993815012,0.5–0.7
MLDB-000630,DOI,0.5084745762711864,False,0.6974639211714619,0.5–0.7
MLDB-000631,DOI,0.72,False,0.4990108158006814,0.7–0.9
MLDB-000633,DOI,0.6827956989247311,False,1.6605420372568838,0.5–0.7
MLDB-000634,DOI,0.671957671957672,False,1.7503352226726645,0.5–0.7
MLDB-000635,DOI,0.6354679802955665,False,1.7212313796674632,0.5–0.7
MLDB-000660,DOI,0.863849765258216,False,0.1037184187193435,0.7–0.9
MLDB-000661,DOI,0.9081081081081082,False,0.3415293315792552,≥0.9
MLDB-000698,DOI,0.6881720430107527,False,1.0857815621399305,0.5–0.7
MLDB-000699,DOI,0.7080536912751678,False,1.9832771318223164,0.7–0.9
MLDB-000700,DOI,0.7204301075268817,False,1.149263080353896,0.7–0.9
MLDB-000701,DOI,0.8321678321678322,False,1.1202119054228166,0.7–0.9
MLDB-000702,DOI,0.618421052631579,False,0.1346671468682412,0.5–0.7
MLDB-000703,DOI,0.6438356164383562,False,0.0403316913793925,0.5–0.7
MLDB-000704,DOI,0.618421052631579,False,0.3278838378413875,0.5–0.7
MLDB-000705,DOI,0.6438356164383562,False,0.3401417584532432,0.5–0.7
MLDB-000706,DOI,0.618421052631579,False,0.5395183225999044,0.5–0.7
MLDB-000718,DOI,0.6703296703296703,False,0.8760545282302074,0.5–0.7
MLDB-000719,DOI,0.6706586826347305,False,1.1800749552848355,0.5–0.7
MLDB-000720,DOI,0.5504587155963303,False,1.2443992421222707,0.5–0.7
MLDB-000774,DOI,0.5504587155963303,False,0.3794377954058378,0.5–0.7
MLDB-000775,DOI,0.5504587155963303,False,0.3125350287972929,0.5–0.7
MLDB-000776,DOI,0.5304347826086957,False,1.5145426363076857,0.5–0.7
MLDB-000777,DOI,0.5321100917431193,False,1.17672465335293,0.5–0.7
MLDB-000778,DOI,0.5321100917431193,False,0.9988103655483752,0.5–0.7
MLDB-000897,DOI,0.43373493975903615,False,0.2089970245205306,0.3–0.5
MLDB-000898,DOI,0.43373493975903615,False,0.4426782558785664,0.3–0.5
MLDB-000899,DOI,0.7956204379562044,False,0.4493951619952416,0.7–0.9
MLDB-000900,DOI,1.0,False,0.2344294356736169,≥0.9
MLDB-000901,DOI,0.8723404255319149,False,0.3121695561827777,0.7–0.9
MLDB-000902,DOI,0.7283950617283951,False,0.0983110540605498,0.7–0.9
MLDB-000903,DOI,0.5374149659863946,False,0.1971640963751465,0.5–0.7
MLDB-000911,DOI,0.6476190476190476,False,0.1670779108270794,0.5–0.7
MLDB-000912,DOI,0.6530612244897959,False,0.0447688302106585,0.5–0.7
MLDB-000913,DOI,0.6666666666666666,False,0.1146887624240118,0.5–0.7
MLDB-000914,DOI,0.6476190476190476,False,0.0558245961274286,0.5–0.7
MLDB-000915,DOI,0.6530612244897959,False,0.2523328125898521,0.5–0.7
MLDB-000916,DOI,0.6666666666666666,False,0.0268016339464365,0.5–0.7
MLDB-000922,DOI,0.6764705882352942,False,0.0644023714796686,0.5–0.7
MLDB-000966,DOI,0.5485232067510548,False,1.878312975565445,0.5–0.7
MLDB-000967,DOI,0.54,False,0.4365609266233181,0.5–0.7
MLDB-000968,DOI,0.5201612903225806,False,0.6345405469027696,0.5–0.7
MLDB-000969,DOI,0.5294117647058824,False,0.3728922616119937,0.5–0.7
MLDB-001039,DOI,0.7777777777777778,False,0.9720992539172464,0.7–0.9
MLDB-001040,DOI,0.7777777777777778,False,1.0200992539172464,0.7–0.9
MLDB-001108,DOI,0.7710843373493976,False,0.6543662853560211,0.7–0.9
MLDB-001109,DOI,0.7816091954022989,False,1.16083589214406,0.7–0.9
MLDB-001110,DOI,0.7625,False,0.5019125434167613,0.7–0.9
MLDB-001118,DOI,0.3516483516483517,False,3.73595793930705,0.3–0.5
MLDB-001119,DOI,0.38461538461538464,False,2.815234514230721,0.3–0.5
MLDB-001120,DOI,0.3468208092485549,False,2.517700486824648,0.3–0.5
MLDB-001121,DOI,0.3314285714285714,False,1.833459134988979,0.3–0.5
MLDB-001196,DOI,0.8402366863905325,False,0.1251415652038258,0.7–0.9
MLDB-001197,DOI,0.7951807228915663,False,0.6685685756106133,0.7–0.9
MLDB-001198,DOI,0.89171974522293,False,0.971992928184416,0.7–0.9
MLDB-001210,DOI,1.0,False,0.2998408404832582,≥0.9
MLDB-001211,DOI,0.7659574468085106,False,0.8967014916639828,0.7–0.9
MLDB-001212,DOI,0.7637795275590551,False,0.2967393931986606,0.7–0.9
MLDB-001213,DOI,0.7099236641221374,False,0.6836694059391404,0.7–0.9
MLDB-001214,DOI,0.7293233082706767,False,0.4393564200404233,0.7–0.9
MLDB-001215,DOI,0.6788321167883211,False,0.4576774072882507,0.5–0.7
MLDB-001216,DOI,0.7132352941176471,False,0.4907262269096907,0.7–0.9
MLDB-001217,DOI,0.7083333333333334,False,0.480378889504975,0.7–0.9
MLDB-001218,DOI,0.8035714285714286,False,0.5276461886405833,0.7–0.9
MLDB-001219,DOI,0.8035714285714286,False,0.7546825942272066,0.7–0.9
MLDB-001220,DOI,0.782608695652174,False,0.7152847168184975,0.7–0.9
MLDB-001346,DOI,0.6012461059190031,False,0.161819012110855,0.5–0.7
MLDB-001411,DOI,0.6802721088435374,False,0.3176913687714764,0.5–0.7
MLDB-001412,DOI,0.5776699029126213,False,0.2265369042854863,0.5–0.7
MLDB-001413,DOI,0.7333333333333333,False,0.5207694171887489,0.7–0.9
MLDB-001438,DOI,0.7888198757763976,False,0.6240330492225701,0.7–0.9
MLDB-001439,DOI,0.8301886792452831,False,1.040028169409006,0.7–0.9
MLDB-001440,DOI,0.8607594936708861,False,1.033465695978098,0.7–0.9
MLDB-001441,DOI,0.6359223300970874,False,1.1681168316661137,0.5–0.7
MLDB-001442,DOI,0.8313253012048193,False,1.5210179899018257,0.7–0.9
MLDB-001443,DOI,1.0,False,0.9759513316368048,≥0.9
MLDB-001444,DOI,0.8850574712643678,False,0.9024216649647558,0.7–0.9
MLDB-001445,DOI,0.8279569892473119,False,1.0542408831322128,0.7–0.9
MLDB-001446,DOI,0.7777777777777778,False,1.1315874927842542,0.7–0.9
MLDB-001447,DOI,1.0,False,0.4264554206305777,≥0.9
MLDB-001448,DOI,1.0,False,0.3870267623835146,≥0.9
MLDB-001449,DOI,1.0,False,0.0077622619381609,≥0.9
MLDB-001450,DOI,1.0,False,0.4983653811551243,≥0.9
MLDB-001515,DOI,0.29508196721311475,False,0.4927621547543128,<0.3
MLDB-001516,DOI,0.29508196721311475,False,0.4179633870093202,<0.3
MLDB-001517,DOI,0.29508196721311475,False,0.1493655947299965,<0.3
MLDB-001518,DOI,0.7052631578947368,False,0.811419387144956,0.7–0.9
MLDB-001565,DOI,0.4270833333333333,False,0.4710907698182048,0.3–0.5
MLDB-001566,DOI,0.4444444444444444,False,0.3227953622013596,0.3–0.5
MLDB-001612,DOI,0.5235602094240838,False,0.4762758650304529,0.5–0.7
MLDB-001613,DOI,0.5,False,0.9444072897200986,0.5–0.7
MLDB-001614,DOI,0.5167785234899329,False,0.0196712673601541,0.5–0.7
MLDB-001615,DOI,0.6071428571428571,False,1.0021729851085597,0.5–0.7
MLDB-001616,DOI,0.6271186440677966,False,0.4736673724834099,0.5–0.7
MLDB-001741,DOI,0.4954954954954955,False,0.3129129841317083,0.3–0.5
MLDB-001742,DOI,0.9818181818181818,False,0.650430198580936,≥0.9
MLDB-001809,DOI,0.5776699029126213,False,0.1634630957145137,0.5–0.7
MLDB-001810,DOI,0.8,False,0.1506851507834494,0.7–0.9
MLDB-001811,DOI,0.5945945945945946,False,0.1494398523530711,0.5–0.7
MLDB-001812,DOI,0.5981308411214953,False,0.7240112243605485,0.5–0.7
MLDB-001813,DOI,0.5981308411214953,False,0.4647961393719944,0.5–0.7
MLDB-001814,DOI,0.5981308411214953,False,0.6977944251030879,0.5–0.7
MLDB-001815,DOI,0.4879725085910653,False,0.2169479723648208,0.3–0.5
MLDB-001816,DOI,0.5454545454545454,False,0.2962586792466269,0.5–0.7
MLDB-001817,DOI,0.3905325443786982,False,0.5912524052154711,0.3–0.5
MLDB-001818,DOI,0.2943722943722944,False,0.5615019793429766,<0.3
MLDB-001819,DOI,0.3905325443786982,False,0.6712524052154711,0.3–0.5
MLDB-001820,DOI,0.2943722943722944,False,0.5515019793429766,<0.3
MLDB-001821,DOI,0.7567567567567568,False,0.6620083968281842,0.7–0.9
MLDB-001822,DOI,0.5267857142857143,False,1.664796958732113,0.5–0.7
MLDB-001823,DOI,0.5289256198347108,False,0.8004645136575835,0.5–0.7
MLDB-001824,DOI,0.615,False,0.799867289566085,0.5–0.7
MLDB-001825,DOI,0.6225490196078431,False,1.213192687216839,0.5–0.7
MLDB-001826,DOI,0.6190476190476191,False,1.129216792600255,0.5–0.7
MLDB-001827,DOI,0.6354679802955665,False,1.329814423611438,0.5–0.7
MLDB-001828,DOI,0.583710407239819,False,1.3470582371062485,0.5–0.7
MLDB-001829,DOI,0.539906103286385,False,0.3459170956649744,0.5–0.7
MLDB-001830,DOI,0.5545023696682464,False,0.4211423063082389,0.5–0.7
MLDB-001931,DOI,0.5949367088607594,False,2.2672924098636327,0.5–0.7
MLDB-001932,DOI,0.7391304347826086,False,0.3635969852688562,0.7–0.9
MLDB-001933,DOI,0.7662337662337663,False,2.1327730477614706,0.7–0.9
MLDB-001934,DOI,0.632183908045977,False,2.4364724413948267,0.5–0.7
MLDB-002000,DOI,0.651685393258427,False,0.3261132364444432,0.5–0.7
MLDB-002001,DOI,0.328125,False,1.8931309780789456,0.3–0.5
MLDB-002033,DOI,0.43609022556390975,False,0.6201512619976041,0.3–0.5
MLDB-002034,DOI,0.36619718309859156,False,0.0557886632547355,0.3–0.5
MLDB-002035,DOI,0.35789473684210527,False,0.3318149373500012,0.3–0.5
MLDB-002036,DOI,0.308300395256917,False,0.3085655738525547,0.3–0.5
MLDB-002103,DOI,0.5175438596491229,False,0.9218065384713948,0.5–0.7
MLDB-002104,DOI,0.5714285714285714,False,0.749766589658359,0.5–0.7
MLDB-002179,DOI,0.49056603773584906,False,0.6165516494395172,0.3–0.5
MLDB-002180,DOI,0.5507246376811594,False,0.0821872462868622,0.5–0.7
MLDB-002184,DOI,0.4205607476635514,False,0.1780528310824116,0.3–0.5
MLDB-002216,DOI,0.5858585858585859,False,2.2248913022086905,0.5–0.7
MLDB-002217,DOI,0.5858585858585859,False,2.261955643970175,0.5–0.7
MLDB-002218,DOI,0.5858585858585859,False,2.3203045617118203,0.5–0.7
MLDB-002219,DOI,0.5979381443298969,False,2.2973815898857337,0.5–0.7
MLDB-002220,DOI,0.5858585858585859,False,2.067644233395823,0.5–0.7
MLDB-002221,DOI,0.5979381443298969,False,2.149283594441366,0.5–0.7
MLDB-002270,DOI,0.3025210084033613,False,0.8852826416419323,0.3–0.5
MLDB-002271,DOI,0.3225806451612903,False,0.2541844339168451,0.3–0.5
MLDB-002272,DOI,0.3284671532846715,False,0.9254303259926772,0.3–0.5
MLDB-002273,DOI,0.5333333333333333,False,0.5259582474183326,0.5–0.7
MLDB-002274,DOI,0.375,False,1.6581573699666472,0.3–0.5
MLDB-002320,DOI,0.3411764705882353,False,0.3600728023547145,0.3–0.5
MLDB-002321,DOI,0.32954545454545453,False,0.5737559459806465,0.3–0.5
MLDB-002322,DOI,0.4791666666666667,False,0.6207968101305938,0.3–0.5
MLDB-002323,DOI,0.5098039215686274,False,0.7431796382646254,0.5–0.7
MLDB-002324,DOI,0.5614035087719298,False,0.2121585375516981,0.5–0.7
MLDB-002325,DOI,0.4519230769230769,False,0.1683802327245549,0.3–0.5
MLDB-002326,DOI,0.4811320754716981,False,0.2008424749656385,0.3–0.5
MLDB-002327,DOI,0.5338983050847458,False,0.4220520914482621,0.5–0.7
MLDB-002384,DOI,0.2840909090909091,False,0.6018145154866479,<0.3
MLDB-002385,DOI,0.4830508474576271,False,0.1051814458789741,0.3–0.5
MLDB-002392,DOI,0.4230769230769231,False,0.5342657446775076,0.3–0.5
MLDB-002393,DOI,0.4230769230769231,False,2.1154303851723277,0.3–0.5
MLDB-002394,DOI,0.4230769230769231,False,0.5315696148276722,0.3–0.5
MLDB-002416,DOI,0.71875,False,0.1813897580324272,0.7–0.9
MLDB-002417,DOI,0.7428571428571429,False,0.3619908384650044,0.7–0.9
MLDB-002418,DOI,0.8301886792452831,False,0.4587354461230772,0.7–0.9
MLDB-002525,DOI,0.4423076923076923,False,1.2810858620634664,0.3–0.5
MLDB-002526,DOI,0.39416058394160586,False,0.588010481523916,0.3–0.5
MLDB-002527,DOI,0.5581395348837209,False,0.2260845124255814,0.5–0.7
MLDB-002535,DOI,0.9905660377358491,False,0.8432503642885933,≥0.9
MLDB-002536,DOI,0.5887850467289719,False,0.6127589914168252,0.5–0.7
MLDB-002537,DOI,0.5636363636363636,False,0.4464150881552506,0.5–0.7
MLDB-002543,DOI,0.3412698412698413,False,0.859982397493713,0.3–0.5
MLDB-002553,DOI,0.8247422680412371,False,0.1303621848960355,0.7–0.9
MLDB-002554,DOI,1.0,False,0.2198840459068184,≥0.9
MLDB-002555,DOI,1.0,False,0.5567093347861535,≥0.9
MLDB-002556,DOI,1.0,False,0.2346235889977457,≥0.9
MLDB-002579,DOI,0.22807017543859648,False,1.1513116978010325,<0.3
MLDB-002580,DOI,0.5732484076433121,False,0.0633916493726829,0.5–0.7
MLDB-002581,DOI,0.24489795918367346,False,0.5655317566036828,<0.3
MLDB-002582,DOI,0.5732484076433121,False,1.268613881577514,0.5–0.7
MLDB-002583,DOI,0.5732484076433121,False,0.1367716374344895,0.5–0.7
MLDB-002633,DOI,0.43243243243243246,False,0.3658099592633257,0.3–0.5
MLDB-002634,DOI,0.4263157894736842,False,0.2949729667282008,0.3–0.5
MLDB-002635,DOI,0.38961038961038963,False,0.8186375330254754,0.3–0.5
MLDB-002636,DOI,0.5,False,0.3725443312662476,0.5–0.7
MLDB-002637,DOI,0.43243243243243246,False,0.3189994050494961,0.3–0.5
MLDB-002638,DOI,0.5,False,0.0212751485607545,0.5–0.7
MLDB-002639,DOI,0.35570469798657717,False,0.4669438337904502,0.3–0.5
MLDB-002640,DOI,0.4371584699453552,False,0.3462303572990213,0.3–0.5
MLDB-002641,DOI,0.38961038961038963,False,0.3821880447758372,0.3–0.5
MLDB-002646,DOI,0.3781094527363184,False,0.013519968185207,0.3–0.5
MLDB-002647,DOI,0.363013698630137,False,1.0062497276417313,0.3–0.5
MLDB-002648,DOI,0.3503184713375796,False,2.458458128245354,0.3–0.5
MLDB-002649,DOI,0.3503184713375796,False,3.380175394102104,0.3–0.5
MLDB-002650,DOI,0.6363636363636364,False,2.2155210573986115,0.5–0.7
MLDB-002651,DOI,0.3781094527363184,False,1.0226517966810285,0.3–0.5
MLDB-002652,DOI,0.363013698630137,False,2.0569876006225027,0.3–0.5
MLDB-002653,DOI,0.3503184713375796,False,2.127990234829541,0.3–0.5
MLDB-002654,DOI,0.3503184713375796,False,4.870693001115373,0.3–0.5
MLDB-002655,DOI,0.6363636363636364,False,2.1133805784901236,0.5–0.7
MLDB-002658,DOI,1.0,False,0.5849675718550889,≥0.9
MLDB-002659,DOI,1.0,False,0.5960984309128278,≥0.9
MLDB-002660,DOI,0.7897727272727273,False,0.2039201117613288,0.7–0.9
MLDB-002661,DOI,0.7114427860696517,False,0.3871239215919515,0.7–0.9
MLDB-002662,DOI,0.788235294117647,False,0.6718083528823493,0.7–0.9
MLDB-002663,DOI,0.7941176470588235,False,0.2628294156207613,0.7–0.9
MLDB-002664,DOI,1.0,False,0.4537171888325463,≥0.9
MLDB-002681,DOI,0.5638297872340425,False,0.2208052700848397,0.5–0.7
MLDB-002729,DOI,0.6330935251798561,False,0.6793085125243188,0.5–0.7
MLDB-002730,DOI,0.7692307692307693,False,0.919008048257916,0.7–0.9
MLDB-002731,DOI,0.8301886792452831,False,1.242904775345126,0.7–0.9
MLDB-002746,DOI,0.40404040404040403,False,0.4503927973762323,0.3–0.5
MLDB-002747,DOI,0.3541666666666667,False,0.0561448030044773,0.3–0.5
MLDB-002748,DOI,0.34523809523809523,False,0.1017337842239882,0.3–0.5
MLDB-002749,DOI,0.32653061224489793,False,0.0682166927826328,0.3–0.5
MLDB-002750,DOI,0.35106382978723405,False,0.1338731797691752,0.3–0.5
MLDB-002770,DOI,0.3974358974358974,False,0.4258553515629218,0.3–0.5
MLDB-002771,DOI,0.43373493975903615,False,0.5245530766547526,0.3–0.5
MLDB-002772,DOI,0.37373737373737376,False,0.5406971047346298,0.3–0.5
MLDB-002773,DOI,0.35555555555555557,False,0.5659869983143533,0.3–0.5
MLDB-002774,DOI,0.5887850467289719,False,0.3836212202222436,0.5–0.7
MLDB-002775,DOI,0.6086956521739131,False,0.1750589275573265,0.5–0.7
MLDB-002776,DOI,0.6028708133971292,False,0.3818215806805644,0.5–0.7
MLDB-002777,DOI,0.6237623762376238,False,0.3573239543684239,0.5–0.7
MLDB-002778,DOI,0.6650246305418719,False,0.4100943096925332,0.5–0.7
MLDB-002779,DOI,0.6666666666666666,False,0.4409180855334272,0.5–0.7
MLDB-002786,DOI,1.0,False,0.1868143466932706,≥0.9
MLDB-002787,DOI,0.7142857142857143,False,1.160513186388772,0.7–0.9
MLDB-002788,DOI,0.5700934579439252,False,0.74692152517937,0.5–0.7
MLDB-002789,DOI,0.6111111111111112,False,2.3257040091308747,0.5–0.7
MLDB-002790,DOI,0.48717948717948717,False,0.6274440961662033,0.3–0.5
MLDB-002808,DOI,1.0,False,0.6431856533067293,≥0.9
MLDB-002809,DOI,0.6666666666666666,False,0.1238779239935072,0.5–0.7
MLDB-002810,DOI,0.6981132075471698,False,1.0194713838146872,0.5–0.7
MLDB-002811,DOI,0.7222222222222222,False,0.9524022849815882,0.7–0.9
MLDB-002812,DOI,0.6271186440677966,False,1.0343581252077023,0.5–0.7
MLDB-002813,DOI,0.4457831325301205,False,1.1742811386525362,0.3–0.5
MLDB-002832,DOI,0.40397350993377484,False,0.2599173923358988,0.3–0.5
MLDB-002895,DOI,0.5116279069767442,False,0.1770294418189295,0.5–0.7
MLDB-002896,DOI,0.5116279069767442,False,0.4627275040869476,0.5–0.7
MLDB-002897,DOI,0.45454545454545453,False,0.5010134292996385,0.3–0.5
MLDB-002935,DOI,0.4481132075471698,False,0.4232734950673935,0.3–0.5
MLDB-002936,DOI,0.4786729857819905,False,1.2904049645774192,0.3–0.5
MLDB-002937,DOI,0.49327354260089684,False,1.409448349046737,0.3–0.5
MLDB-002938,DOI,0.5234042553191489,False,0.8590783515723003,0.5–0.7
MLDB-002939,DOI,0.5675675675675675,False,0.7586166740230382,0.5–0.7
MLDB-003016,DOI,0.4392523364485981,False,1.1497196191399528,0.3–0.5
MLDB-003017,DOI,0.37142857142857144,False,0.9261170260273446,0.3–0.5
MLDB-003018,DOI,0.36809815950920244,False,0.676074437699657,0.3–0.5
MLDB-003075,DOI,0.6336633663366337,False,1.835908090188828,0.5–0.7
MLDB-003076,DOI,0.6153846153846154,False,1.4739975554047549,0.5–0.7
MLDB-003077,DOI,0.5981308411214953,False,1.3839552217533877,0.5–0.7
MLDB-003146,DOI,0.8024691358024691,False,0.1351773967914427,0.7–0.9
MLDB-003147,DOI,0.7111111111111111,False,0.0049727429453244,0.7–0.9
MLDB-003148,DOI,0.8461538461538461,False,0.2076473178897976,0.7–0.9
MLDB-003149,DOI,0.7674418604651163,False,0.1122127185519161,0.7–0.9
MLDB-003150,DOI,0.8461538461538461,False,0.4211587509831289,0.7–0.9
MLDB-003151,DOI,0.78125,False,0.4444511580864689,0.7–0.9
MLDB-003152,DOI,0.6741573033707865,False,0.4653582231224908,0.5–0.7
MLDB-003153,DOI,0.7611940298507462,False,0.3423305979067395,0.7–0.9
MLDB-003154,DOI,0.6634615384615384,False,0.5533863203819411,0.5–0.7
MLDB-003155,DOI,0.8181818181818182,False,0.2174338513170444,0.7–0.9
MLDB-003156,DOI,0.8641975308641975,False,0.1155180913175953,0.7–0.9
MLDB-003157,DOI,0.8780487804878049,False,0.0819540983829189,0.7–0.9
MLDB-003158,DOI,0.801980198019802,False,0.0131252832572674,0.7–0.9
MLDB-003159,DOI,0.7142857142857143,False,0.6618836107827086,0.7–0.9
MLDB-003160,DOI,0.8,False,0.3481514316738376,0.7–0.9
MLDB-003161,DOI,0.7227722772277227,False,0.7156339618822809,0.7–0.9
MLDB-003162,DOI,0.7710843373493976,False,0.2191302675521697,0.7–0.9
MLDB-003163,DOI,0.7403846153846154,False,0.2465744208634134,0.7–0.9
MLDB-003164,DOI,0.16901408450704225,False,1.5846059887480113,<0.3
MLDB-003174,DOI,0.5954198473282443,False,0.0165014624505888,0.5–0.7
MLDB-003175,DOI,0.7801418439716312,False,0.1992608096571553,0.7–0.9
MLDB-003277,DOI,0.86,False,0.2485255301008895,0.7–0.9
MLDB-003278,DOI,0.7,False,0.1484621008461226,0.7–0.9
MLDB-003315,DOI,0.5846153846153846,False,0.3386689313007449,0.5–0.7
MLDB-003316,DOI,0.5045045045045045,False,0.5147323785929631,0.5–0.7
MLDB-003317,DOI,0.5714285714285714,False,0.3259368033563288,0.5–0.7
MLDB-003348,DOI,0.6153846153846154,False,0.4530923286527513,0.5–0.7
MLDB-003349,DOI,0.6666666666666666,False,0.7050802916842803,0.5–0.7
MLDB-003350,DOI,0.7333333333333333,False,0.1316858158236626,0.7–0.9
MLDB-003351,DOI,0.7894736842105263,False,0.7279565168201222,0.7–0.9
MLDB-003390,DOI,0.4375,False,0.2020776392011148,0.3–0.5
MLDB-003391,DOI,0.5,False,0.5528294768656348,0.5–0.7
MLDB-003397,DOI,0.7916666666666666,False,1.3502424880435986,0.7–0.9
MLDB-003398,DOI,0.76,False,1.6484496657024466,0.7–0.9
MLDB-003399,DOI,0.7251908396946565,False,1.3587140527113937,0.7–0.9
MLDB-003400,DOI,0.6934306569343066,False,1.1853737906972794,0.5–0.7
MLDB-003401,DOI,0.6643356643356644,False,1.4651699064214214,0.5–0.7
MLDB-003464,DOI,0.6283185840707964,False,1.9236605399390605,0.5–0.7
MLDB-003465,DOI,0.7549019607843137,False,1.5453972144784136,0.7–0.9
MLDB-003466,DOI,0.6347826086956522,False,1.6617235481830992,0.5–0.7
MLDB-003467,DOI,0.8275862068965517,False,1.34353789895848,0.7–0.9
MLDB-003468,DOI,0.7053571428571429,False,1.850241299705776,0.7–0.9
MLDB-003469,DOI,0.7395833333333334,False,1.4288836567703629,0.7–0.9
MLDB-003470,DOI,0.7096774193548387,False,1.7728677746511097,0.7–0.9
MLDB-003471,DOI,0.6428571428571429,False,1.382026587168372,0.5–0.7
MLDB-003509,DOI,0.5652173913043478,False,0.504722601788216,0.5–0.7
MLDB-003510,DOI,0.5439330543933054,False,0.5585325450844385,0.5–0.7
MLDB-003511,DOI,0.5241935483870968,False,0.8205716993758201,0.5–0.7
MLDB-003512,DOI,0.5058365758754864,False,1.0595600131162677,0.5–0.7
MLDB-003513,DOI,0.48872180451127817,False,1.007528197999265,0.3–0.5
MLDB-003514,DOI,0.4727272727272727,False,1.0472574142089193,0.3–0.5
MLDB-003515,DOI,0.44368600682593856,False,1.196565522151075,0.3–0.5
MLDB-003516,DOI,0.3881578947368421,False,0.6611336301515816,0.3–0.5
MLDB-003517,DOI,0.3769968051118211,False,1.1478540432885018,0.3–0.5
MLDB-003518,DOI,0.3712574850299401,False,1.038866581172651,0.3–0.5
MLDB-003519,DOI,0.36151603498542273,False,0.9644947522673144,0.3–0.5
MLDB-003520,DOI,0.3522727272727273,False,0.6644947522673144,0.3–0.5
MLDB-003521,DOI,0.34349030470914127,False,0.7644947522673143,0.3–0.5
MLDB-003522,DOI,0.34074074074074073,False,0.7461882524877982,0.3–0.5
MLDB-003763,DOI,0.35294117647058826,False,0.7811607539564388,0.3–0.5
MLDB-003764,DOI,0.40625,False,0.2501950549741026,0.3–0.5
MLDB-003765,DOI,0.34782608695652173,False,0.0567862200859177,0.3–0.5
MLDB-003766,DOI,0.4096045197740113,False,0.5749326231938366,0.3–0.5
MLDB-003767,DOI,0.4222222222222222,False,0.1028399714340716,0.3–0.5
MLDB-003768,DOI,0.40425531914893614,False,0.5839605579549489,0.3–0.5
MLDB-003787,DOI,0.5396825396825397,False,0.4993985247645985,0.5–0.7
MLDB-003812,DOI,0.4396551724137931,False,0.3024201330960245,0.3–0.5
MLDB-003813,DOI,0.5206611570247934,False,0.1675406497937734,0.5–0.7
MLDB-003814,DOI,0.5080645161290323,False,0.4002475822892899,0.5–0.7
MLDB-003822,DOI,0.8141592920353983,False,0.3343930238397082,0.7–0.9
MLDB-003823,DOI,0.7982456140350878,False,0.3404388345853861,0.7–0.9
MLDB-003824,DOI,0.8035714285714286,False,0.1751825942272065,0.7–0.9
MLDB-003825,DOI,0.8035714285714286,False,0.3117538113594167,0.7–0.9
MLDB-003826,DOI,0.7876106194690266,False,0.7984886215752068,0.7–0.9
MLDB-003827,DOI,0.8017241379310345,False,0.5235819914501885,0.7–0.9
MLDB-003828,DOI,0.7542372881355932,False,0.042687475950619,0.7–0.9
MLDB-003833,DOI,0.5461538461538461,False,1.0839392363495204,0.5–0.7
MLDB-003834,DOI,0.7777777777777778,False,0.9829085582539074,0.7–0.9
MLDB-003856,DOI,0.7265625,False,0.2636988281173417,0.7–0.9
MLDB-003857,DOI,0.4713375796178344,False,0.2441442458707853,0.3–0.5
MLDB-003858,DOI,0.5114942528735632,False,0.207825890689183,0.5–0.7
MLDB-003905,DOI,0.8760330578512396,False,0.4584162581789214,0.7–0.9
MLDB-003906,DOI,0.726027397260274,False,0.7845842527128641,0.7–0.9
MLDB-003907,DOI,0.726027397260274,False,0.757100266457637,0.7–0.9
MLDB-003908,DOI,0.7797619047619048,False,0.1293505781197157,0.7–0.9
MLDB-003909,DOI,0.726027397260274,False,0.0381981747922346,0.7–0.9
MLDB-003910,DOI,0.7114093959731543,False,0.2410193460569099,0.7–0.9
MLDB-004016,DOI,0.6466666666666666,False,0.1447808847604629,0.5–0.7
MLDB-004017,DOI,0.6506849315068494,False,1.379722592700153,0.5–0.7
MLDB-004018,DOI,0.6644736842105263,False,0.2028834820885755,0.5–0.7
MLDB-004069,DOI,0.8108108108108109,False,0.6324243138775746,0.7–0.9
MLDB-004070,DOI,0.6875,False,0.3817281528973484,0.5–0.7
MLDB-004071,DOI,0.8333333333333334,False,0.5418337872432575,0.7–0.9
MLDB-004072,DOI,0.5077720207253886,False,0.8284853119699966,0.5–0.7
MLDB-004073,DOI,0.5421686746987951,False,0.7855654738775586,0.5–0.7
MLDB-004074,DOI,0.5531914893617021,False,0.5455453589331682,0.5–0.7
MLDB-004075,DOI,0.5641025641025641,False,0.288990813313033,0.5–0.7
MLDB-004076,DOI,0.5692307692307692,False,0.2558146121487901,0.5–0.7
MLDB-004115,DOI,0.7880794701986755,False,1.8203363805464237,0.7–0.9
MLDB-004116,DOI,0.7724550898203593,False,0.674079823075871,0.7–0.9
MLDB-004117,DOI,0.766798418972332,False,0.8392452337734349,0.7–0.9
MLDB-004118,DOI,0.795774647887324,False,0.0419791800990889,0.7–0.9
MLDB-004119,DOI,0.8012820512820513,False,0.1226660958686678,0.7–0.9
MLDB-004120,DOI,0.7946428571428571,False,1.634311968650306,0.7–0.9
MLDB-004121,DOI,0.8040540540540541,False,0.1946567268770528,0.7–0.9
MLDB-004122,DOI,0.7865853658536586,False,2.7220026025635193,0.7–0.9
MLDB-004123,DOI,0.776,False,2.419407397851926,0.7–0.9
MLDB-004139,DOI,0.9259259259259259,False,0.6661466885414965,≥0.9
MLDB-004140,DOI,0.8403041825095057,False,0.2649836519457955,0.7–0.9
MLDB-004141,DOI,0.7619047619047619,False,1.2081924755460212,0.7–0.9
MLDB-004142,DOI,0.7111111111111111,False,0.8786514747169144,0.7–0.9
MLDB-004147,DOI,0.6690647482014388,False,0.7208816540572669,0.5–0.7
MLDB-004148,DOI,0.6289308176100629,False,0.7003885487016986,0.5–0.7
MLDB-004191,DOI,0.49019607843137253,False,3.23410847129846,0.3–0.5
MLDB-004255,DOI,0.5833333333333334,False,0.7144592003757795,0.5–0.7
MLDB-004468,DOI,0.5544871794871795,False,0.1626216345624679,0.5–0.7
MLDB-004469,DOI,0.5777777777777777,False,0.2826207528959296,0.5–0.7
MLDB-004587,DOI,0.42424242424242425,False,2.0678626056349354,0.3–0.5
MLDB-004588,DOI,0.5268817204301075,False,1.2688470971881016,0.5–0.7
MLDB-004589,DOI,0.5846994535519126,False,0.6491571059046102,0.5–0.7
MLDB-004590,DOI,0.6161616161616161,False,0.943586368262766,0.5–0.7
MLDB-004591,DOI,0.6431924882629108,False,0.0248892066822437,0.5–0.7
MLDB-004592,DOI,0.6666666666666666,False,0.2083481404708658,0.5–0.7
MLDB-004593,DOI,0.6872427983539094,False,0.902528355417234,0.5–0.7
MLDB-004642,DOI,0.5851851851851851,False,0.236536444163898,0.5–0.7
MLDB-004643,DOI,0.6525096525096525,False,0.6827268398406126,0.5–0.7
MLDB-004644,DOI,0.7157894736842105,False,1.1185047540887556,0.7–0.9
MLDB-004645,DOI,0.8074866310160428,False,1.38715157959849,0.7–0.9
MLDB-004705,DOI,0.3010752688172043,False,0.2232029040993595,0.3–0.5
MLDB-004706,DOI,0.3010752688172043,False,1.836555981956883,0.3–0.5
MLDB-004707,DOI,0.3010752688172043,False,1.4198692647243658,0.3–0.5
MLDB-004708,DOI,0.3010752688172043,False,1.167913338314527,0.3–0.5
MLDB-004738,DOI,0.6965174129353234,False,0.3103808845949762,0.5–0.7
MLDB-004739,DOI,0.7128205128205128,False,0.0735880795545433,0.7–0.9
MLDB-004740,DOI,0.7288888888888889,False,0.3819431438171343,0.7–0.9
MLDB-004741,DOI,0.7442922374429224,False,0.3090126009558762,0.7–0.9
MLDB-004742,DOI,0.5803921568627451,False,0.2712570106167275,0.5–0.7
MLDB-004743,DOI,0.5967741935483871,False,0.0940843501952208,0.5–0.7
MLDB-004834,DOI,0.4,False,0.8481395636994338,0.3–0.5
MLDB-004835,DOI,0.4,False,0.8681395636994338,0.3–0.5
MLDB-004836,DOI,0.41818181818181815,False,0.9833565372799736,0.3–0.5
MLDB-004837,DOI,0.41818181818181815,False,0.963356537279974,0.3–0.5
MLDB-004838,DOI,0.40350877192982454,False,0.1974031075051712,0.3–0.5
MLDB-004839,DOI,0.40350877192982454,False,0.1674031075051713,0.3–0.5
MLDB-004840,DOI,0.36507936507936506,False,0.3001558724004813,0.3–0.5
MLDB-004841,DOI,0.36507936507936506,False,0.2101558724004812,0.3–0.5
MLDB-004844,DOI,0.5142857142857142,False,0.894732669070796,0.5–0.7
MLDB-004845,DOI,0.5142857142857142,False,0.9883090813246168,0.5–0.7
MLDB-004846,DOI,0.4527027027027027,False,0.849603468423882,0.3–0.5
MLDB-004847,DOI,0.4527027027027027,False,0.9361136930872144,0.3–0.5
MLDB-004848,DOI,0.37037037037037035,False,0.1117439886234552,0.3–0.5
MLDB-004849,DOI,0.37037037037037035,False,0.1194946466623768,0.3–0.5
MLDB-004850,DOI,0.3974358974358974,False,0.4417238210433051,0.3–0.5
MLDB-004851,DOI,0.3974358974358974,False,0.4587587423333299,0.3–0.5
MLDB-004852,DOI,0.4533333333333333,False,1.0902506393126952,0.3–0.5
MLDB-004853,DOI,0.4533333333333333,False,1.2285266692104504,0.3–0.5
MLDB-004854,DOI,0.391304347826087,False,1.3607202876486226,0.3–0.5
MLDB-004855,DOI,0.391304347826087,False,1.2000549169192665,0.3–0.5
MLDB-004856,DOI,0.41333333333333333,False,0.8068956580560074,0.3–0.5
MLDB-004857,DOI,0.37748344370860926,False,0.336275425728001,0.3–0.5
MLDB-004858,DOI,0.41333333333333333,False,0.7922567171549985,0.3–0.5
MLDB-004859,DOI,0.37748344370860926,False,0.3123345541234284,0.3–0.5
MLDB-004885,DOI,0.3103448275862069,False,0.5301436452831194,0.3–0.5
MLDB-004886,DOI,0.3068181818181818,False,0.5450572883777509,0.3–0.5
MLDB-004887,DOI,0.5206611570247934,False,1.076041788030594,0.5–0.7
MLDB-004888,DOI,0.5702479338842975,False,0.5988867002319105,0.5–0.7
MLDB-004912,DOI,0.49264705882352944,False,2.0924528920748333,0.3–0.5
MLDB-004913,DOI,0.48322147651006714,False,1.9915182730923715,0.3–0.5
MLDB-004914,DOI,0.48588709677419356,False,1.165498471138958,0.3–0.5
MLDB-004929,DOI,0.4953271028037383,False,1.3143434198276167,0.3–0.5
MLDB-005057,DOI,0.8181818181818182,False,1.1609974520912574,0.7–0.9
MLDB-005058,DOI,0.8048780487804879,False,1.581319704594981,0.7–0.9
MLDB-005059,DOI,0.783625730994152,False,1.1080473853923845,0.7–0.9
MLDB-005060,DOI,0.5135135135135135,False,0.8851662846095906,0.5–0.7
MLDB-005061,DOI,0.7058823529411765,False,0.9382317549129536,0.7–0.9
MLDB-005062,DOI,0.631578947368421,False,0.4304998321620457,0.5–0.7
MLDB-005063,DOI,0.8085106382978723,False,0.3509441606968858,0.7–0.9
MLDB-005064,DOI,0.9174311926605505,False,0.3053415809119035,≥0.9
MLDB-005065,DOI,0.8767123287671232,False,0.3795105243945706,0.7–0.9
MLDB-005084,DOI,0.36213991769547327,False,0.8733232679766514,0.3–0.5
MLDB-005103,DOI,0.37990580847723704,False,0.2073779230978489,0.3–0.5
MLDB-005104,DOI,0.39473684210526316,False,0.5866838301970336,0.3–0.5
MLDB-005105,DOI,0.4057724957555178,False,0.2446284028986074,0.3–0.5
MLDB-005106,DOI,0.3900709219858156,False,0.4473510996623315,0.3–0.5
MLDB-005148,DOI,0.366412213740458,False,0.3637304167395077,0.3–0.5
MLDB-005149,DOI,0.40540540540540543,False,1.190500803043891,0.3–0.5
MLDB-005150,DOI,0.3717948717948718,False,0.946005178137314,0.3–0.5
MLDB-005151,DOI,0.4318181818181818,False,1.4676615799255015,0.3–0.5
MLDB-000035,DOI,0.5283018867924528,False,0.1378818056420689,0.5–0.7
MLDB-000036,DOI,0.4672897196261682,False,0.0395123824589666,0.3–0.5
MLDB-000037,DOI,0.3939393939393939,False,0.8096346473052134,0.3–0.5
MLDB-000038,DOI,0.5321100917431193,False,1.7776749853935354,0.5–0.7
MLDB-000039,DOI,0.20634920634920634,False,0.3935091615058504,<0.3
MLDB-000040,DOI,0.3409090909090909,False,0.4450937036533314,0.3–0.5
MLDB-000041,DOI,0.3422818791946309,False,1.0034227496712336,0.3–0.5
MLDB-000042,DOI,0.4396551724137931,False,1.4087169638397994,0.3–0.5
MLDB-000043,DOI,0.24890829694323144,False,0.4283997034131572,<0.3
MLDB-000044,DOI,0.35177865612648224,False,0.7427930799601634,0.3–0.5
MLDB-000045,DOI,0.3466666666666667,False,1.0962645991662785,0.3–0.5
MLDB-000046,DOI,0.5172413793103449,False,1.030939352799498,0.5–0.7
MLDB-000110,DOI,0.8706896551724138,False,0.8761721325629603,0.7–0.9
MLDB-000111,DOI,0.6535433070866141,False,0.792550416575454,0.5–0.7
MLDB-000112,DOI,0.753731343283582,False,1.38312658198136,0.7–0.9
MLDB-000113,DOI,0.7244094488188977,False,0.3607139240170228,0.7–0.9
MLDB-000114,DOI,0.65625,False,0.5948850641511971,0.5–0.7
MLDB-000115,DOI,0.6344827586206897,False,0.6369133178911941,0.5–0.7
MLDB-000116,DOI,0.7637795275590551,False,1.120756426507979,0.7–0.9
MLDB-000117,DOI,0.7364341085271318,False,1.5218786511121452,0.7–0.9
MLDB-000118,DOI,0.6642857142857143,False,0.7324840378598299,0.5–0.7
MLDB-000119,DOI,0.6666666666666666,False,0.622359696566362,0.5–0.7
MLDB-000141,DOI,0.7784431137724551,False,0.9732655983827738,0.7–0.9
MLDB-000142,DOI,0.7283236994219653,False,0.8890122999643522,0.7–0.9
MLDB-000143,DOI,0.7005347593582888,False,1.1949526046445325,0.7–0.9
MLDB-000198,DOI,0.603448275862069,False,0.1270562378809444,0.5–0.7
MLDB-000199,DOI,0.5471698113207547,False,0.8540316859613142,0.5–0.7
MLDB-000200,DOI,0.5471698113207547,False,0.0285397928631003,0.5–0.7
MLDB-000221,DOI,0.6341463414634146,False,0.2033460417457535,0.5–0.7
MLDB-000222,DOI,0.8210526315789474,False,0.0205863106117342,0.7–0.9
MLDB-000281,DOI,0.6666666666666666,False,1.2316069211097822,0.5–0.7
MLDB-000282,DOI,0.5502958579881657,False,1.353506332624988,0.5–0.7
MLDB-000283,DOI,0.697986577181208,False,1.4838637165305666,0.5–0.7
MLDB-000284,DOI,0.59375,False,1.536076494219245,0.5–0.7
MLDB-000306,DOI,0.8333333333333334,False,1.1382668193060197,0.7–0.9
MLDB-000307,DOI,0.6257668711656442,False,0.8702713236698725,0.5–0.7
MLDB-000388,DOI,0.8037974683544303,False,0.3918340420322093,0.7–0.9
MLDB-000389,DOI,0.7424242424242424,False,0.5672203999746637,0.7–0.9
MLDB-000390,DOI,0.3157894736842105,False,0.838447354023335,0.3–0.5
MLDB-000479,DOI,0.7548387096774194,False,0.0031544430716772,0.7–0.9
MLDB-000480,DOI,0.7721518987341772,False,0.3427008453110448,0.7–0.9
MLDB-000481,DOI,0.7793103448275862,False,2.006098919459826,0.7–0.9
MLDB-000482,DOI,0.7557251908396947,False,0.3196221664829588,0.7–0.9
MLDB-000523,DOI,0.8829268292682927,False,1.0386596722963606,0.7–0.9
MLDB-000524,DOI,0.8243243243243243,False,0.5138521489202377,0.7–0.9
MLDB-000540,DOI,0.6923076923076923,False,0.7999821175796569,0.5–0.7
MLDB-000541,DOI,0.6951871657754011,False,0.5916819871111847,0.5–0.7
MLDB-000542,DOI,0.7135678391959799,False,1.9634709774068295,0.7–0.9
MLDB-000566,DOI,0.7544910179640718,False,1.0792699043624925,0.7–0.9
MLDB-000570,DOI,0.5660377358490566,False,0.5645115549436226,0.5–0.7
MLDB-000571,DOI,0.6428571428571429,False,0.5265191457341355,0.5–0.7
MLDB-000572,DOI,0.9166666666666666,False,0.470480787168025,≥0.9
MLDB-000573,DOI,0.8270676691729323,False,0.3207250125312662,0.7–0.9
MLDB-000624,DOI,0.5471698113207547,False,0.2944425276867505,0.5–0.7
MLDB-000645,DOI,0.8070175438596491,False,0.2364439384901333,0.7–0.9
MLDB-000646,DOI,0.7543859649122807,False,0.1798082963236488,0.7–0.9
MLDB-000647,DOI,0.7543859649122807,False,0.3443397382874595,0.7–0.9
MLDB-000648,DOI,0.863905325443787,False,0.0249145917421611,0.7–0.9
MLDB-000649,DOI,0.7878787878787878,False,0.1989881358583454,0.7–0.9
MLDB-000650,DOI,0.7878787878787878,False,0.0658208217560958,0.7–0.9
MLDB-000713,DOI,0.489247311827957,False,0.5117224408471932,0.3–0.5
MLDB-000714,DOI,0.556390977443609,False,0.5600506061326487,0.5–0.7
MLDB-000715,DOI,0.6357615894039735,False,0.6577948908063926,0.5–0.7
MLDB-000716,DOI,0.6180555555555556,False,1.361577570018809,0.5–0.7
MLDB-000717,DOI,0.6180555555555556,False,0.7061140735807342,0.5–0.7
MLDB-000796,DOI,0.627906976744186,False,0.0620027130288041,0.5–0.7
MLDB-000797,DOI,0.627906976744186,False,0.2043060245118348,0.5–0.7
MLDB-000798,DOI,0.625,False,0.5457697264798023,0.5–0.7
MLDB-000799,DOI,0.6326530612244898,False,0.1423234472967048,0.5–0.7
MLDB-000800,DOI,0.6404494382022472,False,0.0877353227336787,0.5–0.7
MLDB-000801,DOI,0.6404494382022472,False,0.0975265041300451,0.5–0.7
MLDB-000802,DOI,0.6263736263736264,False,0.0832077198841744,0.5–0.7
MLDB-000803,DOI,0.6138613861386139,False,0.009514823821936,0.5–0.7
MLDB-000804,DOI,0.627906976744186,False,1.0393611644912553,0.5–0.7
MLDB-000805,DOI,0.627906976744186,False,1.752539161610696,0.5–0.7
MLDB-000806,DOI,0.625,False,0.6651908953993095,0.5–0.7
MLDB-000807,DOI,0.6326530612244898,False,1.3865026745519962,0.5–0.7
MLDB-000808,DOI,0.6893203883495146,False,0.4732052881455278,0.5–0.7
MLDB-000839,DOI,0.7175572519083969,False,0.5145197041499412,0.7–0.9
MLDB-000840,DOI,1.0,False,0.1978142341443818,≥0.9
MLDB-000852,DOI,0.7028571428571428,False,1.0189199341849675,0.7–0.9
MLDB-000853,DOI,0.8153846153846154,False,0.4525120566106089,0.7–0.9
MLDB-000854,DOI,0.8296296296296296,False,0.0348820249459052,0.7–0.9
MLDB-000855,DOI,0.7972027972027972,False,0.4687319223373632,0.7–0.9
MLDB-000856,DOI,0.8421052631578947,False,0.0765128750190852,0.7–0.9
MLDB-000857,DOI,0.8805970149253731,False,0.852134707707352,0.7–0.9
MLDB-000858,DOI,0.7464788732394366,False,0.1453489700014847,0.7–0.9
MLDB-000859,DOI,0.7210884353741497,False,0.2671539039594987,0.7–0.9
MLDB-000860,DOI,0.6928104575163399,False,0.0600240658572747,0.5–0.7
MLDB-000932,DOI,0.7247706422018348,False,0.1832073865200055,0.7–0.9
MLDB-000933,DOI,0.7247706422018348,False,1.0971185400192425,0.7–0.9
MLDB-000934,DOI,0.5524475524475524,False,0.6128752721399301,0.5–0.7
MLDB-000935,DOI,0.7045454545454546,False,0.2814223821240185,0.7–0.9
MLDB-000936,DOI,0.610738255033557,False,0.2415494201738195,0.5–0.7
MLDB-000937,DOI,0.6829268292682927,False,0.3076249901600489,0.5–0.7
MLDB-000938,DOI,0.640625,False,0.2862708887668084,0.5–0.7
MLDB-000939,DOI,0.6810344827586207,False,0.4682103378620744,0.5–0.7
MLDB-000940,DOI,0.6810344827586207,False,0.5828506014580709,0.5–0.7
MLDB-000941,DOI,0.7247706422018348,False,0.2391153225203555,0.7–0.9
MLDB-000942,DOI,0.6810344827586207,False,0.0976786681831829,0.5–0.7
MLDB-000943,DOI,0.632,False,0.3411433917282458,0.5–0.7
MLDB-000944,DOI,0.656,False,0.1624232548624936,0.5–0.7
MLDB-000994,DOI,0.7866666666666666,False,0.7187344482090594,0.7–0.9
MLDB-000995,DOI,0.6781609195402298,False,1.4554234671615176,0.5–0.7
MLDB-000996,DOI,0.7866666666666666,False,0.9521961219789092,0.7–0.9
MLDB-001047,DOI,0.35714285714285715,False,0.9912072110470104,0.3–0.5
MLDB-001048,DOI,0.3373493975903614,False,0.250401330312886,0.3–0.5
MLDB-001049,DOI,0.28289473684210525,False,1.412065229200846,<0.3
MLDB-001050,DOI,0.5925925925925926,False,0.4050234741554809,0.5–0.7
MLDB-001051,DOI,0.39520958083832336,False,0.460248222695121,0.3–0.5
MLDB-001054,DOI,0.7763157894736842,False,0.5298908312596817,0.7–0.9
MLDB-001055,DOI,0.9090909090909091,False,0.3802513683608828,≥0.9
MLDB-001056,DOI,0.8068181818181818,False,0.2313963612356451,0.7–0.9
MLDB-001057,DOI,0.9230769230769231,False,0.7175900561893567,≥0.9
MLDB-001068,DOI,0.5620437956204379,False,0.794295592780298,0.5–0.7
MLDB-001069,DOI,0.5151515151515151,False,0.0551735110114268,0.5–0.7
MLDB-001115,DOI,0.5588235294117647,False,0.6087277768693948,0.5–0.7
MLDB-001116,DOI,0.41964285714285715,False,0.715030566399187,0.3–0.5
MLDB-001117,DOI,0.5757575757575758,False,0.8754896331366879,0.5–0.7
MLDB-001157,DOI,0.4263157894736842,False,0.2356705769444085,0.3–0.5
MLDB-001158,DOI,0.3933649289099526,False,1.6675035188449074,0.3–0.5
MLDB-001179,DOI,0.6877828054298643,False,0.8069374609400093,0.5–0.7
MLDB-001180,DOI,0.7015706806282722,False,0.7621410375882558,0.7–0.9
MLDB-001234,DOI,0.5,False,0.0999309743261116,0.5–0.7
MLDB-001235,DOI,0.7169811320754716,False,0.267403694887099,0.7–0.9
MLDB-001236,DOI,0.5689655172413793,False,0.6235321873990417,0.5–0.7
MLDB-001237,DOI,0.4264705882352941,False,0.3438080291028644,0.3–0.5
MLDB-001238,DOI,0.5384615384615384,False,0.3178830912009989,0.5–0.7
MLDB-001239,DOI,0.41935483870967744,False,0.0592190359043742,0.3–0.5
MLDB-001240,DOI,0.5384615384615384,False,0.4665288883436532,0.5–0.7
MLDB-001241,DOI,0.5,False,0.2579863557137032,0.5–0.7
MLDB-001323,DOI,0.8607594936708861,False,0.4085911516701774,0.7–0.9
MLDB-001324,DOI,0.875,False,0.7418377524010267,0.7–0.9
MLDB-001325,DOI,0.7621621621621621,False,1.32616847922669,0.7–0.9
MLDB-001326,DOI,0.8648648648648649,False,1.7463815772024691,0.7–0.9
MLDB-001327,DOI,0.55,False,1.9169952994716628,0.5–0.7
MLDB-001328,DOI,0.6435643564356436,False,1.7742031624572847,0.5–0.7
MLDB-001329,DOI,0.5597014925373134,False,2.2005813453499266,0.5–0.7
MLDB-001330,DOI,0.6565656565656566,False,1.9642269626215425,0.5–0.7
MLDB-001362,DOI,0.6302521008403361,False,0.644082647696492,0.5–0.7
MLDB-001363,DOI,0.7735849056603774,False,1.8394569191550487,0.7–0.9
MLDB-001364,DOI,0.7019230769230769,False,0.4499397148961777,0.7–0.9
MLDB-001365,DOI,0.7720588235294118,False,0.3994972131988602,0.7–0.9
MLDB-001366,DOI,0.7019230769230769,False,2.0642348013813603,0.7–0.9
MLDB-001367,DOI,0.7129629629629629,False,1.1411864355725772,0.7–0.9
MLDB-001368,DOI,0.6836734693877551,False,0.859051410897131,0.5–0.7
MLDB-001369,DOI,0.5705882352941176,False,0.3013492902484552,0.5–0.7
MLDB-001393,DOI,0.8333333333333334,False,0.3087314181503651,0.7–0.9
MLDB-001394,DOI,0.8536585365853658,False,0.1918416715688137,0.7–0.9
MLDB-001395,DOI,0.7936507936507936,False,0.7131419300035926,0.7–0.9
MLDB-001396,DOI,0.8130081300813008,False,0.0463599792439824,0.7–0.9
MLDB-001434,DOI,0.689873417721519,False,0.2491986790810191,0.5–0.7
MLDB-001435,DOI,0.7278481012658228,False,0.1358960255963526,0.7–0.9
MLDB-001436,DOI,0.7041420118343196,False,0.1244978558798812,0.7–0.9
MLDB-001437,DOI,0.7368421052631579,False,0.0306514572623511,0.7–0.9
MLDB-001498,DOI,0.7716049382716049,False,0.5742993475614646,0.7–0.9
MLDB-001499,DOI,0.8418803418803419,False,1.4202188140305505,0.7–0.9
MLDB-001500,DOI,0.6226415094339622,False,0.47233550778763,0.5–0.7
MLDB-001501,DOI,0.7183098591549296,False,1.3887751389507392,0.7–0.9
MLDB-001544,DOI,0.7884615384615384,False,0.7376116094295937,0.7–0.9
MLDB-001545,DOI,0.6716417910447762,False,0.880238778268328,0.5–0.7
MLDB-001570,DOI,0.3310810810810811,False,0.7732162699820625,0.3–0.5
MLDB-001571,DOI,0.3448275862068966,False,0.5988563841313767,0.3–0.5
MLDB-001572,DOI,0.36585365853658536,False,1.762205698893715,0.3–0.5
MLDB-001573,DOI,0.38011695906432746,False,1.711167337955955,0.3–0.5
MLDB-001663,DOI,0.7058823529411765,False,0.2399520871890055,0.7–0.9
MLDB-001664,DOI,0.7058823529411765,False,0.7674979194970215,0.7–0.9
MLDB-001665,DOI,0.7027027027027027,False,0.207672334701489,0.7–0.9
MLDB-001666,DOI,0.7027027027027027,False,0.1849816771898904,0.7–0.9
MLDB-001667,DOI,0.8507462686567164,False,0.0431063545718011,0.7–0.9
MLDB-001668,DOI,0.8507462686567164,False,1.0893452268818002,0.7–0.9
MLDB-001669,DOI,0.8492462311557789,False,0.1675576965149514,0.7–0.9
MLDB-001670,DOI,0.8492462311557789,False,0.1305207398117749,0.7–0.9
MLDB-001671,DOI,0.6968085106382979,False,0.1500145619404325,0.5–0.7
MLDB-001672,DOI,0.6968085106382979,False,0.2369904766055037,0.5–0.7
MLDB-001673,DOI,0.6935483870967742,False,0.4542660530939135,0.5–0.7
MLDB-001674,DOI,0.6935483870967742,False,0.456743561561834,0.5–0.7
MLDB-001675,DOI,0.8883248730964467,False,0.3319275356987692,0.7–0.9
MLDB-001676,DOI,0.8883248730964467,False,0.907734251938524,0.7–0.9
MLDB-001677,DOI,0.8871794871794871,False,0.0087473096509387,0.7–0.9
MLDB-001678,DOI,0.8871794871794871,False,0.6901265711903404,0.7–0.9
MLDB-001701,DOI,0.40789473684210525,False,0.4363944650217323,0.3–0.5
MLDB-001702,DOI,0.38181818181818183,False,1.2023713069826818,0.3–0.5
MLDB-001935,DOI,0.64375,False,0.5392762176715442,0.5–0.7
MLDB-001936,DOI,0.49473684210526314,False,0.8404259527846418,0.3–0.5
MLDB-001937,DOI,0.6918238993710691,False,0.8830587978312203,0.5–0.7
MLDB-001938,DOI,0.4392523364485981,False,0.9388270145614592,0.3–0.5
MLDB-001982,DOI,0.8553459119496856,False,1.31950719454009,0.7–0.9
MLDB-001983,DOI,0.6335403726708074,False,0.395995753294371,0.5–0.7
MLDB-001984,DOI,0.9050632911392406,False,1.8031344406615248,≥0.9
MLDB-001985,DOI,0.5988372093023255,False,0.8906352443191802,0.5–0.7
MLDB-002049,DOI,0.4146341463414634,False,1.5570680607663712,0.3–0.5
MLDB-002050,DOI,0.3878787878787879,False,1.0848590746627202,0.3–0.5
MLDB-002051,DOI,0.4387755102040816,False,1.8437399519442448,0.3–0.5
MLDB-002052,DOI,0.5596330275229358,False,2.1961242684893394,0.5–0.7
MLDB-002079,DOI,0.5185185185185185,False,0.6892079702126397,0.5–0.7
MLDB-002080,DOI,0.6335403726708074,False,0.7759957532943711,0.5–0.7
MLDB-002105,DOI,0.2981366459627329,False,2.7471119260515615,<0.3
MLDB-002106,DOI,0.3014705882352941,False,2.9447103604438847,0.3–0.5
MLDB-002107,DOI,0.5225225225225225,False,0.8358960033063909,0.5–0.7
MLDB-002108,DOI,0.5378151260504201,False,0.7844117919677381,0.5–0.7
MLDB-002182,DOI,0.3167701863354037,False,0.0179926248281369,0.3–0.5
MLDB-002183,DOI,0.40397350993377484,False,0.0469252615671902,0.3–0.5
MLDB-002283,DOI,0.3673469387755102,False,1.0037049746954243,0.3–0.5
MLDB-002284,DOI,0.28440366972477066,False,0.4024560332423568,<0.3
MLDB-002285,DOI,0.6056338028169014,False,0.541535859006404,0.5–0.7
MLDB-002286,DOI,0.44047619047619047,False,0.1540341603475079,0.3–0.5
MLDB-002307,DOI,0.797752808988764,False,0.0467853712188754,0.7–0.9
MLDB-002308,DOI,0.7804878048780488,False,0.1218054091114372,0.7–0.9
MLDB-002309,DOI,0.6629213483146067,False,0.3633282918544785,0.5–0.7
MLDB-002310,DOI,0.4424778761061947,False,0.2224948573206218,0.3–0.5
MLDB-002311,DOI,0.46808510638297873,False,0.5024005020886047,0.3–0.5
MLDB-002312,DOI,0.41284403669724773,False,0.4816343026041908,0.3–0.5
MLDB-002400,DOI,0.6363636363636364,False,0.0400010795120361,0.5–0.7
MLDB-002410,DOI,0.4782608695652174,False,1.561683412327672,0.3–0.5
MLDB-002411,DOI,0.5371900826446281,False,0.3676092915403206,0.5–0.7
MLDB-002412,DOI,0.43283582089552236,False,0.5949513409753526,0.3–0.5
MLDB-002413,DOI,0.3716216216216216,False,1.5643470823561585,0.3–0.5
MLDB-002414,DOI,0.3793103448275862,False,0.7889849465604478,0.3–0.5
MLDB-002450,DOI,0.4636363636363636,False,0.9275700990423256,0.3–0.5
MLDB-002451,DOI,0.3700787401574803,False,1.0678981938904526,0.3–0.5
MLDB-002452,DOI,0.41237113402061853,False,0.6503942735487586,0.3–0.5
MLDB-002453,DOI,0.39,False,0.4348545848037132,0.3–0.5
MLDB-002454,DOI,0.44166666666666665,False,0.7105940744025174,0.3–0.5
MLDB-002480,DOI,1.0,False,0.7935497008069003,≥0.9
MLDB-002481,DOI,0.7180616740088106,False,0.4673313102089421,0.7–0.9
MLDB-002482,DOI,1.0,False,0.2785527966624076,≥0.9
MLDB-002483,DOI,1.0,False,0.1986089316974136,≥0.9
MLDB-002484,DOI,0.7465753424657534,False,0.2974993210892508,0.7–0.9
MLDB-002485,DOI,1.0,False,0.861646661535639,≥0.9
MLDB-002503,DOI,1.0,False,0.748895935335885,≥0.9
MLDB-002504,DOI,0.6511627906976745,False,0.8280769128928004,0.5–0.7
MLDB-002505,DOI,0.6964285714285714,False,0.5400486688393175,0.5–0.7
MLDB-002506,DOI,0.6071428571428571,False,0.8768788657595952,0.5–0.7
MLDB-002507,DOI,0.4666666666666667,False,0.0805632088637012,0.3–0.5
MLDB-002508,DOI,0.4605263157894737,False,1.820825229815679,0.3–0.5
MLDB-002509,DOI,0.47297297297297297,False,0.4270540715000949,0.3–0.5
MLDB-002544,DOI,0.6173913043478261,False,1.1848290329592053,0.5–0.7
MLDB-002592,DOI,0.3333333333333333,False,1.2824047122194466,0.3–0.5
MLDB-002597,DOI,0.7166666666666667,False,0.2895259042123844,0.7–0.9
MLDB-002598,DOI,0.3631578947368421,False,0.1751473244335001,0.3–0.5
MLDB-002599,DOI,0.3735632183908046,False,0.1200685043515276,0.3–0.5
MLDB-002600,DOI,0.33519553072625696,False,0.0840784288546159,0.3–0.5
MLDB-002620,DOI,0.5,False,0.0800295754720856,0.5–0.7
MLDB-002621,DOI,0.5,False,0.6732934710038805,0.5–0.7
MLDB-002630,DOI,0.4180327868852459,False,0.6301301893133309,0.3–0.5
MLDB-002631,DOI,0.5390625,False,0.2675418571495723,0.5–0.7
MLDB-002632,DOI,0.4928571428571429,False,0.2135497198533817,0.3–0.5
MLDB-002671,DOI,0.6883116883116883,False,0.1301562982145035,0.5–0.7
MLDB-002672,DOI,0.8043478260869565,False,0.3210423649362676,0.7–0.9
MLDB-002673,DOI,0.8074074074074075,False,1.0579292732374057,0.7–0.9
MLDB-002674,DOI,0.8181818181818182,False,0.6413172387272317,0.7–0.9
MLDB-002675,DOI,0.7464788732394366,False,0.3649768635169181,0.7–0.9
MLDB-002676,DOI,0.7910447761194029,False,0.6986891752486106,0.7–0.9
MLDB-002677,DOI,0.7371794871794872,False,0.9582118921670848,0.7–0.9
MLDB-002678,DOI,0.8260869565217391,False,1.212230082092942,0.7–0.9
MLDB-002679,DOI,0.7597402597402597,False,1.2632267744387513,0.7–0.9
MLDB-002682,DOI,0.38372093023255816,False,0.4875515275801547,0.3–0.5
MLDB-002683,DOI,0.38372093023255816,False,0.7696553961474979,0.3–0.5
MLDB-002684,DOI,0.41975308641975306,False,0.4113835812033554,0.3–0.5
MLDB-002685,DOI,0.41975308641975306,False,1.213707899275371,0.3–0.5
MLDB-002836,DOI,0.5918367346938775,False,0.9576256069155912,0.5–0.7
MLDB-002837,DOI,0.7142857142857143,False,1.2012369805225205,0.7–0.9
MLDB-002838,DOI,0.5700934579439252,False,1.9010171257897488,0.5–0.7
MLDB-002919,DOI,0.993103448275862,False,0.0052875742562864,≥0.9
MLDB-002920,DOI,0.5208333333333334,False,0.1759175883443995,0.5–0.7
MLDB-002921,DOI,0.9894736842105263,False,0.0283850324398102,≥0.9
MLDB-002922,DOI,0.9942196531791907,False,0.4216847928647438,≥0.9
MLDB-002923,DOI,0.5844748858447488,False,0.3480307852130551,0.5–0.7
MLDB-002924,DOI,1.0,False,0.4720241868262855,≥0.9
MLDB-002943,DOI,0.26277372262773724,False,1.67299766677313,<0.3
MLDB-002944,DOI,0.23684210526315788,False,1.4863283679891708,<0.3
MLDB-002945,DOI,0.17194570135746606,False,0.5907184451648376,<0.3
MLDB-002946,DOI,0.15384615384615385,False,0.3814589994202311,<0.3
MLDB-002947,DOI,0.4657534246575342,False,1.4596855102005402,0.3–0.5
MLDB-002948,DOI,0.43037974683544306,False,1.3071353253042794,0.3–0.5
MLDB-002949,DOI,0.39473684210526316,False,1.789272678282866,0.3–0.5
MLDB-002950,DOI,0.21176470588235294,False,0.8781773473075789,<0.3
MLDB-002951,DOI,0.25225225225225223,False,0.39836973986206,<0.3
MLDB-002952,DOI,0.29411764705882354,False,0.9878932744681146,<0.3
MLDB-002969,DOI,0.23,False,0.9986876665283312,<0.3
MLDB-003009,DOI,0.5588235294117647,False,0.6972099954104651,0.5–0.7
MLDB-003010,DOI,0.5774647887323944,False,0.645918771777833,0.5–0.7
MLDB-003011,DOI,0.47435897435897434,False,0.5750693271980756,0.3–0.5
MLDB-003012,DOI,0.6551724137931034,False,0.6197801257485268,0.5–0.7
MLDB-003013,DOI,0.4722222222222222,False,0.7054462866906445,0.3–0.5
MLDB-003014,DOI,0.48,False,0.0071777531705844,0.3–0.5
MLDB-003015,DOI,0.2753623188405797,False,0.0921964565749726,<0.3
MLDB-003028,DOI,0.48,False,0.9245652986979114,0.3–0.5
MLDB-003029,DOI,0.41605839416058393,False,1.0726604318969983,0.3–0.5
MLDB-003030,DOI,0.3888888888888889,False,1.4223160871222598,0.3–0.5
MLDB-003031,DOI,0.47692307692307695,False,2.248042235032907,0.3–0.5
MLDB-003032,DOI,0.34408602150537637,False,2.39711133420721,0.3–0.5
MLDB-003033,DOI,0.49230769230769234,False,1.7537144417359176,0.3–0.5
MLDB-003034,DOI,0.39622641509433965,False,1.658589299042852,0.3–0.5
MLDB-003035,DOI,0.5953757225433526,False,1.405539121535654,0.5–0.7
MLDB-003036,DOI,0.5555555555555556,False,1.533591254120235,0.5–0.7
MLDB-003037,DOI,0.3772455089820359,False,2.068296979453454,0.3–0.5
MLDB-003038,DOI,0.46017699115044247,False,1.3792863354780445,0.3–0.5
MLDB-003039,DOI,0.38509316770186336,False,2.1053835920959263,0.3–0.5
MLDB-003045,DOI,0.47706422018348627,False,0.5357121524676072,0.3–0.5
MLDB-003046,DOI,0.49523809523809526,False,0.502395772996104,0.3–0.5
MLDB-003047,DOI,0.5098039215686274,False,0.5647002780826728,0.5–0.7
MLDB-003048,DOI,0.5098039215686274,False,0.474893520506748,0.5–0.7
MLDB-003049,DOI,0.5,False,0.298852134806855,0.5–0.7
MLDB-003050,DOI,0.48598130841121495,False,1.2913739816484486,0.3–0.5
MLDB-003051,DOI,0.5833333333333334,False,0.6569722012269824,0.5–0.7
MLDB-003061,DOI,0.5,False,0.1818527050037916,0.5–0.7
MLDB-003062,DOI,0.5857142857142857,False,1.1920122515655522,0.5–0.7
MLDB-003072,DOI,0.6271186440677966,False,1.3444868099146086,0.5–0.7
MLDB-003073,DOI,0.509090909090909,False,0.2805633166937725,0.5–0.7
MLDB-003074,DOI,0.4,False,0.0277297337613405,0.3–0.5
MLDB-003091,DOI,0.44594594594594594,False,0.7836566988293252,0.3–0.5
MLDB-003092,DOI,0.44594594594594594,False,0.7071904503838952,0.3–0.5
MLDB-003138,DOI,0.224,False,1.3057120085086813,<0.3
MLDB-003139,DOI,0.24074074074074073,False,0.7701293466889485,<0.3
MLDB-003140,DOI,0.21052631578947367,False,1.2237055423275438,<0.3
MLDB-003141,DOI,0.22950819672131148,False,2.258699499706723,<0.3
MLDB-003142,DOI,0.224,False,1.4843230654282549,<0.3
MLDB-003143,DOI,0.24074074074074073,False,1.488740403608522,<0.3
MLDB-003144,DOI,0.21052631578947367,False,1.2846143878705305,<0.3
MLDB-003145,DOI,0.22950819672131148,False,1.8813591260340472,<0.3
MLDB-003204,DOI,0.5,False,1.0866924905723063,0.5–0.7
MLDB-003205,DOI,1.0,False,1.305150782503116,≥0.9
MLDB-003206,DOI,0.7247706422018348,False,1.442573677974144,0.7–0.9
MLDB-003240,DOI,0.6830601092896175,False,0.710737203482874,0.5–0.7
MLDB-003241,DOI,0.6129032258064516,False,0.3478487318214144,0.5–0.7
MLDB-003242,DOI,0.6795580110497238,False,0.5017832224389394,0.5–0.7
MLDB-003270,DOI,0.7127659574468085,False,0.1085656448677059,0.7–0.9
MLDB-003271,DOI,0.6724137931034483,False,0.1090665767580805,0.5–0.7
MLDB-003272,DOI,0.6859504132231405,False,0.5694973094162626,0.5–0.7
MLDB-003273,DOI,0.7920792079207921,False,0.1133155093316594,0.7–0.9
MLDB-003274,DOI,0.7362637362637363,False,0.1662125949390653,0.7–0.9
MLDB-003364,DOI,0.7303370786516854,False,0.0331098318467111,0.7–0.9
MLDB-003365,DOI,0.7471264367816092,False,0.2283361900266231,0.7–0.9
MLDB-003366,DOI,0.7383177570093458,False,0.2329968653856964,0.7–0.9
MLDB-003367,DOI,0.6347826086956522,False,0.0202446885100584,0.5–0.7
MLDB-003368,DOI,0.8461538461538461,False,0.0980010868143668,0.7–0.9
MLDB-003494,DOI,0.6696428571428571,False,0.9595247960923804,0.5–0.7
MLDB-003495,DOI,0.7951807228915663,False,1.6947952027585576,0.7–0.9
MLDB-003543,DOI,0.5929203539823009,False,0.6680114213434898,0.5–0.7
MLDB-003544,DOI,0.5877192982456141,False,0.7507395849781184,0.5–0.7
MLDB-003545,DOI,0.5826086956521739,False,0.5190121956665736,0.5–0.7
MLDB-003546,DOI,0.5775862068965517,False,0.7958750024542929,0.5–0.7
MLDB-003547,DOI,0.5659574468085107,False,0.7286576179133809,0.5–0.7
MLDB-003658,DOI,0.6947368421052632,False,0.626892088833898,0.5–0.7
MLDB-003659,DOI,0.6288659793814433,False,0.2773789441918221,0.5–0.7
MLDB-003660,DOI,0.5612244897959183,False,0.85742216736721,0.5–0.7
MLDB-003661,DOI,0.5689655172413793,False,0.193742666197316,0.5–0.7
MLDB-003718,DOI,0.5147058823529411,False,1.812971226595777,0.5–0.7
MLDB-003719,DOI,0.45454545454545453,False,1.100321988136154,0.3–0.5
MLDB-003720,DOI,0.5147058823529411,False,1.035127000720914,0.5–0.7
MLDB-003721,DOI,0.45454545454545453,False,0.8824777622612912,0.3–0.5
MLDB-003722,DOI,0.5147058823529411,False,0.597723180249823,0.5–0.7
MLDB-003723,DOI,0.45454545454545453,False,0.6950739417902003,0.3–0.5
MLDB-003737,DOI,0.6065573770491803,False,0.8892069890891949,0.5–0.7
MLDB-003738,DOI,0.9166666666666666,False,0.679169242738964,≥0.9
MLDB-003841,DOI,0.9069767441860465,False,0.2416465444782631,≥0.9
MLDB-003842,DOI,0.7789473684210526,False,0.3059331897314564,0.7–0.9
MLDB-003843,DOI,0.898876404494382,False,0.2573571609533476,0.7–0.9
MLDB-003867,DOI,0.675392670157068,False,0.2635378840283024,0.5–0.7
MLDB-003868,DOI,0.5842696629213483,False,1.052656326137269,0.5–0.7
MLDB-003869,DOI,0.564,False,0.0444762969707999,0.5–0.7
MLDB-003870,DOI,0.7116279069767442,False,0.8259214182417864,0.7–0.9
MLDB-003937,DOI,0.7558139534883721,False,1.1818252571588748,0.7–0.9
MLDB-003938,DOI,0.9166666666666666,False,0.7407770899487927,≥0.9
MLDB-003954,DOI,0.7368421052631579,False,0.3410465997812386,0.7–0.9
MLDB-003955,DOI,0.7974683544303798,False,0.1535887475753815,0.7–0.9
MLDB-003956,DOI,0.7096774193548387,False,0.3780759730846381,0.7–0.9
MLDB-003957,DOI,0.6352941176470588,False,0.6145649686895922,0.5–0.7
MLDB-003958,DOI,0.6296296296296297,False,0.8644945079351303,0.5–0.7
MLDB-003959,DOI,0.6515151515151515,False,1.2983397704958175,0.5–0.7
MLDB-003973,DOI,0.6600790513833992,False,0.6477032613329949,0.5–0.7
MLDB-003974,DOI,0.675,False,1.026090293025273,0.5–0.7
MLDB-003991,DOI,0.7448979591836735,False,1.9603169332475363,0.7–0.9
MLDB-003992,DOI,0.732484076433121,False,0.1408518541695872,0.7–0.9
MLDB-004054,DOI,0.7608695652173914,False,0.7746066945473541,0.7–0.9
MLDB-004055,DOI,0.7699115044247787,False,1.0152309512435846,0.7–0.9
MLDB-004056,DOI,0.7033898305084746,False,0.6065155538684187,0.7–0.9
MLDB-004079,DOI,0.7674418604651163,False,0.908850571553628,0.7–0.9
MLDB-004080,DOI,0.6094674556213018,False,1.3420329948377114,0.5–0.7
MLDB-004081,DOI,0.7357142857142858,False,0.6917422100339791,0.7–0.9
MLDB-004082,DOI,0.6273291925465838,False,0.786198116296311,0.5–0.7
MLDB-004083,DOI,0.7518248175182481,False,0.332265939044844,0.7–0.9
MLDB-004084,DOI,0.6158536585365854,False,0.5386490646101341,0.5–0.7
MLDB-004085,DOI,0.630057803468208,False,0.0228041547867668,0.5–0.7
MLDB-004124,DOI,0.8652482269503546,False,0.5009293439501388,0.7–0.9
MLDB-004125,DOI,0.6086956521739131,False,0.8889005932107945,0.5–0.7
MLDB-004126,DOI,0.5524861878453039,False,0.4573183835016481,0.5–0.7
MLDB-004127,DOI,0.4074074074074074,False,0.4382543347242328,0.3–0.5
MLDB-004174,DOI,0.6288659793814433,False,0.0156036945410622,0.5–0.7
MLDB-004175,DOI,0.9166666666666666,False,0.040830757261036,≥0.9
MLDB-004199,DOI,0.6,False,0.5962832300538108,0.5–0.7
MLDB-004200,DOI,0.5357142857142857,False,0.0371836119747196,0.5–0.7
MLDB-004201,DOI,0.6057692307692307,False,0.0127502343978801,0.5–0.7
MLDB-004202,DOI,0.7605633802816901,False,0.1950902709981224,0.7–0.9
MLDB-004203,DOI,0.675,False,0.3619116643234679,0.5–0.7
MLDB-004204,DOI,0.6213592233009708,False,0.0582586052105947,0.5–0.7
MLDB-004205,DOI,0.38235294117647056,False,0.2161722492753979,0.3–0.5
MLDB-004206,DOI,0.5233644859813084,False,0.8421237707885758,0.5–0.7
MLDB-004243,DOI,0.5753424657534246,False,0.3671012156424966,0.5–0.7
MLDB-004244,DOI,0.5263157894736842,False,0.4779698974260963,0.5–0.7
MLDB-004245,DOI,0.5471698113207547,False,0.1257702745498261,0.5–0.7
MLDB-004246,DOI,0.5370370370370371,False,0.2008294984901144,0.5–0.7
MLDB-004247,DOI,0.5688073394495413,False,0.0170718273964793,0.5–0.7
MLDB-004248,DOI,0.5765765765765766,False,0.1974642927662957,0.5–0.7
MLDB-004249,DOI,0.5765765765765766,False,0.7064921342198979,0.5–0.7
MLDB-004250,DOI,0.5877192982456141,False,0.497148850601883,0.5–0.7
MLDB-004333,DOI,0.6774193548387096,False,0.0699764854216744,0.5–0.7
MLDB-004334,DOI,0.7325581395348837,False,0.0983581298852138,0.7–0.9
MLDB-004335,DOI,0.7777777777777778,False,0.6119638177135739,0.7–0.9
MLDB-004336,DOI,0.75,False,0.7669907754910503,0.7–0.9
MLDB-004342,DOI,0.30985915492957744,False,0.2238495443685733,0.3–0.5
MLDB-004358,DOI,0.39655172413793105,False,0.1784634179084697,0.3–0.5
MLDB-004376,DOI,0.8396946564885496,False,0.0383584295904133,0.7–0.9
MLDB-004377,DOI,0.7746478873239436,False,0.2878228146490081,0.7–0.9
MLDB-004378,DOI,0.8396946564885496,False,0.6666159126428242,0.7–0.9
MLDB-004379,DOI,0.7746478873239436,False,0.7809274768478188,0.7–0.9
MLDB-004409,DOI,0.5283018867924528,False,0.1718640924087391,0.5–0.7
MLDB-004410,DOI,0.514018691588785,False,0.2818772399309259,0.5–0.7
MLDB-004411,DOI,0.45263157894736844,False,0.3813528281856092,0.3–0.5
MLDB-004412,DOI,0.514018691588785,False,0.194713485870358,0.5–0.7
MLDB-004413,DOI,0.4329896907216495,False,0.0090305929384471,0.3–0.5
MLDB-004414,DOI,0.5283018867924528,False,0.3496939654936224,0.5–0.7
MLDB-004415,DOI,0.514018691588785,False,0.0241949701013701,0.5–0.7
MLDB-004416,DOI,0.4375,False,0.4413019029532538,0.3–0.5
MLDB-004417,DOI,0.5,False,0.0054789820956777,0.5–0.7
MLDB-004418,DOI,0.4251968503937008,False,0.2724497917562893,0.3–0.5
MLDB-004419,DOI,0.4777777777777778,False,0.5123694262809326,0.3–0.5
MLDB-004420,DOI,0.4777777777777778,False,0.2640997493990442,0.3–0.5
MLDB-004421,DOI,0.4,False,0.676598074870102,0.3–0.5
MLDB-004422,DOI,0.43137254901960786,False,0.6983609521483692,0.3–0.5
MLDB-004423,DOI,0.43956043956043955,False,0.5309873674329528,0.3–0.5
MLDB-004424,DOI,0.4574468085106383,False,0.4444022684561037,0.3–0.5
MLDB-004425,DOI,0.4421052631578947,False,0.1688853103569653,0.3–0.5
MLDB-004426,DOI,0.4,False,0.3251787205095197,0.3–0.5
MLDB-004427,DOI,0.46,False,0.1773400351154794,0.3–0.5
MLDB-004428,DOI,0.46835443037974683,False,0.602797197675224,0.3–0.5
MLDB-004429,DOI,0.4457831325301205,False,0.1408341678049386,0.3–0.5
MLDB-004430,DOI,0.39285714285714285,False,0.3534848268309166,0.3–0.5
MLDB-004431,DOI,0.46875,False,0.3918044757637021,0.3–0.5
MLDB-004470,DOI,0.6190476190476191,False,0.6736542666739743,0.5–0.7
MLDB-004471,DOI,0.6190476190476191,False,1.2167555280520237,0.5–0.7
MLDB-004472,DOI,0.5963302752293578,False,1.6884038392745355,0.5–0.7
MLDB-004473,DOI,0.5963302752293578,False,1.608628429376159,0.5–0.7
MLDB-004474,DOI,0.6372549019607843,False,0.855448527855333,0.5–0.7
MLDB-004475,DOI,0.6372549019607843,False,0.8314497079810043,0.5–0.7
MLDB-004476,DOI,0.6372549019607843,False,1.7238780585943116,0.5–0.7
MLDB-004477,DOI,0.6372549019607843,False,1.4710230121044034,0.5–0.7
MLDB-004478,DOI,0.6372549019607843,False,2.7355362789166344,0.5–0.7
MLDB-004479,DOI,0.6372549019607843,False,1.6636283362351334,0.5–0.7
MLDB-004480,DOI,0.6528925619834711,False,1.179752290046622,0.5–0.7
MLDB-004481,DOI,0.6528925619834711,False,2.3935329633889424,0.5–0.7
MLDB-004482,DOI,0.609375,False,1.9001641521165011,0.5–0.7
MLDB-004483,DOI,0.609375,False,3.0022984183573103,0.5–0.7
MLDB-004484,DOI,0.6311475409836066,False,1.4225182392307794,0.5–0.7
MLDB-004485,DOI,0.6311475409836066,False,2.321198831320722,0.5–0.7
MLDB-004486,DOI,0.6311475409836066,False,2.21305682158403,0.5–0.7
MLDB-004487,DOI,0.6311475409836066,False,2.6308811870583924,0.5–0.7
MLDB-004488,DOI,0.6311475409836066,False,2.122847325413513,0.5–0.7
MLDB-004489,DOI,0.6311475409836066,False,4.298495000230676,0.5–0.7
MLDB-004509,DOI,0.5901639344262295,False,1.0561322003145963,0.5–0.7
MLDB-004510,DOI,0.38571428571428573,False,0.4642173542792845,0.3–0.5
MLDB-004511,DOI,0.34285714285714286,False,0.55378899474156,0.3–0.5
MLDB-004512,DOI,0.29292929292929293,False,1.0418473326439783,<0.3
MLDB-004513,DOI,0.34285714285714286,False,0.5730907445259097,0.3–0.5
MLDB-004514,DOI,0.34285714285714286,False,0.6874700777989537,0.3–0.5
MLDB-004515,DOI,0.34285714285714286,False,0.7529525986935798,0.3–0.5
MLDB-004572,DOI,0.8,False,0.0533429927756966,0.7–0.9
MLDB-004573,DOI,0.8082901554404145,False,0.3907394822940415,0.7–0.9
MLDB-004574,DOI,0.8195121951219512,False,0.09289940155657,0.7–0.9
MLDB-004575,DOI,0.832579185520362,False,0.6719500590385783,0.7–0.9
MLDB-004680,DOI,0.59375,False,0.2322747334700725,0.5–0.7
MLDB-004681,DOI,0.5333333333333333,False,0.3109751326124695,0.5–0.7
MLDB-004695,DOI,0.3225806451612903,False,0.4051642332282353,0.3–0.5
MLDB-004785,DOI,0.5279503105590062,False,0.2514058574615126,0.5–0.7
MLDB-004786,DOI,1.0,False,0.5559228474945425,≥0.9
MLDB-004787,DOI,0.797979797979798,False,0.4363107704109176,0.7–0.9
MLDB-004788,DOI,0.648,False,0.968082784945148,0.5–0.7
MLDB-004789,DOI,0.6666666666666666,False,1.3328919745827652,0.5–0.7
MLDB-004790,DOI,0.6666666666666666,False,1.3699107604396177,0.5–0.7
MLDB-004791,DOI,0.46875,False,0.6765289533850489,0.3–0.5
MLDB-004877,DOI,0.35714285714285715,False,1.3796990199339518,0.3–0.5
MLDB-004889,DOI,0.5119047619047619,False,0.7993038590696493,0.5–0.7
MLDB-004890,DOI,0.9032258064516129,False,0.7155542109975037,≥0.9
MLDB-004891,DOI,0.5774647887323944,False,0.0131064949762545,0.5–0.7
MLDB-004892,DOI,0.5571428571428572,False,0.1430942620022134,0.5–0.7
MLDB-004893,DOI,0.5142857142857142,False,0.3097746754230103,0.5–0.7
MLDB-004915,DOI,0.4107142857142857,False,0.4280754641278306,0.3–0.5
MLDB-004916,DOI,0.3898305084745763,False,0.9735765444251538,0.3–0.5
MLDB-004917,DOI,0.3709677419354839,False,0.835845201902099,0.3–0.5
MLDB-004930,DOI,0.30344827586206896,False,1.23591385948447,0.3–0.5
MLDB-004971,DOI,0.5428571428571428,False,0.2535199124993477,0.5–0.7
MLDB-004972,DOI,0.6088560885608856,False,0.4764773386710126,0.5–0.7
MLDB-004973,DOI,0.5965665236051502,False,0.5685023264775166,0.5–0.7
MLDB-005001,DOI,0.5333333333333333,False,1.2127254992112784,0.5–0.7
MLDB-005002,DOI,0.47435897435897434,False,1.0578522154638008,0.3–0.5
MLDB-005041,DOI,0.7018633540372671,False,0.2904664691041985,0.7–0.9
MLDB-005042,DOI,0.6627218934911243,False,1.3634945726061238,0.5–0.7
MLDB-005043,DOI,0.8760330578512396,False,0.7270449666570344,0.7–0.9
MLDB-005075,DOI,0.7534246575342466,False,3.034556682023798,0.7–0.9
MLDB-005076,DOI,0.6470588235294118,False,3.0165542070134,0.5–0.7
MLDB-005077,DOI,0.7023809523809523,False,2.4964740673404098,0.7–0.9
MLDB-005078,DOI,0.6145833333333334,False,2.4073383885489954,0.5–0.7
MLDB-005079,DOI,0.9473684210526315,False,2.977701824055148,≥0.9
MLDB-005080,DOI,1.0,False,3.3616018561755374,≥0.9
MLDB-005107,DOI,0.5581395348837209,False,0.884023615012919,0.5–0.7
MLDB-005108,DOI,0.69,False,0.6326084258271105,0.5–0.7
MLDB-005152,DOI,0.6,False,0.1625559344853905,0.5–0.7
MLDB-000243,DOI,0.8011695906432749,False,0.7505260626351004,0.7–0.9
MLDB-000244,DOI,0.8704663212435233,False,0.5249121463383033,0.7–0.9
MLDB-000245,DOI,0.8513513513513513,False,0.5664501972546224,0.7–0.9
MLDB-000266,DOI,0.7723577235772358,False,0.7527841409599825,0.7–0.9
MLDB-000267,DOI,0.7925925925925926,False,0.4859663425183268,0.7–0.9
MLDB-000268,DOI,0.8228571428571428,False,0.1223060401653564,0.7–0.9
MLDB-000269,DOI,0.8287292817679558,False,0.5342633629741829,0.7–0.9
MLDB-000278,DOI,0.7315436241610739,False,0.4610137737105892,0.7–0.9
MLDB-000279,DOI,0.7515527950310559,False,0.3916021466116943,0.7–0.9
MLDB-000280,DOI,0.6946564885496184,False,0.3606816953863894,0.5–0.7
MLDB-000361,DOI,0.8881987577639752,False,0.7961477028748754,0.7–0.9
MLDB-000362,DOI,0.8245614035087719,False,0.3296477023824637,0.7–0.9
MLDB-000363,DOI,0.8461538461538461,False,0.6643133199158369,0.7–0.9
MLDB-000364,DOI,0.8632075471698113,False,0.321737487158857,0.7–0.9
MLDB-000365,DOI,0.8591549295774648,False,0.3103246236616893,0.7–0.9
MLDB-000366,DOI,0.8767772511848341,False,0.0596845774158891,0.7–0.9
MLDB-000400,DOI,0.8986486486486487,False,0.3426882989219104,0.7–0.9
MLDB-000401,DOI,0.847682119205298,False,0.0133761257147454,0.7–0.9
MLDB-000423,DOI,0.746268656716418,False,1.1192353391735748,0.7–0.9
MLDB-000424,DOI,0.6888888888888889,False,0.0298122296396455,0.5–0.7
MLDB-000425,DOI,0.6261261261261262,False,1.1261883062845792,0.5–0.7
MLDB-000426,DOI,0.5547445255474452,False,1.056663134255741,0.5–0.7
MLDB-000474,DOI,0.7323943661971831,False,1.3829208199928809,0.7–0.9
MLDB-000475,DOI,0.76,False,0.7617696465690615,0.7–0.9
MLDB-000476,DOI,0.8394160583941606,False,1.3604177010293386,0.7–0.9
MLDB-000477,DOI,0.7637362637362637,False,0.2372905488073484,0.7–0.9
MLDB-000478,DOI,0.803921568627451,False,0.6451768992940556,0.7–0.9
MLDB-000489,DOI,0.8369565217391305,False,0.5378350123413691,0.7–0.9
MLDB-000490,DOI,0.8172043010752689,False,0.9095884379329522,0.7–0.9
MLDB-000491,DOI,0.8172043010752689,False,0.5677904036000656,0.7–0.9
MLDB-000506,DOI,0.8125,False,1.822868137737991,0.7–0.9
MLDB-000507,DOI,0.8043478260869565,False,0.7074180602832884,0.7–0.9
MLDB-000508,DOI,0.8125,False,0.199390692143475,0.7–0.9
MLDB-000509,DOI,0.8043478260869565,False,1.0705492590086996,0.7–0.9
MLDB-000510,DOI,0.8125,False,1.4639515672351648,0.7–0.9
MLDB-000511,DOI,0.8043478260869565,False,0.3201014228645222,0.7–0.9
MLDB-000512,DOI,0.8043478260869565,False,0.2074180602832883,0.7–0.9
MLDB-000513,DOI,0.8125,False,1.0585569829940331,0.7–0.9
MLDB-000514,DOI,0.8043478260869565,False,1.0819527235154898,0.7–0.9
MLDB-000515,DOI,0.8043478260869565,False,1.2319527235154897,0.7–0.9
MLDB-000534,DOI,0.898876404494382,False,0.068787228571546,0.7–0.9
MLDB-000535,DOI,0.9069767441860465,False,0.0758333170578124,≥0.9
MLDB-000574,DOI,0.5087719298245614,False,0.0623998281217117,0.5–0.7
MLDB-000575,DOI,0.5083798882681564,False,0.0137593438419531,0.5–0.7
MLDB-000576,DOI,0.5418994413407822,False,0.2141348803668969,0.5–0.7
MLDB-000577,DOI,0.43609022556390975,False,0.6934395211207143,0.3–0.5
MLDB-000578,DOI,0.36024844720496896,False,0.3670124264746769,0.3–0.5
MLDB-000579,DOI,0.4393939393939394,False,0.8044845396787643,0.3–0.5
MLDB-000580,DOI,0.4175257731958763,False,0.6348732338069787,0.3–0.5
MLDB-000581,DOI,0.4293785310734463,False,0.0305249214120985,0.3–0.5
MLDB-000662,DOI,0.5544554455445545,False,0.509285451696479,0.5–0.7
MLDB-000663,DOI,0.75,False,0.7005789059396964,0.7–0.9
MLDB-000664,DOI,0.5277777777777778,False,0.7378228083251614,0.5–0.7
MLDB-000670,DOI,0.6705882352941176,False,0.8714007672851185,0.5–0.7
MLDB-000671,DOI,0.5714285714285714,False,0.7558151628480888,0.5–0.7
MLDB-000672,DOI,0.5087719298245614,False,1.3857402883479308,0.5–0.7
MLDB-000673,DOI,0.46774193548387094,False,1.214055441910916,0.3–0.5
MLDB-000710,DOI,0.7857142857142857,False,0.5903310176515238,0.7–0.9
MLDB-000711,DOI,0.6779661016949152,False,0.8162174507274336,0.5–0.7
MLDB-000712,DOI,0.6806083650190115,False,1.501125038813654,0.5–0.7
MLDB-000770,DOI,0.6894736842105263,False,0.3899642385520463,0.5–0.7
MLDB-000771,DOI,0.75,False,0.4542617992104188,0.7–0.9
MLDB-000772,DOI,0.6894736842105263,False,0.2202951459748675,0.5–0.7
MLDB-000773,DOI,0.75,False,0.3539179519382636,0.7–0.9
MLDB-000851,DOI,0.32,False,0.2574146030524078,0.3–0.5
MLDB-000867,DOI,0.5979899497487438,False,1.8970820028711248,0.5–0.7
MLDB-000868,DOI,0.7789473684210526,False,0.4272456074420667,0.7–0.9
MLDB-000869,DOI,0.33035714285714285,False,0.8379655397054461,0.3–0.5
MLDB-000870,DOI,0.38461538461538464,False,1.157324253463634,0.3–0.5
MLDB-000871,DOI,0.4745762711864407,False,1.2525949865817116,0.3–0.5
MLDB-000872,DOI,0.4581005586592179,False,1.1761109967403662,0.3–0.5
MLDB-000873,DOI,0.3795620437956204,False,2.1275689080003235,0.3–0.5
MLDB-000885,DOI,0.46,False,0.5583407938499148,0.3–0.5
MLDB-000886,DOI,0.42073170731707316,False,0.6563960889245584,0.3–0.5
MLDB-000887,DOI,0.7058823529411765,False,1.784229702571348,0.7–0.9
MLDB-000888,DOI,0.6896551724137931,False,1.2160696013049026,0.5–0.7
MLDB-000889,DOI,0.6382978723404256,False,0.9763937875034824,0.5–0.7
MLDB-000890,DOI,0.6055045871559633,False,0.6789603433535059,0.5–0.7
MLDB-000923,DOI,0.7945205479452054,False,2.033296338411973,0.7–0.9
MLDB-000924,DOI,0.8316326530612245,False,1.4883190097780146,0.7–0.9
MLDB-000925,DOI,0.7945205479452054,False,1.8680455169569017,0.7–0.9
MLDB-000926,DOI,0.8316326530612245,False,1.4609601041558569,0.7–0.9
MLDB-000930,DOI,0.3742690058479532,False,0.7651899927740226,0.3–0.5
MLDB-000931,DOI,0.6164383561643836,False,0.1719975208790259,0.5–0.7
MLDB-000980,DOI,0.847457627118644,False,0.4565272738464206,0.7–0.9
MLDB-000981,DOI,0.7099236641221374,False,1.0424281287739452,0.7–0.9
MLDB-000982,DOI,0.7647058823529411,False,0.7516769000083885,0.7–0.9
MLDB-000983,DOI,0.6951219512195121,False,1.3730009533269731,0.5–0.7
MLDB-000984,DOI,0.6785714285714286,False,1.3360336303627802,0.5–0.7
MLDB-000985,DOI,0.5950413223140496,False,0.7361818648509033,0.5–0.7
MLDB-000986,DOI,0.8504672897196262,False,0.0119305216823311,0.7–0.9
MLDB-000987,DOI,0.6055045871559633,False,0.6389603433535058,0.5–0.7
MLDB-000988,DOI,0.5714285714285714,False,0.8215554778116546,0.5–0.7
MLDB-001096,DOI,0.7241379310344828,False,0.3991960143009901,0.7–0.9
MLDB-001097,DOI,0.76,False,1.0059094988142925,0.7–0.9
MLDB-001134,DOI,0.6185567010309279,False,0.9856103511489608,0.5–0.7
MLDB-001135,DOI,0.8504672897196262,False,0.071930521682331,0.7–0.9
MLDB-001183,DOI,0.7973856209150327,False,0.0560948213485594,0.7–0.9
MLDB-001184,DOI,0.75,False,0.1135639973164439,0.7–0.9
MLDB-001185,DOI,0.7716049382716049,False,0.355830077255477,0.7–0.9
MLDB-001186,DOI,0.6611111111111111,False,0.2569262521444821,0.5–0.7
MLDB-001225,DOI,0.8176100628930818,False,0.2913540242507535,0.7–0.9
MLDB-001226,DOI,0.8535031847133758,False,0.257889273624652,0.7–0.9
MLDB-001227,DOI,0.8633540372670807,False,0.2637400481704599,0.7–0.9
MLDB-001228,DOI,0.845679012345679,False,0.3731240852632868,0.7–0.9
MLDB-001229,DOI,0.8214285714285714,False,0.0513824865057576,0.7–0.9
MLDB-001248,DOI,0.6428571428571429,False,1.906216883603657,0.5–0.7
MLDB-001249,DOI,0.7468354430379747,False,0.6237625691109272,0.7–0.9
MLDB-001267,DOI,0.7669172932330827,False,0.3391407770906723,0.7–0.9
MLDB-001268,DOI,0.8384615384615385,False,1.3363173347899109,0.7–0.9
MLDB-001269,DOI,0.8409090909090909,False,0.4263359866314812,0.7–0.9
MLDB-001270,DOI,0.762589928057554,False,0.550198240043172,0.7–0.9
MLDB-001271,DOI,0.8432835820895522,False,0.2130899623448103,0.7–0.9
MLDB-001272,DOI,0.8455882352941176,False,0.4792281653110021,0.7–0.9
MLDB-001273,DOI,0.7328767123287672,False,0.9820790106074252,0.7–0.9
MLDB-001274,DOI,0.47540983606557374,False,0.2790574567116122,0.3–0.5
MLDB-001275,DOI,0.4537037037037037,False,0.1734632370528332,0.3–0.5
MLDB-001276,DOI,0.49606299212598426,False,0.2558886396099453,0.3–0.5
MLDB-001308,DOI,0.5979381443298969,False,0.6368189030137776,0.5–0.7
MLDB-001309,DOI,0.5544554455445545,False,0.8218895156297953,0.5–0.7
MLDB-001310,DOI,0.5333333333333333,False,0.878779393617873,0.5–0.7
MLDB-001311,DOI,0.574468085106383,False,0.8619182725533152,0.5–0.7
MLDB-001312,DOI,0.5462962962962963,False,0.7434171597756372,0.5–0.7
MLDB-001313,DOI,0.4423076923076923,False,0.6375946590211287,0.3–0.5
MLDB-001314,DOI,0.7037037037037037,False,0.6247036400118996,0.7–0.9
MLDB-001315,DOI,1.0,False,0.3059985319112928,≥0.9
MLDB-001316,DOI,1.0,False,0.6868427285640939,≥0.9
MLDB-001317,DOI,1.0,False,0.0875305757207126,≥0.9
MLDB-001318,DOI,1.0,False,0.2072922006778655,≥0.9
MLDB-001319,DOI,1.0,False,0.1621767512040115,≥0.9
MLDB-001357,DOI,0.7443609022556391,False,0.6451379154002461,0.7–0.9
MLDB-001358,DOI,0.7142857142857143,False,1.2271951482157022,0.7–0.9
MLDB-001359,DOI,0.6923076923076923,False,0.8919035939600601,0.5–0.7
MLDB-001360,DOI,0.6890756302521008,False,0.7309031537717607,0.5–0.7
MLDB-001361,DOI,0.7033898305084746,False,0.5302270101539899,0.7–0.9
MLDB-001382,DOI,0.7777777777777778,False,0.2466958998744466,0.7–0.9
MLDB-001427,DOI,0.8513513513513513,False,0.5664501972546224,0.7–0.9
MLDB-001428,DOI,0.8152866242038217,False,0.1625132150242138,0.7–0.9
MLDB-001429,DOI,0.8618421052631579,False,0.1161619259610988,0.7–0.9
MLDB-001430,DOI,0.8343949044585988,False,0.1299500498681249,0.7–0.9
MLDB-001431,DOI,0.8741721854304636,False,0.3233982831413232,0.7–0.9
MLDB-001510,DOI,0.7243589743589743,False,0.2790134143576021,0.7–0.9
MLDB-001511,DOI,0.7261146496815286,False,0.7184406702959064,0.7–0.9
MLDB-001512,DOI,0.7152317880794702,False,0.0552037028329105,0.7–0.9
MLDB-001597,DOI,0.6785714285714286,False,0.6075334958980226,0.5–0.7
MLDB-001598,DOI,0.625,False,1.104950006065393,0.5–0.7
MLDB-001599,DOI,0.5904761904761905,False,0.7757819469531235,0.5–0.7
MLDB-001600,DOI,0.5728155339805825,False,0.0537023051400016,0.5–0.7
MLDB-001601,DOI,0.7471264367816092,False,0.0396378881596238,0.7–0.9
MLDB-001602,DOI,0.7634408602150538,False,0.344747121345172,0.7–0.9
MLDB-001770,DOI,0.35,False,0.4450989699653834,0.3–0.5
MLDB-001771,DOI,0.35,False,0.8619010300346166,0.3–0.5
MLDB-001799,DOI,0.5725806451612904,False,0.6019322908828331,0.5–0.7
MLDB-001800,DOI,0.546875,False,0.4146749873205821,0.5–0.7
MLDB-001801,DOI,0.5666666666666667,False,0.6006670489987991,0.5–0.7
MLDB-001802,DOI,0.576,False,0.5499198313115795,0.5–0.7
MLDB-001803,DOI,0.5390625,False,0.6320749820699356,0.5–0.7
MLDB-001804,DOI,0.45,False,0.3161596309182066,0.3–0.5
MLDB-001805,DOI,0.46794871794871795,False,0.1357164644631995,0.3–0.5
MLDB-002037,DOI,0.8292682926829268,False,0.4778557551352193,0.7–0.9
MLDB-002038,DOI,0.851063829787234,False,0.4041256698122125,0.7–0.9
MLDB-002039,DOI,0.8679245283018868,False,0.3626510508383036,0.7–0.9
MLDB-002040,DOI,0.8813559322033898,False,0.3918401756446685,0.7–0.9
MLDB-002091,DOI,0.7421052631578947,False,0.0509785356153806,0.7–0.9
MLDB-002092,DOI,0.7421052631578947,False,0.0609785356153806,0.7–0.9
MLDB-002093,DOI,0.5080645161290323,False,0.1289672204460928,0.5–0.7
MLDB-002094,DOI,0.256,False,0.1714977642772664,<0.3
MLDB-002095,DOI,0.3313953488372093,False,0.0530864997240482,0.3–0.5
MLDB-002137,DOI,0.7586206896551724,False,0.0932673071836977,0.7–0.9
MLDB-002138,DOI,0.532608695652174,False,0.4474583516711473,0.5–0.7
MLDB-002139,DOI,0.65,False,0.1949653171563028,0.5–0.7
MLDB-002140,DOI,0.6805555555555556,False,0.5296090138758012,0.5–0.7
MLDB-002141,DOI,0.8166666666666667,False,0.2193206367777682,0.7–0.9
MLDB-002142,DOI,0.5967741935483871,False,0.1788823127873688,0.5–0.7
MLDB-002143,DOI,0.4807692307692308,False,0.3156326378252918,0.3–0.5
MLDB-002144,DOI,0.6216216216216216,False,0.0631812533189229,0.5–0.7
MLDB-002145,DOI,0.6164383561643836,False,0.5640266987348348,0.5–0.7
MLDB-002146,DOI,0.65625,False,0.0629587608959396,0.5–0.7
MLDB-002167,DOI,0.5057471264367817,False,0.915411401406695,0.5–0.7
MLDB-002185,DOI,0.6853932584269663,False,0.6238384061452965,0.5–0.7
MLDB-002186,DOI,0.6692913385826772,False,0.7312648838958961,0.5–0.7
MLDB-002238,DOI,0.7012987012987013,False,1.3731718509135191,0.7–0.9
MLDB-002239,DOI,0.7128205128205128,False,0.05326596378178,0.7–0.9
MLDB-002240,DOI,0.7027027027027027,False,0.5891166695754817,0.7–0.9
MLDB-002241,DOI,0.9297297297297298,False,0.1754947477054003,≥0.9
MLDB-002242,DOI,0.6497695852534562,False,1.09033872323622,0.5–0.7
MLDB-002243,DOI,0.5642023346303502,False,0.664430123141424,0.5–0.7
MLDB-002244,DOI,0.5506072874493927,False,0.1319888610626316,0.5–0.7
MLDB-002245,DOI,0.7,False,0.3213653157993537,0.7–0.9
MLDB-002289,DOI,0.8849557522123894,False,0.0515900240792228,0.7–0.9
MLDB-002363,DOI,0.8961038961038961,False,0.1088730498295687,0.7–0.9
MLDB-002365,DOI,1.0,False,0.1419511323644487,≥0.9
MLDB-002366,DOI,0.7362637362637363,False,1.2402650119834238,0.7–0.9
MLDB-002367,DOI,0.7362637362637363,False,0.2900073717197928,0.7–0.9
MLDB-002368,DOI,0.7719298245614035,False,0.5633267399102109,0.7–0.9
MLDB-002369,DOI,0.8674698795180723,False,0.225652404911538,0.7–0.9
MLDB-002370,DOI,0.7155172413793104,False,0.3260781281097768,0.7–0.9
MLDB-002371,DOI,0.86,False,0.5012352166657212,0.7–0.9
MLDB-002372,DOI,1.0,False,0.3054103628802578,≥0.9
MLDB-002373,DOI,1.0,False,0.2889450694424352,≥0.9
MLDB-002374,DOI,1.0,False,0.5822665122774989,≥0.9
MLDB-002375,DOI,1.0,False,0.0591841212258223,≥0.9
MLDB-002376,DOI,0.7468354430379747,False,0.4278346833983499,0.7–0.9
MLDB-002377,DOI,0.7857142857142857,False,0.3596726518126338,0.7–0.9
MLDB-002381,DOI,0.6727272727272727,False,0.3567554418202276,0.5–0.7
MLDB-002383,DOI,0.8378378378378378,False,0.3622429467810029,0.7–0.9
MLDB-002405,DOI,0.6333333333333333,False,0.3179044124360261,0.5–0.7
MLDB-002447,DOI,0.33962264150943394,False,0.1236732635032675,0.3–0.5
MLDB-002448,DOI,0.25663716814159293,False,0.4477057094695581,<0.3
MLDB-002449,DOI,0.33962264150943394,False,0.2263267364967323,0.3–0.5
MLDB-002457,DOI,0.33962264150943394,False,2.1945523186671205,0.3–0.5
MLDB-002458,DOI,0.39805825242718446,False,1.8114353442976776,0.3–0.5
MLDB-002459,DOI,0.5,False,0.5595956020407907,0.5–0.7
MLDB-002460,DOI,0.49333333333333335,False,0.317693260223756,0.3–0.5
MLDB-002469,DOI,0.7341772151898734,False,0.1872312474128873,0.7–0.9
MLDB-002470,DOI,0.6932515337423313,False,0.0933034960309098,0.5–0.7
MLDB-002471,DOI,0.6746987951807228,False,0.3485930879288887,0.5–0.7
MLDB-002472,DOI,0.5836298932384342,False,0.3205841162339753,0.5–0.7
MLDB-002473,DOI,0.5574912891986062,False,0.0922136594313767,0.5–0.7
MLDB-002474,DOI,0.5536332179930796,False,0.0800835701273132,0.5–0.7
MLDB-002510,DOI,0.3894736842105263,False,1.0554676171000454,0.3–0.5
MLDB-002642,DOI,0.828125,False,0.235896130652914,0.7–0.9
MLDB-002643,DOI,0.875,False,0.2782853485788057,0.7–0.9
MLDB-002644,DOI,0.7692307692307693,False,0.0182770826648144,0.7–0.9
MLDB-002645,DOI,0.8235294117647058,False,0.3037340033324474,0.7–0.9
MLDB-002686,DOI,0.8529411764705882,False,0.0377850311276549,0.7–0.9
MLDB-002687,DOI,0.8484848484848485,False,0.3083052423968733,0.7–0.9
MLDB-002688,DOI,0.8,False,0.2084920559008813,0.7–0.9
MLDB-002689,DOI,0.8024691358024691,False,0.2330009068306063,0.7–0.9
MLDB-002690,DOI,0.7974683544303798,False,0.6840539447224439,0.7–0.9
MLDB-002691,DOI,0.746031746031746,False,0.3816915846665474,0.7–0.9
MLDB-002699,DOI,0.5283018867924528,False,0.1606861090854183,0.5–0.7
MLDB-002700,DOI,0.5575221238938053,False,0.5939674702021311,0.5–0.7
MLDB-002701,DOI,0.5370370370370371,False,0.3010619419276762,0.5–0.7
MLDB-002702,DOI,0.5363636363636364,False,0.5077696333381545,0.5–0.7
MLDB-002703,DOI,0.4225352112676056,False,0.0563187340181919,0.3–0.5
MLDB-002704,DOI,0.44966442953020136,False,0.6718469394996096,0.3–0.5
MLDB-002705,DOI,0.4305555555555556,False,0.3043004005776297,0.3–0.5
MLDB-002706,DOI,0.4315068493150685,False,0.5298397773651494,0.3–0.5
MLDB-002707,DOI,0.4225352112676056,False,0.2737472549338288,0.3–0.5
MLDB-002708,DOI,0.44966442953020136,False,0.664284709947506,0.3–0.5
MLDB-002709,DOI,0.4305555555555556,False,0.4843663895296504,0.3–0.5
MLDB-002710,DOI,0.4315068493150685,False,0.7699057663171701,0.3–0.5
MLDB-002721,DOI,0.5116279069767442,False,1.0921208557818949,0.5–0.7
MLDB-002722,DOI,0.34234234234234234,False,2.1962381290709883,0.3–0.5
MLDB-002723,DOI,0.3392857142857143,False,0.2673470707842531,0.3–0.5
MLDB-002724,DOI,0.3456221198156682,False,2.061008262780641,0.3–0.5
MLDB-002725,DOI,0.392,False,0.7928640378427647,0.3–0.5
MLDB-002726,DOI,0.34710743801652894,False,0.6196869892086326,0.3–0.5
MLDB-002742,DOI,0.6354679802955665,False,0.4687425134507825,0.5–0.7
MLDB-002743,DOI,0.44876325088339225,False,0.059234328687328,0.3–0.5
MLDB-002744,DOI,0.47577092511013214,False,0.9667503910069392,0.3–0.5
MLDB-002745,DOI,0.5359712230215827,False,0.3171393547244705,0.5–0.7
MLDB-002818,DOI,0.46153846153846156,False,0.3106416753493167,0.3–0.5
MLDB-002819,DOI,0.5154639175257731,False,0.0102500651656803,0.5–0.7
MLDB-002820,DOI,0.46153846153846156,False,0.5510107821297097,0.3–0.5
MLDB-002821,DOI,0.5154639175257731,False,0.3184284301718404,0.5–0.7
MLDB-002833,DOI,0.5714285714285714,False,0.9853564016106866,0.5–0.7
MLDB-002834,DOI,0.4642857142857143,False,0.1836193940120561,0.3–0.5
MLDB-002835,DOI,0.5657894736842105,False,0.3877714085442895,0.5–0.7
MLDB-002879,DOI,0.9883720930232558,False,0.7436735614010704,≥0.9
MLDB-002880,DOI,0.9019607843137255,False,0.147800320332118,≥0.9
MLDB-002881,DOI,0.7378640776699029,False,0.5141740095261903,0.7–0.9
MLDB-002903,DOI,0.30851063829787234,False,2.745207195880039,0.3–0.5
MLDB-002904,DOI,0.32038834951456313,False,2.282520026734076,0.3–0.5
MLDB-002905,DOI,0.39316239316239315,False,2.711657840893949,0.3–0.5
MLDB-002906,DOI,0.4789915966386555,False,1.2528329445320396,0.3–0.5
MLDB-002907,DOI,0.782608695652174,False,1.3897860006446436,0.7–0.9
MLDB-002908,DOI,0.30851063829787234,False,2.845207195880039,0.3–0.5
MLDB-002909,DOI,0.32038834951456313,False,2.282520026734076,0.3–0.5
MLDB-002910,DOI,0.39316239316239315,False,2.711657840893949,0.3–0.5
MLDB-002911,DOI,0.4789915966386555,False,1.1528329445320395,0.3–0.5
MLDB-002912,DOI,0.782608695652174,False,1.289786000644644,0.7–0.9
MLDB-002913,DOI,0.30851063829787234,False,2.845207195880039,0.3–0.5
MLDB-002914,DOI,0.32038834951456313,False,2.082520026734077,0.3–0.5
MLDB-002915,DOI,0.39316239316239315,False,2.6116578408939493,0.3–0.5
MLDB-002916,DOI,0.4789915966386555,False,1.1528329445320395,0.3–0.5
MLDB-002917,DOI,0.782608695652174,False,1.3897860006446436,0.7–0.9
MLDB-002974,DOI,0.5147058823529411,False,1.327299655906054,0.5–0.7
MLDB-002975,DOI,0.7525773195876289,False,0.87219361870318,0.7–0.9
MLDB-002976,DOI,0.6226415094339622,False,1.0711898239081856,0.5–0.7
MLDB-002977,DOI,0.5773195876288659,False,0.7501910457527177,0.5–0.7
MLDB-002978,DOI,0.9008264462809917,False,1.3181299893345126,≥0.9
MLDB-003026,DOI,0.7066666666666667,False,0.9700678858007658,0.7–0.9
MLDB-003027,DOI,0.32075471698113206,False,1.6900498242437745,0.3–0.5
MLDB-003040,DOI,0.47863247863247865,False,0.2027088624976374,0.3–0.5
MLDB-003041,DOI,0.5446428571428571,False,0.4650746927257507,0.5–0.7
MLDB-003042,DOI,0.5446428571428571,False,0.3185884106612238,0.5–0.7
MLDB-003043,DOI,0.47863247863247865,False,0.4721525876567795,0.3–0.5
MLDB-003063,DOI,0.625,False,0.8669146003993837,0.5–0.7
MLDB-003064,DOI,0.4429530201342282,False,1.1536851976530764,0.3–0.5
MLDB-003065,DOI,0.5401459854014599,False,1.7178692920491638,0.5–0.7
MLDB-003066,DOI,0.5401459854014599,False,1.3630092092747628,0.5–0.7
MLDB-003067,DOI,0.5401459854014599,False,1.459262405819374,0.5–0.7
MLDB-003068,DOI,0.5333333333333333,False,0.86501008401749,0.5–0.7
MLDB-003069,DOI,0.44525547445255476,False,0.4752826660870458,0.3–0.5
MLDB-003070,DOI,0.5596330275229358,False,0.0319387631819198,0.5–0.7
MLDB-003071,DOI,0.5939849624060151,False,0.4508087631473286,0.5–0.7
MLDB-003089,DOI,0.96875,False,0.7299463940125313,≥0.9
MLDB-003090,DOI,0.5689655172413793,False,0.8311644595669587,0.5–0.7
MLDB-003096,DOI,0.5619047619047619,False,0.6287464108776812,0.5–0.7
MLDB-003097,DOI,0.8636363636363636,False,0.371614429972718,0.7–0.9
MLDB-003098,DOI,0.5619047619047619,False,0.8179301043990985,0.5–0.7
MLDB-003099,DOI,0.8571428571428571,False,0.2741211997238345,0.7–0.9
MLDB-003100,DOI,0.8571428571428571,False,0.2487566913715534,0.7–0.9
MLDB-003101,DOI,0.8571428571428571,False,0.2878074294728062,0.7–0.9
MLDB-003108,DOI,0.7699115044247787,False,0.140569327721808,0.7–0.9
MLDB-003109,DOI,0.8461538461538461,False,0.4208400915296435,0.7–0.9
MLDB-003110,DOI,0.6833333333333333,False,0.0058776146331757,0.5–0.7
MLDB-003111,DOI,0.7538461538461538,False,0.1637779794839808,0.7–0.9
MLDB-003112,DOI,0.8024691358024691,False,0.0591413212534762,0.7–0.9
MLDB-003113,DOI,0.7611940298507462,False,0.2404611345631019,0.7–0.9
MLDB-003114,DOI,0.7469879518072289,False,0.0176116350743164,0.7–0.9
MLDB-003115,DOI,0.77,False,0.0066218669651784,0.7–0.9
MLDB-003116,DOI,0.8375,False,0.0755418623465583,0.7–0.9
MLDB-003117,DOI,0.7283950617283951,False,0.3337142495658387,0.7–0.9
MLDB-003118,DOI,0.7108433734939759,False,0.5868774656157958,0.7–0.9
MLDB-003119,DOI,0.6629213483146067,False,0.1608591643388799,0.5–0.7
MLDB-003120,DOI,0.7441860465116279,False,0.6242214063766137,0.7–0.9
MLDB-003121,DOI,0.7383177570093458,False,0.1581795867605582,0.7–0.9
MLDB-003122,DOI,0.6989247311827957,False,0.3457824561571722,0.5–0.7
MLDB-003123,DOI,0.65,False,0.0678710009945534,0.5–0.7
MLDB-003213,DOI,0.5283018867924528,False,2.2364388173421212,0.5–0.7
MLDB-003214,DOI,0.47794117647058826,False,3.0056941442678795,0.3–0.5
MLDB-003215,DOI,0.625,False,2.4212637416399283,0.5–0.7
MLDB-003216,DOI,0.5603448275862069,False,2.9127787697397753,0.5–0.7
MLDB-003227,DOI,0.6173913043478261,False,0.5902570532729329,0.5–0.7
MLDB-003243,DOI,0.4596774193548387,False,0.4980673028624537,0.3–0.5
MLDB-003244,DOI,0.4155844155844156,False,0.1447396809445671,0.3–0.5
MLDB-003245,DOI,0.6181818181818182,False,0.1927005149336051,0.5–0.7
MLDB-003280,DOI,0.7469879518072289,False,1.5835530846007717,0.7–0.9
MLDB-003281,DOI,0.8375,False,1.4375336046966685,0.7–0.9
MLDB-003353,DOI,0.5128205128205128,False,0.0239496145010087,0.5–0.7
MLDB-003427,DOI,0.4426229508196721,False,0.6698771737996736,0.3–0.5
MLDB-003428,DOI,0.4296028880866426,False,0.3307929260298221,0.3–0.5
MLDB-003429,DOI,0.4528301886792453,False,0.3333706134001082,0.3–0.5
MLDB-003439,DOI,0.3508771929824561,False,1.18270987700229,0.3–0.5
MLDB-003440,DOI,0.3780487804878049,False,0.0639570807248122,0.3–0.5
MLDB-003441,DOI,0.47107438016528924,False,0.1917067635158856,0.3–0.5
MLDB-003442,DOI,0.43157894736842106,False,0.2478479284413818,0.3–0.5
MLDB-003443,DOI,0.3978494623655914,False,0.2904055908733772,0.3–0.5
MLDB-003444,DOI,0.59375,False,0.5888508811216688,0.5–0.7
MLDB-003451,DOI,1.0,False,0.1295398159924121,≥0.9
MLDB-003452,DOI,1.0,False,1.21903072534947,≥0.9
MLDB-003453,DOI,0.84251968503937,False,0.0679870035944203,0.7–0.9
MLDB-003454,DOI,0.849624060150376,False,0.2072886535247642,0.7–0.9
MLDB-003455,DOI,0.8169014084507042,False,0.2280385962284579,0.7–0.9
MLDB-003548,DOI,1.0,False,1.0683312485752416,≥0.9
MLDB-003549,DOI,0.7398373983739838,False,0.5773976634572474,0.7–0.9
MLDB-003550,DOI,1.0,False,1.050912754659471,≥0.9
MLDB-003607,DOI,0.7195121951219512,False,0.5713570517841537,0.7–0.9
MLDB-003608,DOI,0.651685393258427,False,0.2418283260096209,0.5–0.7
MLDB-003609,DOI,0.6372549019607843,False,2.5551671119887325,0.5–0.7
MLDB-003654,DOI,0.8088235294117647,False,1.5659083865520191,0.7–0.9
MLDB-003655,DOI,0.8243243243243243,False,0.03948179892886,0.7–0.9
MLDB-003656,DOI,0.6013071895424836,False,0.2732633937565452,0.5–0.7
MLDB-003657,DOI,0.8818181818181818,False,0.8998593565808775,0.7–0.9
MLDB-003859,DOI,0.8037974683544303,False,0.8913184658692498,0.7–0.9
MLDB-003860,DOI,0.7721518987341772,False,0.823443338227269,0.7–0.9
MLDB-003861,DOI,0.7816091954022989,False,1.09913791026575,0.7–0.9
MLDB-003862,DOI,0.7625,False,1.2153904070217778,0.7–0.9
MLDB-003863,DOI,0.6417112299465241,False,0.0206577502645641,0.5–0.7
MLDB-003864,DOI,0.7099236641221374,False,0.1413802027333792,0.7–0.9
MLDB-003865,DOI,0.5853658536585366,False,0.016797132928028,0.5–0.7
MLDB-003866,DOI,0.7671232876712328,False,0.4543884387354924,0.7–0.9
MLDB-003889,DOI,0.8067632850241546,False,0.989646350026986,0.7–0.9
MLDB-003890,DOI,0.6828193832599119,False,1.0974510587101731,0.5–0.7
MLDB-003891,DOI,0.6681222707423581,False,0.869259945045399,0.5–0.7
MLDB-003892,DOI,0.9176470588235294,False,0.1524199004828676,≥0.9
MLDB-003893,DOI,0.8888888888888888,False,1.1763098360089903,0.7–0.9
MLDB-003894,DOI,0.6931818181818182,False,1.539075746749308,0.5–0.7
MLDB-003895,DOI,0.847457627118644,False,2.346762834505473,0.7–0.9
MLDB-003922,DOI,0.7894736842105263,False,0.1704457312903875,0.7–0.9
MLDB-003923,DOI,0.875,False,0.57405578142667,0.7–0.9
MLDB-003924,DOI,0.7325581395348837,False,0.3338646851411133,0.7–0.9
MLDB-003999,DOI,0.8618421052631579,False,1.322946507894507,0.7–0.9
MLDB-004000,DOI,0.8947368421052632,False,1.274376149009195,0.7–0.9
MLDB-004001,DOI,0.9297297297297298,False,0.3054947477054002,≥0.9
MLDB-004002,DOI,0.6536796536796536,False,1.7225810696683963,0.5–0.7
MLDB-004003,DOI,0.77,False,1.1249961039843892,0.7–0.9
MLDB-004004,DOI,0.6683673469387755,False,0.8736603365574611,0.5–0.7
MLDB-004180,DOI,0.5688073394495413,False,0.5675027985584333,0.5–0.7
MLDB-004181,DOI,0.5765765765765766,False,0.4174319900161695,0.5–0.7
MLDB-004182,DOI,0.5765765765765766,False,1.042191792036144,0.5–0.7
MLDB-004183,DOI,0.5877192982456141,False,0.6758148852458694,0.5–0.7
MLDB-004184,DOI,0.5210084033613446,False,0.7049630201784498,0.5–0.7
MLDB-004185,DOI,0.5289256198347108,False,0.3007058761397108,0.5–0.7
MLDB-004186,DOI,0.5289256198347108,False,0.0229647415140277,0.5–0.7
MLDB-004187,DOI,0.5403225806451613,False,2.2949561836292514,0.5–0.7
MLDB-004223,DOI,0.5238095238095238,False,0.6602455429148646,0.5–0.7
MLDB-004224,DOI,0.5625,False,0.2430899902218138,0.5–0.7
MLDB-004225,DOI,0.41025641025641024,False,0.3409172901663323,0.3–0.5
MLDB-004226,DOI,0.3697478991596639,False,0.4708230166832088,0.3–0.5
MLDB-004227,DOI,0.6568627450980392,False,0.3762579201047301,0.5–0.7
MLDB-004228,DOI,0.6170212765957447,False,0.2072570211124658,0.5–0.7
MLDB-004229,DOI,0.625,False,0.8390657944989077,0.5–0.7
MLDB-004230,DOI,0.6326530612244898,False,0.8176629005423579,0.5–0.7
MLDB-004231,DOI,0.6197183098591549,False,0.2792094003030518,0.5–0.7
MLDB-004232,DOI,0.5824175824175825,False,0.0224551735297292,0.5–0.7
MLDB-004233,DOI,0.5913978494623656,False,0.8365825527025308,0.5–0.7
MLDB-004234,DOI,0.6,False,0.3184776314819822,0.5–0.7
MLDB-004251,DOI,0.5,False,0.1310343606310695,0.5–0.7
MLDB-004252,DOI,0.48148148148148145,False,0.1644019439577183,0.3–0.5
MLDB-004253,DOI,0.6774193548387096,False,0.4115287394938937,0.5–0.7
MLDB-004254,DOI,0.6507936507936508,False,0.2419042617030703,0.5–0.7
MLDB-004264,DOI,0.3333333333333333,False,1.2279768601651866,0.3–0.5
MLDB-004291,DOI,0.4666666666666667,False,0.8179780902498975,0.3–0.5
MLDB-004292,DOI,0.5485232067510548,False,1.1222227123540058,0.5–0.7
MLDB-004293,DOI,0.42628205128205127,False,0.6718928792883132,0.3–0.5
MLDB-004347,DOI,0.660377358490566,False,0.1088452964635313,0.5–0.7
MLDB-004348,DOI,0.6036036036036037,False,0.2171349210406205,0.5–0.7
MLDB-004349,DOI,0.6036036036036037,False,0.0162409067857113,0.5–0.7
MLDB-004350,DOI,0.672,False,0.3467244597983232,0.5–0.7
MLDB-004351,DOI,0.6614173228346457,False,0.0909217089974671,0.5–0.7
MLDB-004352,DOI,0.6614173228346457,False,0.0245283495212909,0.5–0.7
MLDB-004353,DOI,0.3780487804878049,False,0.492190405361507,0.3–0.5
MLDB-004354,DOI,0.2828282828282828,False,0.1134567907700878,<0.3
MLDB-004355,DOI,0.4716981132075472,False,0.3127034399518424,0.3–0.5
MLDB-004356,DOI,0.45217391304347826,False,0.5385149714348855,0.3–0.5
MLDB-004462,DOI,0.7513513513513513,False,1.531009952492412,0.7–0.9
MLDB-004463,DOI,0.7616580310880829,False,0.9745439568226764,0.7–0.9
MLDB-004464,DOI,0.7441860465116279,False,0.5922362077172626,0.7–0.9
MLDB-004465,DOI,0.7619047619047619,False,0.3388382238097178,0.7–0.9
MLDB-004492,DOI,0.7719298245614035,False,0.8747194392865199,0.7–0.9
MLDB-004493,DOI,0.7719298245614035,False,0.5696452719458791,0.7–0.9
MLDB-004494,DOI,0.7719298245614035,False,1.4999999057937163,0.7–0.9
MLDB-004495,DOI,0.7394957983193278,False,1.7174638362341903,0.7–0.9
MLDB-004496,DOI,0.7394957983193278,False,1.1343305025778347,0.7–0.9
MLDB-004579,DOI,0.38636363636363635,False,1.462543391429271,0.3–0.5
MLDB-004580,DOI,0.6,False,1.3146950062190106,0.5–0.7
MLDB-004581,DOI,0.43902439024390244,False,1.1866015822745677,0.3–0.5
MLDB-004582,DOI,0.43902439024390244,False,1.0767433018910677,0.3–0.5
MLDB-004646,DOI,0.41081081081081083,False,2.322546841215745,0.3–0.5
MLDB-004647,DOI,0.3736842105263158,False,2.1579518485611606,0.3–0.5
MLDB-004648,DOI,0.3882978723404255,False,1.752279810736258,0.3–0.5
MLDB-004649,DOI,0.6089743589743589,False,2.36968779690032,0.5–0.7
MLDB-004650,DOI,0.5786163522012578,False,2.21664881724263,0.5–0.7
MLDB-004651,DOI,0.5714285714285714,False,1.9592713664911672,0.5–0.7
MLDB-004675,DOI,0.5,False,0.5094626712365168,0.5–0.7
MLDB-004676,DOI,0.4,False,0.8435090721615153,0.3–0.5
MLDB-004677,DOI,0.4,False,0.3096298401013153,0.3–0.5
MLDB-004734,DOI,0.697986577181208,False,0.2269420381908928,0.5–0.7
MLDB-004735,DOI,0.5123152709359606,False,0.5806184272670051,0.5–0.7
MLDB-004736,DOI,0.6170212765957447,False,0.3431229227905913,0.5–0.7
MLDB-004737,DOI,0.5801526717557252,False,0.5270420336340893,0.5–0.7
MLDB-004760,DOI,0.5416666666666666,False,1.4664842421194948,0.5–0.7
MLDB-004761,DOI,0.5253164556962026,False,0.7680509768549804,0.5–0.7
MLDB-004762,DOI,0.47752808988764045,False,0.7879782365241368,0.3–0.5
MLDB-004763,DOI,0.47333333333333333,False,0.6859593022931447,0.3–0.5
MLDB-004764,DOI,0.4911242603550296,False,0.5278253544764178,0.3–0.5
MLDB-004820,DOI,0.5402298850574713,False,0.5860928410325761,0.5–0.7
MLDB-004821,DOI,0.5529411764705883,False,0.5364750046460236,0.5–0.7
MLDB-004822,DOI,0.5339805825242718,False,0.4802407927134795,0.5–0.7
MLDB-004823,DOI,0.5445544554455446,False,0.3786585950157411,0.5–0.7
MLDB-004824,DOI,0.5280898876404494,False,1.3410515656448758,0.5–0.7
MLDB-004825,DOI,0.5402298850574713,False,1.2235490636822854,0.5–0.7
MLDB-004826,DOI,0.5238095238095238,False,0.7247116318149212,0.5–0.7
MLDB-004827,DOI,0.5339805825242718,False,0.1470989805370196,0.5–0.7
MLDB-004828,DOI,0.29770992366412213,False,0.6809267425914085,<0.3
MLDB-004829,DOI,0.3103448275862069,False,0.2277392067834195,0.3–0.5
MLDB-004830,DOI,0.2796610169491525,False,0.1998305623371595,<0.3
MLDB-004831,DOI,0.2727272727272727,False,0.3018758405064873,<0.3
MLDB-004832,DOI,0.276,False,0.7915698100315611,<0.3
MLDB-004833,DOI,0.3088235294117647,False,0.7267468368660106,0.3–0.5
MLDB-004842,DOI,0.69,False,0.4277972572590853,0.5–0.7
MLDB-004843,DOI,0.6213592233009708,False,0.027087383948003,0.5–0.7
MLDB-004863,DOI,0.46296296296296297,False,0.4958076787674489,0.3–0.5
MLDB-004864,DOI,0.4778761061946903,False,0.1547643604727414,0.3–0.5
MLDB-004872,DOI,0.4588235294117647,False,0.2594071675796909,0.3–0.5
MLDB-004873,DOI,0.8545454545454545,False,0.2394061851392472,0.7–0.9
MLDB-004874,DOI,0.549618320610687,False,1.2198132975150155,0.5–0.7
MLDB-004875,DOI,0.44805194805194803,False,0.2494346080902817,0.3–0.5
MLDB-004906,DOI,1.0,False,0.15240369726707,≥0.9
MLDB-004907,DOI,1.0,False,0.0332469963707142,≥0.9
MLDB-004918,DOI,0.3508771929824561,False,1.5523006231918552,0.3–0.5
MLDB-004924,DOI,0.65625,False,0.8767401112565609,0.5–0.7
MLDB-004925,DOI,0.8275862068965517,False,0.8911766904874392,0.7–0.9
MLDB-004977,DOI,0.59375,False,1.1766348790429944,0.5–0.7
MLDB-004978,DOI,0.43902439024390244,False,1.23055320483438,0.3–0.5
MLDB-004979,DOI,0.4090909090909091,False,1.0539456825858635,0.3–0.5
MLDB-004980,DOI,0.43902439024390244,False,1.5661580370830974,0.3–0.5
MLDB-004981,DOI,0.4090909090909091,False,1.2242928925870995,0.3–0.5
MLDB-004982,DOI,0.4090909090909091,False,0.5534053264892964,0.3–0.5
MLDB-004983,DOI,0.391304347826087,False,0.7754312332416367,0.3–0.5
MLDB-004984,DOI,0.391304347826087,False,0.990987379429302,0.3–0.5
MLDB-004985,DOI,0.43902439024390244,False,1.1160136911336505,0.3–0.5
MLDB-004986,DOI,0.4090909090909091,False,1.6341425410304535,0.3–0.5
MLDB-004987,DOI,0.3157894736842105,False,0.6457716808902558,0.3–0.5
MLDB-005068,DOI,0.7456647398843931,False,0.4808071768697255,0.7–0.9
MLDB-005069,DOI,0.7094972067039106,False,0.4694537458129764,0.7–0.9
MLDB-005070,DOI,0.6402116402116402,False,0.5910797671253842,0.5–0.7
MLDB-005071,DOI,0.7262569832402235,False,0.5143141631755077,0.7–0.9
MLDB-005072,DOI,0.8571428571428571,False,1.086913429932197,0.7–0.9
MLDB-005073,DOI,0.5714285714285714,False,0.9377580157220774,0.5–0.7
MLDB-005074,DOI,0.5142857142857142,False,0.4945652465662862,0.5–0.7
MLDB-005085,DOI,0.5944700460829493,False,1.1660128993653815,0.5–0.7
MLDB-005086,DOI,0.5245283018867924,False,0.759832992280445,0.5–0.7
MLDB-005096,DOI,0.5960264900662252,False,0.9609205863649454,0.5–0.7
MLDB-005097,DOI,0.44025157232704404,False,0.6075458853378988,0.3–0.5
MLDB-005098,DOI,0.6428571428571429,False,0.9239672687756256,0.5–0.7
MLDB-005099,DOI,0.47297297297297297,False,0.3290076714387249,0.3–0.5
MLDB-005128,DOI,0.5398230088495575,False,1.3068591818800108,0.5–0.7
MLDB-005129,DOI,0.5217391304347826,False,0.5399784794765194,0.5–0.7
MLDB-005130,DOI,0.31868131868131866,False,1.5624635914218128,0.3–0.5
MLDB-005131,DOI,0.2805755395683453,False,1.7919855797019906,<0.3
MLDB-005157,DOI,0.15384615384615385,False,2.2747834303756616,<0.3
MLDB-005158,DOI,0.5714285714285714,False,0.9494693234830688,0.5–0.7
