record_id_v1.0,record_id
MLDB-000001,MLDB-000001
MLDB-000002,MLDB-000002
MLDB-000003,MLDB-000003
MLDB-000005,MLDB-000004
MLDB-000006,MLDB-000005
MLDB-000007,MLDB-000006
MLDB-000008,MLDB-000007
MLDB-000010,MLDB-000008
MLDB-000011,MLDB-000009
MLDB-000012,MLDB-000010
MLDB-000013,MLDB-000011
MLDB-000014,MLDB-000012
MLDB-000015,MLDB-000013
MLDB-000016,MLDB-000014
MLDB-000017,MLDB-000015
MLDB-000018,MLDB-000016
MLDB-000019,MLDB-000017
MLDB-000020,MLDB-000018
MLDB-000021,MLDB-000019
MLDB-000022,MLDB-000020
MLDB-000023,MLDB-000021
MLDB-000024,MLDB-000022
MLDB-000025,MLDB-000023
MLDB-000026,MLDB-000024
MLDB-000027,MLDB-000025
MLDB-000028,MLDB-000026
MLDB-000029,MLDB-000027
MLDB-000030,MLDB-000028
MLDB-000031,MLDB-000029
MLDB-000032,MLDB-000030
MLDB-000033,MLDB-000031
MLDB-000034,MLDB-000032
MLDB-000035,MLDB-000033
MLDB-000036,MLDB-000034
MLDB-000037,MLDB-000035
MLDB-000038,MLDB-000036
MLDB-000039,MLDB-000037
MLDB-000040,MLDB-000038
MLDB-000041,MLDB-000039
MLDB-000042,MLDB-000040
MLDB-000043,MLDB-000041
MLDB-000044,MLDB-000042
MLDB-000045,MLDB-000043
MLDB-000046,MLDB-000044
MLDB-000047,MLDB-000045
MLDB-000048,MLDB-000046
MLDB-000049,MLDB-000047
MLDB-000050,MLDB-000048
MLDB-000051,MLDB-000049
MLDB-000052,MLDB-000050
MLDB-000053,MLDB-000051
MLDB-000054,MLDB-000052
MLDB-000055,MLDB-000053
MLDB-000056,MLDB-000054
MLDB-000057,MLDB-000055
MLDB-000058,MLDB-000056
MLDB-000059,MLDB-000057
MLDB-000060,MLDB-000058
MLDB-000061,MLDB-000059
MLDB-000062,MLDB-000060
MLDB-000063,MLDB-000061
MLDB-000064,MLDB-000062
MLDB-000065,MLDB-000063
MLDB-000066,MLDB-000064
MLDB-000067,MLDB-000065
MLDB-000068,MLDB-000066
MLDB-000069,MLDB-000067
MLDB-000070,MLDB-000068
MLDB-000071,MLDB-000069
MLDB-000072,MLDB-000070
MLDB-000073,MLDB-000071
MLDB-000074,MLDB-000072
MLDB-000075,MLDB-000073
MLDB-000076,MLDB-000074
MLDB-000077,MLDB-000075
MLDB-000078,MLDB-000076
MLDB-000079,MLDB-000077
MLDB-000080,MLDB-000078
MLDB-000081,MLDB-000079
MLDB-000082,MLDB-000080
MLDB-000083,MLDB-000081
MLDB-000084,MLDB-000082
MLDB-000085,MLDB-000083
MLDB-000086,MLDB-000084
MLDB-000087,MLDB-000085
MLDB-000088,MLDB-000086
MLDB-000089,MLDB-000087
MLDB-000090,MLDB-000088
MLDB-000091,MLDB-000089
MLDB-000092,MLDB-000090
MLDB-000093,MLDB-000091
MLDB-000094,MLDB-000092
MLDB-000095,MLDB-000093
MLDB-000096,MLDB-000094
MLDB-000097,MLDB-000095
MLDB-000098,MLDB-000096
MLDB-000099,MLDB-000097
MLDB-000100,MLDB-000098
MLDB-000101,MLDB-000099
MLDB-000102,MLDB-000100
MLDB-000103,MLDB-000101
MLDB-000104,MLDB-000102
MLDB-000105,MLDB-000103
MLDB-000106,MLDB-000104
MLDB-000107,MLDB-000105
MLDB-000108,MLDB-000106
MLDB-000109,MLDB-000107
MLDB-000110,MLDB-000108
MLDB-000111,MLDB-000109
MLDB-000112,MLDB-000110
MLDB-000113,MLDB-000111
MLDB-000114,MLDB-000112
MLDB-000115,MLDB-000113
MLDB-000116,MLDB-000114
MLDB-000117,MLDB-000115
MLDB-000118,MLDB-000116
MLDB-000119,MLDB-000117
MLDB-000120,MLDB-000118
MLDB-000121,MLDB-000119
MLDB-000122,MLDB-000120
MLDB-000123,MLDB-000121
MLDB-000124,MLDB-000122
MLDB-000125,MLDB-000123
MLDB-000126,MLDB-000124
MLDB-000127,MLDB-000125
MLDB-000128,MLDB-000126
MLDB-000129,MLDB-000127
MLDB-000130,MLDB-000128
MLDB-000131,MLDB-000129
MLDB-000132,MLDB-000130
MLDB-000133,MLDB-000131
MLDB-000134,MLDB-000132
MLDB-000135,MLDB-000133
MLDB-000136,MLDB-000134
MLDB-000137,MLDB-000135
MLDB-000138,MLDB-000136
MLDB-000139,MLDB-000137
MLDB-000140,MLDB-000138
MLDB-000141,MLDB-000139
MLDB-000142,MLDB-000140
MLDB-000143,MLDB-000141
MLDB-000144,MLDB-000142
MLDB-000145,MLDB-000143
MLDB-000146,MLDB-000144
MLDB-000147,MLDB-000145
MLDB-000148,MLDB-000146
MLDB-000149,MLDB-000147
MLDB-000150,MLDB-000148
MLDB-000151,MLDB-000149
MLDB-000152,MLDB-000150
MLDB-000153,MLDB-000151
MLDB-000154,MLDB-000152
MLDB-000155,MLDB-000153
MLDB-000156,MLDB-000154
MLDB-000157,MLDB-000155
MLDB-000158,MLDB-000156
MLDB-000159,MLDB-000157
MLDB-000160,MLDB-000158
MLDB-000161,MLDB-000159
MLDB-000162,MLDB-000160
MLDB-000163,MLDB-000161
MLDB-000164,MLDB-000162
MLDB-000165,MLDB-000163
MLDB-000166,MLDB-000164
MLDB-000167,MLDB-000165
MLDB-000168,MLDB-000166
MLDB-000169,MLDB-000167
MLDB-000170,MLDB-000168
MLDB-000171,MLDB-000169
MLDB-000172,MLDB-000170
MLDB-000173,MLDB-000171
MLDB-000174,MLDB-000172
MLDB-000175,MLDB-000173
MLDB-000176,MLDB-000174
MLDB-000177,MLDB-000175
MLDB-000178,MLDB-000176
MLDB-000179,MLDB-000177
MLDB-000180,MLDB-000178
MLDB-000181,MLDB-000179
MLDB-000182,MLDB-000180
MLDB-000183,MLDB-000181
MLDB-000184,MLDB-000182
MLDB-000185,MLDB-000183
MLDB-000186,MLDB-000184
MLDB-000187,MLDB-000185
MLDB-000188,MLDB-000186
MLDB-000189,MLDB-000187
MLDB-000190,MLDB-000188
MLDB-000191,MLDB-000189
MLDB-000192,MLDB-000190
MLDB-000193,MLDB-000191
MLDB-000194,MLDB-000192
MLDB-000195,MLDB-000193
MLDB-000196,MLDB-000194
MLDB-000197,MLDB-000195
MLDB-000198,MLDB-000196
MLDB-000199,MLDB-000197
MLDB-000200,MLDB-000198
MLDB-000201,MLDB-000199
MLDB-000202,MLDB-000200
MLDB-000203,MLDB-000201
MLDB-000204,MLDB-000202
MLDB-000205,MLDB-000203
MLDB-000206,MLDB-000204
MLDB-000207,MLDB-000205
MLDB-000208,MLDB-000206
MLDB-000209,MLDB-000207
MLDB-000210,MLDB-000208
MLDB-000211,MLDB-000209
MLDB-000212,MLDB-000210
MLDB-000213,MLDB-000211
MLDB-000214,MLDB-000212
MLDB-000215,MLDB-000213
MLDB-000217,MLDB-000214
MLDB-000218,MLDB-000215
MLDB-000219,MLDB-000216
MLDB-000220,MLDB-000217
MLDB-000221,MLDB-000218
MLDB-000222,MLDB-000219
MLDB-000223,MLDB-000220
MLDB-000224,MLDB-000221
MLDB-000225,MLDB-000222
MLDB-000226,MLDB-000223
MLDB-000227,MLDB-000224
MLDB-000228,MLDB-000225
MLDB-000229,MLDB-000226
MLDB-000230,MLDB-000227
MLDB-000231,MLDB-000228
MLDB-000232,MLDB-000229
MLDB-000233,MLDB-000230
MLDB-000234,MLDB-000231
MLDB-000235,MLDB-000232
MLDB-000236,MLDB-000233
MLDB-000237,MLDB-000234
MLDB-000238,MLDB-000235
MLDB-000239,MLDB-000236
MLDB-000240,MLDB-000237
MLDB-000241,MLDB-000238
MLDB-000242,MLDB-000239
MLDB-000243,MLDB-000240
MLDB-000244,MLDB-000241
MLDB-000245,MLDB-000242
MLDB-000246,MLDB-000243
MLDB-000247,MLDB-000244
MLDB-000248,MLDB-000245
MLDB-000249,MLDB-000246
MLDB-000250,MLDB-000247
MLDB-000251,MLDB-000248
MLDB-000252,MLDB-000249
MLDB-000253,MLDB-000250
MLDB-000254,MLDB-000251
MLDB-000255,MLDB-000252
MLDB-000256,MLDB-000253
MLDB-000257,MLDB-000254
MLDB-000258,MLDB-000255
MLDB-000259,MLDB-000256
MLDB-000260,MLDB-000257
MLDB-000261,MLDB-000258
MLDB-000262,MLDB-000259
MLDB-000263,MLDB-000260
MLDB-000264,MLDB-000261
MLDB-000265,MLDB-000262
MLDB-000266,MLDB-000263
MLDB-000267,MLDB-000264
MLDB-000268,MLDB-000265
MLDB-000269,MLDB-000266
MLDB-000270,MLDB-000267
MLDB-000271,MLDB-000268
MLDB-000272,MLDB-000269
MLDB-000273,MLDB-000270
MLDB-000274,MLDB-000271
MLDB-000275,MLDB-000272
MLDB-000276,MLDB-000273
MLDB-000277,MLDB-000274
MLDB-000278,MLDB-000275
MLDB-000279,MLDB-000276
MLDB-000280,MLDB-000277
MLDB-000281,MLDB-000278
MLDB-000282,MLDB-000279
MLDB-000283,MLDB-000280
MLDB-000284,MLDB-000281
MLDB-000285,MLDB-000282
MLDB-000286,MLDB-000283
MLDB-000287,MLDB-000284
MLDB-000288,MLDB-000285
MLDB-000289,MLDB-000286
MLDB-000290,MLDB-000287
MLDB-000291,MLDB-000288
MLDB-000292,MLDB-000289
MLDB-000293,MLDB-000290
MLDB-000294,MLDB-000291
MLDB-000295,MLDB-000292
MLDB-000296,MLDB-000293
MLDB-000297,MLDB-000294
MLDB-000298,MLDB-000295
MLDB-000299,MLDB-000296
MLDB-000300,MLDB-000297
MLDB-000301,MLDB-000298
MLDB-000302,MLDB-000299
MLDB-000303,MLDB-000300
MLDB-000304,MLDB-000301
MLDB-000305,MLDB-000302
MLDB-000306,MLDB-000303
MLDB-000307,MLDB-000304
MLDB-000308,MLDB-000305
MLDB-000309,MLDB-000306
MLDB-000310,MLDB-000307
MLDB-000311,MLDB-000308
MLDB-000312,MLDB-000309
MLDB-000313,MLDB-000310
MLDB-000314,MLDB-000311
MLDB-000315,MLDB-000312
MLDB-000316,MLDB-000313
MLDB-000317,MLDB-000314
MLDB-000318,MLDB-000315
MLDB-000319,MLDB-000316
MLDB-000320,MLDB-000317
MLDB-000321,MLDB-000318
MLDB-000322,MLDB-000319
MLDB-000323,MLDB-000320
MLDB-000324,MLDB-000321
MLDB-000325,MLDB-000322
MLDB-000326,MLDB-000323
MLDB-000327,MLDB-000324
MLDB-000328,MLDB-000325
MLDB-000329,MLDB-000326
MLDB-000330,MLDB-000327
MLDB-000331,MLDB-000328
MLDB-000332,MLDB-000329
MLDB-000333,MLDB-000330
MLDB-000334,MLDB-000331
MLDB-000335,MLDB-000332
MLDB-000336,MLDB-000333
MLDB-000337,MLDB-000334
MLDB-000338,MLDB-000335
MLDB-000339,MLDB-000336
MLDB-000340,MLDB-000337
MLDB-000341,MLDB-000338
MLDB-000342,MLDB-000339
MLDB-000343,MLDB-000340
MLDB-000344,MLDB-000341
MLDB-000345,MLDB-000342
MLDB-000346,MLDB-000343
MLDB-000347,MLDB-000344
MLDB-000348,MLDB-000345
MLDB-000349,MLDB-000346
MLDB-000350,MLDB-000347
MLDB-000351,MLDB-000348
MLDB-000352,MLDB-000349
MLDB-000353,MLDB-000350
MLDB-000354,MLDB-000351
MLDB-000355,MLDB-000352
MLDB-000356,MLDB-000353
MLDB-000357,MLDB-000354
MLDB-000358,MLDB-000355
MLDB-000359,MLDB-000356
MLDB-000360,MLDB-000357
MLDB-000361,MLDB-000358
MLDB-000362,MLDB-000359
MLDB-000363,MLDB-000360
MLDB-000364,MLDB-000361
MLDB-000365,MLDB-000362
MLDB-000366,MLDB-000363
MLDB-000367,MLDB-000364
MLDB-000368,MLDB-000365
MLDB-000369,MLDB-000366
MLDB-000370,MLDB-000367
MLDB-000371,MLDB-000368
MLDB-000372,MLDB-000369
MLDB-000373,MLDB-000370
MLDB-000374,MLDB-000371
MLDB-000375,MLDB-000372
MLDB-000376,MLDB-000373
MLDB-000377,MLDB-000374
MLDB-000378,MLDB-000375
MLDB-000379,MLDB-000376
MLDB-000380,MLDB-000377
MLDB-000381,MLDB-000378
MLDB-000382,MLDB-000379
MLDB-000383,MLDB-000380
MLDB-000384,MLDB-000381
MLDB-000385,MLDB-000382
MLDB-000386,MLDB-000383
MLDB-000387,MLDB-000384
MLDB-000388,MLDB-000385
MLDB-000389,MLDB-000386
MLDB-000390,MLDB-000387
MLDB-000391,MLDB-000388
MLDB-000392,MLDB-000389
MLDB-000393,MLDB-000390
MLDB-000394,MLDB-000391
MLDB-000395,MLDB-000392
MLDB-000396,MLDB-000393
MLDB-000397,MLDB-000394
MLDB-000398,MLDB-000395
MLDB-000399,MLDB-000396
MLDB-000400,MLDB-000397
MLDB-000401,MLDB-000398
MLDB-000402,MLDB-000399
MLDB-000403,MLDB-000400
MLDB-000404,MLDB-000401
MLDB-000405,MLDB-000402
MLDB-000406,MLDB-000403
MLDB-000407,MLDB-000404
MLDB-000408,MLDB-000405
MLDB-000409,MLDB-000406
MLDB-000410,MLDB-000407
MLDB-000411,MLDB-000408
MLDB-000412,MLDB-000409
MLDB-000413,MLDB-000410
MLDB-000414,MLDB-000411
MLDB-000415,MLDB-000412
MLDB-000416,MLDB-000413
MLDB-000417,MLDB-000414
MLDB-000418,MLDB-000415
MLDB-000419,MLDB-000416
MLDB-000420,MLDB-000417
MLDB-000421,MLDB-000418
MLDB-000422,MLDB-000419
MLDB-000423,MLDB-000420
MLDB-000424,MLDB-000421
MLDB-000425,MLDB-000422
MLDB-000426,MLDB-000423
MLDB-000427,MLDB-000424
MLDB-000428,MLDB-000425
MLDB-000429,MLDB-000426
MLDB-000430,MLDB-000427
MLDB-000431,MLDB-000428
MLDB-000432,MLDB-000429
MLDB-000433,MLDB-000430
MLDB-000434,MLDB-000431
MLDB-000435,MLDB-000432
MLDB-000436,MLDB-000433
MLDB-000437,MLDB-000434
MLDB-000438,MLDB-000435
MLDB-000439,MLDB-000436
MLDB-000440,MLDB-000437
MLDB-000441,MLDB-000438
MLDB-000442,MLDB-000439
MLDB-000443,MLDB-000440
MLDB-000444,MLDB-000441
MLDB-000445,MLDB-000442
MLDB-000446,MLDB-000443
MLDB-000447,MLDB-000444
MLDB-000448,MLDB-000445
MLDB-000449,MLDB-000446
MLDB-000450,MLDB-000447
MLDB-000451,MLDB-000448
MLDB-000452,MLDB-000449
MLDB-000453,MLDB-000450
MLDB-000454,MLDB-000451
MLDB-000455,MLDB-000452
MLDB-000456,MLDB-000453
MLDB-000457,MLDB-000454
MLDB-000458,MLDB-000455
MLDB-000459,MLDB-000456
MLDB-000460,MLDB-000457
MLDB-000461,MLDB-000458
MLDB-000462,MLDB-000459
MLDB-000463,MLDB-000460
MLDB-000464,MLDB-000461
MLDB-000465,MLDB-000462
MLDB-000466,MLDB-000463
MLDB-000467,MLDB-000464
MLDB-000468,MLDB-000465
MLDB-000469,MLDB-000466
MLDB-000470,MLDB-000467
MLDB-000471,MLDB-000468
MLDB-000472,MLDB-000469
MLDB-000473,MLDB-000470
MLDB-000474,MLDB-000471
MLDB-000475,MLDB-000472
MLDB-000476,MLDB-000473
MLDB-000477,MLDB-000474
MLDB-000478,MLDB-000475
MLDB-000479,MLDB-000476
MLDB-000480,MLDB-000477
MLDB-000481,MLDB-000478
MLDB-000482,MLDB-000479
MLDB-000483,MLDB-000480
MLDB-000484,MLDB-000481
MLDB-000485,MLDB-000482
MLDB-000486,MLDB-000483
MLDB-000487,MLDB-000484
MLDB-000488,MLDB-000485
MLDB-000489,MLDB-000486
MLDB-000490,MLDB-000487
MLDB-000491,MLDB-000488
MLDB-000492,MLDB-000489
MLDB-000493,MLDB-000490
MLDB-000494,MLDB-000491
MLDB-000495,MLDB-000492
MLDB-000496,MLDB-000493
MLDB-000497,MLDB-000494
MLDB-000498,MLDB-000495
MLDB-000499,MLDB-000496
MLDB-000500,MLDB-000497
MLDB-000501,MLDB-000498
MLDB-000502,MLDB-000499
MLDB-000503,MLDB-000500
MLDB-000504,MLDB-000501
MLDB-000505,MLDB-000502
MLDB-000506,MLDB-000503
MLDB-000507,MLDB-000504
MLDB-000508,MLDB-000505
MLDB-000509,MLDB-000506
MLDB-000510,MLDB-000507
MLDB-000511,MLDB-000508
MLDB-000512,MLDB-000509
MLDB-000513,MLDB-000510
MLDB-000514,MLDB-000511
MLDB-000515,MLDB-000512
MLDB-000516,MLDB-000513
MLDB-000517,MLDB-000514
MLDB-000518,MLDB-000515
MLDB-000519,MLDB-000516
MLDB-000520,MLDB-000517
MLDB-000521,MLDB-000518
MLDB-000522,MLDB-000519
MLDB-000523,MLDB-000520
MLDB-000524,MLDB-000521
MLDB-000525,MLDB-000522
MLDB-000526,MLDB-000523
MLDB-000527,MLDB-000524
MLDB-000528,MLDB-000525
MLDB-000529,MLDB-000526
MLDB-000530,MLDB-000527
MLDB-000531,MLDB-000528
MLDB-000532,MLDB-000529
MLDB-000533,MLDB-000530
MLDB-000534,MLDB-000531
MLDB-000535,MLDB-000532
MLDB-000536,MLDB-000533
MLDB-000537,MLDB-000534
MLDB-000538,MLDB-000535
MLDB-000539,MLDB-000536
MLDB-000540,MLDB-000537
MLDB-000541,MLDB-000538
MLDB-000542,MLDB-000539
MLDB-000543,MLDB-000540
MLDB-000544,MLDB-000541
MLDB-000545,MLDB-000542
MLDB-000546,MLDB-000543
MLDB-000547,MLDB-000544
MLDB-000548,MLDB-000545
MLDB-000549,MLDB-000546
MLDB-000550,MLDB-000547
MLDB-000551,MLDB-000548
MLDB-000552,MLDB-000549
MLDB-000553,MLDB-000550
MLDB-000554,MLDB-000551
MLDB-000555,MLDB-000552
MLDB-000556,MLDB-000553
MLDB-000557,MLDB-000554
MLDB-000558,MLDB-000555
MLDB-000559,MLDB-000556
MLDB-000560,MLDB-000557
MLDB-000561,MLDB-000558
MLDB-000562,MLDB-000559
MLDB-000563,MLDB-000560
MLDB-000564,MLDB-000561
MLDB-000565,MLDB-000562
MLDB-000566,MLDB-000563
MLDB-000567,MLDB-000564
MLDB-000568,MLDB-000565
MLDB-000569,MLDB-000566
MLDB-000571,MLDB-000567
MLDB-000572,MLDB-000568
MLDB-000573,MLDB-000569
MLDB-000574,MLDB-000570
MLDB-000575,MLDB-000571
MLDB-000576,MLDB-000572
MLDB-000577,MLDB-000573
MLDB-000578,MLDB-000574
MLDB-000579,MLDB-000575
MLDB-000580,MLDB-000576
MLDB-000581,MLDB-000577
MLDB-000582,MLDB-000578
MLDB-000583,MLDB-000579
MLDB-000584,MLDB-000580
MLDB-000585,MLDB-000581
MLDB-000586,MLDB-000582
MLDB-000587,MLDB-000583
MLDB-000588,MLDB-000584
MLDB-000589,MLDB-000585
MLDB-000590,MLDB-000586
MLDB-000591,MLDB-000587
MLDB-000592,MLDB-000588
MLDB-000593,MLDB-000589
MLDB-000594,MLDB-000590
MLDB-000595,MLDB-000591
MLDB-000596,MLDB-000592
MLDB-000597,MLDB-000593
MLDB-000598,MLDB-000594
MLDB-000599,MLDB-000595
MLDB-000600,MLDB-000596
MLDB-000601,MLDB-000597
MLDB-000602,MLDB-000598
MLDB-000603,MLDB-000599
MLDB-000604,MLDB-000600
MLDB-000605,MLDB-000601
MLDB-000606,MLDB-000602
MLDB-000607,MLDB-000603
MLDB-000608,MLDB-000604
MLDB-000609,MLDB-000605
MLDB-000610,MLDB-000606
MLDB-000611,MLDB-000607
MLDB-000612,MLDB-000608
MLDB-000613,MLDB-000609
MLDB-000614,MLDB-000610
MLDB-000615,MLDB-000611
MLDB-000616,MLDB-000612
MLDB-000617,MLDB-000613
MLDB-000618,MLDB-000614
MLDB-000619,MLDB-000615
MLDB-000620,MLDB-000616
MLDB-000621,MLDB-000617
MLDB-000622,MLDB-000618
MLDB-000623,MLDB-000619
MLDB-000624,MLDB-000620
MLDB-000625,MLDB-000621
MLDB-000626,MLDB-000622
MLDB-000627,MLDB-000623
MLDB-000628,MLDB-000624
MLDB-000629,MLDB-000625
MLDB-000630,MLDB-000626
MLDB-000631,MLDB-000627
MLDB-000632,MLDB-000628
MLDB-000633,MLDB-000629
MLDB-000634,MLDB-000630
MLDB-000635,MLDB-000631
MLDB-000636,MLDB-000632
MLDB-000637,MLDB-000633
MLDB-000638,MLDB-000634
MLDB-000639,MLDB-000635
MLDB-000640,MLDB-000636
MLDB-000641,MLDB-000637
MLDB-000642,MLDB-000638
MLDB-000643,MLDB-000639
MLDB-000644,MLDB-000640
MLDB-000645,MLDB-000641
MLDB-000646,MLDB-000642
MLDB-000647,MLDB-000643
MLDB-000648,MLDB-000644
MLDB-000649,MLDB-000645
MLDB-000650,MLDB-000646
MLDB-000651,MLDB-000647
MLDB-000652,MLDB-000648
MLDB-000653,MLDB-000649
MLDB-000654,MLDB-000650
MLDB-000655,MLDB-000651
MLDB-000656,MLDB-000652
MLDB-000657,MLDB-000653
MLDB-000658,MLDB-000654
MLDB-000659,MLDB-000655
MLDB-000660,MLDB-000656
MLDB-000661,MLDB-000657
MLDB-000662,MLDB-000658
MLDB-000663,MLDB-000659
MLDB-000664,MLDB-000660
MLDB-000665,MLDB-000661
MLDB-000666,MLDB-000662
MLDB-000667,MLDB-000663
MLDB-000668,MLDB-000664
MLDB-000669,MLDB-000665
MLDB-000670,MLDB-000666
MLDB-000671,MLDB-000667
MLDB-000672,MLDB-000668
MLDB-000673,MLDB-000669
MLDB-000674,MLDB-000670
MLDB-000675,MLDB-000671
MLDB-000676,MLDB-000672
MLDB-000677,MLDB-000673
MLDB-000678,MLDB-000674
MLDB-000679,MLDB-000675
MLDB-000680,MLDB-000676
MLDB-000681,MLDB-000677
MLDB-000682,MLDB-000678
MLDB-000683,MLDB-000679
MLDB-000684,MLDB-000680
MLDB-000685,MLDB-000681
MLDB-000686,MLDB-000682
MLDB-000687,MLDB-000683
MLDB-000688,MLDB-000684
MLDB-000689,MLDB-000685
MLDB-000690,MLDB-000686
MLDB-000691,MLDB-000687
MLDB-000692,MLDB-000688
MLDB-000693,MLDB-000689
MLDB-000694,MLDB-000690
MLDB-000695,MLDB-000691
MLDB-000696,MLDB-000692
MLDB-000697,MLDB-000693
MLDB-000698,MLDB-000694
MLDB-000699,MLDB-000695
MLDB-000700,MLDB-000696
MLDB-000701,MLDB-000697
MLDB-000702,MLDB-000698
MLDB-000703,MLDB-000699
MLDB-000704,MLDB-000700
MLDB-000705,MLDB-000701
MLDB-000706,MLDB-000702
MLDB-000707,MLDB-000703
MLDB-000708,MLDB-000704
MLDB-000709,MLDB-000705
MLDB-000710,MLDB-000706
MLDB-000711,MLDB-000707
MLDB-000712,MLDB-000708
MLDB-000713,MLDB-000709
MLDB-000714,MLDB-000710
MLDB-000715,MLDB-000711
MLDB-000716,MLDB-000712
MLDB-000717,MLDB-000713
MLDB-000718,MLDB-000714
MLDB-000719,MLDB-000715
MLDB-000720,MLDB-000716
MLDB-000721,MLDB-000717
MLDB-000722,MLDB-000718
MLDB-000723,MLDB-000719
MLDB-000724,MLDB-000720
MLDB-000725,MLDB-000721
MLDB-000726,MLDB-000722
MLDB-000727,MLDB-000723
MLDB-000728,MLDB-000724
MLDB-000729,MLDB-000725
MLDB-000730,MLDB-000726
MLDB-000731,MLDB-000727
MLDB-000732,MLDB-000728
MLDB-000733,MLDB-000729
MLDB-000734,MLDB-000730
MLDB-000735,MLDB-000731
MLDB-000736,MLDB-000732
MLDB-000737,MLDB-000733
MLDB-000738,MLDB-000734
MLDB-000739,MLDB-000735
MLDB-000740,MLDB-000736
MLDB-000741,MLDB-000737
MLDB-000742,MLDB-000738
MLDB-000743,MLDB-000739
MLDB-000744,MLDB-000740
MLDB-000745,MLDB-000741
MLDB-000746,MLDB-000742
MLDB-000747,MLDB-000743
MLDB-000748,MLDB-000744
MLDB-000749,MLDB-000745
MLDB-000750,MLDB-000746
MLDB-000751,MLDB-000747
MLDB-000752,MLDB-000748
MLDB-000753,MLDB-000749
MLDB-000754,MLDB-000750
MLDB-000755,MLDB-000751
MLDB-000756,MLDB-000752
MLDB-000757,MLDB-000753
MLDB-000758,MLDB-000754
MLDB-000759,MLDB-000755
MLDB-000760,MLDB-000756
MLDB-000761,MLDB-000757
MLDB-000762,MLDB-000758
MLDB-000763,MLDB-000759
MLDB-000764,MLDB-000760
MLDB-000765,MLDB-000761
MLDB-000766,MLDB-000762
MLDB-000767,MLDB-000763
MLDB-000768,MLDB-000764
MLDB-000769,MLDB-000765
MLDB-000770,MLDB-000766
MLDB-000771,MLDB-000767
MLDB-000772,MLDB-000768
MLDB-000773,MLDB-000769
MLDB-000774,MLDB-000770
MLDB-000775,MLDB-000771
MLDB-000776,MLDB-000772
MLDB-000777,MLDB-000773
MLDB-000778,MLDB-000774
MLDB-000779,MLDB-000775
MLDB-000780,MLDB-000776
MLDB-000781,MLDB-000777
MLDB-000782,MLDB-000778
MLDB-000783,MLDB-000779
MLDB-000784,MLDB-000780
MLDB-000785,MLDB-000781
MLDB-000786,MLDB-000782
MLDB-000787,MLDB-000783
MLDB-000788,MLDB-000784
MLDB-000789,MLDB-000785
MLDB-000790,MLDB-000786
MLDB-000791,MLDB-000787
MLDB-000792,MLDB-000788
MLDB-000793,MLDB-000789
MLDB-000794,MLDB-000790
MLDB-000795,MLDB-000791
MLDB-000796,MLDB-000792
MLDB-000797,MLDB-000793
MLDB-000798,MLDB-000794
MLDB-000799,MLDB-000795
MLDB-000800,MLDB-000796
MLDB-000801,MLDB-000797
MLDB-000802,MLDB-000798
MLDB-000803,MLDB-000799
MLDB-000804,MLDB-000800
MLDB-000805,MLDB-000801
MLDB-000806,MLDB-000802
MLDB-000807,MLDB-000803
MLDB-000808,MLDB-000804
MLDB-000809,MLDB-000805
MLDB-000810,MLDB-000806
MLDB-000811,MLDB-000807
MLDB-000812,MLDB-000808
MLDB-000813,MLDB-000809
MLDB-000814,MLDB-000810
MLDB-000815,MLDB-000811
MLDB-000816,MLDB-000812
MLDB-000817,MLDB-000813
MLDB-000818,MLDB-000814
MLDB-000819,MLDB-000815
MLDB-000820,MLDB-000816
MLDB-000821,MLDB-000817
MLDB-000822,MLDB-000818
MLDB-000823,MLDB-000819
MLDB-000824,MLDB-000820
MLDB-000825,MLDB-000821
MLDB-000826,MLDB-000822
MLDB-000827,MLDB-000823
MLDB-000828,MLDB-000824
MLDB-000829,MLDB-000825
MLDB-000830,MLDB-000826
MLDB-000831,MLDB-000827
MLDB-000832,MLDB-000828
MLDB-000833,MLDB-000829
MLDB-000834,MLDB-000830
MLDB-000835,MLDB-000831
MLDB-000836,MLDB-000832
MLDB-000837,MLDB-000833
MLDB-000838,MLDB-000834
MLDB-000839,MLDB-000835
MLDB-000840,MLDB-000836
MLDB-000841,MLDB-000837
MLDB-000842,MLDB-000838
MLDB-000843,MLDB-000839
MLDB-000844,MLDB-000840
MLDB-000845,MLDB-000841
MLDB-000846,MLDB-000842
MLDB-000847,MLDB-000843
MLDB-000848,MLDB-000844
MLDB-000849,MLDB-000845
MLDB-000850,MLDB-000846
MLDB-000851,MLDB-000847
MLDB-000852,MLDB-000848
MLDB-000853,MLDB-000849
MLDB-000854,MLDB-000850
MLDB-000855,MLDB-000851
MLDB-000856,MLDB-000852
MLDB-000857,MLDB-000853
MLDB-000858,MLDB-000854
MLDB-000859,MLDB-000855
MLDB-000860,MLDB-000856
MLDB-000861,MLDB-000857
MLDB-000862,MLDB-000858
MLDB-000863,MLDB-000859
MLDB-000864,MLDB-000860
MLDB-000865,MLDB-000861
MLDB-000866,MLDB-000862
MLDB-000867,MLDB-000863
MLDB-000868,MLDB-000864
MLDB-000869,MLDB-000865
MLDB-000870,MLDB-000866
MLDB-000871,MLDB-000867
MLDB-000872,MLDB-000868
MLDB-000873,MLDB-000869
MLDB-000874,MLDB-000870
MLDB-000875,MLDB-000871
MLDB-000876,MLDB-000872
MLDB-000877,MLDB-000873
MLDB-000878,MLDB-000874
MLDB-000879,MLDB-000875
MLDB-000880,MLDB-000876
MLDB-000881,MLDB-000877
MLDB-000882,MLDB-000878
MLDB-000883,MLDB-000879
MLDB-000884,MLDB-000880
MLDB-000885,MLDB-000881
MLDB-000886,MLDB-000882
MLDB-000887,MLDB-000883
MLDB-000888,MLDB-000884
MLDB-000889,MLDB-000885
MLDB-000890,MLDB-000886
MLDB-000891,MLDB-000887
MLDB-000892,MLDB-000888
MLDB-000893,MLDB-000889
MLDB-000894,MLDB-000890
MLDB-000895,MLDB-000891
MLDB-000896,MLDB-000892
MLDB-000897,MLDB-000893
MLDB-000898,MLDB-000894
MLDB-000899,MLDB-000895
MLDB-000900,MLDB-000896
MLDB-000901,MLDB-000897
MLDB-000902,MLDB-000898
MLDB-000903,MLDB-000899
MLDB-000904,MLDB-000900
MLDB-000905,MLDB-000901
MLDB-000906,MLDB-000902
MLDB-000907,MLDB-000903
MLDB-000908,MLDB-000904
MLDB-000909,MLDB-000905
MLDB-000910,MLDB-000906
MLDB-000911,MLDB-000907
MLDB-000912,MLDB-000908
MLDB-000913,MLDB-000909
MLDB-000914,MLDB-000910
MLDB-000915,MLDB-000911
MLDB-000916,MLDB-000912
MLDB-000917,MLDB-000913
MLDB-000918,MLDB-000914
MLDB-000919,MLDB-000915
MLDB-000920,MLDB-000916
MLDB-000921,MLDB-000917
MLDB-000922,MLDB-000918
MLDB-000923,MLDB-000919
MLDB-000924,MLDB-000920
MLDB-000925,MLDB-000921
MLDB-000926,MLDB-000922
MLDB-000927,MLDB-000923
MLDB-000928,MLDB-000924
MLDB-000929,MLDB-000925
MLDB-000930,MLDB-000926
MLDB-000931,MLDB-000927
MLDB-000932,MLDB-000928
MLDB-000933,MLDB-000929
MLDB-000934,MLDB-000930
MLDB-000935,MLDB-000931
MLDB-000936,MLDB-000932
MLDB-000937,MLDB-000933
MLDB-000938,MLDB-000934
MLDB-000939,MLDB-000935
MLDB-000940,MLDB-000936
MLDB-000941,MLDB-000937
MLDB-000942,MLDB-000938
MLDB-000943,MLDB-000939
MLDB-000944,MLDB-000940
MLDB-000945,MLDB-000941
MLDB-000946,MLDB-000942
MLDB-000947,MLDB-000943
MLDB-000948,MLDB-000944
MLDB-000949,MLDB-000945
MLDB-000950,MLDB-000946
MLDB-000951,MLDB-000947
MLDB-000952,MLDB-000948
MLDB-000953,MLDB-000949
MLDB-000954,MLDB-000950
MLDB-000955,MLDB-000951
MLDB-000956,MLDB-000952
MLDB-000957,MLDB-000953
MLDB-000958,MLDB-000954
MLDB-000959,MLDB-000955
MLDB-000960,MLDB-000956
MLDB-000961,MLDB-000957
MLDB-000962,MLDB-000958
MLDB-000963,MLDB-000959
MLDB-000964,MLDB-000960
MLDB-000965,MLDB-000961
MLDB-000966,MLDB-000962
MLDB-000967,MLDB-000963
MLDB-000968,MLDB-000964
MLDB-000969,MLDB-000965
MLDB-000970,MLDB-000966
MLDB-000971,MLDB-000967
MLDB-000972,MLDB-000968
MLDB-000973,MLDB-000969
MLDB-000974,MLDB-000970
MLDB-000975,MLDB-000971
MLDB-000976,MLDB-000972
MLDB-000977,MLDB-000973
MLDB-000978,MLDB-000974
MLDB-000979,MLDB-000975
MLDB-000980,MLDB-000976
MLDB-000981,MLDB-000977
MLDB-000982,MLDB-000978
MLDB-000983,MLDB-000979
MLDB-000984,MLDB-000980
MLDB-000985,MLDB-000981
MLDB-000986,MLDB-000982
MLDB-000987,MLDB-000983
MLDB-000988,MLDB-000984
MLDB-000989,MLDB-000985
MLDB-000990,MLDB-000986
MLDB-000991,MLDB-000987
MLDB-000992,MLDB-000988
MLDB-000993,MLDB-000989
MLDB-000994,MLDB-000990
MLDB-000995,MLDB-000991
MLDB-000996,MLDB-000992
MLDB-000997,MLDB-000993
MLDB-000998,MLDB-000994
MLDB-000999,MLDB-000995
MLDB-001000,MLDB-000996
MLDB-001001,MLDB-000997
MLDB-001002,MLDB-000998
MLDB-001003,MLDB-000999
MLDB-001004,MLDB-001000
MLDB-001005,MLDB-001001
MLDB-001006,MLDB-001002
MLDB-001007,MLDB-001003
MLDB-001008,MLDB-001004
MLDB-001009,MLDB-001005
MLDB-001010,MLDB-001006
MLDB-001011,MLDB-001007
MLDB-001012,MLDB-001008
MLDB-001013,MLDB-001009
MLDB-001014,MLDB-001010
MLDB-001015,MLDB-001011
MLDB-001016,MLDB-001012
MLDB-001017,MLDB-001013
MLDB-001018,MLDB-001014
MLDB-001019,MLDB-001015
MLDB-001020,MLDB-001016
MLDB-001021,MLDB-001017
MLDB-001022,MLDB-001018
MLDB-001023,MLDB-001019
MLDB-001024,MLDB-001020
MLDB-001025,MLDB-001021
MLDB-001026,MLDB-001022
MLDB-001027,MLDB-001023
MLDB-001028,MLDB-001024
MLDB-001029,MLDB-001025
MLDB-001030,MLDB-001026
MLDB-001031,MLDB-001027
MLDB-001032,MLDB-001028
MLDB-001033,MLDB-001029
MLDB-001034,MLDB-001030
MLDB-001035,MLDB-001031
MLDB-001036,MLDB-001032
MLDB-001037,MLDB-001033
MLDB-001038,MLDB-001034
MLDB-001039,MLDB-001035
MLDB-001040,MLDB-001036
MLDB-001041,MLDB-001037
MLDB-001042,MLDB-001038
MLDB-001043,MLDB-001039
MLDB-001044,MLDB-001040
MLDB-001045,MLDB-001041
MLDB-001046,MLDB-001042
MLDB-001047,MLDB-001043
MLDB-001048,MLDB-001044
MLDB-001049,MLDB-001045
MLDB-001050,MLDB-001046
MLDB-001051,MLDB-001047
MLDB-001052,MLDB-001048
MLDB-001053,MLDB-001049
MLDB-001054,MLDB-001050
MLDB-001055,MLDB-001051
MLDB-001056,MLDB-001052
MLDB-001057,MLDB-001053
MLDB-001058,MLDB-001054
MLDB-001059,MLDB-001055
MLDB-001060,MLDB-001056
MLDB-001061,MLDB-001057
MLDB-001062,MLDB-001058
MLDB-001063,MLDB-001059
MLDB-001064,MLDB-001060
MLDB-001065,MLDB-001061
MLDB-001066,MLDB-001062
MLDB-001067,MLDB-001063
MLDB-001068,MLDB-001064
MLDB-001069,MLDB-001065
MLDB-001070,MLDB-001066
MLDB-001071,MLDB-001067
MLDB-001072,MLDB-001068
MLDB-001073,MLDB-001069
MLDB-001074,MLDB-001070
MLDB-001075,MLDB-001071
MLDB-001076,MLDB-001072
MLDB-001077,MLDB-001073
MLDB-001078,MLDB-001074
MLDB-001079,MLDB-001075
MLDB-001080,MLDB-001076
MLDB-001081,MLDB-001077
MLDB-001082,MLDB-001078
MLDB-001083,MLDB-001079
MLDB-001084,MLDB-001080
MLDB-001085,MLDB-001081
MLDB-001086,MLDB-001082
MLDB-001087,MLDB-001083
MLDB-001088,MLDB-001084
MLDB-001089,MLDB-001085
MLDB-001090,MLDB-001086
MLDB-001091,MLDB-001087
MLDB-001092,MLDB-001088
MLDB-001093,MLDB-001089
MLDB-001094,MLDB-001090
MLDB-001095,MLDB-001091
MLDB-001096,MLDB-001092
MLDB-001097,MLDB-001093
MLDB-001098,MLDB-001094
MLDB-001099,MLDB-001095
MLDB-001100,MLDB-001096
MLDB-001101,MLDB-001097
MLDB-001102,MLDB-001098
MLDB-001103,MLDB-001099
MLDB-001104,MLDB-001100
MLDB-001105,MLDB-001101
MLDB-001106,MLDB-001102
MLDB-001107,MLDB-001103
MLDB-001108,MLDB-001104
MLDB-001109,MLDB-001105
MLDB-001110,MLDB-001106
MLDB-001111,MLDB-001107
MLDB-001112,MLDB-001108
MLDB-001113,MLDB-001109
MLDB-001114,MLDB-001110
MLDB-001115,MLDB-001111
MLDB-001116,MLDB-001112
MLDB-001117,MLDB-001113
MLDB-001118,MLDB-001114
MLDB-001119,MLDB-001115
MLDB-001120,MLDB-001116
MLDB-001121,MLDB-001117
MLDB-001122,MLDB-001118
MLDB-001123,MLDB-001119
MLDB-001124,MLDB-001120
MLDB-001125,MLDB-001121
MLDB-001126,MLDB-001122
MLDB-001127,MLDB-001123
MLDB-001128,MLDB-001124
MLDB-001129,MLDB-001125
MLDB-001130,MLDB-001126
MLDB-001131,MLDB-001127
MLDB-001132,MLDB-001128
MLDB-001133,MLDB-001129
MLDB-001134,MLDB-001130
MLDB-001135,MLDB-001131
MLDB-001136,MLDB-001132
MLDB-001137,MLDB-001133
MLDB-001138,MLDB-001134
MLDB-001139,MLDB-001135
MLDB-001140,MLDB-001136
MLDB-001141,MLDB-001137
MLDB-001142,MLDB-001138
MLDB-001143,MLDB-001139
MLDB-001144,MLDB-001140
MLDB-001145,MLDB-001141
MLDB-001146,MLDB-001142
MLDB-001147,MLDB-001143
MLDB-001148,MLDB-001144
MLDB-001149,MLDB-001145
MLDB-001150,MLDB-001146
MLDB-001151,MLDB-001147
MLDB-001152,MLDB-001148
MLDB-001153,MLDB-001149
MLDB-001154,MLDB-001150
MLDB-001155,MLDB-001151
MLDB-001156,MLDB-001152
MLDB-001157,MLDB-001153
MLDB-001158,MLDB-001154
MLDB-001159,MLDB-001155
MLDB-001160,MLDB-001156
MLDB-001161,MLDB-001157
MLDB-001162,MLDB-001158
MLDB-001163,MLDB-001159
MLDB-001164,MLDB-001160
MLDB-001165,MLDB-001161
MLDB-001166,MLDB-001162
MLDB-001167,MLDB-001163
MLDB-001168,MLDB-001164
MLDB-001169,MLDB-001165
MLDB-001170,MLDB-001166
MLDB-001171,MLDB-001167
MLDB-001172,MLDB-001168
MLDB-001173,MLDB-001169
MLDB-001174,MLDB-001170
MLDB-001175,MLDB-001171
MLDB-001176,MLDB-001172
MLDB-001177,MLDB-001173
MLDB-001178,MLDB-001174
MLDB-001179,MLDB-001175
MLDB-001180,MLDB-001176
MLDB-001181,MLDB-001177
MLDB-001182,MLDB-001178
MLDB-001183,MLDB-001179
MLDB-001184,MLDB-001180
MLDB-001185,MLDB-001181
MLDB-001186,MLDB-001182
MLDB-001187,MLDB-001183
MLDB-001188,MLDB-001184
MLDB-001189,MLDB-001185
MLDB-001190,MLDB-001186
MLDB-001191,MLDB-001187
MLDB-001192,MLDB-001188
MLDB-001193,MLDB-001189
MLDB-001194,MLDB-001190
MLDB-001195,MLDB-001191
MLDB-001196,MLDB-001192
MLDB-001197,MLDB-001193
MLDB-001198,MLDB-001194
MLDB-001199,MLDB-001195
MLDB-001200,MLDB-001196
MLDB-001201,MLDB-001197
MLDB-001202,MLDB-001198
MLDB-001203,MLDB-001199
MLDB-001204,MLDB-001200
MLDB-001205,MLDB-001201
MLDB-001206,MLDB-001202
MLDB-001207,MLDB-001203
MLDB-001208,MLDB-001204
MLDB-001209,MLDB-001205
MLDB-001210,MLDB-001206
MLDB-001211,MLDB-001207
MLDB-001212,MLDB-001208
MLDB-001213,MLDB-001209
MLDB-001214,MLDB-001210
MLDB-001215,MLDB-001211
MLDB-001216,MLDB-001212
MLDB-001217,MLDB-001213
MLDB-001218,MLDB-001214
MLDB-001219,MLDB-001215
MLDB-001220,MLDB-001216
MLDB-001221,MLDB-001217
MLDB-001222,MLDB-001218
MLDB-001223,MLDB-001219
MLDB-001224,MLDB-001220
MLDB-001225,MLDB-001221
MLDB-001226,MLDB-001222
MLDB-001227,MLDB-001223
MLDB-001228,MLDB-001224
MLDB-001229,MLDB-001225
MLDB-001230,MLDB-001226
MLDB-001231,MLDB-001227
MLDB-001232,MLDB-001228
MLDB-001233,MLDB-001229
MLDB-001234,MLDB-001230
MLDB-001235,MLDB-001231
MLDB-001236,MLDB-001232
MLDB-001237,MLDB-001233
MLDB-001238,MLDB-001234
MLDB-001239,MLDB-001235
MLDB-001240,MLDB-001236
MLDB-001241,MLDB-001237
MLDB-001242,MLDB-001238
MLDB-001243,MLDB-001239
MLDB-001244,MLDB-001240
MLDB-001245,MLDB-001241
MLDB-001246,MLDB-001242
MLDB-001247,MLDB-001243
MLDB-001248,MLDB-001244
MLDB-001249,MLDB-001245
MLDB-001250,MLDB-001246
MLDB-001251,MLDB-001247
MLDB-001252,MLDB-001248
MLDB-001253,MLDB-001249
MLDB-001254,MLDB-001250
MLDB-001255,MLDB-001251
MLDB-001256,MLDB-001252
MLDB-001257,MLDB-001253
MLDB-001258,MLDB-001254
MLDB-001259,MLDB-001255
MLDB-001260,MLDB-001256
MLDB-001261,MLDB-001257
MLDB-001262,MLDB-001258
MLDB-001263,MLDB-001259
MLDB-001264,MLDB-001260
MLDB-001265,MLDB-001261
MLDB-001266,MLDB-001262
MLDB-001267,MLDB-001263
MLDB-001268,MLDB-001264
MLDB-001269,MLDB-001265
MLDB-001270,MLDB-001266
MLDB-001271,MLDB-001267
MLDB-001272,MLDB-001268
MLDB-001273,MLDB-001269
MLDB-001274,MLDB-001270
MLDB-001275,MLDB-001271
MLDB-001276,MLDB-001272
MLDB-001277,MLDB-001273
MLDB-001278,MLDB-001274
MLDB-001279,MLDB-001275
MLDB-001280,MLDB-001276
MLDB-001281,MLDB-001277
MLDB-001282,MLDB-001278
MLDB-001283,MLDB-001279
MLDB-001284,MLDB-001280
MLDB-001285,MLDB-001281
MLDB-001286,MLDB-001282
MLDB-001287,MLDB-001283
MLDB-001288,MLDB-001284
MLDB-001289,MLDB-001285
MLDB-001290,MLDB-001286
MLDB-001291,MLDB-001287
MLDB-001292,MLDB-001288
MLDB-001293,MLDB-001289
MLDB-001294,MLDB-001290
MLDB-001295,MLDB-001291
MLDB-001296,MLDB-001292
MLDB-001297,MLDB-001293
MLDB-001298,MLDB-001294
MLDB-001299,MLDB-001295
MLDB-001300,MLDB-001296
MLDB-001301,MLDB-001297
MLDB-001302,MLDB-001298
MLDB-001303,MLDB-001299
MLDB-001304,MLDB-001300
MLDB-001305,MLDB-001301
MLDB-001306,MLDB-001302
MLDB-001307,MLDB-001303
MLDB-001308,MLDB-001304
MLDB-001309,MLDB-001305
MLDB-001310,MLDB-001306
MLDB-001311,MLDB-001307
MLDB-001312,MLDB-001308
MLDB-001313,MLDB-001309
MLDB-001314,MLDB-001310
MLDB-001315,MLDB-001311
MLDB-001316,MLDB-001312
MLDB-001317,MLDB-001313
MLDB-001318,MLDB-001314
MLDB-001319,MLDB-001315
MLDB-001320,MLDB-001316
MLDB-001321,MLDB-001317
MLDB-001322,MLDB-001318
MLDB-001323,MLDB-001319
MLDB-001324,MLDB-001320
MLDB-001325,MLDB-001321
MLDB-001326,MLDB-001322
MLDB-001327,MLDB-001323
MLDB-001328,MLDB-001324
MLDB-001329,MLDB-001325
MLDB-001330,MLDB-001326
MLDB-001331,MLDB-001327
MLDB-001332,MLDB-001328
MLDB-001333,MLDB-001329
MLDB-001334,MLDB-001330
MLDB-001335,MLDB-001331
MLDB-001336,MLDB-001332
MLDB-001337,MLDB-001333
MLDB-001338,MLDB-001334
MLDB-001339,MLDB-001335
MLDB-001340,MLDB-001336
MLDB-001341,MLDB-001337
MLDB-001342,MLDB-001338
MLDB-001343,MLDB-001339
MLDB-001344,MLDB-001340
MLDB-001345,MLDB-001341
MLDB-001346,MLDB-001342
MLDB-001347,MLDB-001343
MLDB-001348,MLDB-001344
MLDB-001349,MLDB-001345
MLDB-001350,MLDB-001346
MLDB-001351,MLDB-001347
MLDB-001352,MLDB-001348
MLDB-001353,MLDB-001349
MLDB-001354,MLDB-001350
MLDB-001355,MLDB-001351
MLDB-001356,MLDB-001352
MLDB-001357,MLDB-001353
MLDB-001358,MLDB-001354
MLDB-001359,MLDB-001355
MLDB-001360,MLDB-001356
MLDB-001361,MLDB-001357
MLDB-001362,MLDB-001358
MLDB-001363,MLDB-001359
MLDB-001364,MLDB-001360
MLDB-001365,MLDB-001361
MLDB-001366,MLDB-001362
MLDB-001367,MLDB-001363
MLDB-001368,MLDB-001364
MLDB-001369,MLDB-001365
MLDB-001370,MLDB-001366
MLDB-001371,MLDB-001367
MLDB-001372,MLDB-001368
MLDB-001373,MLDB-001369
MLDB-001374,MLDB-001370
MLDB-001375,MLDB-001371
MLDB-001376,MLDB-001372
MLDB-001377,MLDB-001373
MLDB-001378,MLDB-001374
MLDB-001379,MLDB-001375
MLDB-001380,MLDB-001376
MLDB-001381,MLDB-001377
MLDB-001382,MLDB-001378
MLDB-001383,MLDB-001379
MLDB-001384,MLDB-001380
MLDB-001385,MLDB-001381
MLDB-001386,MLDB-001382
MLDB-001387,MLDB-001383
MLDB-001388,MLDB-001384
MLDB-001389,MLDB-001385
MLDB-001390,MLDB-001386
MLDB-001391,MLDB-001387
MLDB-001392,MLDB-001388
MLDB-001393,MLDB-001389
MLDB-001394,MLDB-001390
MLDB-001395,MLDB-001391
MLDB-001396,MLDB-001392
MLDB-001397,MLDB-001393
MLDB-001398,MLDB-001394
MLDB-001399,MLDB-001395
MLDB-001400,MLDB-001396
MLDB-001401,MLDB-001397
MLDB-001402,MLDB-001398
MLDB-001403,MLDB-001399
MLDB-001404,MLDB-001400
MLDB-001405,MLDB-001401
MLDB-001406,MLDB-001402
MLDB-001407,MLDB-001403
MLDB-001408,MLDB-001404
MLDB-001409,MLDB-001405
MLDB-001410,MLDB-001406
MLDB-001411,MLDB-001407
MLDB-001412,MLDB-001408
MLDB-001413,MLDB-001409
MLDB-001414,MLDB-001410
MLDB-001415,MLDB-001411
MLDB-001416,MLDB-001412
MLDB-001417,MLDB-001413
MLDB-001418,MLDB-001414
MLDB-001419,MLDB-001415
MLDB-001420,MLDB-001416
MLDB-001421,MLDB-001417
MLDB-001422,MLDB-001418
MLDB-001423,MLDB-001419
MLDB-001424,MLDB-001420
MLDB-001425,MLDB-001421
MLDB-001426,MLDB-001422
MLDB-001427,MLDB-001423
MLDB-001428,MLDB-001424
MLDB-001429,MLDB-001425
MLDB-001430,MLDB-001426
MLDB-001431,MLDB-001427
MLDB-001432,MLDB-001428
MLDB-001433,MLDB-001429
MLDB-001434,MLDB-001430
MLDB-001435,MLDB-001431
MLDB-001436,MLDB-001432
MLDB-001437,MLDB-001433
MLDB-001438,MLDB-001434
MLDB-001439,MLDB-001435
MLDB-001440,MLDB-001436
MLDB-001441,MLDB-001437
MLDB-001442,MLDB-001438
MLDB-001443,MLDB-001439
MLDB-001444,MLDB-001440
MLDB-001445,MLDB-001441
MLDB-001446,MLDB-001442
MLDB-001447,MLDB-001443
MLDB-001448,MLDB-001444
MLDB-001449,MLDB-001445
MLDB-001450,MLDB-001446
MLDB-001451,MLDB-001447
MLDB-001452,MLDB-001448
MLDB-001453,MLDB-001449
MLDB-001454,MLDB-001450
MLDB-001455,MLDB-001451
MLDB-001456,MLDB-001452
MLDB-001457,MLDB-001453
MLDB-001458,MLDB-001454
MLDB-001459,MLDB-001455
MLDB-001460,MLDB-001456
MLDB-001461,MLDB-001457
MLDB-001462,MLDB-001458
MLDB-001463,MLDB-001459
MLDB-001464,MLDB-001460
MLDB-001465,MLDB-001461
MLDB-001466,MLDB-001462
MLDB-001467,MLDB-001463
MLDB-001468,MLDB-001464
MLDB-001469,MLDB-001465
MLDB-001470,MLDB-001466
MLDB-001471,MLDB-001467
MLDB-001472,MLDB-001468
MLDB-001473,MLDB-001469
MLDB-001474,MLDB-001470
MLDB-001475,MLDB-001471
MLDB-001476,MLDB-001472
MLDB-001477,MLDB-001473
MLDB-001478,MLDB-001474
MLDB-001479,MLDB-001475
MLDB-001480,MLDB-001476
MLDB-001481,MLDB-001477
MLDB-001482,MLDB-001478
MLDB-001483,MLDB-001479
MLDB-001484,MLDB-001480
MLDB-001485,MLDB-001481
MLDB-001486,MLDB-001482
MLDB-001487,MLDB-001483
MLDB-001488,MLDB-001484
MLDB-001489,MLDB-001485
MLDB-001490,MLDB-001486
MLDB-001491,MLDB-001487
MLDB-001492,MLDB-001488
MLDB-001493,MLDB-001489
MLDB-001494,MLDB-001490
MLDB-001495,MLDB-001491
MLDB-001496,MLDB-001492
MLDB-001497,MLDB-001493
MLDB-001498,MLDB-001494
MLDB-001499,MLDB-001495
MLDB-001500,MLDB-001496
MLDB-001501,MLDB-001497
MLDB-001502,MLDB-001498
MLDB-001503,MLDB-001499
MLDB-001504,MLDB-001500
MLDB-001505,MLDB-001501
MLDB-001506,MLDB-001502
MLDB-001507,MLDB-001503
MLDB-001508,MLDB-001504
MLDB-001509,MLDB-001505
MLDB-001510,MLDB-001506
MLDB-001511,MLDB-001507
MLDB-001512,MLDB-001508
MLDB-001513,MLDB-001509
MLDB-001514,MLDB-001510
MLDB-001515,MLDB-001511
MLDB-001516,MLDB-001512
MLDB-001517,MLDB-001513
MLDB-001518,MLDB-001514
MLDB-001519,MLDB-001515
MLDB-001520,MLDB-001516
MLDB-001521,MLDB-001517
MLDB-001522,MLDB-001518
MLDB-001523,MLDB-001519
MLDB-001524,MLDB-001520
MLDB-001525,MLDB-001521
MLDB-001526,MLDB-001522
MLDB-001527,MLDB-001523
MLDB-001528,MLDB-001524
MLDB-001529,MLDB-001525
MLDB-001530,MLDB-001526
MLDB-001531,MLDB-001527
MLDB-001532,MLDB-001528
MLDB-001533,MLDB-001529
MLDB-001534,MLDB-001530
MLDB-001535,MLDB-001531
MLDB-001536,MLDB-001532
MLDB-001537,MLDB-001533
MLDB-001538,MLDB-001534
MLDB-001539,MLDB-001535
MLDB-001540,MLDB-001536
MLDB-001541,MLDB-001537
MLDB-001542,MLDB-001538
MLDB-001543,MLDB-001539
MLDB-001544,MLDB-001540
MLDB-001545,MLDB-001541
MLDB-001546,MLDB-001542
MLDB-001547,MLDB-001543
MLDB-001549,MLDB-001544
MLDB-001550,MLDB-001545
MLDB-001551,MLDB-001546
MLDB-001552,MLDB-001547
MLDB-001553,MLDB-001548
MLDB-001554,MLDB-001549
MLDB-001555,MLDB-001550
MLDB-001556,MLDB-001551
MLDB-001557,MLDB-001552
MLDB-001558,MLDB-001553
MLDB-001559,MLDB-001554
MLDB-001560,MLDB-001555
MLDB-001561,MLDB-001556
MLDB-001562,MLDB-001557
MLDB-001563,MLDB-001558
MLDB-001564,MLDB-001559
MLDB-001565,MLDB-001560
MLDB-001566,MLDB-001561
MLDB-001567,MLDB-001562
MLDB-001568,MLDB-001563
MLDB-001569,MLDB-001564
MLDB-001570,MLDB-001565
MLDB-001571,MLDB-001566
MLDB-001572,MLDB-001567
MLDB-001573,MLDB-001568
MLDB-001574,MLDB-001569
MLDB-001575,MLDB-001570
MLDB-001576,MLDB-001571
MLDB-001577,MLDB-001572
MLDB-001578,MLDB-001573
MLDB-001579,MLDB-001574
MLDB-001580,MLDB-001575
MLDB-001581,MLDB-001576
MLDB-001582,MLDB-001577
MLDB-001583,MLDB-001578
MLDB-001584,MLDB-001579
MLDB-001585,MLDB-001580
MLDB-001586,MLDB-001581
MLDB-001587,MLDB-001582
MLDB-001588,MLDB-001583
MLDB-001589,MLDB-001584
MLDB-001590,MLDB-001585
MLDB-001591,MLDB-001586
MLDB-001592,MLDB-001587
MLDB-001593,MLDB-001588
MLDB-001594,MLDB-001589
MLDB-001595,MLDB-001590
MLDB-001596,MLDB-001591
MLDB-001597,MLDB-001592
MLDB-001598,MLDB-001593
MLDB-001599,MLDB-001594
MLDB-001600,MLDB-001595
MLDB-001601,MLDB-001596
MLDB-001602,MLDB-001597
MLDB-001603,MLDB-001598
MLDB-001604,MLDB-001599
MLDB-001605,MLDB-001600
MLDB-001606,MLDB-001601
MLDB-001607,MLDB-001602
MLDB-001608,MLDB-001603
MLDB-001609,MLDB-001604
MLDB-001610,MLDB-001605
MLDB-001611,MLDB-001606
MLDB-001612,MLDB-001607
MLDB-001613,MLDB-001608
MLDB-001614,MLDB-001609
MLDB-001615,MLDB-001610
MLDB-001616,MLDB-001611
MLDB-001617,MLDB-001612
MLDB-001618,MLDB-001613
MLDB-001619,MLDB-001614
MLDB-001620,MLDB-001615
MLDB-001621,MLDB-001616
MLDB-001622,MLDB-001617
MLDB-001623,MLDB-001618
MLDB-001624,MLDB-001619
MLDB-001625,MLDB-001620
MLDB-001626,MLDB-001621
MLDB-001627,MLDB-001622
MLDB-001628,MLDB-001623
MLDB-001629,MLDB-001624
MLDB-001630,MLDB-001625
MLDB-001631,MLDB-001626
MLDB-001632,MLDB-001627
MLDB-001633,MLDB-001628
MLDB-001634,MLDB-001629
MLDB-001635,MLDB-001630
MLDB-001636,MLDB-001631
MLDB-001637,MLDB-001632
MLDB-001638,MLDB-001633
MLDB-001639,MLDB-001634
MLDB-001640,MLDB-001635
MLDB-001641,MLDB-001636
MLDB-001642,MLDB-001637
MLDB-001643,MLDB-001638
MLDB-001644,MLDB-001639
MLDB-001645,MLDB-001640
MLDB-001646,MLDB-001641
MLDB-001647,MLDB-001642
MLDB-001648,MLDB-001643
MLDB-001649,MLDB-001644
MLDB-001650,MLDB-001645
MLDB-001651,MLDB-001646
MLDB-001652,MLDB-001647
MLDB-001653,MLDB-001648
MLDB-001654,MLDB-001649
MLDB-001655,MLDB-001650
MLDB-001656,MLDB-001651
MLDB-001657,MLDB-001652
MLDB-001658,MLDB-001653
MLDB-001659,MLDB-001654
MLDB-001660,MLDB-001655
MLDB-001661,MLDB-001656
MLDB-001662,MLDB-001657
MLDB-001663,MLDB-001658
MLDB-001664,MLDB-001659
MLDB-001665,MLDB-001660
MLDB-001666,MLDB-001661
MLDB-001667,MLDB-001662
MLDB-001668,MLDB-001663
MLDB-001669,MLDB-001664
MLDB-001670,MLDB-001665
MLDB-001671,MLDB-001666
MLDB-001672,MLDB-001667
MLDB-001673,MLDB-001668
MLDB-001674,MLDB-001669
MLDB-001675,MLDB-001670
MLDB-001676,MLDB-001671
MLDB-001677,MLDB-001672
MLDB-001678,MLDB-001673
MLDB-001679,MLDB-001674
MLDB-001680,MLDB-001675
MLDB-001681,MLDB-001676
MLDB-001682,MLDB-001677
MLDB-001683,MLDB-001678
MLDB-001684,MLDB-001679
MLDB-001685,MLDB-001680
MLDB-001686,MLDB-001681
MLDB-001687,MLDB-001682
MLDB-001688,MLDB-001683
MLDB-001689,MLDB-001684
MLDB-001690,MLDB-001685
MLDB-001691,MLDB-001686
MLDB-001692,MLDB-001687
MLDB-001693,MLDB-001688
MLDB-001694,MLDB-001689
MLDB-001695,MLDB-001690
MLDB-001696,MLDB-001691
MLDB-001697,MLDB-001692
MLDB-001698,MLDB-001693
MLDB-001699,MLDB-001694
MLDB-001700,MLDB-001695
MLDB-001701,MLDB-001696
MLDB-001702,MLDB-001697
MLDB-001703,MLDB-001698
MLDB-001704,MLDB-001699
MLDB-001705,MLDB-001700
MLDB-001706,MLDB-001701
MLDB-001707,MLDB-001702
MLDB-001708,MLDB-001703
MLDB-001709,MLDB-001704
MLDB-001710,MLDB-001705
MLDB-001711,MLDB-001706
MLDB-001712,MLDB-001707
MLDB-001713,MLDB-001708
MLDB-001714,MLDB-001709
MLDB-001715,MLDB-001710
MLDB-001716,MLDB-001711
MLDB-001717,MLDB-001712
MLDB-001718,MLDB-001713
MLDB-001719,MLDB-001714
MLDB-001720,MLDB-001715
MLDB-001721,MLDB-001716
MLDB-001722,MLDB-001717
MLDB-001723,MLDB-001718
MLDB-001724,MLDB-001719
MLDB-001725,MLDB-001720
MLDB-001726,MLDB-001721
MLDB-001727,MLDB-001722
MLDB-001728,MLDB-001723
MLDB-001729,MLDB-001724
MLDB-001730,MLDB-001725
MLDB-001731,MLDB-001726
MLDB-001732,MLDB-001727
MLDB-001733,MLDB-001728
MLDB-001734,MLDB-001729
MLDB-001735,MLDB-001730
MLDB-001736,MLDB-001731
MLDB-001737,MLDB-001732
MLDB-001738,MLDB-001733
MLDB-001739,MLDB-001734
MLDB-001740,MLDB-001735
MLDB-001741,MLDB-001736
MLDB-001742,MLDB-001737
MLDB-001743,MLDB-001738
MLDB-001744,MLDB-001739
MLDB-001745,MLDB-001740
MLDB-001746,MLDB-001741
MLDB-001747,MLDB-001742
MLDB-001748,MLDB-001743
MLDB-001749,MLDB-001744
MLDB-001750,MLDB-001745
MLDB-001751,MLDB-001746
MLDB-001752,MLDB-001747
MLDB-001753,MLDB-001748
MLDB-001754,MLDB-001749
MLDB-001755,MLDB-001750
MLDB-001756,MLDB-001751
MLDB-001757,MLDB-001752
MLDB-001758,MLDB-001753
MLDB-001759,MLDB-001754
MLDB-001760,MLDB-001755
MLDB-001761,MLDB-001756
MLDB-001762,MLDB-001757
MLDB-001763,MLDB-001758
MLDB-001764,MLDB-001759
MLDB-001765,MLDB-001760
MLDB-001766,MLDB-001761
MLDB-001767,MLDB-001762
MLDB-001768,MLDB-001763
MLDB-001769,MLDB-001764
MLDB-001770,MLDB-001765
MLDB-001771,MLDB-001766
MLDB-001772,MLDB-001767
MLDB-001773,MLDB-001768
MLDB-001774,MLDB-001769
MLDB-001775,MLDB-001770
MLDB-001776,MLDB-001771
MLDB-001777,MLDB-001772
MLDB-001778,MLDB-001773
MLDB-001779,MLDB-001774
MLDB-001780,MLDB-001775
MLDB-001781,MLDB-001776
MLDB-001782,MLDB-001777
MLDB-001783,MLDB-001778
MLDB-001784,MLDB-001779
MLDB-001785,MLDB-001780
MLDB-001786,MLDB-001781
MLDB-001787,MLDB-001782
MLDB-001788,MLDB-001783
MLDB-001789,MLDB-001784
MLDB-001790,MLDB-001785
MLDB-001791,MLDB-001786
MLDB-001792,MLDB-001787
MLDB-001793,MLDB-001788
MLDB-001794,MLDB-001789
MLDB-001795,MLDB-001790
MLDB-001796,MLDB-001791
MLDB-001797,MLDB-001792
MLDB-001798,MLDB-001793
MLDB-001799,MLDB-001794
MLDB-001800,MLDB-001795
MLDB-001801,MLDB-001796
MLDB-001802,MLDB-001797
MLDB-001803,MLDB-001798
MLDB-001804,MLDB-001799
MLDB-001805,MLDB-001800
MLDB-001806,MLDB-001801
MLDB-001807,MLDB-001802
MLDB-001808,MLDB-001803
MLDB-001809,MLDB-001804
MLDB-001810,MLDB-001805
MLDB-001811,MLDB-001806
MLDB-001812,MLDB-001807
MLDB-001813,MLDB-001808
MLDB-001814,MLDB-001809
MLDB-001815,MLDB-001810
MLDB-001816,MLDB-001811
MLDB-001817,MLDB-001812
MLDB-001818,MLDB-001813
MLDB-001819,MLDB-001814
MLDB-001820,MLDB-001815
MLDB-001821,MLDB-001816
MLDB-001822,MLDB-001817
MLDB-001823,MLDB-001818
MLDB-001824,MLDB-001819
MLDB-001825,MLDB-001820
MLDB-001826,MLDB-001821
MLDB-001827,MLDB-001822
MLDB-001828,MLDB-001823
MLDB-001829,MLDB-001824
MLDB-001830,MLDB-001825
MLDB-001831,MLDB-001826
MLDB-001832,MLDB-001827
MLDB-001833,MLDB-001828
MLDB-001834,MLDB-001829
MLDB-001835,MLDB-001830
MLDB-001838,MLDB-001831
MLDB-001839,MLDB-001832
MLDB-001840,MLDB-001833
MLDB-001841,MLDB-001834
MLDB-001842,MLDB-001835
MLDB-001843,MLDB-001836
MLDB-001844,MLDB-001837
MLDB-001845,MLDB-001838
MLDB-001846,MLDB-001839
MLDB-001847,MLDB-001840
MLDB-001848,MLDB-001841
MLDB-001849,MLDB-001842
MLDB-001850,MLDB-001843
MLDB-001851,MLDB-001844
MLDB-001852,MLDB-001845
MLDB-001853,MLDB-001846
MLDB-001854,MLDB-001847
MLDB-001855,MLDB-001848
MLDB-001856,MLDB-001849
MLDB-001857,MLDB-001850
MLDB-001858,MLDB-001851
MLDB-001859,MLDB-001852
MLDB-001860,MLDB-001853
MLDB-001861,MLDB-001854
MLDB-001862,MLDB-001855
MLDB-001863,MLDB-001856
MLDB-001864,MLDB-001857
MLDB-001865,MLDB-001858
MLDB-001866,MLDB-001859
MLDB-001867,MLDB-001860
MLDB-001868,MLDB-001861
MLDB-001869,MLDB-001862
MLDB-001870,MLDB-001863
MLDB-001871,MLDB-001864
MLDB-001872,MLDB-001865
MLDB-001873,MLDB-001866
MLDB-001874,MLDB-001867
MLDB-001875,MLDB-001868
MLDB-001876,MLDB-001869
MLDB-001877,MLDB-001870
MLDB-001878,MLDB-001871
MLDB-001879,MLDB-001872
MLDB-001880,MLDB-001873
MLDB-001881,MLDB-001874
MLDB-001882,MLDB-001875
MLDB-001883,MLDB-001876
MLDB-001884,MLDB-001877
MLDB-001885,MLDB-001878
MLDB-001886,MLDB-001879
MLDB-001887,MLDB-001880
MLDB-001888,MLDB-001881
MLDB-001889,MLDB-001882
MLDB-001890,MLDB-001883
MLDB-001891,MLDB-001884
MLDB-001892,MLDB-001885
MLDB-001893,MLDB-001886
MLDB-001894,MLDB-001887
MLDB-001895,MLDB-001888
MLDB-001896,MLDB-001889
MLDB-001897,MLDB-001890
MLDB-001898,MLDB-001891
MLDB-001899,MLDB-001892
MLDB-001900,MLDB-001893
MLDB-001901,MLDB-001894
MLDB-001902,MLDB-001895
MLDB-001903,MLDB-001896
MLDB-001904,MLDB-001897
MLDB-001905,MLDB-001898
MLDB-001906,MLDB-001899
MLDB-001907,MLDB-001900
MLDB-001908,MLDB-001901
MLDB-001909,MLDB-001902
MLDB-001910,MLDB-001903
MLDB-001911,MLDB-001904
MLDB-001913,MLDB-001905
MLDB-001914,MLDB-001906
MLDB-001915,MLDB-001907
MLDB-001916,MLDB-001908
MLDB-001918,MLDB-001909
MLDB-001919,MLDB-001910
MLDB-001920,MLDB-001911
MLDB-001921,MLDB-001912
MLDB-001922,MLDB-001913
MLDB-001923,MLDB-001914
MLDB-001924,MLDB-001915
MLDB-001925,MLDB-001916
MLDB-001926,MLDB-001917
MLDB-001927,MLDB-001918
MLDB-001928,MLDB-001919
MLDB-001929,MLDB-001920
MLDB-001930,MLDB-001921
MLDB-001931,MLDB-001922
MLDB-001932,MLDB-001923
MLDB-001933,MLDB-001924
MLDB-001934,MLDB-001925
MLDB-001935,MLDB-001926
MLDB-001936,MLDB-001927
MLDB-001937,MLDB-001928
MLDB-001938,MLDB-001929
MLDB-001939,MLDB-001930
MLDB-001940,MLDB-001931
MLDB-001941,MLDB-001932
MLDB-001942,MLDB-001933
MLDB-001943,MLDB-001934
MLDB-001944,MLDB-001935
MLDB-001945,MLDB-001936
MLDB-001946,MLDB-001937
MLDB-001947,MLDB-001938
MLDB-001948,MLDB-001939
MLDB-001949,MLDB-001940
MLDB-001950,MLDB-001941
MLDB-001951,MLDB-001942
MLDB-001952,MLDB-001943
MLDB-001953,MLDB-001944
MLDB-001954,MLDB-001945
MLDB-001955,MLDB-001946
MLDB-001956,MLDB-001947
MLDB-001957,MLDB-001948
MLDB-001958,MLDB-001949
MLDB-001959,MLDB-001950
MLDB-001960,MLDB-001951
MLDB-001961,MLDB-001952
MLDB-001962,MLDB-001953
MLDB-001963,MLDB-001954
MLDB-001964,MLDB-001955
MLDB-001965,MLDB-001956
MLDB-001966,MLDB-001957
MLDB-001967,MLDB-001958
MLDB-001968,MLDB-001959
MLDB-001969,MLDB-001960
MLDB-001970,MLDB-001961
MLDB-001971,MLDB-001962
MLDB-001972,MLDB-001963
MLDB-001973,MLDB-001964
MLDB-001974,MLDB-001965
MLDB-001975,MLDB-001966
MLDB-001976,MLDB-001967
MLDB-001977,MLDB-001968
MLDB-001978,MLDB-001969
MLDB-001979,MLDB-001970
MLDB-001980,MLDB-001971
MLDB-001981,MLDB-001972
MLDB-001982,MLDB-001973
MLDB-001983,MLDB-001974
MLDB-001984,MLDB-001975
MLDB-001985,MLDB-001976
MLDB-001986,MLDB-001977
MLDB-001987,MLDB-001978
MLDB-001988,MLDB-001979
MLDB-001989,MLDB-001980
MLDB-001990,MLDB-001981
MLDB-001991,MLDB-001982
MLDB-001992,MLDB-001983
MLDB-001993,MLDB-001984
MLDB-001994,MLDB-001985
MLDB-001995,MLDB-001986
MLDB-001996,MLDB-001987
MLDB-001997,MLDB-001988
MLDB-001998,MLDB-001989
MLDB-001999,MLDB-001990
MLDB-002000,MLDB-001991
MLDB-002001,MLDB-001992
MLDB-002002,MLDB-001993
MLDB-002003,MLDB-001994
MLDB-002004,MLDB-001995
MLDB-002005,MLDB-001996
MLDB-002006,MLDB-001997
MLDB-002007,MLDB-001998
MLDB-002008,MLDB-001999
MLDB-002009,MLDB-002000
MLDB-002010,MLDB-002001
MLDB-002011,MLDB-002002
MLDB-002012,MLDB-002003
MLDB-002013,MLDB-002004
MLDB-002014,MLDB-002005
MLDB-002015,MLDB-002006
MLDB-002016,MLDB-002007
MLDB-002017,MLDB-002008
MLDB-002018,MLDB-002009
MLDB-002019,MLDB-002010
MLDB-002020,MLDB-002011
MLDB-002021,MLDB-002012
MLDB-002022,MLDB-002013
MLDB-002023,MLDB-002014
MLDB-002024,MLDB-002015
MLDB-002025,MLDB-002016
MLDB-002026,MLDB-002017
MLDB-002027,MLDB-002018
MLDB-002028,MLDB-002019
MLDB-002029,MLDB-002020
MLDB-002030,MLDB-002021
MLDB-002031,MLDB-002022
MLDB-002032,MLDB-002023
MLDB-002033,MLDB-002024
MLDB-002034,MLDB-002025
MLDB-002035,MLDB-002026
MLDB-002036,MLDB-002027
MLDB-002037,MLDB-002028
MLDB-002038,MLDB-002029
MLDB-002039,MLDB-002030
MLDB-002040,MLDB-002031
MLDB-002043,MLDB-002032
MLDB-002044,MLDB-002033
MLDB-002045,MLDB-002034
MLDB-002046,MLDB-002035
MLDB-002047,MLDB-002036
MLDB-002048,MLDB-002037
MLDB-002049,MLDB-002038
MLDB-002050,MLDB-002039
MLDB-002051,MLDB-002040
MLDB-002052,MLDB-002041
MLDB-002053,MLDB-002042
MLDB-002054,MLDB-002043
MLDB-002055,MLDB-002044
MLDB-002056,MLDB-002045
MLDB-002057,MLDB-002046
MLDB-002058,MLDB-002047
MLDB-002059,MLDB-002048
MLDB-002060,MLDB-002049
MLDB-002061,MLDB-002050
MLDB-002062,MLDB-002051
MLDB-002063,MLDB-002052
MLDB-002064,MLDB-002053
MLDB-002065,MLDB-002054
MLDB-002066,MLDB-002055
MLDB-002067,MLDB-002056
MLDB-002068,MLDB-002057
MLDB-002069,MLDB-002058
MLDB-002070,MLDB-002059
MLDB-002071,MLDB-002060
MLDB-002072,MLDB-002061
MLDB-002073,MLDB-002062
MLDB-002074,MLDB-002063
MLDB-002075,MLDB-002064
MLDB-002076,MLDB-002065
MLDB-002077,MLDB-002066
MLDB-002078,MLDB-002067
MLDB-002079,MLDB-002068
MLDB-002082,MLDB-002069
MLDB-002083,MLDB-002070
MLDB-002084,MLDB-002071
MLDB-002085,MLDB-002072
MLDB-002086,MLDB-002073
MLDB-002087,MLDB-002074
MLDB-002088,MLDB-002075
MLDB-002089,MLDB-002076
MLDB-002090,MLDB-002077
MLDB-002091,MLDB-002078
MLDB-002092,MLDB-002079
MLDB-002093,MLDB-002080
MLDB-002094,MLDB-002081
MLDB-002095,MLDB-002082
MLDB-002096,MLDB-002083
MLDB-002097,MLDB-002084
MLDB-002098,MLDB-002085
MLDB-002099,MLDB-002086
MLDB-002100,MLDB-002087
MLDB-002101,MLDB-002088
MLDB-002102,MLDB-002089
MLDB-002103,MLDB-002090
MLDB-002104,MLDB-002091
MLDB-002105,MLDB-002092
MLDB-002106,MLDB-002093
MLDB-002107,MLDB-002094
MLDB-002108,MLDB-002095
MLDB-002109,MLDB-002096
MLDB-002110,MLDB-002097
MLDB-002111,MLDB-002098
MLDB-002112,MLDB-002099
MLDB-002113,MLDB-002100
MLDB-002114,MLDB-002101
MLDB-002115,MLDB-002102
MLDB-002116,MLDB-002103
MLDB-002117,MLDB-002104
MLDB-002118,MLDB-002105
MLDB-002119,MLDB-002106
MLDB-002120,MLDB-002107
MLDB-002121,MLDB-002108
MLDB-002122,MLDB-002109
MLDB-002123,MLDB-002110
MLDB-002124,MLDB-002111
MLDB-002125,MLDB-002112
MLDB-002126,MLDB-002113
MLDB-002127,MLDB-002114
MLDB-002128,MLDB-002115
MLDB-002129,MLDB-002116
MLDB-002130,MLDB-002117
MLDB-002132,MLDB-002118
MLDB-002133,MLDB-002119
MLDB-002134,MLDB-002120
MLDB-002135,MLDB-002121
MLDB-002136,MLDB-002122
MLDB-002137,MLDB-002123
MLDB-002138,MLDB-002124
MLDB-002139,MLDB-002125
MLDB-002140,MLDB-002126
MLDB-002141,MLDB-002127
MLDB-002142,MLDB-002128
MLDB-002143,MLDB-002129
MLDB-002144,MLDB-002130
MLDB-002145,MLDB-002131
MLDB-002146,MLDB-002132
MLDB-002147,MLDB-002133
MLDB-002148,MLDB-002134
MLDB-002149,MLDB-002135
MLDB-002150,MLDB-002136
MLDB-002151,MLDB-002137
MLDB-002152,MLDB-002138
MLDB-002153,MLDB-002139
MLDB-002154,MLDB-002140
MLDB-002155,MLDB-002141
MLDB-002156,MLDB-002142
MLDB-002157,MLDB-002143
MLDB-002158,MLDB-002144
MLDB-002159,MLDB-002145
MLDB-002160,MLDB-002146
MLDB-002161,MLDB-002147
MLDB-002162,MLDB-002148
MLDB-002163,MLDB-002149
MLDB-002164,MLDB-002150
MLDB-002165,MLDB-002151
MLDB-002166,MLDB-002152
MLDB-002167,MLDB-002153
MLDB-002168,MLDB-002154
MLDB-002169,MLDB-002155
MLDB-002170,MLDB-002156
MLDB-002171,MLDB-002157
MLDB-002172,MLDB-002158
MLDB-002173,MLDB-002159
MLDB-002174,MLDB-002160
MLDB-002175,MLDB-002161
MLDB-002176,MLDB-002162
MLDB-002177,MLDB-002163
MLDB-002178,MLDB-002164
MLDB-002179,MLDB-002165
MLDB-002180,MLDB-002166
MLDB-002181,MLDB-002167
MLDB-002182,MLDB-002168
MLDB-002183,MLDB-002169
MLDB-002184,MLDB-002170
MLDB-002185,MLDB-002171
MLDB-002186,MLDB-002172
MLDB-002187,MLDB-002173
MLDB-002188,MLDB-002174
MLDB-002189,MLDB-002175
MLDB-002190,MLDB-002176
MLDB-002191,MLDB-002177
MLDB-002192,MLDB-002178
MLDB-002193,MLDB-002179
MLDB-002194,MLDB-002180
MLDB-002195,MLDB-002181
MLDB-002196,MLDB-002182
MLDB-002197,MLDB-002183
MLDB-002198,MLDB-002184
MLDB-002199,MLDB-002185
MLDB-002200,MLDB-002186
MLDB-002201,MLDB-002187
MLDB-002202,MLDB-002188
MLDB-002203,MLDB-002189
MLDB-002204,MLDB-002190
MLDB-002205,MLDB-002191
MLDB-002206,MLDB-002192
MLDB-002207,MLDB-002193
MLDB-002208,MLDB-002194
MLDB-002209,MLDB-002195
MLDB-002210,MLDB-002196
MLDB-002211,MLDB-002197
MLDB-002212,MLDB-002198
MLDB-002213,MLDB-002199
MLDB-002214,MLDB-002200
MLDB-002215,MLDB-002201
MLDB-002216,MLDB-002202
MLDB-002217,MLDB-002203
MLDB-002218,MLDB-002204
MLDB-002219,MLDB-002205
MLDB-002220,MLDB-002206
MLDB-002221,MLDB-002207
MLDB-002222,MLDB-002208
MLDB-002223,MLDB-002209
MLDB-002224,MLDB-002210
MLDB-002225,MLDB-002211
MLDB-002226,MLDB-002212
MLDB-002227,MLDB-002213
MLDB-002228,MLDB-002214
MLDB-002229,MLDB-002215
MLDB-002230,MLDB-002216
MLDB-002231,MLDB-002217
MLDB-002232,MLDB-002218
MLDB-002233,MLDB-002219
MLDB-002234,MLDB-002220
MLDB-002235,MLDB-002221
MLDB-002236,MLDB-002222
MLDB-002237,MLDB-002223
MLDB-002238,MLDB-002224
MLDB-002239,MLDB-002225
MLDB-002240,MLDB-002226
MLDB-002241,MLDB-002227
MLDB-002242,MLDB-002228
MLDB-002243,MLDB-002229
MLDB-002244,MLDB-002230
MLDB-002245,MLDB-002231
MLDB-002246,MLDB-002232
MLDB-002247,MLDB-002233
MLDB-002248,MLDB-002234
MLDB-002249,MLDB-002235
MLDB-002250,MLDB-002236
MLDB-002251,MLDB-002237
MLDB-002252,MLDB-002238
MLDB-002253,MLDB-002239
MLDB-002254,MLDB-002240
MLDB-002255,MLDB-002241
MLDB-002256,MLDB-002242
MLDB-002257,MLDB-002243
MLDB-002258,MLDB-002244
MLDB-002259,MLDB-002245
MLDB-002260,MLDB-002246
MLDB-002261,MLDB-002247
MLDB-002262,MLDB-002248
MLDB-002263,MLDB-002249
MLDB-002264,MLDB-002250
MLDB-002265,MLDB-002251
MLDB-002266,MLDB-002252
MLDB-002267,MLDB-002253
MLDB-002268,MLDB-002254
MLDB-002269,MLDB-002255
MLDB-002270,MLDB-002256
MLDB-002271,MLDB-002257
MLDB-002272,MLDB-002258
MLDB-002273,MLDB-002259
MLDB-002274,MLDB-002260
MLDB-002275,MLDB-002261
MLDB-002276,MLDB-002262
MLDB-002277,MLDB-002263
MLDB-002278,MLDB-002264
MLDB-002279,MLDB-002265
MLDB-002280,MLDB-002266
MLDB-002281,MLDB-002267
MLDB-002282,MLDB-002268
MLDB-002283,MLDB-002269
MLDB-002284,MLDB-002270
MLDB-002285,MLDB-002271
MLDB-002286,MLDB-002272
MLDB-002287,MLDB-002273
MLDB-002288,MLDB-002274
MLDB-002289,MLDB-002275
MLDB-002290,MLDB-002276
MLDB-002291,MLDB-002277
MLDB-002292,MLDB-002278
MLDB-002293,MLDB-002279
MLDB-002294,MLDB-002280
MLDB-002295,MLDB-002281
MLDB-002296,MLDB-002282
MLDB-002297,MLDB-002283
MLDB-002298,MLDB-002284
MLDB-002299,MLDB-002285
MLDB-002300,MLDB-002286
MLDB-002301,MLDB-002287
MLDB-002302,MLDB-002288
MLDB-002303,MLDB-002289
MLDB-002304,MLDB-002290
MLDB-002305,MLDB-002291
MLDB-002306,MLDB-002292
MLDB-002307,MLDB-002293
MLDB-002308,MLDB-002294
MLDB-002309,MLDB-002295
MLDB-002310,MLDB-002296
MLDB-002311,MLDB-002297
MLDB-002312,MLDB-002298
MLDB-002313,MLDB-002299
MLDB-002314,MLDB-002300
MLDB-002315,MLDB-002301
MLDB-002316,MLDB-002302
MLDB-002317,MLDB-002303
MLDB-002318,MLDB-002304
MLDB-002319,MLDB-002305
MLDB-002320,MLDB-002306
MLDB-002321,MLDB-002307
MLDB-002322,MLDB-002308
MLDB-002323,MLDB-002309
MLDB-002324,MLDB-002310
MLDB-002325,MLDB-002311
MLDB-002326,MLDB-002312
MLDB-002327,MLDB-002313
MLDB-002328,MLDB-002314
MLDB-002329,MLDB-002315
MLDB-002330,MLDB-002316
MLDB-002331,MLDB-002317
MLDB-002332,MLDB-002318
MLDB-002333,MLDB-002319
MLDB-002334,MLDB-002320
MLDB-002335,MLDB-002321
MLDB-002336,MLDB-002322
MLDB-002337,MLDB-002323
MLDB-002338,MLDB-002324
MLDB-002339,MLDB-002325
MLDB-002340,MLDB-002326
MLDB-002341,MLDB-002327
MLDB-002342,MLDB-002328
MLDB-002343,MLDB-002329
MLDB-002344,MLDB-002330
MLDB-002345,MLDB-002331
MLDB-002346,MLDB-002332
MLDB-002347,MLDB-002333
MLDB-002348,MLDB-002334
MLDB-002349,MLDB-002335
MLDB-002350,MLDB-002336
MLDB-002351,MLDB-002337
MLDB-002352,MLDB-002338
MLDB-002353,MLDB-002339
MLDB-002354,MLDB-002340
MLDB-002355,MLDB-002341
MLDB-002356,MLDB-002342
MLDB-002357,MLDB-002343
MLDB-002358,MLDB-002344
MLDB-002359,MLDB-002345
MLDB-002360,MLDB-002346
MLDB-002361,MLDB-002347
MLDB-002362,MLDB-002348
MLDB-002363,MLDB-002349
MLDB-002364,MLDB-002350
MLDB-002365,MLDB-002351
MLDB-002366,MLDB-002352
MLDB-002367,MLDB-002353
MLDB-002368,MLDB-002354
MLDB-002369,MLDB-002355
MLDB-002370,MLDB-002356
MLDB-002371,MLDB-002357
MLDB-002372,MLDB-002358
MLDB-002373,MLDB-002359
MLDB-002374,MLDB-002360
MLDB-002375,MLDB-002361
MLDB-002376,MLDB-002362
MLDB-002377,MLDB-002363
MLDB-002378,MLDB-002364
MLDB-002379,MLDB-002365
MLDB-002380,MLDB-002366
MLDB-002381,MLDB-002367
MLDB-002382,MLDB-002368
MLDB-002383,MLDB-002369
MLDB-002384,MLDB-002370
MLDB-002385,MLDB-002371
MLDB-002386,MLDB-002372
MLDB-002387,MLDB-002373
MLDB-002388,MLDB-002374
MLDB-002389,MLDB-002375
MLDB-002390,MLDB-002376
MLDB-002391,MLDB-002377
MLDB-002392,MLDB-002378
MLDB-002393,MLDB-002379
MLDB-002394,MLDB-002380
MLDB-002395,MLDB-002381
MLDB-002396,MLDB-002382
MLDB-002397,MLDB-002383
MLDB-002398,MLDB-002384
MLDB-002399,MLDB-002385
MLDB-002400,MLDB-002386
MLDB-002401,MLDB-002387
MLDB-002402,MLDB-002388
MLDB-002403,MLDB-002389
MLDB-002404,MLDB-002390
MLDB-002405,MLDB-002391
MLDB-002406,MLDB-002392
MLDB-002407,MLDB-002393
MLDB-002408,MLDB-002394
MLDB-002412,MLDB-002395
MLDB-002413,MLDB-002396
MLDB-002414,MLDB-002397
MLDB-002415,MLDB-002398
MLDB-002416,MLDB-002399
MLDB-002417,MLDB-002400
MLDB-002418,MLDB-002401
MLDB-002419,MLDB-002402
MLDB-002420,MLDB-002403
MLDB-002421,MLDB-002404
MLDB-002422,MLDB-002405
MLDB-002423,MLDB-002406
MLDB-002424,MLDB-002407
MLDB-002425,MLDB-002408
MLDB-002426,MLDB-002409
MLDB-002427,MLDB-002410
MLDB-002428,MLDB-002411
MLDB-002429,MLDB-002412
MLDB-002430,MLDB-002413
MLDB-002431,MLDB-002414
MLDB-002432,MLDB-002415
MLDB-002433,MLDB-002416
MLDB-002434,MLDB-002417
MLDB-002435,MLDB-002418
MLDB-002436,MLDB-002419
MLDB-002437,MLDB-002420
MLDB-002438,MLDB-002421
MLDB-002439,MLDB-002422
MLDB-002440,MLDB-002423
MLDB-002441,MLDB-002424
MLDB-002442,MLDB-002425
MLDB-002443,MLDB-002426
MLDB-002444,MLDB-002427
MLDB-002445,MLDB-002428
MLDB-002446,MLDB-002429
MLDB-002447,MLDB-002430
MLDB-002448,MLDB-002431
MLDB-002449,MLDB-002432
MLDB-002450,MLDB-002433
MLDB-002451,MLDB-002434
MLDB-002452,MLDB-002435
MLDB-002453,MLDB-002436
MLDB-002454,MLDB-002437
MLDB-002455,MLDB-002438
MLDB-002456,MLDB-002439
MLDB-002457,MLDB-002440
MLDB-002458,MLDB-002441
MLDB-002459,MLDB-002442
MLDB-002460,MLDB-002443
MLDB-002461,MLDB-002444
MLDB-002462,MLDB-002445
MLDB-002463,MLDB-002446
MLDB-002464,MLDB-002447
MLDB-002465,MLDB-002448
MLDB-002466,MLDB-002449
MLDB-002467,MLDB-002450
MLDB-002468,MLDB-002451
MLDB-002469,MLDB-002452
MLDB-002470,MLDB-002453
MLDB-002471,MLDB-002454
MLDB-002472,MLDB-002455
MLDB-002473,MLDB-002456
MLDB-002474,MLDB-002457
MLDB-002475,MLDB-002458
MLDB-002476,MLDB-002459
MLDB-002477,MLDB-002460
MLDB-002478,MLDB-002461
MLDB-002479,MLDB-002462
MLDB-002480,MLDB-002463
MLDB-002481,MLDB-002464
MLDB-002482,MLDB-002465
MLDB-002483,MLDB-002466
MLDB-002484,MLDB-002467
MLDB-002485,MLDB-002468
MLDB-002486,MLDB-002469
MLDB-002487,MLDB-002470
MLDB-002488,MLDB-002471
MLDB-002489,MLDB-002472
MLDB-002490,MLDB-002473
MLDB-002491,MLDB-002474
MLDB-002492,MLDB-002475
MLDB-002493,MLDB-002476
MLDB-002494,MLDB-002477
MLDB-002495,MLDB-002478
MLDB-002496,MLDB-002479
MLDB-002497,MLDB-002480
MLDB-002498,MLDB-002481
MLDB-002499,MLDB-002482
MLDB-002500,MLDB-002483
MLDB-002501,MLDB-002484
MLDB-002502,MLDB-002485
MLDB-002503,MLDB-002486
MLDB-002504,MLDB-002487
MLDB-002505,MLDB-002488
MLDB-002506,MLDB-002489
MLDB-002507,MLDB-002490
MLDB-002508,MLDB-002491
MLDB-002509,MLDB-002492
MLDB-002510,MLDB-002493
MLDB-002511,MLDB-002494
MLDB-002512,MLDB-002495
MLDB-002513,MLDB-002496
MLDB-002514,MLDB-002497
MLDB-002515,MLDB-002498
MLDB-002516,MLDB-002499
MLDB-002517,MLDB-002500
MLDB-002518,MLDB-002501
MLDB-002519,MLDB-002502
MLDB-002520,MLDB-002503
MLDB-002521,MLDB-002504
MLDB-002522,MLDB-002505
MLDB-002523,MLDB-002506
MLDB-002524,MLDB-002507
MLDB-002525,MLDB-002508
MLDB-002526,MLDB-002509
MLDB-002527,MLDB-002510
MLDB-002528,MLDB-002511
MLDB-002529,MLDB-002512
MLDB-002530,MLDB-002513
MLDB-002531,MLDB-002514
MLDB-002532,MLDB-002515
MLDB-002533,MLDB-002516
MLDB-002534,MLDB-002517
MLDB-002535,MLDB-002518
MLDB-002536,MLDB-002519
MLDB-002537,MLDB-002520
MLDB-002538,MLDB-002521
MLDB-002539,MLDB-002522
MLDB-002540,MLDB-002523
MLDB-002541,MLDB-002524
MLDB-002542,MLDB-002525
MLDB-002543,MLDB-002526
MLDB-002544,MLDB-002527
MLDB-002545,MLDB-002528
MLDB-002546,MLDB-002529
MLDB-002547,MLDB-002530
MLDB-002548,MLDB-002531
MLDB-002549,MLDB-002532
MLDB-002550,MLDB-002533
MLDB-002551,MLDB-002534
MLDB-002552,MLDB-002535
MLDB-002553,MLDB-002536
MLDB-002554,MLDB-002537
MLDB-002555,MLDB-002538
MLDB-002556,MLDB-002539
MLDB-002557,MLDB-002540
MLDB-002558,MLDB-002541
MLDB-002559,MLDB-002542
MLDB-002560,MLDB-002543
MLDB-002561,MLDB-002544
MLDB-002562,MLDB-002545
MLDB-002563,MLDB-002546
MLDB-002564,MLDB-002547
MLDB-002565,MLDB-002548
MLDB-002566,MLDB-002549
MLDB-002567,MLDB-002550
MLDB-002568,MLDB-002551
MLDB-002569,MLDB-002552
MLDB-002570,MLDB-002553
MLDB-002571,MLDB-002554
MLDB-002572,MLDB-002555
MLDB-002573,MLDB-002556
MLDB-002574,MLDB-002557
MLDB-002575,MLDB-002558
MLDB-002576,MLDB-002559
MLDB-002577,MLDB-002560
MLDB-002578,MLDB-002561
MLDB-002579,MLDB-002562
MLDB-002580,MLDB-002563
MLDB-002581,MLDB-002564
MLDB-002582,MLDB-002565
MLDB-002583,MLDB-002566
MLDB-002584,MLDB-002567
MLDB-002585,MLDB-002568
MLDB-002586,MLDB-002569
MLDB-002587,MLDB-002570
MLDB-002588,MLDB-002571
MLDB-002589,MLDB-002572
MLDB-002590,MLDB-002573
MLDB-002591,MLDB-002574
MLDB-002592,MLDB-002575
MLDB-002593,MLDB-002576
MLDB-002594,MLDB-002577
MLDB-002595,MLDB-002578
MLDB-002596,MLDB-002579
MLDB-002597,MLDB-002580
MLDB-002598,MLDB-002581
MLDB-002599,MLDB-002582
MLDB-002600,MLDB-002583
MLDB-002601,MLDB-002584
MLDB-002602,MLDB-002585
MLDB-002603,MLDB-002586
MLDB-002604,MLDB-002587
MLDB-002605,MLDB-002588
MLDB-002606,MLDB-002589
MLDB-002607,MLDB-002590
MLDB-002608,MLDB-002591
MLDB-002609,MLDB-002592
MLDB-002610,MLDB-002593
MLDB-002611,MLDB-002594
MLDB-002612,MLDB-002595
MLDB-002613,MLDB-002596
MLDB-002614,MLDB-002597
MLDB-002615,MLDB-002598
MLDB-002616,MLDB-002599
MLDB-002617,MLDB-002600
MLDB-002618,MLDB-002601
MLDB-002619,MLDB-002602
MLDB-002620,MLDB-002603
MLDB-002621,MLDB-002604
MLDB-002622,MLDB-002605
MLDB-002623,MLDB-002606
MLDB-002624,MLDB-002607
MLDB-002625,MLDB-002608
MLDB-002626,MLDB-002609
MLDB-002627,MLDB-002610
MLDB-002628,MLDB-002611
MLDB-002629,MLDB-002612
MLDB-002630,MLDB-002613
MLDB-002631,MLDB-002614
MLDB-002632,MLDB-002615
MLDB-002633,MLDB-002616
MLDB-002634,MLDB-002617
MLDB-002635,MLDB-002618
MLDB-002636,MLDB-002619
MLDB-002637,MLDB-002620
MLDB-002638,MLDB-002621
MLDB-002639,MLDB-002622
MLDB-002640,MLDB-002623
MLDB-002641,MLDB-002624
MLDB-002642,MLDB-002625
MLDB-002643,MLDB-002626
MLDB-002644,MLDB-002627
MLDB-002645,MLDB-002628
MLDB-002646,MLDB-002629
MLDB-002647,MLDB-002630
MLDB-002648,MLDB-002631
MLDB-002649,MLDB-002632
MLDB-002650,MLDB-002633
MLDB-002651,MLDB-002634
MLDB-002652,MLDB-002635
MLDB-002653,MLDB-002636
MLDB-002654,MLDB-002637
MLDB-002655,MLDB-002638
MLDB-002656,MLDB-002639
MLDB-002657,MLDB-002640
MLDB-002658,MLDB-002641
MLDB-002659,MLDB-002642
MLDB-002660,MLDB-002643
MLDB-002661,MLDB-002644
MLDB-002662,MLDB-002645
MLDB-002663,MLDB-002646
MLDB-002664,MLDB-002647
MLDB-002665,MLDB-002648
MLDB-002666,MLDB-002649
MLDB-002667,MLDB-002650
MLDB-002668,MLDB-002651
MLDB-002669,MLDB-002652
MLDB-002670,MLDB-002653
MLDB-002671,MLDB-002654
MLDB-002672,MLDB-002655
MLDB-002673,MLDB-002656
MLDB-002674,MLDB-002657
MLDB-002675,MLDB-002658
MLDB-002676,MLDB-002659
MLDB-002677,MLDB-002660
MLDB-002678,MLDB-002661
MLDB-002679,MLDB-002662
MLDB-002680,MLDB-002663
MLDB-002681,MLDB-002664
MLDB-002682,MLDB-002665
MLDB-002683,MLDB-002666
MLDB-002684,MLDB-002667
MLDB-002685,MLDB-002668
MLDB-002686,MLDB-002669
MLDB-002687,MLDB-002670
MLDB-002688,MLDB-002671
MLDB-002689,MLDB-002672
MLDB-002690,MLDB-002673
MLDB-002691,MLDB-002674
MLDB-002692,MLDB-002675
MLDB-002693,MLDB-002676
MLDB-002694,MLDB-002677
MLDB-002695,MLDB-002678
MLDB-002696,MLDB-002679
MLDB-002697,MLDB-002680
MLDB-002698,MLDB-002681
MLDB-002699,MLDB-002682
MLDB-002700,MLDB-002683
MLDB-002701,MLDB-002684
MLDB-002702,MLDB-002685
MLDB-002703,MLDB-002686
MLDB-002704,MLDB-002687
MLDB-002705,MLDB-002688
MLDB-002706,MLDB-002689
MLDB-002707,MLDB-002690
MLDB-002708,MLDB-002691
MLDB-002709,MLDB-002692
MLDB-002710,MLDB-002693
MLDB-002711,MLDB-002694
MLDB-002712,MLDB-002695
MLDB-002713,MLDB-002696
MLDB-002714,MLDB-002697
MLDB-002715,MLDB-002698
MLDB-002716,MLDB-002699
MLDB-002717,MLDB-002700
MLDB-002718,MLDB-002701
MLDB-002719,MLDB-002702
MLDB-002720,MLDB-002703
MLDB-002721,MLDB-002704
MLDB-002722,MLDB-002705
MLDB-002723,MLDB-002706
MLDB-002724,MLDB-002707
MLDB-002725,MLDB-002708
MLDB-002726,MLDB-002709
MLDB-002727,MLDB-002710
MLDB-002728,MLDB-002711
MLDB-002729,MLDB-002712
MLDB-002730,MLDB-002713
MLDB-002731,MLDB-002714
MLDB-002732,MLDB-002715
MLDB-002733,MLDB-002716
MLDB-002734,MLDB-002717
MLDB-002735,MLDB-002718
MLDB-002736,MLDB-002719
MLDB-002737,MLDB-002720
MLDB-002738,MLDB-002721
MLDB-002739,MLDB-002722
MLDB-002740,MLDB-002723
MLDB-002741,MLDB-002724
MLDB-002742,MLDB-002725
MLDB-002743,MLDB-002726
MLDB-002744,MLDB-002727
MLDB-002745,MLDB-002728
MLDB-002746,MLDB-002729
MLDB-002747,MLDB-002730
MLDB-002748,MLDB-002731
MLDB-002749,MLDB-002732
MLDB-002750,MLDB-002733
MLDB-002751,MLDB-002734
MLDB-002752,MLDB-002735
MLDB-002753,MLDB-002736
MLDB-002754,MLDB-002737
MLDB-002755,MLDB-002738
MLDB-002756,MLDB-002739
MLDB-002757,MLDB-002740
MLDB-002758,MLDB-002741
MLDB-002759,MLDB-002742
MLDB-002760,MLDB-002743
MLDB-002761,MLDB-002744
MLDB-002762,MLDB-002745
MLDB-002763,MLDB-002746
MLDB-002764,MLDB-002747
MLDB-002765,MLDB-002748
MLDB-002766,MLDB-002749
MLDB-002767,MLDB-002750
MLDB-002768,MLDB-002751
MLDB-002769,MLDB-002752
MLDB-002770,MLDB-002753
MLDB-002771,MLDB-002754
MLDB-002772,MLDB-002755
MLDB-002773,MLDB-002756
MLDB-002774,MLDB-002757
MLDB-002775,MLDB-002758
MLDB-002776,MLDB-002759
MLDB-002777,MLDB-002760
MLDB-002778,MLDB-002761
MLDB-002779,MLDB-002762
MLDB-002780,MLDB-002763
MLDB-002781,MLDB-002764
MLDB-002782,MLDB-002765
MLDB-002783,MLDB-002766
MLDB-002784,MLDB-002767
MLDB-002785,MLDB-002768
MLDB-002786,MLDB-002769
MLDB-002787,MLDB-002770
MLDB-002788,MLDB-002771
MLDB-002789,MLDB-002772
MLDB-002790,MLDB-002773
MLDB-002791,MLDB-002774
MLDB-002792,MLDB-002775
MLDB-002793,MLDB-002776
MLDB-002794,MLDB-002777
MLDB-002795,MLDB-002778
MLDB-002796,MLDB-002779
MLDB-002797,MLDB-002780
MLDB-002798,MLDB-002781
MLDB-002799,MLDB-002782
MLDB-002800,MLDB-002783
MLDB-002801,MLDB-002784
MLDB-002802,MLDB-002785
MLDB-002803,MLDB-002786
MLDB-002804,MLDB-002787
MLDB-002805,MLDB-002788
MLDB-002806,MLDB-002789
MLDB-002807,MLDB-002790
MLDB-002808,MLDB-002791
MLDB-002809,MLDB-002792
MLDB-002810,MLDB-002793
MLDB-002811,MLDB-002794
MLDB-002812,MLDB-002795
MLDB-002813,MLDB-002796
MLDB-002814,MLDB-002797
MLDB-002815,MLDB-002798
MLDB-002816,MLDB-002799
MLDB-002817,MLDB-002800
MLDB-002818,MLDB-002801
MLDB-002819,MLDB-002802
MLDB-002820,MLDB-002803
MLDB-002821,MLDB-002804
MLDB-002822,MLDB-002805
MLDB-002823,MLDB-002806
MLDB-002824,MLDB-002807
MLDB-002825,MLDB-002808
MLDB-002826,MLDB-002809
MLDB-002827,MLDB-002810
MLDB-002828,MLDB-002811
MLDB-002829,MLDB-002812
MLDB-002830,MLDB-002813
MLDB-002831,MLDB-002814
MLDB-002832,MLDB-002815
MLDB-002833,MLDB-002816
MLDB-002834,MLDB-002817
MLDB-002835,MLDB-002818
MLDB-002836,MLDB-002819
MLDB-002837,MLDB-002820
MLDB-002838,MLDB-002821
MLDB-002839,MLDB-002822
MLDB-002840,MLDB-002823
MLDB-002841,MLDB-002824
MLDB-002842,MLDB-002825
MLDB-002843,MLDB-002826
MLDB-002844,MLDB-002827
MLDB-002845,MLDB-002828
MLDB-002846,MLDB-002829
MLDB-002847,MLDB-002830
MLDB-002848,MLDB-002831
MLDB-002849,MLDB-002832
MLDB-002850,MLDB-002833
MLDB-002851,MLDB-002834
MLDB-002852,MLDB-002835
MLDB-002853,MLDB-002836
MLDB-002854,MLDB-002837
MLDB-002855,MLDB-002838
MLDB-002856,MLDB-002839
MLDB-002857,MLDB-002840
MLDB-002858,MLDB-002841
MLDB-002859,MLDB-002842
MLDB-002860,MLDB-002843
MLDB-002861,MLDB-002844
MLDB-002862,MLDB-002845
MLDB-002863,MLDB-002846
MLDB-002864,MLDB-002847
MLDB-002865,MLDB-002848
MLDB-002866,MLDB-002849
MLDB-002867,MLDB-002850
MLDB-002868,MLDB-002851
MLDB-002869,MLDB-002852
MLDB-002870,MLDB-002853
MLDB-002871,MLDB-002854
MLDB-002872,MLDB-002855
MLDB-002873,MLDB-002856
MLDB-002874,MLDB-002857
MLDB-002875,MLDB-002858
MLDB-002876,MLDB-002859
MLDB-002877,MLDB-002860
MLDB-002878,MLDB-002861
MLDB-002879,MLDB-002862
MLDB-002880,MLDB-002863
MLDB-002881,MLDB-002864
MLDB-002882,MLDB-002865
MLDB-002883,MLDB-002866
MLDB-002884,MLDB-002867
MLDB-002885,MLDB-002868
MLDB-002886,MLDB-002869
MLDB-002887,MLDB-002870
MLDB-002888,MLDB-002871
MLDB-002889,MLDB-002872
MLDB-002890,MLDB-002873
MLDB-002891,MLDB-002874
MLDB-002892,MLDB-002875
MLDB-002893,MLDB-002876
MLDB-002894,MLDB-002877
MLDB-002895,MLDB-002878
MLDB-002896,MLDB-002879
MLDB-002897,MLDB-002880
MLDB-002898,MLDB-002881
MLDB-002899,MLDB-002882
MLDB-002900,MLDB-002883
MLDB-002901,MLDB-002884
MLDB-002902,MLDB-002885
MLDB-002903,MLDB-002886
MLDB-002904,MLDB-002887
MLDB-002905,MLDB-002888
MLDB-002906,MLDB-002889
MLDB-002907,MLDB-002890
MLDB-002908,MLDB-002891
MLDB-002909,MLDB-002892
MLDB-002910,MLDB-002893
MLDB-002911,MLDB-002894
MLDB-002912,MLDB-002895
MLDB-002913,MLDB-002896
MLDB-002914,MLDB-002897
MLDB-002915,MLDB-002898
MLDB-002916,MLDB-002899
MLDB-002917,MLDB-002900
MLDB-002918,MLDB-002901
MLDB-002919,MLDB-002902
MLDB-002920,MLDB-002903
MLDB-002921,MLDB-002904
MLDB-002922,MLDB-002905
MLDB-002923,MLDB-002906
MLDB-002924,MLDB-002907
MLDB-002925,MLDB-002908
MLDB-002926,MLDB-002909
MLDB-002927,MLDB-002910
MLDB-002928,MLDB-002911
MLDB-002929,MLDB-002912
MLDB-002930,MLDB-002913
MLDB-002931,MLDB-002914
MLDB-002932,MLDB-002915
MLDB-002933,MLDB-002916
MLDB-002934,MLDB-002917
MLDB-002935,MLDB-002918
MLDB-002936,MLDB-002919
MLDB-002937,MLDB-002920
MLDB-002938,MLDB-002921
MLDB-002939,MLDB-002922
MLDB-002940,MLDB-002923
MLDB-002941,MLDB-002924
MLDB-002942,MLDB-002925
MLDB-002943,MLDB-002926
MLDB-002944,MLDB-002927
MLDB-002945,MLDB-002928
MLDB-002946,MLDB-002929
MLDB-002947,MLDB-002930
MLDB-002948,MLDB-002931
MLDB-002949,MLDB-002932
MLDB-002950,MLDB-002933
MLDB-002951,MLDB-002934
MLDB-002952,MLDB-002935
MLDB-002953,MLDB-002936
MLDB-002954,MLDB-002937
MLDB-002955,MLDB-002938
MLDB-002956,MLDB-002939
MLDB-002957,MLDB-002940
MLDB-002958,MLDB-002941
MLDB-002959,MLDB-002942
MLDB-002960,MLDB-002943
MLDB-002961,MLDB-002944
MLDB-002962,MLDB-002945
MLDB-002963,MLDB-002946
MLDB-002964,MLDB-002947
MLDB-002965,MLDB-002948
MLDB-002966,MLDB-002949
MLDB-002967,MLDB-002950
MLDB-002968,MLDB-002951
MLDB-002969,MLDB-002952
MLDB-002970,MLDB-002953
MLDB-002971,MLDB-002954
MLDB-002972,MLDB-002955
MLDB-002973,MLDB-002956
MLDB-002974,MLDB-002957
MLDB-002975,MLDB-002958
MLDB-002976,MLDB-002959
MLDB-002977,MLDB-002960
MLDB-002978,MLDB-002961
MLDB-002979,MLDB-002962
MLDB-002980,MLDB-002963
MLDB-002981,MLDB-002964
MLDB-002982,MLDB-002965
MLDB-002983,MLDB-002966
MLDB-002984,MLDB-002967
MLDB-002985,MLDB-002968
MLDB-002986,MLDB-002969
MLDB-002987,MLDB-002970
MLDB-002988,MLDB-002971
MLDB-002989,MLDB-002972
MLDB-002990,MLDB-002973
MLDB-002991,MLDB-002974
MLDB-002992,MLDB-002975
MLDB-002993,MLDB-002976
MLDB-002994,MLDB-002977
MLDB-002995,MLDB-002978
MLDB-002996,MLDB-002979
MLDB-002997,MLDB-002980
MLDB-002998,MLDB-002981
MLDB-002999,MLDB-002982
MLDB-003000,MLDB-002983
MLDB-003001,MLDB-002984
MLDB-003002,MLDB-002985
MLDB-003003,MLDB-002986
MLDB-003004,MLDB-002987
MLDB-003005,MLDB-002988
MLDB-003006,MLDB-002989
MLDB-003007,MLDB-002990
MLDB-003008,MLDB-002991
MLDB-003009,MLDB-002992
MLDB-003010,MLDB-002993
MLDB-003011,MLDB-002994
MLDB-003012,MLDB-002995
MLDB-003013,MLDB-002996
MLDB-003014,MLDB-002997
MLDB-003015,MLDB-002998
MLDB-003016,MLDB-002999
MLDB-003017,MLDB-003000
MLDB-003018,MLDB-003001
MLDB-003019,MLDB-003002
MLDB-003020,MLDB-003003
MLDB-003021,MLDB-003004
MLDB-003022,MLDB-003005
MLDB-003023,MLDB-003006
MLDB-003024,MLDB-003007
MLDB-003025,MLDB-003008
MLDB-003026,MLDB-003009
MLDB-003027,MLDB-003010
MLDB-003028,MLDB-003011
MLDB-003029,MLDB-003012
MLDB-003030,MLDB-003013
MLDB-003031,MLDB-003014
MLDB-003032,MLDB-003015
MLDB-003033,MLDB-003016
MLDB-003034,MLDB-003017
MLDB-003035,MLDB-003018
MLDB-003036,MLDB-003019
MLDB-003037,MLDB-003020
MLDB-003038,MLDB-003021
MLDB-003039,MLDB-003022
MLDB-003040,MLDB-003023
MLDB-003041,MLDB-003024
MLDB-003042,MLDB-003025
MLDB-003043,MLDB-003026
MLDB-003044,MLDB-003027
MLDB-003045,MLDB-003028
MLDB-003046,MLDB-003029
MLDB-003047,MLDB-003030
MLDB-003048,MLDB-003031
MLDB-003049,MLDB-003032
MLDB-003050,MLDB-003033
MLDB-003051,MLDB-003034
MLDB-003052,MLDB-003035
MLDB-003053,MLDB-003036
MLDB-003054,MLDB-003037
MLDB-003055,MLDB-003038
MLDB-003056,MLDB-003039
MLDB-003057,MLDB-003040
MLDB-003058,MLDB-003041
MLDB-003059,MLDB-003042
MLDB-003060,MLDB-003043
MLDB-003061,MLDB-003044
MLDB-003062,MLDB-003045
MLDB-003063,MLDB-003046
MLDB-003064,MLDB-003047
MLDB-003065,MLDB-003048
MLDB-003066,MLDB-003049
MLDB-003067,MLDB-003050
MLDB-003068,MLDB-003051
MLDB-003069,MLDB-003052
MLDB-003070,MLDB-003053
MLDB-003071,MLDB-003054
MLDB-003072,MLDB-003055
MLDB-003073,MLDB-003056
MLDB-003074,MLDB-003057
MLDB-003075,MLDB-003058
MLDB-003076,MLDB-003059
MLDB-003077,MLDB-003060
MLDB-003078,MLDB-003061
MLDB-003079,MLDB-003062
MLDB-003080,MLDB-003063
MLDB-003081,MLDB-003064
MLDB-003082,MLDB-003065
MLDB-003083,MLDB-003066
MLDB-003084,MLDB-003067
MLDB-003085,MLDB-003068
MLDB-003086,MLDB-003069
MLDB-003087,MLDB-003070
MLDB-003088,MLDB-003071
MLDB-003089,MLDB-003072
MLDB-003090,MLDB-003073
MLDB-003091,MLDB-003074
MLDB-003092,MLDB-003075
MLDB-003093,MLDB-003076
MLDB-003094,MLDB-003077
MLDB-003095,MLDB-003078
MLDB-003096,MLDB-003079
MLDB-003097,MLDB-003080
MLDB-003098,MLDB-003081
MLDB-003099,MLDB-003082
MLDB-003100,MLDB-003083
MLDB-003101,MLDB-003084
MLDB-003102,MLDB-003085
MLDB-003103,MLDB-003086
MLDB-003104,MLDB-003087
MLDB-003105,MLDB-003088
MLDB-003106,MLDB-003089
MLDB-003107,MLDB-003090
MLDB-003108,MLDB-003091
MLDB-003109,MLDB-003092
MLDB-003110,MLDB-003093
MLDB-003111,MLDB-003094
MLDB-003112,MLDB-003095
MLDB-003113,MLDB-003096
MLDB-003114,MLDB-003097
MLDB-003115,MLDB-003098
MLDB-003116,MLDB-003099
MLDB-003117,MLDB-003100
MLDB-003118,MLDB-003101
MLDB-003119,MLDB-003102
MLDB-003120,MLDB-003103
MLDB-003121,MLDB-003104
MLDB-003122,MLDB-003105
MLDB-003123,MLDB-003106
MLDB-003124,MLDB-003107
MLDB-003125,MLDB-003108
MLDB-003126,MLDB-003109
MLDB-003127,MLDB-003110
MLDB-003128,MLDB-003111
MLDB-003129,MLDB-003112
MLDB-003130,MLDB-003113
MLDB-003131,MLDB-003114
MLDB-003132,MLDB-003115
MLDB-003133,MLDB-003116
MLDB-003134,MLDB-003117
MLDB-003135,MLDB-003118
MLDB-003136,MLDB-003119
MLDB-003137,MLDB-003120
MLDB-003138,MLDB-003121
MLDB-003139,MLDB-003122
MLDB-003140,MLDB-003123
MLDB-003141,MLDB-003124
MLDB-003142,MLDB-003125
MLDB-003143,MLDB-003126
MLDB-003144,MLDB-003127
MLDB-003145,MLDB-003128
MLDB-003146,MLDB-003129
MLDB-003147,MLDB-003130
MLDB-003148,MLDB-003131
MLDB-003149,MLDB-003132
MLDB-003150,MLDB-003133
MLDB-003151,MLDB-003134
MLDB-003152,MLDB-003135
MLDB-003153,MLDB-003136
MLDB-003154,MLDB-003137
MLDB-003155,MLDB-003138
MLDB-003156,MLDB-003139
MLDB-003157,MLDB-003140
MLDB-003158,MLDB-003141
MLDB-003159,MLDB-003142
MLDB-003160,MLDB-003143
MLDB-003161,MLDB-003144
MLDB-003162,MLDB-003145
MLDB-003163,MLDB-003146
MLDB-003164,MLDB-003147
MLDB-003165,MLDB-003148
MLDB-003166,MLDB-003149
MLDB-003167,MLDB-003150
MLDB-003168,MLDB-003151
MLDB-003169,MLDB-003152
MLDB-003170,MLDB-003153
MLDB-003171,MLDB-003154
MLDB-003172,MLDB-003155
MLDB-003173,MLDB-003156
MLDB-003174,MLDB-003157
MLDB-003175,MLDB-003158
MLDB-003176,MLDB-003159
MLDB-003177,MLDB-003160
MLDB-003178,MLDB-003161
MLDB-003179,MLDB-003162
MLDB-003180,MLDB-003163
MLDB-003181,MLDB-003164
MLDB-003182,MLDB-003165
MLDB-003183,MLDB-003166
MLDB-003184,MLDB-003167
MLDB-003185,MLDB-003168
MLDB-003186,MLDB-003169
MLDB-003187,MLDB-003170
MLDB-003188,MLDB-003171
MLDB-003189,MLDB-003172
MLDB-003190,MLDB-003173
MLDB-003191,MLDB-003174
MLDB-003192,MLDB-003175
MLDB-003193,MLDB-003176
MLDB-003194,MLDB-003177
MLDB-003195,MLDB-003178
MLDB-003196,MLDB-003179
MLDB-003197,MLDB-003180
MLDB-003198,MLDB-003181
MLDB-003199,MLDB-003182
MLDB-003200,MLDB-003183
MLDB-003201,MLDB-003184
MLDB-003202,MLDB-003185
MLDB-003203,MLDB-003186
MLDB-003204,MLDB-003187
MLDB-003205,MLDB-003188
MLDB-003206,MLDB-003189
MLDB-003207,MLDB-003190
MLDB-003208,MLDB-003191
MLDB-003209,MLDB-003192
MLDB-003210,MLDB-003193
MLDB-003211,MLDB-003194
MLDB-003212,MLDB-003195
MLDB-003213,MLDB-003196
MLDB-003214,MLDB-003197
MLDB-003215,MLDB-003198
MLDB-003216,MLDB-003199
MLDB-003217,MLDB-003200
MLDB-003218,MLDB-003201
MLDB-003219,MLDB-003202
MLDB-003220,MLDB-003203
MLDB-003221,MLDB-003204
MLDB-003222,MLDB-003205
MLDB-003223,MLDB-003206
MLDB-003224,MLDB-003207
MLDB-003225,MLDB-003208
MLDB-003226,MLDB-003209
MLDB-003227,MLDB-003210
MLDB-003228,MLDB-003211
MLDB-003229,MLDB-003212
MLDB-003230,MLDB-003213
MLDB-003231,MLDB-003214
MLDB-003232,MLDB-003215
MLDB-003233,MLDB-003216
MLDB-003234,MLDB-003217
MLDB-003235,MLDB-003218
MLDB-003236,MLDB-003219
MLDB-003237,MLDB-003220
MLDB-003238,MLDB-003221
MLDB-003239,MLDB-003222
MLDB-003240,MLDB-003223
MLDB-003241,MLDB-003224
MLDB-003242,MLDB-003225
MLDB-003243,MLDB-003226
MLDB-003244,MLDB-003227
MLDB-003245,MLDB-003228
MLDB-003246,MLDB-003229
MLDB-003247,MLDB-003230
MLDB-003248,MLDB-003231
MLDB-003249,MLDB-003232
MLDB-003250,MLDB-003233
MLDB-003251,MLDB-003234
MLDB-003252,MLDB-003235
MLDB-003253,MLDB-003236
MLDB-003254,MLDB-003237
MLDB-003255,MLDB-003238
MLDB-003256,MLDB-003239
MLDB-003257,MLDB-003240
MLDB-003258,MLDB-003241
MLDB-003259,MLDB-003242
MLDB-003260,MLDB-003243
MLDB-003261,MLDB-003244
MLDB-003262,MLDB-003245
MLDB-003263,MLDB-003246
MLDB-003264,MLDB-003247
MLDB-003265,MLDB-003248
MLDB-003266,MLDB-003249
MLDB-003267,MLDB-003250
MLDB-003268,MLDB-003251
MLDB-003269,MLDB-003252
MLDB-003270,MLDB-003253
MLDB-003271,MLDB-003254
MLDB-003272,MLDB-003255
MLDB-003273,MLDB-003256
MLDB-003274,MLDB-003257
MLDB-003275,MLDB-003258
MLDB-003276,MLDB-003259
MLDB-003277,MLDB-003260
MLDB-003278,MLDB-003261
MLDB-003279,MLDB-003262
MLDB-003280,MLDB-003263
MLDB-003281,MLDB-003264
MLDB-003282,MLDB-003265
MLDB-003283,MLDB-003266
MLDB-003284,MLDB-003267
MLDB-003285,MLDB-003268
MLDB-003286,MLDB-003269
MLDB-003287,MLDB-003270
MLDB-003288,MLDB-003271
MLDB-003289,MLDB-003272
MLDB-003290,MLDB-003273
MLDB-003291,MLDB-003274
MLDB-003292,MLDB-003275
MLDB-003293,MLDB-003276
MLDB-003294,MLDB-003277
MLDB-003295,MLDB-003278
MLDB-003296,MLDB-003279
MLDB-003297,MLDB-003280
MLDB-003298,MLDB-003281
MLDB-003299,MLDB-003282
MLDB-003300,MLDB-003283
MLDB-003301,MLDB-003284
MLDB-003302,MLDB-003285
MLDB-003303,MLDB-003286
MLDB-003304,MLDB-003287
MLDB-003305,MLDB-003288
MLDB-003306,MLDB-003289
MLDB-003307,MLDB-003290
MLDB-003308,MLDB-003291
MLDB-003309,MLDB-003292
MLDB-003310,MLDB-003293
MLDB-003311,MLDB-003294
MLDB-003312,MLDB-003295
MLDB-003313,MLDB-003296
MLDB-003314,MLDB-003297
MLDB-003315,MLDB-003298
MLDB-003316,MLDB-003299
MLDB-003317,MLDB-003300
MLDB-003318,MLDB-003301
MLDB-003319,MLDB-003302
MLDB-003320,MLDB-003303
MLDB-003321,MLDB-003304
MLDB-003322,MLDB-003305
MLDB-003323,MLDB-003306
MLDB-003324,MLDB-003307
MLDB-003325,MLDB-003308
MLDB-003326,MLDB-003309
MLDB-003327,MLDB-003310
MLDB-003328,MLDB-003311
MLDB-003329,MLDB-003312
MLDB-003330,MLDB-003313
MLDB-003331,MLDB-003314
MLDB-003332,MLDB-003315
MLDB-003333,MLDB-003316
MLDB-003334,MLDB-003317
MLDB-003335,MLDB-003318
MLDB-003336,MLDB-003319
MLDB-003337,MLDB-003320
MLDB-003338,MLDB-003321
MLDB-003339,MLDB-003322
MLDB-003340,MLDB-003323
MLDB-003341,MLDB-003324
MLDB-003342,MLDB-003325
MLDB-003343,MLDB-003326
MLDB-003344,MLDB-003327
MLDB-003345,MLDB-003328
MLDB-003346,MLDB-003329
MLDB-003347,MLDB-003330
MLDB-003348,MLDB-003331
MLDB-003349,MLDB-003332
MLDB-003350,MLDB-003333
MLDB-003351,MLDB-003334
MLDB-003352,MLDB-003335
MLDB-003353,MLDB-003336
MLDB-003354,MLDB-003337
MLDB-003355,MLDB-003338
MLDB-003356,MLDB-003339
MLDB-003357,MLDB-003340
MLDB-003358,MLDB-003341
MLDB-003359,MLDB-003342
MLDB-003360,MLDB-003343
MLDB-003361,MLDB-003344
MLDB-003362,MLDB-003345
MLDB-003363,MLDB-003346
MLDB-003364,MLDB-003347
MLDB-003365,MLDB-003348
MLDB-003366,MLDB-003349
MLDB-003367,MLDB-003350
MLDB-003368,MLDB-003351
MLDB-003369,MLDB-003352
MLDB-003370,MLDB-003353
MLDB-003371,MLDB-003354
MLDB-003372,MLDB-003355
MLDB-003373,MLDB-003356
MLDB-003374,MLDB-003357
MLDB-003375,MLDB-003358
MLDB-003376,MLDB-003359
MLDB-003377,MLDB-003360
MLDB-003378,MLDB-003361
MLDB-003379,MLDB-003362
MLDB-003380,MLDB-003363
MLDB-003381,MLDB-003364
MLDB-003382,MLDB-003365
MLDB-003383,MLDB-003366
MLDB-003384,MLDB-003367
MLDB-003385,MLDB-003368
MLDB-003386,MLDB-003369
MLDB-003387,MLDB-003370
MLDB-003388,MLDB-003371
MLDB-003389,MLDB-003372
MLDB-003390,MLDB-003373
MLDB-003391,MLDB-003374
MLDB-003392,MLDB-003375
MLDB-003393,MLDB-003376
MLDB-003394,MLDB-003377
MLDB-003395,MLDB-003378
MLDB-003396,MLDB-003379
MLDB-003397,MLDB-003380
MLDB-003398,MLDB-003381
MLDB-003399,MLDB-003382
MLDB-003400,MLDB-003383
MLDB-003401,MLDB-003384
MLDB-003402,MLDB-003385
MLDB-003403,MLDB-003386
MLDB-003404,MLDB-003387
MLDB-003405,MLDB-003388
MLDB-003406,MLDB-003389
MLDB-003407,MLDB-003390
MLDB-003408,MLDB-003391
MLDB-003409,MLDB-003392
MLDB-003410,MLDB-003393
MLDB-003411,MLDB-003394
MLDB-003412,MLDB-003395
MLDB-003413,MLDB-003396
MLDB-003414,MLDB-003397
MLDB-003415,MLDB-003398
MLDB-003416,MLDB-003399
MLDB-003417,MLDB-003400
MLDB-003418,MLDB-003401
MLDB-003419,MLDB-003402
MLDB-003420,MLDB-003403
MLDB-003421,MLDB-003404
MLDB-003422,MLDB-003405
MLDB-003423,MLDB-003406
MLDB-003424,MLDB-003407
MLDB-003425,MLDB-003408
MLDB-003426,MLDB-003409
MLDB-003427,MLDB-003410
MLDB-003428,MLDB-003411
MLDB-003429,MLDB-003412
MLDB-003430,MLDB-003413
MLDB-003431,MLDB-003414
MLDB-003432,MLDB-003415
MLDB-003433,MLDB-003416
MLDB-003434,MLDB-003417
MLDB-003435,MLDB-003418
MLDB-003436,MLDB-003419
MLDB-003437,MLDB-003420
MLDB-003438,MLDB-003421
MLDB-003439,MLDB-003422
MLDB-003440,MLDB-003423
MLDB-003441,MLDB-003424
MLDB-003442,MLDB-003425
MLDB-003443,MLDB-003426
MLDB-003444,MLDB-003427
MLDB-003445,MLDB-003428
MLDB-003446,MLDB-003429
MLDB-003447,MLDB-003430
MLDB-003448,MLDB-003431
MLDB-003449,MLDB-003432
MLDB-003450,MLDB-003433
MLDB-003451,MLDB-003434
MLDB-003452,MLDB-003435
MLDB-003453,MLDB-003436
MLDB-003454,MLDB-003437
MLDB-003455,MLDB-003438
MLDB-003456,MLDB-003439
MLDB-003457,MLDB-003440
MLDB-003458,MLDB-003441
MLDB-003459,MLDB-003442
MLDB-003460,MLDB-003443
MLDB-003461,MLDB-003444
MLDB-003462,MLDB-003445
MLDB-003463,MLDB-003446
MLDB-003464,MLDB-003447
MLDB-003465,MLDB-003448
MLDB-003466,MLDB-003449
MLDB-003467,MLDB-003450
MLDB-003468,MLDB-003451
MLDB-003469,MLDB-003452
MLDB-003470,MLDB-003453
MLDB-003471,MLDB-003454
MLDB-003472,MLDB-003455
MLDB-003473,MLDB-003456
MLDB-003474,MLDB-003457
MLDB-003475,MLDB-003458
MLDB-003476,MLDB-003459
MLDB-003477,MLDB-003460
MLDB-003478,MLDB-003461
MLDB-003479,MLDB-003462
MLDB-003480,MLDB-003463
MLDB-003481,MLDB-003464
MLDB-003482,MLDB-003465
MLDB-003483,MLDB-003466
MLDB-003484,MLDB-003467
MLDB-003485,MLDB-003468
MLDB-003486,MLDB-003469
MLDB-003487,MLDB-003470
MLDB-003488,MLDB-003471
MLDB-003489,MLDB-003472
MLDB-003490,MLDB-003473
MLDB-003491,MLDB-003474
MLDB-003492,MLDB-003475
MLDB-003493,MLDB-003476
MLDB-003494,MLDB-003477
MLDB-003495,MLDB-003478
MLDB-003496,MLDB-003479
MLDB-003497,MLDB-003480
MLDB-003498,MLDB-003481
MLDB-003499,MLDB-003482
MLDB-003500,MLDB-003483
MLDB-003501,MLDB-003484
MLDB-003502,MLDB-003485
MLDB-003503,MLDB-003486
MLDB-003504,MLDB-003487
MLDB-003505,MLDB-003488
MLDB-003506,MLDB-003489
MLDB-003507,MLDB-003490
MLDB-003508,MLDB-003491
MLDB-003509,MLDB-003492
MLDB-003510,MLDB-003493
MLDB-003511,MLDB-003494
MLDB-003512,MLDB-003495
MLDB-003513,MLDB-003496
MLDB-003514,MLDB-003497
MLDB-003515,MLDB-003498
MLDB-003516,MLDB-003499
MLDB-003517,MLDB-003500
MLDB-003518,MLDB-003501
MLDB-003519,MLDB-003502
MLDB-003520,MLDB-003503
MLDB-003521,MLDB-003504
MLDB-003522,MLDB-003505
MLDB-003523,MLDB-003506
MLDB-003524,MLDB-003507
MLDB-003525,MLDB-003508
MLDB-003526,MLDB-003509
MLDB-003527,MLDB-003510
MLDB-003528,MLDB-003511
MLDB-003529,MLDB-003512
MLDB-003530,MLDB-003513
MLDB-003531,MLDB-003514
MLDB-003532,MLDB-003515
MLDB-003533,MLDB-003516
MLDB-003534,MLDB-003517
MLDB-003535,MLDB-003518
MLDB-003536,MLDB-003519
MLDB-003537,MLDB-003520
MLDB-003538,MLDB-003521
MLDB-003539,MLDB-003522
MLDB-003540,MLDB-003523
MLDB-003541,MLDB-003524
MLDB-003542,MLDB-003525
MLDB-003543,MLDB-003526
MLDB-003544,MLDB-003527
MLDB-003545,MLDB-003528
MLDB-003546,MLDB-003529
MLDB-003547,MLDB-003530
MLDB-003548,MLDB-003531
MLDB-003549,MLDB-003532
MLDB-003550,MLDB-003533
MLDB-003551,MLDB-003534
MLDB-003552,MLDB-003535
MLDB-003553,MLDB-003536
MLDB-003554,MLDB-003537
MLDB-003555,MLDB-003538
MLDB-003556,MLDB-003539
MLDB-003557,MLDB-003540
MLDB-003558,MLDB-003541
MLDB-003559,MLDB-003542
MLDB-003560,MLDB-003543
MLDB-003561,MLDB-003544
MLDB-003562,MLDB-003545
MLDB-003563,MLDB-003546
MLDB-003564,MLDB-003547
MLDB-003565,MLDB-003548
MLDB-003566,MLDB-003549
MLDB-003567,MLDB-003550
MLDB-003568,MLDB-003551
MLDB-003569,MLDB-003552
MLDB-003570,MLDB-003553
MLDB-003571,MLDB-003554
MLDB-003572,MLDB-003555
MLDB-003573,MLDB-003556
MLDB-003574,MLDB-003557
MLDB-003575,MLDB-003558
MLDB-003576,MLDB-003559
MLDB-003577,MLDB-003560
MLDB-003578,MLDB-003561
MLDB-003579,MLDB-003562
MLDB-003580,MLDB-003563
MLDB-003581,MLDB-003564
MLDB-003582,MLDB-003565
MLDB-003583,MLDB-003566
MLDB-003584,MLDB-003567
MLDB-003585,MLDB-003568
MLDB-003586,MLDB-003569
MLDB-003587,MLDB-003570
MLDB-003588,MLDB-003571
MLDB-003589,MLDB-003572
MLDB-003590,MLDB-003573
MLDB-003591,MLDB-003574
MLDB-003592,MLDB-003575
MLDB-003593,MLDB-003576
MLDB-003594,MLDB-003577
MLDB-003595,MLDB-003578
MLDB-003596,MLDB-003579
MLDB-003597,MLDB-003580
MLDB-003598,MLDB-003581
MLDB-003599,MLDB-003582
MLDB-003600,MLDB-003583
MLDB-003601,MLDB-003584
MLDB-003602,MLDB-003585
MLDB-003603,MLDB-003586
MLDB-003604,MLDB-003587
MLDB-003605,MLDB-003588
MLDB-003606,MLDB-003589
MLDB-003607,MLDB-003590
MLDB-003608,MLDB-003591
MLDB-003609,MLDB-003592
MLDB-003610,MLDB-003593
MLDB-003611,MLDB-003594
MLDB-003612,MLDB-003595
MLDB-003613,MLDB-003596
MLDB-003614,MLDB-003597
MLDB-003615,MLDB-003598
MLDB-003616,MLDB-003599
MLDB-003617,MLDB-003600
MLDB-003618,MLDB-003601
MLDB-003619,MLDB-003602
MLDB-003620,MLDB-003603
MLDB-003621,MLDB-003604
MLDB-003622,MLDB-003605
MLDB-003623,MLDB-003606
MLDB-003624,MLDB-003607
MLDB-003625,MLDB-003608
MLDB-003626,MLDB-003609
MLDB-003627,MLDB-003610
MLDB-003628,MLDB-003611
MLDB-003629,MLDB-003612
MLDB-003630,MLDB-003613
MLDB-003631,MLDB-003614
MLDB-003632,MLDB-003615
MLDB-003633,MLDB-003616
MLDB-003634,MLDB-003617
MLDB-003635,MLDB-003618
MLDB-003636,MLDB-003619
MLDB-003637,MLDB-003620
MLDB-003638,MLDB-003621
MLDB-003639,MLDB-003622
MLDB-003640,MLDB-003623
MLDB-003641,MLDB-003624
MLDB-003642,MLDB-003625
MLDB-003643,MLDB-003626
MLDB-003644,MLDB-003627
MLDB-003645,MLDB-003628
MLDB-003646,MLDB-003629
MLDB-003647,MLDB-003630
MLDB-003648,MLDB-003631
MLDB-003649,MLDB-003632
MLDB-003650,MLDB-003633
MLDB-003651,MLDB-003634
MLDB-003652,MLDB-003635
MLDB-003653,MLDB-003636
MLDB-003654,MLDB-003637
MLDB-003655,MLDB-003638
MLDB-003656,MLDB-003639
MLDB-003657,MLDB-003640
MLDB-003658,MLDB-003641
MLDB-003659,MLDB-003642
MLDB-003660,MLDB-003643
MLDB-003661,MLDB-003644
MLDB-003662,MLDB-003645
MLDB-003663,MLDB-003646
MLDB-003664,MLDB-003647
MLDB-003665,MLDB-003648
MLDB-003666,MLDB-003649
MLDB-003667,MLDB-003650
MLDB-003668,MLDB-003651
MLDB-003669,MLDB-003652
MLDB-003670,MLDB-003653
MLDB-003671,MLDB-003654
MLDB-003672,MLDB-003655
MLDB-003673,MLDB-003656
MLDB-003674,MLDB-003657
MLDB-003675,MLDB-003658
MLDB-003676,MLDB-003659
MLDB-003677,MLDB-003660
MLDB-003678,MLDB-003661
MLDB-003679,MLDB-003662
MLDB-003680,MLDB-003663
MLDB-003681,MLDB-003664
MLDB-003682,MLDB-003665
MLDB-003683,MLDB-003666
MLDB-003684,MLDB-003667
MLDB-003685,MLDB-003668
MLDB-003686,MLDB-003669
MLDB-003687,MLDB-003670
MLDB-003688,MLDB-003671
MLDB-003689,MLDB-003672
MLDB-003690,MLDB-003673
MLDB-003691,MLDB-003674
MLDB-003692,MLDB-003675
MLDB-003693,MLDB-003676
MLDB-003694,MLDB-003677
MLDB-003695,MLDB-003678
MLDB-003696,MLDB-003679
MLDB-003697,MLDB-003680
MLDB-003698,MLDB-003681
MLDB-003699,MLDB-003682
MLDB-003700,MLDB-003683
MLDB-003701,MLDB-003684
MLDB-003702,MLDB-003685
MLDB-003703,MLDB-003686
MLDB-003704,MLDB-003687
MLDB-003705,MLDB-003688
MLDB-003706,MLDB-003689
MLDB-003707,MLDB-003690
MLDB-003708,MLDB-003691
MLDB-003709,MLDB-003692
MLDB-003710,MLDB-003693
MLDB-003711,MLDB-003694
MLDB-003712,MLDB-003695
MLDB-003713,MLDB-003696
MLDB-003714,MLDB-003697
MLDB-003715,MLDB-003698
MLDB-003716,MLDB-003699
MLDB-003717,MLDB-003700
MLDB-003718,MLDB-003701
MLDB-003719,MLDB-003702
MLDB-003720,MLDB-003703
MLDB-003721,MLDB-003704
MLDB-003722,MLDB-003705
MLDB-003723,MLDB-003706
MLDB-003724,MLDB-003707
MLDB-003725,MLDB-003708
MLDB-003726,MLDB-003709
MLDB-003727,MLDB-003710
MLDB-003728,MLDB-003711
MLDB-003729,MLDB-003712
MLDB-003730,MLDB-003713
MLDB-003731,MLDB-003714
MLDB-003732,MLDB-003715
MLDB-003733,MLDB-003716
MLDB-003734,MLDB-003717
MLDB-003735,MLDB-003718
MLDB-003736,MLDB-003719
MLDB-003737,MLDB-003720
MLDB-003738,MLDB-003721
MLDB-003739,MLDB-003722
MLDB-003740,MLDB-003723
MLDB-003741,MLDB-003724
MLDB-003742,MLDB-003725
MLDB-003743,MLDB-003726
MLDB-003744,MLDB-003727
MLDB-003745,MLDB-003728
MLDB-003746,MLDB-003729
MLDB-003747,MLDB-003730
MLDB-003748,MLDB-003731
MLDB-003749,MLDB-003732
MLDB-003750,MLDB-003733
MLDB-003751,MLDB-003734
MLDB-003752,MLDB-003735
MLDB-003753,MLDB-003736
MLDB-003754,MLDB-003737
MLDB-003755,MLDB-003738
MLDB-003756,MLDB-003739
MLDB-003757,MLDB-003740
MLDB-003758,MLDB-003741
MLDB-003759,MLDB-003742
MLDB-003760,MLDB-003743
MLDB-003761,MLDB-003744
MLDB-003762,MLDB-003745
MLDB-003763,MLDB-003746
MLDB-003764,MLDB-003747
MLDB-003765,MLDB-003748
MLDB-003766,MLDB-003749
MLDB-003767,MLDB-003750
MLDB-003768,MLDB-003751
MLDB-003769,MLDB-003752
MLDB-003770,MLDB-003753
MLDB-003771,MLDB-003754
MLDB-003772,MLDB-003755
MLDB-003773,MLDB-003756
MLDB-003774,MLDB-003757
MLDB-003775,MLDB-003758
MLDB-003776,MLDB-003759
MLDB-003777,MLDB-003760
MLDB-003778,MLDB-003761
MLDB-003779,MLDB-003762
MLDB-003780,MLDB-003763
MLDB-003781,MLDB-003764
MLDB-003782,MLDB-003765
MLDB-003783,MLDB-003766
MLDB-003784,MLDB-003767
MLDB-003785,MLDB-003768
MLDB-003786,MLDB-003769
MLDB-003787,MLDB-003770
MLDB-003788,MLDB-003771
MLDB-003789,MLDB-003772
MLDB-003790,MLDB-003773
MLDB-003791,MLDB-003774
MLDB-003792,MLDB-003775
MLDB-003793,MLDB-003776
MLDB-003794,MLDB-003777
MLDB-003795,MLDB-003778
MLDB-003796,MLDB-003779
MLDB-003797,MLDB-003780
MLDB-003798,MLDB-003781
MLDB-003799,MLDB-003782
MLDB-003800,MLDB-003783
MLDB-003801,MLDB-003784
MLDB-003802,MLDB-003785
MLDB-003803,MLDB-003786
MLDB-003804,MLDB-003787
MLDB-003805,MLDB-003788
MLDB-003806,MLDB-003789
MLDB-003807,MLDB-003790
MLDB-003808,MLDB-003791
MLDB-003809,MLDB-003792
MLDB-003810,MLDB-003793
MLDB-003811,MLDB-003794
MLDB-003812,MLDB-003795
MLDB-003813,MLDB-003796
MLDB-003814,MLDB-003797
MLDB-003815,MLDB-003798
MLDB-003816,MLDB-003799
MLDB-003817,MLDB-003800
MLDB-003818,MLDB-003801
MLDB-003819,MLDB-003802
MLDB-003820,MLDB-003803
MLDB-003821,MLDB-003804
MLDB-003822,MLDB-003805
MLDB-003823,MLDB-003806
MLDB-003824,MLDB-003807
MLDB-003825,MLDB-003808
MLDB-003826,MLDB-003809
MLDB-003827,MLDB-003810
MLDB-003828,MLDB-003811
MLDB-003829,MLDB-003812
MLDB-003830,MLDB-003813
MLDB-003831,MLDB-003814
MLDB-003832,MLDB-003815
MLDB-003833,MLDB-003816
MLDB-003834,MLDB-003817
MLDB-003835,MLDB-003818
MLDB-003836,MLDB-003819
MLDB-003837,MLDB-003820
MLDB-003838,MLDB-003821
MLDB-003839,MLDB-003822
MLDB-003840,MLDB-003823
MLDB-003841,MLDB-003824
MLDB-003842,MLDB-003825
MLDB-003843,MLDB-003826
MLDB-003844,MLDB-003827
MLDB-003845,MLDB-003828
MLDB-003846,MLDB-003829
MLDB-003847,MLDB-003830
MLDB-003848,MLDB-003831
MLDB-003849,MLDB-003832
MLDB-003850,MLDB-003833
MLDB-003851,MLDB-003834
MLDB-003852,MLDB-003835
MLDB-003853,MLDB-003836
MLDB-003854,MLDB-003837
MLDB-003855,MLDB-003838
MLDB-003856,MLDB-003839
MLDB-003857,MLDB-003840
MLDB-003858,MLDB-003841
MLDB-003859,MLDB-003842
MLDB-003860,MLDB-003843
MLDB-003861,MLDB-003844
MLDB-003862,MLDB-003845
MLDB-003863,MLDB-003846
MLDB-003864,MLDB-003847
MLDB-003865,MLDB-003848
MLDB-003866,MLDB-003849
MLDB-003867,MLDB-003850
MLDB-003868,MLDB-003851
MLDB-003869,MLDB-003852
MLDB-003870,MLDB-003853
MLDB-003871,MLDB-003854
MLDB-003872,MLDB-003855
MLDB-003873,MLDB-003856
MLDB-003874,MLDB-003857
MLDB-003875,MLDB-003858
MLDB-003876,MLDB-003859
MLDB-003877,MLDB-003860
MLDB-003878,MLDB-003861
MLDB-003879,MLDB-003862
MLDB-003880,MLDB-003863
MLDB-003881,MLDB-003864
MLDB-003882,MLDB-003865
MLDB-003883,MLDB-003866
MLDB-003884,MLDB-003867
MLDB-003885,MLDB-003868
MLDB-003886,MLDB-003869
MLDB-003887,MLDB-003870
MLDB-003888,MLDB-003871
MLDB-003889,MLDB-003872
MLDB-003890,MLDB-003873
MLDB-003891,MLDB-003874
MLDB-003892,MLDB-003875
MLDB-003893,MLDB-003876
MLDB-003894,MLDB-003877
MLDB-003896,MLDB-003878
MLDB-003897,MLDB-003879
MLDB-003898,MLDB-003880
MLDB-003899,MLDB-003881
MLDB-003901,MLDB-003882
MLDB-003903,MLDB-003883
MLDB-003904,MLDB-003884
MLDB-003905,MLDB-003885
MLDB-003906,MLDB-003886
MLDB-003908,MLDB-003887
MLDB-003909,MLDB-003888
MLDB-003910,MLDB-003889
MLDB-003911,MLDB-003890
MLDB-003912,MLDB-003891
MLDB-003913,MLDB-003892
MLDB-003914,MLDB-003893
MLDB-003915,MLDB-003894
MLDB-003916,MLDB-003895
MLDB-003917,MLDB-003896
MLDB-003918,MLDB-003897
MLDB-003919,MLDB-003898
MLDB-003920,MLDB-003899
MLDB-003921,MLDB-003900
MLDB-003922,MLDB-003901
MLDB-003923,MLDB-003902
MLDB-003924,MLDB-003903
MLDB-003925,MLDB-003904
MLDB-003926,MLDB-003905
MLDB-003927,MLDB-003906
MLDB-003928,MLDB-003907
MLDB-003929,MLDB-003908
MLDB-003930,MLDB-003909
MLDB-003931,MLDB-003910
MLDB-003932,MLDB-003911
MLDB-003933,MLDB-003912
MLDB-003934,MLDB-003913
MLDB-003935,MLDB-003914
MLDB-003936,MLDB-003915
MLDB-003937,MLDB-003916
MLDB-003938,MLDB-003917
MLDB-003939,MLDB-003918
MLDB-003940,MLDB-003919
MLDB-003941,MLDB-003920
MLDB-003942,MLDB-003921
MLDB-003943,MLDB-003922
MLDB-003944,MLDB-003923
MLDB-003945,MLDB-003924
MLDB-003946,MLDB-003925
MLDB-003947,MLDB-003926
MLDB-003948,MLDB-003927
MLDB-003949,MLDB-003928
MLDB-003950,MLDB-003929
MLDB-003951,MLDB-003930
MLDB-003952,MLDB-003931
MLDB-003953,MLDB-003932
MLDB-003954,MLDB-003933
MLDB-003955,MLDB-003934
MLDB-003956,MLDB-003935
MLDB-003957,MLDB-003936
MLDB-003958,MLDB-003937
MLDB-003959,MLDB-003938
MLDB-003960,MLDB-003939
MLDB-003961,MLDB-003940
MLDB-003962,MLDB-003941
MLDB-003963,MLDB-003942
MLDB-003964,MLDB-003943
MLDB-003965,MLDB-003944
MLDB-003966,MLDB-003945
MLDB-003967,MLDB-003946
MLDB-003968,MLDB-003947
MLDB-003969,MLDB-003948
MLDB-003970,MLDB-003949
MLDB-003971,MLDB-003950
MLDB-003972,MLDB-003951
MLDB-003973,MLDB-003952
MLDB-003974,MLDB-003953
MLDB-003975,MLDB-003954
MLDB-003976,MLDB-003955
MLDB-003977,MLDB-003956
MLDB-003978,MLDB-003957
MLDB-003979,MLDB-003958
MLDB-003980,MLDB-003959
MLDB-003981,MLDB-003960
MLDB-003982,MLDB-003961
MLDB-003983,MLDB-003962
MLDB-003984,MLDB-003963
MLDB-003985,MLDB-003964
MLDB-003986,MLDB-003965
MLDB-003987,MLDB-003966
MLDB-003988,MLDB-003967
MLDB-003989,MLDB-003968
MLDB-003990,MLDB-003969
MLDB-003991,MLDB-003970
MLDB-003992,MLDB-003971
MLDB-003993,MLDB-003972
MLDB-003994,MLDB-003973
MLDB-003995,MLDB-003974
MLDB-003996,MLDB-003975
MLDB-003997,MLDB-003976
MLDB-003998,MLDB-003977
MLDB-003999,MLDB-003978
MLDB-004000,MLDB-003979
MLDB-004001,MLDB-003980
MLDB-004002,MLDB-003981
MLDB-004003,MLDB-003982
MLDB-004004,MLDB-003983
MLDB-004005,MLDB-003984
MLDB-004006,MLDB-003985
MLDB-004007,MLDB-003986
MLDB-004008,MLDB-003987
MLDB-004009,MLDB-003988
MLDB-004010,MLDB-003989
MLDB-004011,MLDB-003990
MLDB-004012,MLDB-003991
MLDB-004013,MLDB-003992
MLDB-004014,MLDB-003993
MLDB-004015,MLDB-003994
MLDB-004016,MLDB-003995
MLDB-004017,MLDB-003996
MLDB-004018,MLDB-003997
MLDB-004019,MLDB-003998
MLDB-004020,MLDB-003999
MLDB-004021,MLDB-004000
MLDB-004022,MLDB-004001
MLDB-004023,MLDB-004002
MLDB-004024,MLDB-004003
MLDB-004025,MLDB-004004
MLDB-004026,MLDB-004005
MLDB-004027,MLDB-004006
MLDB-004028,MLDB-004007
MLDB-004029,MLDB-004008
MLDB-004030,MLDB-004009
MLDB-004031,MLDB-004010
MLDB-004032,MLDB-004011
MLDB-004033,MLDB-004012
MLDB-004034,MLDB-004013
MLDB-004035,MLDB-004014
MLDB-004036,MLDB-004015
MLDB-004037,MLDB-004016
MLDB-004038,MLDB-004017
MLDB-004039,MLDB-004018
MLDB-004040,MLDB-004019
MLDB-004041,MLDB-004020
MLDB-004042,MLDB-004021
MLDB-004043,MLDB-004022
MLDB-004044,MLDB-004023
MLDB-004045,MLDB-004024
MLDB-004046,MLDB-004025
MLDB-004047,MLDB-004026
MLDB-004048,MLDB-004027
MLDB-004049,MLDB-004028
MLDB-004050,MLDB-004029
MLDB-004051,MLDB-004030
MLDB-004052,MLDB-004031
MLDB-004053,MLDB-004032
MLDB-004054,MLDB-004033
MLDB-004055,MLDB-004034
MLDB-004056,MLDB-004035
MLDB-004057,MLDB-004036
MLDB-004058,MLDB-004037
MLDB-004059,MLDB-004038
MLDB-004060,MLDB-004039
MLDB-004061,MLDB-004040
MLDB-004062,MLDB-004041
MLDB-004063,MLDB-004042
MLDB-004064,MLDB-004043
MLDB-004065,MLDB-004044
MLDB-004066,MLDB-004045
MLDB-004067,MLDB-004046
MLDB-004068,MLDB-004047
MLDB-004069,MLDB-004048
MLDB-004070,MLDB-004049
MLDB-004071,MLDB-004050
MLDB-004072,MLDB-004051
MLDB-004073,MLDB-004052
MLDB-004074,MLDB-004053
MLDB-004075,MLDB-004054
MLDB-004076,MLDB-004055
MLDB-004077,MLDB-004056
MLDB-004078,MLDB-004057
MLDB-004079,MLDB-004058
MLDB-004080,MLDB-004059
MLDB-004081,MLDB-004060
MLDB-004082,MLDB-004061
MLDB-004083,MLDB-004062
MLDB-004084,MLDB-004063
MLDB-004085,MLDB-004064
MLDB-004086,MLDB-004065
MLDB-004087,MLDB-004066
MLDB-004088,MLDB-004067
MLDB-004089,MLDB-004068
MLDB-004090,MLDB-004069
MLDB-004091,MLDB-004070
MLDB-004092,MLDB-004071
MLDB-004093,MLDB-004072
MLDB-004094,MLDB-004073
MLDB-004095,MLDB-004074
MLDB-004096,MLDB-004075
MLDB-004097,MLDB-004076
MLDB-004098,MLDB-004077
MLDB-004099,MLDB-004078
MLDB-004100,MLDB-004079
MLDB-004101,MLDB-004080
MLDB-004102,MLDB-004081
MLDB-004103,MLDB-004082
MLDB-004104,MLDB-004083
MLDB-004105,MLDB-004084
MLDB-004106,MLDB-004085
MLDB-004107,MLDB-004086
MLDB-004108,MLDB-004087
MLDB-004109,MLDB-004088
MLDB-004110,MLDB-004089
MLDB-004111,MLDB-004090
MLDB-004112,MLDB-004091
MLDB-004113,MLDB-004092
MLDB-004114,MLDB-004093
MLDB-004115,MLDB-004094
MLDB-004116,MLDB-004095
MLDB-004117,MLDB-004096
MLDB-004118,MLDB-004097
MLDB-004119,MLDB-004098
MLDB-004120,MLDB-004099
MLDB-004121,MLDB-004100
MLDB-004122,MLDB-004101
MLDB-004123,MLDB-004102
MLDB-004124,MLDB-004103
MLDB-004125,MLDB-004104
MLDB-004126,MLDB-004105
MLDB-004127,MLDB-004106
MLDB-004128,MLDB-004107
MLDB-004129,MLDB-004108
MLDB-004130,MLDB-004109
MLDB-004131,MLDB-004110
MLDB-004132,MLDB-004111
MLDB-004133,MLDB-004112
MLDB-004134,MLDB-004113
MLDB-004135,MLDB-004114
MLDB-004136,MLDB-004115
MLDB-004137,MLDB-004116
MLDB-004138,MLDB-004117
MLDB-004139,MLDB-004118
MLDB-004140,MLDB-004119
MLDB-004141,MLDB-004120
MLDB-004142,MLDB-004121
MLDB-004143,MLDB-004122
MLDB-004144,MLDB-004123
MLDB-004145,MLDB-004124
MLDB-004146,MLDB-004125
MLDB-004147,MLDB-004126
MLDB-004148,MLDB-004127
MLDB-004149,MLDB-004128
MLDB-004150,MLDB-004129
MLDB-004151,MLDB-004130
MLDB-004152,MLDB-004131
MLDB-004153,MLDB-004132
MLDB-004154,MLDB-004133
MLDB-004155,MLDB-004134
MLDB-004156,MLDB-004135
MLDB-004157,MLDB-004136
MLDB-004158,MLDB-004137
MLDB-004159,MLDB-004138
MLDB-004160,MLDB-004139
MLDB-004161,MLDB-004140
MLDB-004162,MLDB-004141
MLDB-004163,MLDB-004142
MLDB-004164,MLDB-004143
MLDB-004165,MLDB-004144
MLDB-004166,MLDB-004145
MLDB-004167,MLDB-004146
MLDB-004168,MLDB-004147
MLDB-004169,MLDB-004148
MLDB-004170,MLDB-004149
MLDB-004171,MLDB-004150
MLDB-004172,MLDB-004151
MLDB-004173,MLDB-004152
MLDB-004174,MLDB-004153
MLDB-004175,MLDB-004154
MLDB-004176,MLDB-004155
MLDB-004177,MLDB-004156
MLDB-004178,MLDB-004157
MLDB-004179,MLDB-004158
MLDB-004180,MLDB-004159
MLDB-004181,MLDB-004160
MLDB-004182,MLDB-004161
MLDB-004183,MLDB-004162
MLDB-004184,MLDB-004163
MLDB-004185,MLDB-004164
MLDB-004186,MLDB-004165
MLDB-004187,MLDB-004166
MLDB-004188,MLDB-004167
MLDB-004189,MLDB-004168
MLDB-004190,MLDB-004169
MLDB-004191,MLDB-004170
MLDB-004192,MLDB-004171
MLDB-004193,MLDB-004172
MLDB-004194,MLDB-004173
MLDB-004195,MLDB-004174
MLDB-004196,MLDB-004175
MLDB-004197,MLDB-004176
MLDB-004198,MLDB-004177
MLDB-004199,MLDB-004178
MLDB-004200,MLDB-004179
MLDB-004201,MLDB-004180
MLDB-004202,MLDB-004181
MLDB-004203,MLDB-004182
MLDB-004204,MLDB-004183
MLDB-004205,MLDB-004184
MLDB-004206,MLDB-004185
MLDB-004207,MLDB-004186
MLDB-004208,MLDB-004187
MLDB-004209,MLDB-004188
MLDB-004210,MLDB-004189
MLDB-004211,MLDB-004190
MLDB-004212,MLDB-004191
MLDB-004213,MLDB-004192
MLDB-004214,MLDB-004193
MLDB-004215,MLDB-004194
MLDB-004216,MLDB-004195
MLDB-004217,MLDB-004196
MLDB-004218,MLDB-004197
MLDB-004219,MLDB-004198
MLDB-004220,MLDB-004199
MLDB-004221,MLDB-004200
MLDB-004222,MLDB-004201
MLDB-004223,MLDB-004202
MLDB-004224,MLDB-004203
MLDB-004225,MLDB-004204
MLDB-004226,MLDB-004205
MLDB-004227,MLDB-004206
MLDB-004228,MLDB-004207
MLDB-004229,MLDB-004208
MLDB-004230,MLDB-004209
MLDB-004231,MLDB-004210
MLDB-004232,MLDB-004211
MLDB-004233,MLDB-004212
MLDB-004234,MLDB-004213
MLDB-004235,MLDB-004214
MLDB-004236,MLDB-004215
MLDB-004237,MLDB-004216
MLDB-004238,MLDB-004217
MLDB-004239,MLDB-004218
MLDB-004240,MLDB-004219
MLDB-004241,MLDB-004220
MLDB-004242,MLDB-004221
MLDB-004243,MLDB-004222
MLDB-004248,MLDB-004223
MLDB-004249,MLDB-004224
MLDB-004250,MLDB-004225
MLDB-004251,MLDB-004226
MLDB-004252,MLDB-004227
MLDB-004253,MLDB-004228
MLDB-004254,MLDB-004229
MLDB-004255,MLDB-004230
MLDB-004256,MLDB-004231
MLDB-004257,MLDB-004232
MLDB-004258,MLDB-004233
MLDB-004259,MLDB-004234
MLDB-004260,MLDB-004235
MLDB-004261,MLDB-004236
MLDB-004262,MLDB-004237
MLDB-004263,MLDB-004238
MLDB-004264,MLDB-004239
MLDB-004265,MLDB-004240
MLDB-004266,MLDB-004241
MLDB-004267,MLDB-004242
MLDB-004268,MLDB-004243
MLDB-004269,MLDB-004244
MLDB-004270,MLDB-004245
MLDB-004271,MLDB-004246
MLDB-004272,MLDB-004247
MLDB-004273,MLDB-004248
MLDB-004274,MLDB-004249
MLDB-004275,MLDB-004250
MLDB-004276,MLDB-004251
MLDB-004277,MLDB-004252
MLDB-004278,MLDB-004253
MLDB-004279,MLDB-004254
MLDB-004280,MLDB-004255
MLDB-004281,MLDB-004256
MLDB-004282,MLDB-004257
MLDB-004283,MLDB-004258
MLDB-004284,MLDB-004259
MLDB-004285,MLDB-004260
MLDB-004286,MLDB-004261
MLDB-004287,MLDB-004262
MLDB-004288,MLDB-004263
MLDB-004289,MLDB-004264
MLDB-004290,MLDB-004265
MLDB-004291,MLDB-004266
MLDB-004292,MLDB-004267
MLDB-004293,MLDB-004268
MLDB-004294,MLDB-004269
MLDB-004295,MLDB-004270
MLDB-004296,MLDB-004271
MLDB-004297,MLDB-004272
MLDB-004298,MLDB-004273
MLDB-004299,MLDB-004274
MLDB-004300,MLDB-004275
MLDB-004301,MLDB-004276
MLDB-004302,MLDB-004277
MLDB-004303,MLDB-004278
MLDB-004304,MLDB-004279
MLDB-004305,MLDB-004280
MLDB-004306,MLDB-004281
MLDB-004307,MLDB-004282
MLDB-004308,MLDB-004283
MLDB-004309,MLDB-004284
MLDB-004310,MLDB-004285
MLDB-004311,MLDB-004286
MLDB-004312,MLDB-004287
MLDB-004313,MLDB-004288
MLDB-004314,MLDB-004289
MLDB-004315,MLDB-004290
MLDB-004316,MLDB-004291
MLDB-004317,MLDB-004292
MLDB-004318,MLDB-004293
MLDB-004319,MLDB-004294
MLDB-004320,MLDB-004295
MLDB-004321,MLDB-004296
MLDB-004322,MLDB-004297
MLDB-004323,MLDB-004298
MLDB-004324,MLDB-004299
MLDB-004325,MLDB-004300
MLDB-004326,MLDB-004301
MLDB-004327,MLDB-004302
MLDB-004328,MLDB-004303
MLDB-004329,MLDB-004304
MLDB-004330,MLDB-004305
MLDB-004331,MLDB-004306
MLDB-004332,MLDB-004307
MLDB-004333,MLDB-004308
MLDB-004334,MLDB-004309
MLDB-004335,MLDB-004310
MLDB-004336,MLDB-004311
MLDB-004337,MLDB-004312
MLDB-004338,MLDB-004313
MLDB-004339,MLDB-004314
MLDB-004340,MLDB-004315
MLDB-004341,MLDB-004316
MLDB-004342,MLDB-004317
MLDB-004343,MLDB-004318
MLDB-004344,MLDB-004319
MLDB-004345,MLDB-004320
MLDB-004346,MLDB-004321
MLDB-004347,MLDB-004322
MLDB-004348,MLDB-004323
MLDB-004349,MLDB-004324
MLDB-004350,MLDB-004325
MLDB-004351,MLDB-004326
MLDB-004352,MLDB-004327
MLDB-004353,MLDB-004328
MLDB-004354,MLDB-004329
MLDB-004355,MLDB-004330
MLDB-004356,MLDB-004331
MLDB-004357,MLDB-004332
MLDB-004358,MLDB-004333
MLDB-004359,MLDB-004334
MLDB-004360,MLDB-004335
MLDB-004361,MLDB-004336
MLDB-004362,MLDB-004337
MLDB-004363,MLDB-004338
MLDB-004364,MLDB-004339
MLDB-004365,MLDB-004340
MLDB-004366,MLDB-004341
MLDB-004367,MLDB-004342
MLDB-004368,MLDB-004343
MLDB-004369,MLDB-004344
MLDB-004370,MLDB-004345
MLDB-004371,MLDB-004346
MLDB-004372,MLDB-004347
MLDB-004373,MLDB-004348
MLDB-004374,MLDB-004349
MLDB-004375,MLDB-004350
MLDB-004376,MLDB-004351
MLDB-004377,MLDB-004352
MLDB-004378,MLDB-004353
MLDB-004379,MLDB-004354
MLDB-004380,MLDB-004355
MLDB-004381,MLDB-004356
MLDB-004382,MLDB-004357
MLDB-004383,MLDB-004358
MLDB-004384,MLDB-004359
MLDB-004385,MLDB-004360
MLDB-004386,MLDB-004361
MLDB-004387,MLDB-004362
MLDB-004388,MLDB-004363
MLDB-004389,MLDB-004364
MLDB-004390,MLDB-004365
MLDB-004391,MLDB-004366
MLDB-004392,MLDB-004367
MLDB-004393,MLDB-004368
MLDB-004394,MLDB-004369
MLDB-004395,MLDB-004370
MLDB-004396,MLDB-004371
MLDB-004397,MLDB-004372
MLDB-004398,MLDB-004373
MLDB-004399,MLDB-004374
MLDB-004400,MLDB-004375
MLDB-004401,MLDB-004376
MLDB-004402,MLDB-004377
MLDB-004403,MLDB-004378
MLDB-004404,MLDB-004379
MLDB-004405,MLDB-004380
MLDB-004406,MLDB-004381
MLDB-004407,MLDB-004382
MLDB-004408,MLDB-004383
MLDB-004410,MLDB-004384
MLDB-004411,MLDB-004385
MLDB-004412,MLDB-004386
MLDB-004413,MLDB-004387
MLDB-004414,MLDB-004388
MLDB-004415,MLDB-004389
MLDB-004416,MLDB-004390
MLDB-004417,MLDB-004391
MLDB-004418,MLDB-004392
MLDB-004419,MLDB-004393
MLDB-004420,MLDB-004394
MLDB-004421,MLDB-004395
MLDB-004422,MLDB-004396
MLDB-004423,MLDB-004397
MLDB-004424,MLDB-004398
MLDB-004425,MLDB-004399
MLDB-004426,MLDB-004400
MLDB-004427,MLDB-004401
MLDB-004428,MLDB-004402
MLDB-004429,MLDB-004403
MLDB-004430,MLDB-004404
MLDB-004431,MLDB-004405
MLDB-004432,MLDB-004406
MLDB-004433,MLDB-004407
MLDB-004434,MLDB-004408
MLDB-004435,MLDB-004409
MLDB-004436,MLDB-004410
MLDB-004437,MLDB-004411
MLDB-004438,MLDB-004412
MLDB-004439,MLDB-004413
MLDB-004440,MLDB-004414
MLDB-004441,MLDB-004415
MLDB-004442,MLDB-004416
MLDB-004443,MLDB-004417
MLDB-004444,MLDB-004418
MLDB-004445,MLDB-004419
MLDB-004446,MLDB-004420
MLDB-004447,MLDB-004421
MLDB-004448,MLDB-004422
MLDB-004449,MLDB-004423
MLDB-004450,MLDB-004424
MLDB-004451,MLDB-004425
MLDB-004452,MLDB-004426
MLDB-004453,MLDB-004427
MLDB-004454,MLDB-004428
MLDB-004455,MLDB-004429
MLDB-004456,MLDB-004430
MLDB-004457,MLDB-004431
MLDB-004458,MLDB-004432
MLDB-004459,MLDB-004433
MLDB-004460,MLDB-004434
MLDB-004461,MLDB-004435
MLDB-004462,MLDB-004436
MLDB-004463,MLDB-004437
MLDB-004464,MLDB-004438
MLDB-004465,MLDB-004439
MLDB-004466,MLDB-004440
MLDB-004467,MLDB-004441
MLDB-004468,MLDB-004442
MLDB-004469,MLDB-004443
MLDB-004470,MLDB-004444
MLDB-004471,MLDB-004445
MLDB-004472,MLDB-004446
MLDB-004473,MLDB-004447
MLDB-004474,MLDB-004448
MLDB-004475,MLDB-004449
MLDB-004476,MLDB-004450
MLDB-004477,MLDB-004451
MLDB-004478,MLDB-004452
MLDB-004479,MLDB-004453
MLDB-004480,MLDB-004454
MLDB-004481,MLDB-004455
MLDB-004482,MLDB-004456
MLDB-004483,MLDB-004457
MLDB-004484,MLDB-004458
MLDB-004485,MLDB-004459
MLDB-004486,MLDB-004460
MLDB-004487,MLDB-004461
MLDB-004488,MLDB-004462
MLDB-004489,MLDB-004463
MLDB-004490,MLDB-004464
MLDB-004491,MLDB-004465
MLDB-004492,MLDB-004466
MLDB-004493,MLDB-004467
MLDB-004494,MLDB-004468
MLDB-004495,MLDB-004469
MLDB-004496,MLDB-004470
MLDB-004497,MLDB-004471
MLDB-004498,MLDB-004472
MLDB-004499,MLDB-004473
MLDB-004500,MLDB-004474
MLDB-004501,MLDB-004475
MLDB-004502,MLDB-004476
MLDB-004503,MLDB-004477
MLDB-004504,MLDB-004478
MLDB-004505,MLDB-004479
MLDB-004506,MLDB-004480
MLDB-004507,MLDB-004481
MLDB-004508,MLDB-004482
MLDB-004509,MLDB-004483
MLDB-004510,MLDB-004484
MLDB-004511,MLDB-004485
MLDB-004512,MLDB-004486
MLDB-004513,MLDB-004487
MLDB-004514,MLDB-004488
MLDB-004515,MLDB-004489
MLDB-004516,MLDB-004490
MLDB-004517,MLDB-004491
MLDB-004518,MLDB-004492
MLDB-004519,MLDB-004493
MLDB-004520,MLDB-004494
MLDB-004521,MLDB-004495
MLDB-004522,MLDB-004496
MLDB-004523,MLDB-004497
MLDB-004524,MLDB-004498
MLDB-004525,MLDB-004499
MLDB-004526,MLDB-004500
MLDB-004527,MLDB-004501
MLDB-004528,MLDB-004502
MLDB-004529,MLDB-004503
MLDB-004530,MLDB-004504
MLDB-004531,MLDB-004505
MLDB-004532,MLDB-004506
MLDB-004533,MLDB-004507
MLDB-004534,MLDB-004508
MLDB-004535,MLDB-004509
MLDB-004536,MLDB-004510
MLDB-004537,MLDB-004511
MLDB-004538,MLDB-004512
MLDB-004539,MLDB-004513
MLDB-004540,MLDB-004514
MLDB-004541,MLDB-004515
MLDB-004542,MLDB-004516
MLDB-004543,MLDB-004517
MLDB-004544,MLDB-004518
MLDB-004545,MLDB-004519
MLDB-004546,MLDB-004520
MLDB-004547,MLDB-004521
MLDB-004548,MLDB-004522
MLDB-004549,MLDB-004523
MLDB-004550,MLDB-004524
MLDB-004551,MLDB-004525
MLDB-004552,MLDB-004526
MLDB-004553,MLDB-004527
MLDB-004554,MLDB-004528
MLDB-004555,MLDB-004529
MLDB-004556,MLDB-004530
MLDB-004557,MLDB-004531
MLDB-004558,MLDB-004532
MLDB-004559,MLDB-004533
MLDB-004560,MLDB-004534
MLDB-004561,MLDB-004535
MLDB-004562,MLDB-004536
MLDB-004563,MLDB-004537
MLDB-004564,MLDB-004538
MLDB-004565,MLDB-004539
MLDB-004566,MLDB-004540
MLDB-004567,MLDB-004541
MLDB-004568,MLDB-004542
MLDB-004569,MLDB-004543
MLDB-004570,MLDB-004544
MLDB-004571,MLDB-004545
MLDB-004572,MLDB-004546
MLDB-004573,MLDB-004547
MLDB-004574,MLDB-004548
MLDB-004575,MLDB-004549
MLDB-004576,MLDB-004550
MLDB-004577,MLDB-004551
MLDB-004578,MLDB-004552
MLDB-004579,MLDB-004553
MLDB-004580,MLDB-004554
MLDB-004581,MLDB-004555
MLDB-004582,MLDB-004556
MLDB-004583,MLDB-004557
MLDB-004584,MLDB-004558
MLDB-004585,MLDB-004559
MLDB-004586,MLDB-004560
MLDB-004587,MLDB-004561
MLDB-004588,MLDB-004562
MLDB-004589,MLDB-004563
MLDB-004590,MLDB-004564
MLDB-004591,MLDB-004565
MLDB-004592,MLDB-004566
MLDB-004593,MLDB-004567
MLDB-004594,MLDB-004568
MLDB-004595,MLDB-004569
MLDB-004596,MLDB-004570
MLDB-004597,MLDB-004571
MLDB-004598,MLDB-004572
MLDB-004599,MLDB-004573
MLDB-004600,MLDB-004574
MLDB-004601,MLDB-004575
MLDB-004602,MLDB-004576
MLDB-004603,MLDB-004577
MLDB-004604,MLDB-004578
MLDB-004605,MLDB-004579
MLDB-004606,MLDB-004580
MLDB-004607,MLDB-004581
MLDB-004608,MLDB-004582
MLDB-004609,MLDB-004583
MLDB-004610,MLDB-004584
MLDB-004611,MLDB-004585
MLDB-004612,MLDB-004586
MLDB-004613,MLDB-004587
MLDB-004614,MLDB-004588
MLDB-004615,MLDB-004589
MLDB-004616,MLDB-004590
MLDB-004617,MLDB-004591
MLDB-004618,MLDB-004592
MLDB-004619,MLDB-004593
MLDB-004620,MLDB-004594
MLDB-004621,MLDB-004595
MLDB-004622,MLDB-004596
MLDB-004623,MLDB-004597
MLDB-004624,MLDB-004598
MLDB-004625,MLDB-004599
MLDB-004626,MLDB-004600
MLDB-004627,MLDB-004601
MLDB-004628,MLDB-004602
MLDB-004629,MLDB-004603
MLDB-004630,MLDB-004604
MLDB-004631,MLDB-004605
MLDB-004632,MLDB-004606
MLDB-004633,MLDB-004607
MLDB-004634,MLDB-004608
MLDB-004635,MLDB-004609
MLDB-004636,MLDB-004610
MLDB-004637,MLDB-004611
MLDB-004638,MLDB-004612
MLDB-004639,MLDB-004613
MLDB-004640,MLDB-004614
MLDB-004641,MLDB-004615
MLDB-004642,MLDB-004616
MLDB-004643,MLDB-004617
MLDB-004644,MLDB-004618
MLDB-004645,MLDB-004619
MLDB-004646,MLDB-004620
MLDB-004647,MLDB-004621
MLDB-004648,MLDB-004622
MLDB-004649,MLDB-004623
MLDB-004650,MLDB-004624
MLDB-004651,MLDB-004625
MLDB-004652,MLDB-004626
MLDB-004653,MLDB-004627
MLDB-004654,MLDB-004628
MLDB-004655,MLDB-004629
MLDB-004656,MLDB-004630
MLDB-004657,MLDB-004631
MLDB-004658,MLDB-004632
MLDB-004659,MLDB-004633
MLDB-004660,MLDB-004634
MLDB-004661,MLDB-004635
MLDB-004662,MLDB-004636
MLDB-004663,MLDB-004637
MLDB-004664,MLDB-004638
MLDB-004665,MLDB-004639
MLDB-004666,MLDB-004640
MLDB-004667,MLDB-004641
MLDB-004668,MLDB-004642
MLDB-004669,MLDB-004643
MLDB-004670,MLDB-004644
MLDB-004671,MLDB-004645
MLDB-004672,MLDB-004646
MLDB-004673,MLDB-004647
MLDB-004674,MLDB-004648
MLDB-004675,MLDB-004649
MLDB-004676,MLDB-004650
MLDB-004677,MLDB-004651
MLDB-004678,MLDB-004652
MLDB-004679,MLDB-004653
MLDB-004680,MLDB-004654
MLDB-004681,MLDB-004655
MLDB-004682,MLDB-004656
MLDB-004683,MLDB-004657
MLDB-004684,MLDB-004658
MLDB-004685,MLDB-004659
MLDB-004686,MLDB-004660
MLDB-004687,MLDB-004661
MLDB-004688,MLDB-004662
MLDB-004689,MLDB-004663
MLDB-004690,MLDB-004664
MLDB-004691,MLDB-004665
MLDB-004692,MLDB-004666
MLDB-004693,MLDB-004667
MLDB-004694,MLDB-004668
MLDB-004695,MLDB-004669
MLDB-004696,MLDB-004670
MLDB-004697,MLDB-004671
MLDB-004698,MLDB-004672
MLDB-004699,MLDB-004673
MLDB-004700,MLDB-004674
MLDB-004701,MLDB-004675
MLDB-004702,MLDB-004676
MLDB-004703,MLDB-004677
MLDB-004704,MLDB-004678
MLDB-004705,MLDB-004679
MLDB-004706,MLDB-004680
MLDB-004707,MLDB-004681
MLDB-004708,MLDB-004682
MLDB-004709,MLDB-004683
MLDB-004710,MLDB-004684
MLDB-004711,MLDB-004685
MLDB-004712,MLDB-004686
MLDB-004713,MLDB-004687
MLDB-004714,MLDB-004688
MLDB-004715,MLDB-004689
MLDB-004716,MLDB-004690
MLDB-004717,MLDB-004691
MLDB-004718,MLDB-004692
MLDB-004719,MLDB-004693
MLDB-004720,MLDB-004694
MLDB-004721,MLDB-004695
MLDB-004722,MLDB-004696
MLDB-004723,MLDB-004697
MLDB-004724,MLDB-004698
MLDB-004725,MLDB-004699
MLDB-004726,MLDB-004700
MLDB-004727,MLDB-004701
MLDB-004729,MLDB-004702
MLDB-004730,MLDB-004703
MLDB-004731,MLDB-004704
MLDB-004732,MLDB-004705
MLDB-004733,MLDB-004706
MLDB-004734,MLDB-004707
MLDB-004735,MLDB-004708
MLDB-004736,MLDB-004709
MLDB-004737,MLDB-004710
MLDB-004738,MLDB-004711
MLDB-004739,MLDB-004712
MLDB-004740,MLDB-004713
MLDB-004741,MLDB-004714
MLDB-004742,MLDB-004715
MLDB-004743,MLDB-004716
MLDB-004744,MLDB-004717
MLDB-004745,MLDB-004718
MLDB-004746,MLDB-004719
MLDB-004747,MLDB-004720
MLDB-004748,MLDB-004721
MLDB-004749,MLDB-004722
MLDB-004750,MLDB-004723
MLDB-004751,MLDB-004724
MLDB-004752,MLDB-004725
MLDB-004753,MLDB-004726
MLDB-004754,MLDB-004727
MLDB-004755,MLDB-004728
MLDB-004756,MLDB-004729
MLDB-004757,MLDB-004730
MLDB-004758,MLDB-004731
MLDB-004759,MLDB-004732
MLDB-004760,MLDB-004733
MLDB-004761,MLDB-004734
MLDB-004762,MLDB-004735
MLDB-004763,MLDB-004736
MLDB-004764,MLDB-004737
MLDB-004765,MLDB-004738
MLDB-004766,MLDB-004739
MLDB-004767,MLDB-004740
MLDB-004768,MLDB-004741
MLDB-004769,MLDB-004742
MLDB-004770,MLDB-004743
MLDB-004771,MLDB-004744
MLDB-004772,MLDB-004745
MLDB-004773,MLDB-004746
MLDB-004774,MLDB-004747
MLDB-004775,MLDB-004748
MLDB-004776,MLDB-004749
MLDB-004777,MLDB-004750
MLDB-004778,MLDB-004751
MLDB-004779,MLDB-004752
MLDB-004780,MLDB-004753
MLDB-004781,MLDB-004754
MLDB-004782,MLDB-004755
MLDB-004783,MLDB-004756
MLDB-004784,MLDB-004757
MLDB-004785,MLDB-004758
MLDB-004786,MLDB-004759
MLDB-004787,MLDB-004760
MLDB-004788,MLDB-004761
MLDB-004789,MLDB-004762
MLDB-004790,MLDB-004763
MLDB-004791,MLDB-004764
MLDB-004792,MLDB-004765
MLDB-004793,MLDB-004766
MLDB-004794,MLDB-004767
MLDB-004795,MLDB-004768
MLDB-004796,MLDB-004769
MLDB-004797,MLDB-004770
MLDB-004798,MLDB-004771
MLDB-004799,MLDB-004772
MLDB-004800,MLDB-004773
MLDB-004801,MLDB-004774
MLDB-004802,MLDB-004775
MLDB-004803,MLDB-004776
MLDB-004804,MLDB-004777
MLDB-004805,MLDB-004778
MLDB-004806,MLDB-004779
MLDB-004807,MLDB-004780
MLDB-004808,MLDB-004781
MLDB-004809,MLDB-004782
MLDB-004810,MLDB-004783
MLDB-004811,MLDB-004784
MLDB-004812,MLDB-004785
MLDB-004813,MLDB-004786
MLDB-004814,MLDB-004787
MLDB-004815,MLDB-004788
MLDB-004816,MLDB-004789
MLDB-004817,MLDB-004790
MLDB-004818,MLDB-004791
MLDB-004819,MLDB-004792
MLDB-004820,MLDB-004793
MLDB-004821,MLDB-004794
MLDB-004822,MLDB-004795
MLDB-004823,MLDB-004796
MLDB-004824,MLDB-004797
MLDB-004825,MLDB-004798
MLDB-004826,MLDB-004799
MLDB-004827,MLDB-004800
MLDB-004828,MLDB-004801
MLDB-004829,MLDB-004802
MLDB-004830,MLDB-004803
MLDB-004831,MLDB-004804
MLDB-004832,MLDB-004805
MLDB-004833,MLDB-004806
MLDB-004834,MLDB-004807
MLDB-004840,MLDB-004808
MLDB-004841,MLDB-004809
MLDB-004842,MLDB-004810
MLDB-004843,MLDB-004811
MLDB-004844,MLDB-004812
MLDB-004845,MLDB-004813
MLDB-004846,MLDB-004814
MLDB-004847,MLDB-004815
MLDB-004848,MLDB-004816
MLDB-004849,MLDB-004817
MLDB-004850,MLDB-004818
MLDB-004851,MLDB-004819
MLDB-004852,MLDB-004820
MLDB-004853,MLDB-004821
MLDB-004854,MLDB-004822
MLDB-004855,MLDB-004823
MLDB-004856,MLDB-004824
MLDB-004857,MLDB-004825
MLDB-004858,MLDB-004826
MLDB-004859,MLDB-004827
MLDB-004860,MLDB-004828
MLDB-004861,MLDB-004829
MLDB-004862,MLDB-004830
MLDB-004863,MLDB-004831
MLDB-004864,MLDB-004832
MLDB-004865,MLDB-004833
MLDB-004866,MLDB-004834
MLDB-004867,MLDB-004835
MLDB-004868,MLDB-004836
MLDB-004869,MLDB-004837
MLDB-004870,MLDB-004838
MLDB-004871,MLDB-004839
MLDB-004872,MLDB-004840
MLDB-004873,MLDB-004841
MLDB-004874,MLDB-004842
MLDB-004875,MLDB-004843
MLDB-004876,MLDB-004844
MLDB-004877,MLDB-004845
MLDB-004878,MLDB-004846
MLDB-004879,MLDB-004847
MLDB-004880,MLDB-004848
MLDB-004881,MLDB-004849
MLDB-004882,MLDB-004850
MLDB-004883,MLDB-004851
MLDB-004884,MLDB-004852
MLDB-004885,MLDB-004853
MLDB-004886,MLDB-004854
MLDB-004887,MLDB-004855
MLDB-004888,MLDB-004856
MLDB-004889,MLDB-004857
MLDB-004890,MLDB-004858
MLDB-004891,MLDB-004859
MLDB-004892,MLDB-004860
MLDB-004893,MLDB-004861
MLDB-004894,MLDB-004862
MLDB-004895,MLDB-004863
MLDB-004896,MLDB-004864
MLDB-004897,MLDB-004865
MLDB-004898,MLDB-004866
MLDB-004899,MLDB-004867
MLDB-004900,MLDB-004868
MLDB-004901,MLDB-004869
MLDB-004902,MLDB-004870
MLDB-004903,MLDB-004871
MLDB-004904,MLDB-004872
MLDB-004905,MLDB-004873
MLDB-004906,MLDB-004874
MLDB-004907,MLDB-004875
MLDB-004908,MLDB-004876
MLDB-004909,MLDB-004877
MLDB-004910,MLDB-004878
MLDB-004911,MLDB-004879
MLDB-004912,MLDB-004880
MLDB-004913,MLDB-004881
MLDB-004914,MLDB-004882
MLDB-004915,MLDB-004883
MLDB-004916,MLDB-004884
MLDB-004917,MLDB-004885
MLDB-004918,MLDB-004886
MLDB-004919,MLDB-004887
MLDB-004920,MLDB-004888
MLDB-004921,MLDB-004889
MLDB-004922,MLDB-004890
MLDB-004923,MLDB-004891
MLDB-004924,MLDB-004892
MLDB-004925,MLDB-004893
MLDB-004926,MLDB-004894
MLDB-004927,MLDB-004895
MLDB-004928,MLDB-004896
MLDB-004929,MLDB-004897
MLDB-004930,MLDB-004898
MLDB-004931,MLDB-004899
MLDB-004932,MLDB-004900
MLDB-004933,MLDB-004901
MLDB-004934,MLDB-004902
MLDB-004935,MLDB-004903
MLDB-004936,MLDB-004904
MLDB-004937,MLDB-004905
MLDB-004938,MLDB-004906
MLDB-004939,MLDB-004907
MLDB-004940,MLDB-004908
MLDB-004941,MLDB-004909
MLDB-004942,MLDB-004910
MLDB-004943,MLDB-004911
MLDB-004944,MLDB-004912
MLDB-004945,MLDB-004913
MLDB-004946,MLDB-004914
MLDB-004947,MLDB-004915
MLDB-004948,MLDB-004916
MLDB-004949,MLDB-004917
MLDB-004950,MLDB-004918
MLDB-004951,MLDB-004919
MLDB-004952,MLDB-004920
MLDB-004953,MLDB-004921
MLDB-004954,MLDB-004922
MLDB-004955,MLDB-004923
MLDB-004956,MLDB-004924
MLDB-004957,MLDB-004925
MLDB-004958,MLDB-004926
MLDB-004959,MLDB-004927
MLDB-004960,MLDB-004928
MLDB-004961,MLDB-004929
MLDB-004962,MLDB-004930
MLDB-004963,MLDB-004931
MLDB-004964,MLDB-004932
MLDB-004965,MLDB-004933
MLDB-004966,MLDB-004934
MLDB-004967,MLDB-004935
MLDB-004968,MLDB-004936
MLDB-004969,MLDB-004937
MLDB-004970,MLDB-004938
MLDB-004971,MLDB-004939
MLDB-004972,MLDB-004940
MLDB-004973,MLDB-004941
MLDB-004974,MLDB-004942
MLDB-004975,MLDB-004943
MLDB-004976,MLDB-004944
MLDB-004977,MLDB-004945
MLDB-004978,MLDB-004946
MLDB-004979,MLDB-004947
MLDB-004980,MLDB-004948
MLDB-004981,MLDB-004949
MLDB-004982,MLDB-004950
MLDB-004983,MLDB-004951
MLDB-004984,MLDB-004952
MLDB-004985,MLDB-004953
MLDB-004986,MLDB-004954
MLDB-004987,MLDB-004955
MLDB-004988,MLDB-004956
MLDB-004989,MLDB-004957
MLDB-004990,MLDB-004958
MLDB-004991,MLDB-004959
MLDB-004992,MLDB-004960
MLDB-004993,MLDB-004961
MLDB-004994,MLDB-004962
MLDB-004995,MLDB-004963
MLDB-004996,MLDB-004964
MLDB-004997,MLDB-004965
MLDB-004998,MLDB-004966
MLDB-004999,MLDB-004967
MLDB-005000,MLDB-004968
MLDB-005001,MLDB-004969
MLDB-005002,MLDB-004970
MLDB-005003,MLDB-004971
MLDB-005004,MLDB-004972
MLDB-005005,MLDB-004973
MLDB-005006,MLDB-004974
MLDB-005007,MLDB-004975
MLDB-005008,MLDB-004976
MLDB-005009,MLDB-004977
MLDB-005010,MLDB-004978
MLDB-005011,MLDB-004979
MLDB-005012,MLDB-004980
MLDB-005013,MLDB-004981
MLDB-005014,MLDB-004982
MLDB-005015,MLDB-004983
MLDB-005016,MLDB-004984
MLDB-005017,MLDB-004985
MLDB-005018,MLDB-004986
MLDB-005019,MLDB-004987
MLDB-005020,MLDB-004988
MLDB-005021,MLDB-004989
MLDB-005022,MLDB-004990
MLDB-005023,MLDB-004991
MLDB-005024,MLDB-004992
MLDB-005025,MLDB-004993
MLDB-005026,MLDB-004994
MLDB-005027,MLDB-004995
MLDB-005028,MLDB-004996
MLDB-005029,MLDB-004997
MLDB-005030,MLDB-004998
MLDB-005031,MLDB-004999
MLDB-005032,MLDB-005000
MLDB-005033,MLDB-005001
MLDB-005034,MLDB-005002
MLDB-005035,MLDB-005003
MLDB-005036,MLDB-005004
MLDB-005037,MLDB-005005
MLDB-005038,MLDB-005006
MLDB-005039,MLDB-005007
MLDB-005040,MLDB-005008
MLDB-005041,MLDB-005009
MLDB-005042,MLDB-005010
MLDB-005043,MLDB-005011
MLDB-005044,MLDB-005012
MLDB-005045,MLDB-005013
MLDB-005046,MLDB-005014
MLDB-005047,MLDB-005015
MLDB-005048,MLDB-005016
MLDB-005049,MLDB-005017
MLDB-005050,MLDB-005018
MLDB-005051,MLDB-005019
MLDB-005052,MLDB-005020
MLDB-005053,MLDB-005021
MLDB-005054,MLDB-005022
MLDB-005055,MLDB-005023
MLDB-005056,MLDB-005024
MLDB-005057,MLDB-005025
MLDB-005058,MLDB-005026
MLDB-005059,MLDB-005027
MLDB-005060,MLDB-005028
MLDB-005061,MLDB-005029
MLDB-005062,MLDB-005030
MLDB-005063,MLDB-005031
MLDB-005064,MLDB-005032
MLDB-005065,MLDB-005033
MLDB-005066,MLDB-005034
MLDB-005067,MLDB-005035
MLDB-005068,MLDB-005036
MLDB-005069,MLDB-005037
MLDB-005070,MLDB-005038
MLDB-005071,MLDB-005039
MLDB-005072,MLDB-005040
MLDB-005073,MLDB-005041
MLDB-005074,MLDB-005042
MLDB-005075,MLDB-005043
MLDB-005076,MLDB-005044
MLDB-005077,MLDB-005045
MLDB-005078,MLDB-005046
MLDB-005079,MLDB-005047
MLDB-005080,MLDB-005048
MLDB-005081,MLDB-005049
MLDB-005082,MLDB-005050
MLDB-005083,MLDB-005051
MLDB-005084,MLDB-005052
MLDB-005085,MLDB-005053
MLDB-005086,MLDB-005054
MLDB-005087,MLDB-005055
MLDB-005088,MLDB-005056
MLDB-005089,MLDB-005057
MLDB-005090,MLDB-005058
MLDB-005091,MLDB-005059
MLDB-005092,MLDB-005060
MLDB-005093,MLDB-005061
MLDB-005094,MLDB-005062
MLDB-005095,MLDB-005063
MLDB-005096,MLDB-005064
MLDB-005097,MLDB-005065
MLDB-005098,MLDB-005066
MLDB-005099,MLDB-005067
MLDB-005100,MLDB-005068
MLDB-005101,MLDB-005069
MLDB-005102,MLDB-005070
MLDB-005103,MLDB-005071
MLDB-005104,MLDB-005072
MLDB-005105,MLDB-005073
MLDB-005106,MLDB-005074
MLDB-005107,MLDB-005075
MLDB-005108,MLDB-005076
MLDB-005109,MLDB-005077
MLDB-005110,MLDB-005078
MLDB-005111,MLDB-005079
MLDB-005112,MLDB-005080
MLDB-005113,MLDB-005081
MLDB-005114,MLDB-005082
MLDB-005115,MLDB-005083
MLDB-005116,MLDB-005084
MLDB-005117,MLDB-005085
MLDB-005118,MLDB-005086
MLDB-005119,MLDB-005087
MLDB-005120,MLDB-005088
MLDB-005121,MLDB-005089
MLDB-005122,MLDB-005090
MLDB-005123,MLDB-005091
MLDB-005124,MLDB-005092
MLDB-005125,MLDB-005093
MLDB-005126,MLDB-005094
MLDB-005127,MLDB-005095
MLDB-005128,MLDB-005096
MLDB-005129,MLDB-005097
MLDB-005130,MLDB-005098
MLDB-005131,MLDB-005099
MLDB-005132,MLDB-005100
MLDB-005133,MLDB-005101
MLDB-005134,MLDB-005102
MLDB-005135,MLDB-005103
MLDB-005136,MLDB-005104
MLDB-005137,MLDB-005105
MLDB-005138,MLDB-005106
MLDB-005139,MLDB-005107
MLDB-005140,MLDB-005108
MLDB-005141,MLDB-005109
MLDB-005142,MLDB-005110
MLDB-005143,MLDB-005111
MLDB-005144,MLDB-005112
MLDB-005145,MLDB-005113
MLDB-005146,MLDB-005114
MLDB-005147,MLDB-005115
MLDB-005148,MLDB-005116
MLDB-005149,MLDB-005117
MLDB-005150,MLDB-005118
MLDB-005151,MLDB-005119
MLDB-005152,MLDB-005120
MLDB-005153,MLDB-005121
MLDB-005154,MLDB-005122
MLDB-005155,MLDB-005123
MLDB-005156,MLDB-005124
MLDB-005157,MLDB-005125
MLDB-005158,MLDB-005126
MLDB-005159,MLDB-005127
MLDB-005160,MLDB-005128
MLDB-005161,MLDB-005129
MLDB-005162,MLDB-005130
MLDB-005163,MLDB-005131
MLDB-005164,MLDB-005132
MLDB-005165,MLDB-005133
MLDB-005166,MLDB-005134
MLDB-005167,MLDB-005135
MLDB-005168,MLDB-005136
MLDB-005169,MLDB-005137
MLDB-005170,MLDB-005138
MLDB-005171,MLDB-005139
MLDB-005172,MLDB-005140
MLDB-005173,MLDB-005141
MLDB-005174,MLDB-005142
MLDB-005175,MLDB-005143
MLDB-005176,MLDB-005144
MLDB-005177,MLDB-005145
MLDB-005178,MLDB-005146
MLDB-005179,MLDB-005147
MLDB-005180,MLDB-005148
MLDB-005181,MLDB-005149
MLDB-005182,MLDB-005150
MLDB-005183,MLDB-005151
MLDB-005184,MLDB-005152
MLDB-005185,MLDB-005153
MLDB-005186,MLDB-005154
MLDB-005187,MLDB-005155
MLDB-005188,MLDB-005156
MLDB-005189,MLDB-005157
MLDB-005190,MLDB-005158
